gold_left,sum_unit_tier,mean_unit_rarity
1,18,4.1
1,14,2.4285714285714284
0,16,2.6666666666666665
0,16,3.333333333333333
1,15,3.6666666666666665
11,10,1.3333333333333333
1,16,2.7777777777777777
0,18,3.7
3,21,4.090909090909091
0,14,1.8333333333333333
0,14,4.444444444444445
0,17,3.727272727272727
14,16,4.0
0,16,4.1
1,18,2.8
2,16,3.555555555555556
0,16,3.111111111111111
4,18,3.6
3,21,2.5
134,25,4.285714285714286
4,19,3.4
69,16,2.888888888888889
6,14,3.0
1,21,4.181818181818182
1,20,1.875
1,15,2.25
5,16,3.111111111111111
24,17,2.6666666666666665
1,14,0.5
1,12,3.4285714285714284
13,16,2.5
1,22,4.636363636363637
1,15,3.5
3,18,3.0
5,17,2.7777777777777777
0,13,2.555555555555556
1,16,2.25
9,17,3.0
0,14,2.0
9,18,2.888888888888889
55,15,1.875
1,15,3.6666666666666665
0,17,2.7777777777777777
3,15,3.1
2,14,2.7777777777777777
0,17,2.375
5,17,3.8
35,13,2.875
1,19,3.1
1,15,2.5
58,19,1.125
1,14,3.0
0,15,4.0
1,15,2.555555555555556
1,17,2.75
1,18,3.7
13,15,2.6666666666666665
1,14,3.555555555555556
4,19,4.6
8,14,2.125
2,19,3.7
8,16,2.7777777777777777
1,15,3.2
5,14,2.375
0,13,3.0
2,16,2.25
1,14,2.7777777777777777
1,18,4.1
4,19,4.545454545454546
8,14,4.25
2,14,2.625
51,15,2.125
41,17,2.555555555555556
7,16,2.625
1,12,3.25
0,16,4.0
31,14,2.625
0,11,3.2222222222222223
1,17,2.7777777777777777
5,19,5.636363636363637
10,15,5.0
53,15,2.555555555555556
10,17,1.1428571428571428
1,17,2.333333333333333
9,16,1.1428571428571428
1,15,3.25
4,17,2.0
50,13,2.75
36,17,3.0
44,18,4.1
2,20,2.6666666666666665
4,15,4.444444444444445
20,15,1.1428571428571428
33,16,1.625
0,16,2.555555555555556
21,17,4.0
8,17,3.333333333333333
1,15,3.333333333333333
0,14,2.625
32,13,2.375
0,12,3.125
2,14,2.555555555555556
1,20,5.545454545454546
0,16,3.0
4,15,2.888888888888889
13,15,2.25
0,14,3.111111111111111
1,17,2.6666666666666665
40,16,2.75
1,15,2.875
28,15,2.375
18,17,2.75
0,15,4.4
1,15,3.7
0,15,5.111111111111111
3,17,2.125
1,13,3.25
1,15,3.125
2,17,4.4
4,19,4.4
1,15,2.2222222222222223
2,21,3.363636363636364
11,15,2.625
1,20,4.090909090909091
27,12,1.4285714285714286
59,17,3.4
0,15,2.142857142857143
5,15,2.375
0,17,4.090909090909091
17,19,2.0
1,17,3.0
1,17,2.4444444444444446
0,13,3.555555555555556
12,13,2.875
1,15,4.5
1,15,1.0
0,12,2.75
1,13,3.25
59,14,4.5
0,19,2.5
1,18,1.375
11,17,2.75
1,14,3.111111111111111
0,16,2.75
0,17,4.333333333333333
7,12,2.5
0,17,2.555555555555556
3,16,2.555555555555556
2,16,2.125
3,11,2.0
14,20,3.8181818181818175
8,16,0.6666666666666666
4,21,5.083333333333333
0,18,3.5454545454545454
7,15,3.6666666666666665
22,16,2.7777777777777777
1,11,1.6666666666666667
2,10,2.5
1,17,3.555555555555556
2,15,2.5
2,19,3.727272727272727
0,10,3.2857142857142856
1,15,2.75
2,19,3.909090909090909
12,16,2.888888888888889
10,14,3.375
0,18,3.7
0,14,3.6666666666666665
1,13,2.75
0,18,4.2
5,21,3.2
3,18,3.7
0,15,3.7777777777777777
3,14,1.875
38,15,2.875
0,18,1.375
5,20,3.9
0,14,2.875
1,13,3.7777777777777777
51,18,2.7777777777777777
2,17,1.25
1,15,3.333333333333333
1,20,3.7
5,17,1.0
1,12,2.875
1,16,4.2
23,18,2.111111111111111
3,14,3.375
0,18,3.6666666666666665
1,16,1.25
1,12,3.0
8,22,2.4444444444444446
15,18,2.7777777777777777
37,15,2.888888888888889
11,17,1.0
1,12,2.0
1,12,1.1666666666666667
1,22,3.9166666666666665
3,13,2.2857142857142856
1,13,2.75
2,17,3.636363636363636
1,18,4.3
18,14,3.0
1,16,1.875
5,23,4.25
1,13,4.0
10,17,3.1
1,14,2.0
1,14,2.7777777777777777
5,16,3.1
0,8,1.1428571428571428
1,14,3.0
0,19,3.333333333333333
53,15,3.6
0,18,3.9
1,16,2.7777777777777777
0,15,2.75
5,19,3.0
27,18,4.0
0,13,3.111111111111111
1,15,2.7777777777777777
15,18,4.7
29,15,2.625
0,17,2.888888888888889
0,11,4.333333333333333
0,11,2.5
4,19,3.5454545454545454
1,16,4.2
5,21,5.0
0,18,2.333333333333333
0,13,3.2222222222222223
1,19,3.6
20,22,3.5
4,14,2.625
1,18,3.0
51,19,1.25
1,20,1.6
0,11,2.333333333333333
6,15,2.0
2,17,2.7777777777777777
4,17,4.333333333333333
25,12,2.375
0,17,2.6666666666666665
53,20,2.25
27,20,2.888888888888889
3,15,2.555555555555556
1,19,2.0
0,13,2.625
4,16,2.375
2,18,2.7777777777777777
2,19,2.8181818181818183
0,11,2.375
0,20,3.727272727272727
0,14,4.2
64,15,3.7777777777777777
0,18,4.4
33,15,3.888888888888889
1,18,3.727272727272727
1,20,3.0
0,17,2.4444444444444446
2,17,4.545454545454546
2,19,3.8
3,16,3.6666666666666665
2,16,2.2857142857142856
6,15,3.125
3,15,4.555555555555555
2,16,2.625
0,20,4.916666666666667
2,20,3.4
17,19,1.2222222222222223
1,16,3.0
4,17,4.0
2,16,3.7
0,12,2.142857142857143
1,13,4.363636363636363
20,17,3.4444444444444446
34,17,2.75
1,18,3.4444444444444446
0,13,3.7777777777777777
1,14,4.25
0,14,2.5
5,16,1.0
1,16,3.2222222222222223
2,16,4.2
1,12,3.0
1,18,3.9
3,17,2.75
1,20,1.25
0,14,2.0
0,16,2.111111111111111
2,18,3.6
0,14,2.75
4,17,2.625
8,20,2.333333333333333
39,14,3.0
57,19,2.0
1,17,3.7
0,15,1.25
54,15,3.2222222222222223
1,16,2.4444444444444446
1,14,3.0
51,14,2.0
11,17,3.125
1,15,3.6666666666666665
0,15,1.625
0,16,3.9
0,17,3.555555555555556
37,17,3.7777777777777777
0,17,4.4
0,16,2.0
8,18,4.545454545454546
0,17,3.7
0,14,2.25
0,14,3.111111111111111
1,19,4.363636363636363
2,20,3.363636363636364
7,16,4.818181818181818
0,16,1.5
1,15,3.555555555555556
42,18,2.625
10,19,2.0
3,18,3.111111111111111
46,15,3.2
0,15,3.333333333333333
1,15,3.555555555555556
0,15,2.6666666666666665
27,17,1.875
6,19,2.0
1,19,3.0
10,15,2.375
0,13,2.4285714285714284
13,12,2.2857142857142856
1,16,2.375
2,15,3.2
0,17,2.9
0,15,2.6666666666666665
12,16,3.125
1,18,0.8571428571428571
1,20,4.6
0,16,3.0
1,15,2.9
4,21,4.4
7,17,2.6
4,15,5.0
1,11,3.0
3,14,3.0
10,17,3.2222222222222223
10,13,2.875
4,13,3.75
0,16,2.625
2,22,5.416666666666667
0,15,2.375
39,18,3.4
0,15,4.1
1,19,3.6
1,13,2.75
2,22,3.0
0,20,2.333333333333333
0,14,2.625
1,11,3.5
3,14,2.75
1,19,3.3
1,19,1.875
7,18,3.0
1,16,2.7777777777777777
45,18,3.2222222222222223
1,16,1.1428571428571428
32,17,3.1
2,16,3.727272727272727
3,13,3.0
0,15,4.7
1,14,3.2222222222222223
0,11,2.4285714285714284
2,21,2.4444444444444446
4,15,1.4285714285714286
4,19,3.6
0,21,1.3333333333333333
0,14,3.0
50,18,2.555555555555556
1,15,2.0
30,16,4.0
9,15,3.4444444444444446
0,14,3.0
1,17,2.7777777777777777
0,17,3.7777777777777777
0,14,2.625
1,22,2.6666666666666665
2,14,2.888888888888889
0,12,1.625
40,18,1.375
1,13,2.555555555555556
2,13,2.75
1,22,2.2222222222222223
0,16,3.0
1,23,4.916666666666667
2,16,3.636363636363636
0,18,1.875
28,18,1.0
31,17,1.1428571428571428
0,11,3.75
29,18,2.0
3,17,2.555555555555556
25,17,3.333333333333333
0,15,3.0
3,18,1.75
0,13,2.375
1,15,2.888888888888889
63,16,2.875
2,15,4.1
45,21,1.25
0,15,1.75
0,21,1.6666666666666667
10,15,2.7777777777777777
0,14,3.4444444444444446
1,15,3.111111111111111
2,14,2.2222222222222223
0,17,3.111111111111111
0,15,1.75
18,15,1.1666666666666667
0,15,2.333333333333333
31,16,4.1
0,19,3.3
13,21,1.6
1,13,3.4444444444444446
2,21,4.75
21,20,3.3
1,18,3.8
3,15,2.888888888888889
11,18,3.7
0,14,3.4444444444444446
0,16,4.0
5,17,2.25
12,19,2.888888888888889
1,17,3.333333333333333
29,15,2.0
1,19,4.181818181818182
1,14,4.2
1,18,2.555555555555556
0,13,2.125
0,18,3.375
3,17,3.5
19,17,3.0
3,18,3.4
1,14,2.5
0,21,2.9
0,17,2.5
3,20,3.7
35,18,1.625
0,15,4.666666666666667
0,14,3.125
7,15,1.625
1,14,2.125
1,14,2.333333333333333
25,19,2.555555555555556
0,18,2.4444444444444446
0,15,3.111111111111111
22,14,3.333333333333333
0,17,2.0
2,20,4.363636363636363
19,18,2.875
7,18,2.333333333333333
0,15,4.222222222222222
7,18,4.111111111111111
52,17,3.8
5,15,1.5714285714285714
2,17,4.181818181818182
0,13,3.4444444444444446
33,19,1.875
3,20,3.363636363636364
0,11,4.5
0,13,2.375
43,17,3.6666666666666665
15,19,1.5
4,15,2.2222222222222223
0,14,2.8
2,17,1.875
2,17,3.375
1,21,4.916666666666667
0,21,1.6
9,22,3.0
0,18,3.1
2,17,3.6
1,16,3.0
0,14,2.4444444444444446
11,11,3.0
0,17,2.2222222222222223
54,14,3.4444444444444446
1,17,3.5
1,17,3.7
0,12,2.0
3,18,3.8
0,21,1.5
0,18,3.111111111111111
0,14,3.6
0,20,2.2222222222222223
0,15,3.0
2,17,3.111111111111111
41,14,2.5
0,15,2.2222222222222223
3,16,1.875
10,15,3.25
0,17,2.75
0,15,3.555555555555556
23,14,2.0
1,14,3.25
1,19,4.090909090909091
40,8,2.0
50,20,3.5
11,18,2.375
1,13,0.8333333333333334
1,16,2.333333333333333
0,16,4.916666666666667
1,15,4.0
13,19,3.3
1,19,2.888888888888889
12,17,2.333333333333333
0,17,3.0
50,16,2.555555555555556
1,15,3.7
0,18,3.0
8,17,3.1
4,15,2.75
5,16,2.25
0,15,3.0
22,13,3.25
5,19,4.818181818181818
8,12,1.6666666666666667
0,17,0.7142857142857143
1,17,3.333333333333333
6,20,4.090909090909091
0,17,3.7
4,18,1.5
6,18,2.2222222222222223
11,20,1.25
0,15,3.111111111111111
1,19,2.2222222222222223
58,13,3.333333333333333
0,15,2.0
0,15,2.7777777777777777
1,13,3.25
10,17,3.3
2,17,4.555555555555555
0,13,3.333333333333333
1,14,3.875
0,17,2.333333333333333
0,12,2.875
1,18,2.7777777777777777
8,20,1.0
12,16,2.555555555555556
0,16,3.555555555555556
50,15,2.5
0,14,2.75
6,18,3.111111111111111
0,14,2.7777777777777777
1,19,2.0
0,13,2.75
0,17,3.3
1,16,3.111111111111111
0,16,3.1
0,15,2.888888888888889
4,14,3.7
1,23,3.636363636363636
1,12,2.625
3,20,2.7777777777777777
53,21,1.0
0,15,2.333333333333333
18,20,4.2727272727272725
1,15,3.4444444444444446
0,14,2.375
1,17,2.4444444444444446
13,18,3.7
1,14,2.375
1,19,3.363636363636364
29,16,3.25
0,14,2.5
0,15,1.875
1,19,2.25
1,14,2.875
0,17,3.909090909090909
51,19,1.375
1,13,2.6666666666666665
2,12,3.2222222222222223
0,18,2.4
1,17,1.5
3,16,3.111111111111111
17,17,2.0
54,15,1.625
17,17,1.1428571428571428
2,17,3.4545454545454546
1,18,2.6666666666666665
7,17,2.111111111111111
0,18,3.6
4,14,3.0
0,16,2.7777777777777777
2,17,2.8
1,10,1.8571428571428568
0,16,3.333333333333333
2,19,4.818181818181818
2,15,2.9
1,15,3.555555555555556
1,15,2.0
0,13,2.7777777777777777
0,15,2.0
0,13,1.625
1,17,3.5
0,16,2.0
0,14,4.5
21,14,3.0
0,10,2.375
11,17,3.0
0,15,3.6
12,13,3.4444444444444446
2,15,2.333333333333333
1,19,2.888888888888889
11,15,2.75
1,19,3.2
10,16,5.111111111111111
0,15,2.4
1,17,3.5
0,14,3.2222222222222223
0,14,2.5
1,17,4.3
2,17,2.4444444444444446
46,18,2.25
1,20,4.333333333333333
2,16,4.666666666666667
0,18,2.888888888888889
1,14,1.25
3,19,2.5
13,18,4.181818181818182
38,15,3.111111111111111
0,17,3.090909090909091
1,15,2.6666666666666665
1,13,3.5
11,14,2.142857142857143
6,14,3.5
35,18,1.125
2,14,2.875
0,19,3.727272727272727
1,12,5.444444444444445
24,17,1.5
0,14,2.375
0,15,4.0
0,12,2.125
0,15,2.2222222222222223
31,15,4.111111111111111
0,14,2.375
0,17,3.0
1,17,1.625
0,16,4.4
6,16,3.555555555555556
49,16,3.9
2,16,3.333333333333333
8,17,3.7777777777777777
9,18,3.0
2,14,3.6666666666666665
1,16,2.9
0,19,3.4
0,14,3.333333333333333
6,17,4.636363636363637
3,16,1.1428571428571428
0,14,2.0
2,15,3.2222222222222223
20,18,2.555555555555556
13,17,3.375
33,21,2.555555555555556
1,13,2.2222222222222223
1,17,4.2
0,16,5.1
14,19,1.875
2,15,2.7777777777777777
66,16,2.6666666666666665
1,16,3.9
27,15,2.7777777777777777
3,17,3.7
51,13,2.0
1,17,3.0
50,19,4.818181818181818
0,18,2.0
5,15,3.0
1,18,2.6666666666666665
2,18,3.090909090909091
0,18,2.7
1,14,1.875
1,13,2.7777777777777777
0,18,4.1
9,9,2.625
10,18,4.4
1,13,2.375
0,20,1.4444444444444444
14,13,3.25
0,14,3.333333333333333
4,14,1.2857142857142858
11,20,3.2
1,12,2.75
1,18,2.555555555555556
28,18,3.6
0,17,2.9
46,15,2.75
1,15,2.5
11,12,3.25
1,17,3.0
3,18,3.6
0,18,4.8
49,17,3.5
1,13,3.5
0,17,2.555555555555556
2,18,3.8
0,12,2.625
7,19,2.555555555555556
1,13,5.0
5,15,2.0
1,15,2.7777777777777777
44,21,2.6666666666666665
25,18,3.555555555555556
41,15,3.4444444444444446
0,17,3.8
2,14,3.555555555555556
1,15,4.111111111111111
0,19,3.5454545454545454
6,18,4.0
1,17,1.5555555555555556
1,19,3.7
41,16,5.666666666666667
1,15,2.25
1,14,3.333333333333333
5,19,2.7777777777777777
0,16,4.1
6,16,3.111111111111111
9,17,3.7
2,14,2.7777777777777777
2,18,3.4
34,14,2.0
44,19,2.6666666666666665
0,15,2.125
1,14,3.555555555555556
0,17,3.0
36,19,4.3
2,17,4.0
1,18,2.0
0,16,3.0
2,12,4.5
0,13,3.333333333333333
0,17,2.4444444444444446
5,15,2.25
0,16,2.0
7,16,4.4
1,18,1.5
0,18,2.333333333333333
0,16,3.3
2,19,2.6666666666666665
1,18,1.25
34,15,2.333333333333333
4,17,3.2
0,16,2.888888888888889
3,16,3.333333333333333
3,17,4.0
49,16,3.6666666666666665
0,20,3.8181818181818175
51,16,3.888888888888889
6,15,4.363636363636363
51,19,4.2727272727272725
2,19,2.2222222222222223
2,17,3.1
1,15,2.555555555555556
4,17,4.0
0,16,3.333333333333333
3,16,2.4444444444444446
2,13,3.4444444444444446
0,21,2.111111111111111
3,12,2.7142857142857144
2,19,1.25
0,13,0.3333333333333333
50,16,3.125
3,15,2.375
23,20,3.8
1,11,2.625
0,16,2.2222222222222223
0,18,2.9
1,14,3.125
27,18,3.8
34,19,3.111111111111111
3,23,4.538461538461538
3,16,2.6666666666666665
2,19,3.0
1,13,3.0
42,13,3.75
0,18,3.9
0,14,3.7
1,15,3.0
14,16,3.0
1,20,3.0
1,15,1.7142857142857142
52,17,3.0
0,15,4.111111111111111
1,14,3.0
3,15,4.222222222222222
39,22,1.8888888888888888
0,18,3.7
21,13,3.375
9,20,3.1
0,13,2.555555555555556
0,9,1.6666666666666667
25,18,2.75
3,23,4.333333333333333
1,13,2.0
2,17,4.727272727272728
6,20,2.2222222222222223
6,13,2.857142857142857
0,15,1.5714285714285714
19,16,2.142857142857143
0,16,1.875
53,16,3.0
3,17,3.5
7,15,3.4
23,15,1.1428571428571428
13,15,4.3
2,18,3.8
51,14,4.111111111111111
5,20,2.555555555555556
9,18,1.1428571428571428
56,14,2.125
0,16,4.1
1,16,2.7777777777777777
1,11,2.5
1,18,4.4
26,14,2.625
0,15,3.333333333333333
0,14,1.7777777777777777
2,15,1.1666666666666667
0,13,2.0
53,11,2.75
1,15,2.7777777777777777
1,15,2.7777777777777777
1,18,3.363636363636364
23,20,4.090909090909091
19,16,1.7142857142857142
9,16,3.2222222222222223
31,13,2.0
0,15,1.875
0,13,2.625
0,15,2.625
0,17,2.0
0,14,3.6666666666666665
1,12,2.75
0,14,2.7777777777777777
1,16,3.333333333333333
1,20,2.8
1,11,2.142857142857143
50,16,3.111111111111111
0,12,2.2222222222222223
10,18,2.2222222222222223
10,15,2.75
2,19,4.9
13,21,3.8
22,16,4.111111111111111
19,16,3.333333333333333
94,16,2.6666666666666665
2,18,3.8
16,17,3.8
1,12,2.375
41,18,3.2
9,16,3.555555555555556
2,20,3.0
2,15,2.375
1,14,3.125
0,23,3.4545454545454546
1,18,4.0
5,17,3.888888888888889
40,18,2.555555555555556
45,17,3.2222222222222223
2,17,3.363636363636364
0,15,2.875
1,18,4.2
0,17,3.111111111111111
1,18,4.181818181818182
0,10,2.4285714285714284
1,19,4.0
0,10,3.333333333333333
2,14,2.75
0,12,3.111111111111111
1,17,3.6666666666666665
2,15,2.75
0,12,4.0
22,17,1.5
0,18,3.4
0,17,2.0
2,19,3.0
53,12,4.0
45,17,2.7777777777777777
0,16,3.2
1,16,4.2
5,19,3.3
1,15,1.875
1,19,3.0
1,17,1.5555555555555556
2,16,3.125
0,18,2.4444444444444446
36,17,4.6
2,16,3.3
1,13,4.0
28,16,2.0
30,15,3.555555555555556
2,19,4.1
1,15,1.7142857142857142
1,16,2.0
0,19,3.4
0,12,3.888888888888889
5,18,3.7
6,20,3.2
0,10,3.0
0,15,1.5555555555555556
31,14,2.75
1,11,2.75
3,14,2.333333333333333
0,14,3.555555555555556
2,16,2.2222222222222223
10,16,2.625
34,16,3.2222222222222223
0,17,3.2222222222222223
0,16,2.555555555555556
3,20,4.916666666666667
2,21,3.6
10,12,3.25
4,16,1.625
1,13,2.25
18,17,3.0
2,19,3.888888888888889
0,17,2.7777777777777777
0,17,0.8571428571428571
11,16,3.4444444444444446
1,20,3.1818181818181817
1,22,1.3333333333333333
0,14,3.5
8,19,2.333333333333333
1,15,3.0
70,3,1.0
48,15,2.75
0,13,2.625
5,16,2.25
12,14,3.625
1,16,2.555555555555556
0,15,1.2857142857142858
1,17,3.2222222222222223
21,21,3.5454545454545454
9,17,3.75
3,15,2.0
0,18,3.7
45,20,5.2727272727272725
0,19,3.909090909090909
1,13,3.0
1,14,3.125
47,21,2.0
0,6,4.0
13,18,2.6666666666666665
1,19,2.333333333333333
0,15,2.0
8,17,2.375
1,16,3.4
1,15,3.0
0,20,1.9
13,16,3.2222222222222223
1,19,3.555555555555556
1,10,2.375
16,14,1.3333333333333333
11,14,4.125
0,14,3.0
0,12,3.7777777777777777
0,16,4.2
1,15,2.2222222222222223
1,12,1.6666666666666667
11,19,2.555555555555556
1,16,3.4444444444444446
3,12,3.25
2,15,1.875
0,15,2.2222222222222223
1,15,3.2222222222222223
1,16,0.8571428571428571
2,21,3.1
0,14,2.0
0,18,3.9
1,15,3.4444444444444446
4,20,2.1
0,17,3.9
3,15,3.111111111111111
8,17,4.2
1,16,2.6666666666666665
3,18,3.0
1,17,3.1
0,18,2.4545454545454546
2,18,3.5454545454545454
0,17,3.3
10,14,2.857142857142857
1,19,3.6
1,17,3.4444444444444446
3,18,2.4444444444444446
0,18,2.0
2,16,2.8
4,13,5.222222222222222
1,14,2.571428571428572
1,13,3.0
41,15,4.636363636363637
2,16,2.75
0,17,3.2222222222222223
1,23,3.0
0,14,2.0
1,17,1.375
0,16,2.7777777777777777
12,20,1.625
1,17,3.2
1,20,3.2
23,17,3.3
0,13,3.6666666666666665
6,15,3.111111111111111
9,14,3.2222222222222223
1,16,3.0
1,14,4.222222222222222
5,16,2.375
36,15,3.875
29,20,1.625
0,20,1.125
0,16,2.2222222222222223
0,12,2.4285714285714284
0,17,2.6666666666666665
15,19,3.3
2,17,2.6666666666666665
1,15,3.555555555555556
10,19,1.875
0,15,3.0
26,13,3.125
1,14,2.375
5,15,1.1428571428571428
2,15,2.7777777777777777
15,16,3.25
10,17,4.333333333333333
9,21,5.0
2,14,3.7777777777777777
3,16,2.2222222222222223
1,16,3.333333333333333
0,18,3.4
2,18,1.75
11,16,3.888888888888889
31,16,2.375
40,18,1.75
0,14,2.888888888888889
1,21,1.4444444444444444
1,18,3.3
23,17,3.111111111111111
8,17,2.555555555555556
1,16,2.7777777777777777
5,22,3.4545454545454546
1,22,3.769230769230769
1,11,2.75
36,16,2.333333333333333
1,15,3.333333333333333
0,16,2.888888888888889
2,18,3.5
12,23,3.8181818181818175
0,12,3.0
2,17,3.333333333333333
30,16,2.888888888888889
7,18,3.909090909090909
1,18,3.9
1,16,4.8
50,15,2.2857142857142856
51,15,3.888888888888889
1,10,2.5
2,13,2.7777777777777777
1,13,2.0
6,16,3.7
1,16,2.125
3,17,4.5
1,12,2.0
1,17,2.8
18,18,3.4444444444444446
0,20,3.5
16,23,4.454545454545454
7,16,3.4444444444444446
0,16,2.25
0,14,3.0
0,18,2.6666666666666665
0,15,4.5
1,15,2.4444444444444446
0,12,3.125
12,18,1.25
3,19,2.4444444444444446
22,18,2.375
1,20,3.0
6,15,4.0
1,12,4.5
1,16,4.666666666666667
8,15,3.2222222222222223
1,19,2.75
35,17,1.375
1,14,2.875
1,18,4.0
22,16,3.111111111111111
42,14,2.5
3,21,3.8181818181818175
26,19,5.0
1,17,2.888888888888889
2,18,3.6666666666666665
12,16,3.888888888888889
24,19,3.3
7,16,2.0
0,14,2.0
1,18,2.6666666666666665
0,18,2.875
0,19,3.111111111111111
0,14,3.5
7,17,3.2222222222222223
0,16,3.7
1,14,2.888888888888889
0,14,1.75
2,17,4.666666666666667
0,20,3.111111111111111
1,15,2.375
0,15,3.125
3,19,2.9
0,13,2.5
22,18,3.111111111111111
5,16,3.0
1,13,3.875
2,17,2.6
5,17,2.9
1,16,3.111111111111111
7,18,3.9
3,16,3.375
15,20,4.0
4,18,0.8571428571428571
2,19,1.4444444444444444
0,18,4.2
1,16,3.1
2,21,1.6666666666666667
51,18,2.7777777777777777
8,17,1.375
0,16,2.25
21,20,4.2
1,21,4.363636363636363
21,12,1.6666666666666667
20,16,1.4285714285714286
0,17,2.4
1,12,2.0
20,20,2.555555555555556
7,20,3.8
0,14,2.125
1,16,1.5
1,18,3.0
0,14,3.333333333333333
2,21,3.727272727272727
2,19,3.1
0,15,3.6666666666666665
0,15,1.75
0,18,3.2
52,15,2.555555555555556
6,14,2.7777777777777777
1,21,2.6666666666666665
31,16,2.375
39,14,3.125
1,18,3.111111111111111
18,19,2.888888888888889
8,21,1.875
2,12,2.7777777777777777
14,14,2.625
0,13,1.875
0,18,4.181818181818182
0,15,2.375
2,19,2.6666666666666665
2,19,3.8
2,13,2.0
2,12,3.0
1,8,1.8571428571428568
1,13,5.222222222222222
0,14,3.4444444444444446
6,13,3.0
1,17,3.7
1,16,2.75
50,17,1.75
17,14,1.625
1,15,3.555555555555556
0,13,1.6666666666666667
1,18,3.1
1,15,2.888888888888889
0,14,3.333333333333333
13,16,2.5
0,15,3.5454545454545454
0,13,3.5
26,18,3.111111111111111
1,14,2.333333333333333
0,14,2.25
12,19,3.0
31,19,1.5555555555555556
1,18,2.7777777777777777
1,19,4.6
0,21,1.7777777777777777
2,16,3.0
1,16,2.0
2,16,2.6666666666666665
11,14,2.142857142857143
2,16,2.6666666666666665
8,20,2.0
0,17,4.8
1,18,2.555555555555556
2,15,4.555555555555555
13,20,2.8181818181818183
1,20,3.6
1,13,3.125
28,14,2.142857142857143
0,21,1.0
0,21,3.0
49,18,3.6
5,17,2.7
2,11,3.25
0,16,2.333333333333333
2,14,4.444444444444445
2,21,1.6666666666666667
57,16,2.0
5,14,1.4285714285714286
3,16,3.7777777777777777
20,14,2.2857142857142856
6,14,2.5
5,17,1.875
3,17,3.1
1,13,3.0
9,20,3.0
2,19,3.6
0,15,2.6666666666666665
42,15,2.7777777777777777
46,20,3.3
3,16,2.0
2,15,4.222222222222222
1,13,3.555555555555556
10,15,4.222222222222222
0,15,4.4
4,16,2.4444444444444446
2,15,2.875
0,17,2.625
11,16,3.888888888888889
40,14,2.375
2,16,3.555555555555556
3,21,1.8888888888888888
0,16,4.0
0,15,4.1
1,14,3.125
0,17,2.8
0,16,3.4444444444444446
1,16,4.444444444444445
0,17,2.888888888888889
0,11,2.2857142857142856
2,19,3.5
0,20,0.6666666666666666
0,18,3.6
10,20,1.375
24,19,4.666666666666667
12,16,1.75
51,18,4.6
30,21,1.25
1,18,2.5
0,10,2.0
70,15,2.142857142857143
2,16,3.0
0,16,3.4444444444444446
1,13,3.888888888888889
11,14,3.0
1,22,3.7
0,19,4.636363636363637
4,16,4.222222222222222
2,17,2.4
5,13,2.375
5,19,3.2
3,16,3.7
31,20,2.25
4,16,3.2222222222222223
1,13,3.0
1,19,4.75
21,11,3.375
1,18,3.4545454545454546
0,19,3.1
43,18,3.9
0,16,3.4444444444444446
51,14,3.7777777777777777
10,16,3.6666666666666665
1,17,3.2
3,15,3.0
1,15,3.0
3,16,2.111111111111111
0,17,2.555555555555556
17,16,2.125
7,14,2.2857142857142856
11,15,2.125
51,16,1.75
0,19,4.1
30,16,3.4444444444444446
67,14,2.7777777777777777
2,13,2.5
1,15,2.0
6,19,4.3
0,17,3.2
1,14,2.0
0,17,1.5555555555555556
2,17,2.333333333333333
36,13,2.875
1,14,2.333333333333333
2,14,4.7
50,16,3.8
1,22,1.8
0,19,2.8181818181818183
0,14,2.5
3,15,2.888888888888889
0,15,3.333333333333333
0,16,3.7777777777777777
1,10,2.888888888888889
0,19,3.7
0,18,1.4444444444444444
0,19,3.5
2,16,3.0
1,18,3.8
1,17,3.2
5,20,3.2
0,13,3.125
1,14,2.5
5,20,3.4545454545454546
0,18,1.625
0,13,2.4444444444444446
0,13,1.5714285714285714
0,15,3.75
9,16,3.555555555555556
1,13,2.7777777777777777
4,17,2.0
6,14,3.375
1,18,3.0
1,15,3.5
21,16,3.4444444444444446
23,18,4.2
12,15,2.875
8,18,4.3
1,13,3.0
6,20,3.7
1,18,2.125
0,17,1.875
0,15,3.25
0,13,2.375
0,16,3.111111111111111
1,22,4.166666666666667
0,17,2.888888888888889
1,12,1.75
6,20,3.6
4,13,4.25
0,16,2.2222222222222223
1,13,2.7777777777777777
20,17,2.7777777777777777
1,16,3.4444444444444446
0,19,3.7
69,16,1.125
1,16,2.4444444444444446
17,16,3.888888888888889
0,16,3.2222222222222223
31,19,4.454545454545454
0,22,4.166666666666667
6,20,1.4444444444444444
1,10,2.142857142857143
40,16,1.5
0,16,3.6666666666666665
0,17,1.5555555555555556
0,12,3.0
2,15,2.2222222222222223
9,16,2.75
1,19,2.2
0,16,2.6
1,14,3.333333333333333
13,16,2.875
19,19,1.75
1,17,3.2222222222222223
0,16,4.4
3,13,3.0
1,14,2.888888888888889
1,15,3.4444444444444446
12,19,2.6666666666666665
11,13,4.111111111111111
1,15,3.555555555555556
25,15,5.1
13,14,3.4444444444444446
1,16,4.666666666666667
1,13,3.6666666666666665
2,15,2.2222222222222223
2,17,2.4444444444444446
1,16,3.8
0,15,2.6666666666666665
0,17,3.6
1,18,3.5
21,20,1.0
0,20,2.555555555555556
1,13,2.125
0,20,1.7777777777777777
1,17,2.0
0,16,3.25
0,17,4.583333333333333
0,14,3.4444444444444446
7,17,3.9
16,22,4.0
5,18,2.8
12,20,3.2222222222222223
8,19,5.090909090909091
0,19,3.6
1,11,2.75
0,16,3.4
0,17,3.555555555555556
0,20,4.090909090909091
5,20,4.454545454545454
3,17,3.4
57,15,2.25
3,18,3.1
1,16,1.25
6,19,4.0
1,18,2.125
1,14,3.6666666666666665
0,18,3.7
42,16,2.0
0,15,3.333333333333333
37,13,2.625
32,18,3.636363636363636
0,17,1.125
3,17,3.9
72,18,3.7
50,18,3.6666666666666665
4,18,2.555555555555556
0,16,3.1
44,14,2.2857142857142856
51,18,3.2
1,15,4.5
7,18,3.4444444444444446
0,14,2.0
3,18,1.8
2,14,3.0
1,16,2.125
50,16,3.7777777777777777
11,13,2.5
10,19,2.7777777777777777
1,17,2.6666666666666665
2,20,1.8888888888888888
1,17,1.7777777777777777
0,15,4.909090909090909
0,15,2.9
16,16,3.555555555555556
3,15,2.75
10,17,1.5
2,18,3.0
19,13,1.5714285714285714
0,19,3.7
0,13,3.25
2,16,2.9
3,17,3.7
4,15,2.571428571428572
1,15,4.0
0,17,2.4444444444444446
10,14,3.125
8,14,4.444444444444445
13,18,2.75
22,16,2.625
0,16,2.7777777777777777
2,15,3.5
34,15,3.2222222222222223
0,15,4.8
6,18,1.75
2,18,3.8181818181818175
1,14,5.3
1,13,2.375
1,10,3.0
3,15,4.1
3,17,4.636363636363637
0,16,2.6666666666666665
1,21,2.0
40,16,1.7142857142857142
1,18,3.6
1,15,1.875
0,14,1.875
6,20,3.9
0,13,3.7777777777777777
40,14,1.5714285714285714
0,14,3.25
0,19,2.4
0,12,2.375
6,15,2.4444444444444446
1,14,3.125
8,13,2.625
0,15,3.4
18,17,3.7
0,14,2.6666666666666665
1,15,4.4
1,19,4.181818181818182
5,14,2.6666666666666665
0,18,2.7777777777777777
1,14,3.125
1,19,3.5
3,15,3.6666666666666665
51,14,2.375
2,19,1.25
1,16,3.333333333333333
0,15,3.4444444444444446
2,17,3.4
16,14,2.0
0,15,2.0
2,17,3.6666666666666665
1,12,2.375
5,16,2.375
0,16,2.5
48,16,2.0
1,16,4.444444444444445
1,13,3.6666666666666665
0,17,3.111111111111111
3,15,4.3
0,19,2.125
0,17,2.571428571428572
1,14,4.222222222222222
4,17,4.222222222222222
2,20,2.6666666666666665
1,16,2.7777777777777777
4,18,3.5
7,15,3.6666666666666665
0,19,3.6
0,18,3.1818181818181817
1,18,4.727272727272728
1,19,4.1
2,17,4.0
0,13,3.625
4,16,2.375
0,11,3.125
1,18,2.4444444444444446
1,14,3.6666666666666665
2,15,3.6
0,16,2.0
1,18,3.7
4,19,2.0
2,19,3.9
23,12,3.571428571428572
84,16,2.888888888888889
4,17,2.6666666666666665
18,18,1.5
0,13,2.125
1,14,3.111111111111111
0,16,1.8888888888888888
2,13,4.111111111111111
4,21,4.181818181818182
1,16,2.25
1,15,2.7777777777777777
3,19,3.9
1,16,3.7
1,14,3.111111111111111
4,13,2.75
1,16,2.888888888888889
3,12,2.375
2,17,2.8
3,24,4.0
1,14,2.5
0,22,4.583333333333333
6,14,2.375
1,15,3.6666666666666665
0,15,3.4
5,24,4.6923076923076925
0,18,4.0
1,16,3.5
42,17,3.4444444444444446
1,14,2.0
1,14,3.7
2,16,4.111111111111111
3,21,1.25
21,18,2.75
1,16,1.0
3,16,3.4444444444444446
1,16,3.0
27,15,2.625
51,14,2.375
0,14,3.0
1,13,3.75
0,12,2.555555555555556
1,20,3.4
0,12,3.125
0,16,3.111111111111111
10,14,4.444444444444445
0,14,3.0
1,14,3.0
0,15,4.0
1,13,2.625
2,13,3.625
2,19,3.0
3,15,3.4
56,13,3.125
0,16,2.6666666666666665
19,19,3.2222222222222223
6,17,3.7
1,16,3.3
0,16,4.3
1,20,1.8888888888888888
0,12,2.0
2,20,3.8
0,14,1.9
0,17,4.1
1,16,3.8
7,18,3.3
0,15,2.8
7,14,3.6666666666666665
5,15,1.7142857142857142
5,15,0.6666666666666666
29,19,2.7
0,17,2.25
0,17,2.4
0,17,3.6
41,19,4.3
2,19,3.909090909090909
18,16,3.888888888888889
1,17,3.333333333333333
2,14,2.875
1,13,3.0
2,16,3.4
0,14,3.125
0,15,2.5
2,19,3.2
1,14,3.875
42,14,5.666666666666667
0,16,3.5
2,19,3.111111111111111
2,16,2.7777777777777777
7,13,1.625
0,18,3.0
1,21,1.75
11,17,2.7777777777777777
1,13,4.9
1,16,1.75
0,16,3.4
1,18,4.818181818181818
1,15,3.111111111111111
0,18,2.9
0,21,3.909090909090909
10,17,3.0
5,17,2.888888888888889
2,19,4.2727272727272725
13,18,3.909090909090909
19,18,2.25
14,17,3.111111111111111
0,16,2.7777777777777777
0,10,3.25
2,18,3.8
4,11,2.555555555555556
0,17,1.7777777777777777
8,16,2.888888888888889
0,12,2.555555555555556
0,15,3.7
24,16,1.7142857142857142
49,15,2.555555555555556
6,24,2.0
1,15,2.0
0,13,2.0
41,16,3.333333333333333
52,17,3.8
16,17,3.111111111111111
2,12,3.0
0,16,2.5
42,19,3.6
0,23,4.636363636363637
2,15,3.25
2,20,5.75
1,19,3.0
1,18,4.090909090909091
7,16,3.0
2,19,4.454545454545454
0,11,1.3333333333333333
0,15,3.5
50,13,2.0
20,15,1.5
10,19,2.9
1,14,3.0
0,15,1.625
0,18,3.888888888888889
50,21,3.8333333333333335
0,18,3.909090909090909
3,15,3.125
38,16,2.125
7,14,3.0
9,16,2.7777777777777777
0,16,4.8
1,17,4.4
0,14,3.0
25,13,3.5
1,19,3.0
13,15,2.375
7,18,3.7
0,13,2.5
5,14,2.875
3,16,2.888888888888889
1,22,1.8888888888888888
3,18,2.888888888888889
15,19,4.363636363636363
27,15,2.375
12,23,4.666666666666667
1,13,4.125
11,18,4.8
6,18,3.7
0,18,2.4444444444444446
1,17,3.7
1,10,4.125
6,16,3.0
0,18,3.272727272727273
1,17,1.75
1,17,2.7777777777777777
1,20,2.25
5,24,5.25
0,13,3.6666666666666665
0,14,2.125
2,18,3.2222222222222223
0,12,2.375
0,17,3.111111111111111
30,14,2.0
11,19,2.555555555555556
1,16,3.0
2,18,3.6
0,16,2.75
1,15,2.888888888888889
0,14,3.1
13,17,3.4444444444444446
2,19,5.0
5,22,3.8461538461538463
1,19,2.0
0,12,2.375
1,19,4.090909090909091
1,14,3.555555555555556
3,16,3.125
2,15,3.2222222222222223
1,13,2.875
1,13,3.25
21,18,1.375
1,19,3.1
11,18,2.555555555555556
1,15,3.4444444444444446
1,15,2.333333333333333
0,14,3.125
1,14,3.333333333333333
6,18,3.5
0,14,3.8
1,17,2.625
2,17,2.4444444444444446
0,16,2.2222222222222223
3,19,3.0
0,16,1.3333333333333333
0,18,5.0
2,17,3.111111111111111
0,16,2.4444444444444446
23,12,2.4285714285714284
0,21,3.8181818181818175
8,17,2.625
0,10,2.625
12,20,3.5
1,21,2.5
31,9,0.8333333333333334
1,17,4.3
1,13,2.375
3,17,2.7777777777777777
42,13,3.125
0,21,2.5
1,14,3.888888888888889
1,17,2.625
9,17,2.0
5,15,3.7
8,19,2.888888888888889
3,21,1.7777777777777777
8,20,4.545454545454546
0,15,2.142857142857143
0,19,3.2
10,16,3.636363636363636
44,18,3.333333333333333
2,12,2.5
0,13,3.25
7,11,2.1666666666666665
0,15,2.7777777777777777
0,16,2.6
0,13,3.8
8,12,2.0
1,17,3.9
61,13,2.0
0,15,2.8
5,9,3.111111111111111
0,14,3.888888888888889
1,22,2.7
0,18,3.8
26,19,1.75
4,18,2.4
2,18,3.9
23,18,4.090909090909091
18,12,3.2857142857142856
0,13,2.7777777777777777
0,16,2.555555555555556
1,13,3.6
14,14,3.125
26,16,2.25
1,12,2.875
10,12,2.333333333333333
1,20,3.636363636363636
1,16,3.2222222222222223
1,22,1.1111111111111112
4,17,4.6
2,14,4.0
1,16,3.555555555555556
0,21,4.181818181818182
1,12,2.5
1,14,4.4
6,20,4.090909090909091
0,16,4.4
1,13,2.4285714285714284
4,17,3.333333333333333
1,17,2.5
1,20,3.4
34,15,2.4285714285714284
2,14,4.2
25,20,3.6
40,15,3.0
1,18,3.8
8,18,2.0
16,14,3.75
22,18,2.6666666666666665
28,16,2.0
1,19,2.6666666666666665
31,14,1.0
1,10,2.333333333333333
35,13,2.875
1,11,2.25
0,16,3.5
50,14,2.6666666666666665
1,17,3.333333333333333
0,12,2.375
0,18,3.8
2,17,2.555555555555556
4,16,3.3
5,18,2.4
0,15,3.888888888888889
1,15,5.583333333333333
1,17,4.0
0,18,3.7
7,13,2.4285714285714284
0,16,1.5
34,15,1.8571428571428568
0,15,3.9
46,16,3.4444444444444446
30,12,4.0
1,18,2.6666666666666665
1,16,3.2222222222222223
4,13,4.444444444444445
3,16,3.888888888888889
6,21,1.5
15,17,1.8571428571428568
1,13,2.4285714285714284
4,19,1.375
3,15,4.777777777777778
4,16,3.2222222222222223
0,17,3.0
1,14,4.111111111111111
0,18,3.4444444444444446
1,20,3.2222222222222223
19,20,3.8
0,18,3.2222222222222223
6,20,3.4
9,14,0.8571428571428571
1,20,3.8181818181818175
1,14,2.6666666666666665
11,14,2.75
0,18,3.0
1,19,2.0
0,21,4.25
13,14,4.8
1,13,2.0
0,16,2.875
0,15,1.875
24,21,1.75
1,16,2.0
0,14,4.0
2,13,3.0
4,16,4.5
4,20,3.636363636363636
4,14,3.0
0,17,3.111111111111111
20,17,2.0
4,16,4.0
0,10,4.0
7,14,1.1428571428571428
2,18,2.6666666666666665
0,20,3.555555555555556
24,14,3.5
3,14,2.0
1,15,4.111111111111111
7,21,2.1
2,16,2.333333333333333
0,15,3.25
2,15,3.0
5,17,2.555555555555556
18,12,2.888888888888889
22,16,2.375
0,17,3.8
49,17,2.7777777777777777
0,17,1.1428571428571428
2,19,2.111111111111111
2,17,4.8
2,12,2.75
6,19,0.7777777777777778
2,17,3.1
20,17,3.6
0,16,2.7777777777777777
4,18,2.375
4,17,4.727272727272728
1,17,3.6
0,19,4.25
1,23,4.25
1,17,4.75
1,17,2.7777777777777777
2,17,4.4
44,16,2.25
0,18,1.5
0,15,3.1
23,18,0.8571428571428571
0,18,2.0
41,17,1.875
0,14,2.7777777777777777
1,14,3.555555555555556
0,17,3.3
4,15,3.333333333333333
1,14,3.7777777777777777
2,18,3.5454545454545454
0,15,3.0
5,16,2.7777777777777777
3,11,2.625
1,19,2.555555555555556
3,23,4.0
11,17,4.8
1,17,3.8
1,14,4.444444444444445
3,24,3.9166666666666665
12,13,1.0
1,15,3.6666666666666665
0,19,3.555555555555556
45,17,3.7777777777777777
1,12,2.75
2,16,3.4444444444444446
1,20,3.0
1,14,3.0
7,17,2.0
3,17,1.875
1,12,2.2857142857142856
10,25,4.181818181818182
3,16,0.8333333333333334
6,14,2.6666666666666665
0,17,3.5
1,14,4.111111111111111
54,19,2.75
4,15,1.875
1,17,4.1
2,15,4.4
0,20,2.8
1,18,2.5
4,17,2.4444444444444446
39,15,2.875
46,21,1.5555555555555556
0,14,2.5
0,16,4.333333333333333
1,15,3.0
1,22,3.9166666666666665
1,15,3.25
3,15,2.7777777777777777
3,14,2.375
1,14,2.0
1,18,1.375
1,15,2.375
5,7,2.142857142857143
0,15,2.75
1,19,2.555555555555556
0,14,3.6666666666666665
1,20,2.2
1,16,0.5714285714285714
1,17,3.2
0,15,3.2222222222222223
2,14,3.7142857142857135
0,17,3.7
1,15,2.4444444444444446
2,15,4.222222222222222
1,15,2.75
33,14,2.75
0,19,3.363636363636364
1,13,2.555555555555556
0,13,2.75
1,19,2.0
42,14,1.0
6,15,2.125
0,16,3.0
0,11,2.625
6,13,3.75
0,22,2.636363636363636
1,17,3.7777777777777777
30,17,1.0
1,17,2.0
0,12,2.5
1,12,2.25
3,15,2.0
1,14,3.0
1,16,3.4444444444444446
1,19,3.7
2,17,3.6666666666666665
1,17,3.3
0,10,2.125
1,18,2.555555555555556
1,15,3.333333333333333
0,19,4.090909090909091
4,17,1.875
1,14,3.7
2,15,3.5
2,16,2.555555555555556
2,16,3.5
0,14,4.0
2,18,4.3
1,14,0.6666666666666666
0,17,4.0
1,17,2.8
11,22,4.090909090909091
0,17,4.2727272727272725
0,15,2.75
4,13,2.142857142857143
4,15,2.625
5,17,4.1
32,17,2.75
0,16,5.0
5,13,4.75
2,18,2.888888888888889
2,13,5.222222222222222
0,14,2.625
4,17,2.888888888888889
10,18,2.2222222222222223
0,15,3.333333333333333
0,14,3.333333333333333
0,17,1.7142857142857142
1,19,3.333333333333333
5,19,2.7777777777777777
1,15,3.375
0,15,1.875
1,16,3.2222222222222223
42,15,3.555555555555556
25,12,2.625
10,19,3.6
4,12,4.666666666666667
5,14,3.6666666666666665
21,14,2.142857142857143
40,17,2.0
51,14,2.375
2,15,2.555555555555556
1,16,3.2222222222222223
0,16,1.875
1,18,2.5
1,16,3.7777777777777777
3,15,2.0
2,17,3.7
5,17,2.0
1,21,1.8888888888888888
1,19,2.9
2,19,2.8
0,16,3.333333333333333
2,17,2.6666666666666665
43,16,1.1428571428571428
0,12,1.625
13,16,3.7777777777777777
0,18,2.2222222222222223
63,22,4.545454545454546
3,17,1.1428571428571428
20,16,1.5714285714285714
3,12,3.625
12,18,3.3
0,15,2.571428571428572
3,16,1.7142857142857142
0,17,1.375
2,16,4.090909090909091
1,18,2.0
19,12,2.7777777777777777
1,15,2.555555555555556
24,17,3.2
1,16,4.4
12,15,3.375
1,13,3.375
0,17,2.555555555555556
0,19,3.727272727272727
1,14,2.4285714285714284
25,16,3.2222222222222223
1,15,3.0
0,19,2.6666666666666665
1,15,2.111111111111111
2,16,4.1
1,14,2.0
2,20,3.7
1,12,2.375
1,14,3.375
2,14,2.0
0,12,4.375
0,14,2.7777777777777777
0,20,4.6
9,15,4.75
0,14,2.625
10,13,2.142857142857143
1,21,1.1111111111111112
0,13,0.4
1,18,3.888888888888889
51,19,2.111111111111111
0,16,1.8888888888888888
0,15,2.555555555555556
4,17,2.9
0,18,2.9
8,16,3.6
4,14,3.125
3,14,5.0
1,15,2.5
0,16,3.333333333333333
8,20,1.8888888888888888
22,18,4.3
2,16,3.5
1,11,3.857142857142857
21,20,1.8888888888888888
14,18,1.7142857142857142
3,15,2.888888888888889
1,15,3.7777777777777777
53,15,2.7777777777777777
55,13,2.875
59,21,4.636363636363637
0,14,3.125
1,17,3.7
23,11,1.3333333333333333
9,15,3.4444444444444446
22,15,3.25
5,18,1.375
0,12,2.5
1,16,3.3
3,20,3.7
7,19,2.0
0,15,3.111111111111111
2,15,2.6666666666666665
0,17,3.0
3,21,3.272727272727273
20,16,1.5714285714285714
0,16,2.0
0,21,1.3333333333333333
10,17,0.8571428571428571
33,18,3.4
11,17,3.0
3,22,2.2222222222222223
1,16,5.7
1,11,3.25
0,22,3.5454545454545454
20,15,2.75
1,14,2.25
2,17,4.090909090909091
1,15,2.125
8,16,2.0
78,16,3.2222222222222223
1,14,2.75
3,16,4.636363636363637
2,14,2.375
1,13,3.625
1,19,4.090909090909091
1,16,3.333333333333333
1,15,3.333333333333333
1,16,3.111111111111111
19,14,1.75
0,16,2.6666666666666665
0,20,4.2727272727272725
1,17,2.5
1,14,3.111111111111111
31,20,1.125
6,20,2.333333333333333
0,16,3.2222222222222223
5,14,3.125
4,13,3.7777777777777777
1,18,3.8
0,17,2.0
1,15,2.625
52,19,2.0
3,17,3.7
1,14,3.5
0,19,5.25
3,17,3.6666666666666665
30,15,2.888888888888889
1,17,3.625
2,18,2.2222222222222223
17,15,1.7142857142857142
5,14,3.555555555555556
0,17,3.111111111111111
3,19,3.5
0,17,2.75
2,17,4.444444444444445
10,18,4.2
3,12,2.5
17,15,4.125
3,17,2.888888888888889
4,13,2.375
14,17,1.8571428571428568
6,14,2.625
3,18,3.2
4,19,3.4
0,18,3.2222222222222223
3,13,3.9
10,18,2.6
2,18,2.625
0,11,3.0
3,20,3.5
0,15,3.4444444444444446
3,12,2.625
30,13,3.375
33,16,2.0
49,14,2.875
1,17,3.4444444444444446
1,11,1.0
1,17,1.75
14,14,2.75
0,19,3.0
11,18,1.5714285714285714
1,19,2.0
0,15,2.375
1,21,1.0
6,19,2.4444444444444446
1,15,5.0
6,16,3.2222222222222223
3,11,3.875
5,17,3.1
19,20,4.181818181818182
50,10,3.5
0,16,3.4
1,17,4.222222222222222
1,13,2.7777777777777777
12,22,2.363636363636364
1,20,3.363636363636364
0,12,3.857142857142857
1,19,5.363636363636363
13,21,4.090909090909091
0,14,2.6666666666666665
0,16,3.3
5,20,3.909090909090909
0,12,3.0
1,18,3.1
4,17,3.8
0,19,2.4444444444444446
0,18,1.875
1,15,3.111111111111111
3,16,4.181818181818182
35,16,5.3
0,23,3.8181818181818175
2,18,4.833333333333333
1,17,1.125
0,17,2.125
1,17,3.333333333333333
0,16,2.555555555555556
2,19,3.363636363636364
1,15,3.2222222222222223
1,17,3.888888888888889
1,18,2.375
5,19,4.454545454545454
62,15,3.333333333333333
0,15,3.7777777777777777
9,14,2.0
0,20,3.0
0,17,3.3
0,17,3.6
0,18,4.2
7,15,2.75
1,20,4.0
1,13,3.125
10,15,3.0
2,21,3.363636363636364
23,14,3.125
0,13,2.0
4,20,4.090909090909091
1,13,4.125
3,19,3.8
1,21,2.4
0,17,5.7
4,18,3.8
17,14,3.0
3,17,2.7777777777777777
0,19,1.625
1,15,3.6
7,16,4.6
4,17,1.875
1,15,2.5
5,15,2.888888888888889
0,18,3.5
9,17,2.555555555555556
3,14,3.125
1,18,2.333333333333333
1,18,1.375
55,13,2.875
0,12,2.125
0,15,1.1428571428571428
1,19,4.0
1,16,2.5
10,16,2.4444444444444446
2,16,4.222222222222222
1,15,4.0
1,19,3.125
0,15,2.0
0,13,2.0
1,10,2.75
6,21,4.833333333333333
6,12,1.6666666666666667
57,16,3.0
20,21,4.181818181818182
0,12,3.625
1,19,1.875
12,19,2.333333333333333
1,13,2.375
0,17,3.2
18,22,3.636363636363636
0,16,1.375
0,16,3.7
1,20,3.8
52,14,3.125
31,14,2.5
1,17,3.6666666666666665
4,16,2.0
1,16,3.0
1,17,5.1
8,18,1.1428571428571428
0,19,3.3
2,18,4.0
25,19,2.4444444444444446
24,16,4.4
27,16,4.2
1,16,2.5
0,17,2.6666666666666665
50,18,2.0
53,15,3.333333333333333
1,14,3.875
51,14,3.25
19,11,2.75
1,16,3.2222222222222223
9,10,2.875
2,17,2.4444444444444446
0,16,2.25
0,15,3.333333333333333
7,13,2.75
1,19,4.454545454545454
0,13,4.0
0,20,3.272727272727273
0,18,4.181818181818182
0,18,2.4
20,15,5.0
4,20,3.6
0,14,3.555555555555556
0,16,2.4444444444444446
49,19,2.0
2,14,4.888888888888889
3,14,3.0
7,17,1.4285714285714286
4,19,3.111111111111111
1,16,3.3
9,20,3.6
62,19,2.888888888888889
0,18,3.8
1,16,2.0
0,11,2.2857142857142856
0,15,4.4
1,16,3.333333333333333
44,16,3.555555555555556
0,16,2.4444444444444446
0,9,2.625
0,14,2.875
0,18,1.75
0,22,4.75
1,20,2.111111111111111
16,16,4.454545454545454
1,19,0.625
0,18,3.909090909090909
33,18,3.2222222222222223
0,12,3.0
9,19,3.3
2,20,2.4444444444444446
39,15,2.333333333333333
1,15,3.6666666666666665
18,16,1.4285714285714286
1,19,3.9
20,15,2.0
1,17,3.5
50,20,2.111111111111111
0,17,2.875
2,13,1.7142857142857142
28,16,2.625
0,11,1.875
4,15,3.6666666666666665
12,15,2.875
0,15,3.125
15,18,2.6666666666666665
7,18,2.625
0,15,3.555555555555556
0,16,2.6666666666666665
99,19,4.363636363636363
0,16,3.7
0,17,2.6
19,16,1.8571428571428568
1,12,2.625
1,17,3.3
2,15,2.0
4,19,2.7
1,17,4.4
0,13,2.75
46,18,2.6666666666666665
0,14,3.0
0,14,3.125
0,16,2.6666666666666665
5,24,2.8
23,12,1.3333333333333333
3,16,3.5454545454545454
0,17,4.0
14,14,3.25
19,17,1.0
1,17,3.555555555555556
4,14,2.333333333333333
0,15,3.333333333333333
0,13,3.0
0,19,4.636363636363637
1,16,3.6666666666666665
1,14,4.375
0,17,2.7777777777777777
1,16,3.4
0,13,1.4285714285714286
28,13,1.7142857142857142
0,16,3.0
0,12,2.375
6,12,5.25
9,17,3.0
0,17,1.375
0,16,4.545454545454546
2,18,2.7777777777777777
0,17,4.3
0,20,4.545454545454546
1,15,1.4285714285714286
18,14,1.5714285714285714
1,19,3.5
1,14,2.625
0,13,3.125
31,13,4.888888888888889
21,15,1.5
47,18,2.5
43,16,2.555555555555556
1,14,3.3
0,15,2.555555555555556
1,18,4.636363636363637
1,23,1.3333333333333333
4,13,3.2857142857142856
8,19,3.4
0,18,3.2222222222222223
0,18,2.0
2,19,2.333333333333333
8,20,3.5
5,18,2.2222222222222223
4,17,3.5
1,13,2.875
1,16,2.9
8,18,4.090909090909091
0,19,2.2222222222222223
51,19,3.2
2,17,3.6666666666666665
1,22,4.583333333333333
0,15,2.4444444444444446
4,15,5.1
0,15,2.5
0,14,3.4444444444444446
1,17,3.2
0,14,2.2857142857142856
7,16,2.375
4,17,3.6666666666666665
2,19,2.9
9,14,2.5
25,14,7.2
39,17,3.0
4,22,5.25
3,17,2.0
2,16,1.875
1,15,2.0
0,14,2.0
5,22,2.8
53,16,3.555555555555556
1,21,4.2
4,18,2.0
2,23,4.0
1,16,2.125
7,21,3.4545454545454546
1,15,3.7
0,16,1.7142857142857142
4,19,2.333333333333333
16,19,3.8181818181818175
9,16,3.111111111111111
0,14,3.25
1,13,4.0
2,16,2.375
1,12,2.0
26,16,1.7142857142857142
0,16,3.0
19,17,2.5
3,15,3.1
2,15,2.2222222222222223
1,14,4.666666666666667
3,15,3.4
2,15,3.2222222222222223
0,19,1.5555555555555556
1,14,1.7142857142857142
4,14,3.3
1,16,2.7
71,21,3.111111111111111
0,13,2.625
0,14,3.0
1,15,3.0
0,16,2.125
14,17,3.7
0,16,2.625
5,13,3.333333333333333
1,21,3.111111111111111
0,12,2.0
0,14,3.1
0,14,1.8888888888888888
1,12,2.0
2,14,4.0
0,11,3.0
1,15,3.333333333333333
0,16,2.0
1,16,3.375
0,13,2.0
0,16,2.7777777777777777
19,15,1.0
0,14,2.142857142857143
0,15,2.7777777777777777
1,14,2.0
0,16,3.4
3,15,2.5
30,18,0.8571428571428571
53,17,1.625
33,17,3.4444444444444446
1,15,3.888888888888889
1,19,3.9
1,15,3.7
1,16,3.4444444444444446
3,15,3.7777777777777777
6,23,5.230769230769231
5,14,3.333333333333333
1,17,3.6
0,17,2.6
3,17,3.333333333333333
2,20,4.090909090909091
3,17,2.8
0,12,3.0
9,17,3.111111111111111
0,16,2.375
0,15,4.5
1,17,2.555555555555556
1,18,4.545454545454546
1,19,1.6666666666666667
1,18,1.8888888888888888
2,16,3.0
1,16,4.5
1,16,2.75
59,15,3.125
0,18,3.2222222222222223
0,17,2.888888888888889
10,26,4.571428571428571
4,18,4.3
6,21,4.545454545454546
1,16,2.333333333333333
0,13,3.25
0,14,2.888888888888889
4,14,4.888888888888889
11,17,4.0
3,16,3.25
33,15,2.75
0,20,3.3
14,20,2.888888888888889
12,17,3.7
0,19,3.4
2,19,3.7777777777777777
1,14,3.4444444444444446
53,13,2.375
0,16,2.2222222222222223
8,15,3.2222222222222223
0,13,2.0
12,19,2.75
11,15,2.5
2,15,3.625
0,16,2.125
1,17,3.6666666666666665
0,18,2.75
1,19,3.0
3,19,3.727272727272727
0,16,2.75
1,14,3.0
0,16,3.2
0,17,3.7
1,15,3.333333333333333
3,14,2.125
22,15,2.25
52,15,3.125
3,17,2.9
1,18,3.0
7,13,3.0
1,17,3.3
2,15,4.25
6,15,2.2857142857142856
1,16,3.3
1,15,2.6666666666666665
49,15,2.75
1,15,3.111111111111111
0,15,2.0
3,16,3.3
0,12,2.125
0,17,1.875
2,15,1.5555555555555556
1,15,2.375
26,15,3.0
2,20,4.090909090909091
3,11,2.0
0,20,3.727272727272727
51,14,2.375
0,16,3.8
2,15,2.555555555555556
0,13,2.875
0,18,4.5
0,19,4.0
1,16,3.333333333333333
0,20,3.363636363636364
0,15,3.111111111111111
23,15,4.0
0,15,3.6666666666666665
1,12,3.0
9,17,2.25
2,20,5.0
2,16,2.555555555555556
0,14,2.875
0,17,4.0
0,12,3.25
1,13,2.375
1,16,3.333333333333333
63,22,1.3333333333333333
5,15,3.5
3,16,2.4444444444444446
0,11,2.833333333333333
23,15,2.375
6,18,3.0
10,16,2.0
5,19,3.272727272727273
0,15,2.375
12,16,2.0
0,17,4.2727272727272725
3,15,1.5
0,15,3.6666666666666665
2,25,2.727272727272727
4,12,2.75
0,14,2.125
2,17,2.0
0,16,2.0
4,18,3.8
7,16,3.375
6,14,2.0
2,15,3.0
1,16,3.0
1,17,4.1
0,16,2.5
13,14,2.0
3,17,2.375
1,19,3.5454545454545454
5,20,4.909090909090909
58,14,2.25
1,18,4.090909090909091
0,14,3.555555555555556
0,13,1.5714285714285714
0,12,2.375
2,17,3.111111111111111
0,16,3.9
2,18,3.333333333333333
11,15,2.375
0,19,3.6
7,17,2.4444444444444446
0,16,2.4444444444444446
1,15,3.555555555555556
0,18,2.111111111111111
1,19,2.9
5,14,2.625
18,15,2.333333333333333
1,21,3.6
1,16,3.7
0,17,3.6666666666666665
1,17,4.222222222222222
1,16,2.555555555555556
3,15,2.7
1,17,3.6666666666666665
1,21,4.666666666666667
0,13,3.5
1,14,2.625
7,9,4.75
3,18,3.5
0,13,3.7777777777777777
5,14,3.0
6,20,2.111111111111111
8,14,4.111111111111111
1,19,3.0
0,13,3.0
0,21,2.8
2,17,4.0
12,19,2.4
1,13,2.875
21,14,2.4444444444444446
7,13,3.5
3,17,4.454545454545454
0,15,2.5
0,17,2.0
2,15,2.2222222222222223
4,17,2.375
0,19,3.363636363636364
0,14,1.5714285714285714
2,23,2.363636363636364
2,9,1.625
0,17,2.6666666666666665
36,18,3.9
0,16,3.7
12,15,3.6666666666666665
1,20,3.9
0,13,2.875
42,15,2.625
21,16,1.4285714285714286
4,17,2.4444444444444446
27,17,1.1428571428571428
3,17,3.6
1,17,3.6666666666666665
46,19,1.25
27,19,3.0
21,14,2.0
0,19,3.090909090909091
14,13,4.5
20,15,2.125
4,16,4.4
2,13,3.5
4,19,3.0
0,16,2.888888888888889
1,17,4.818181818181818
1,15,3.555555555555556
1,15,2.75
1,15,2.625
36,16,2.888888888888889
1,14,4.555555555555555
1,15,4.0
1,17,3.111111111111111
18,16,3.125
0,16,2.125
0,14,3.7777777777777777
29,16,3.6666666666666665
31,16,0.2857142857142857
10,13,3.625
3,14,3.6666666666666665
1,18,3.111111111111111
10,13,3.0
38,16,2.75
0,14,2.555555555555556
28,14,2.571428571428572
27,20,3.636363636363636
2,13,3.5
21,16,3.0
0,17,1.0
34,14,4.222222222222222
0,16,4.0
16,15,4.5
0,17,2.555555555555556
1,12,4.222222222222222
0,18,4.1
1,12,2.625
5,15,3.111111111111111
1,18,3.5454545454545454
0,16,3.6666666666666665
19,16,5.2
2,15,3.5
1,17,2.25
9,19,4.3
0,20,4.636363636363637
2,17,1.4444444444444444
0,14,3.2222222222222223
17,16,3.0
44,16,3.7
1,16,2.555555555555556
2,11,3.5
4,18,2.0
20,13,3.0
4,16,2.25
12,20,3.4545454545454546
19,19,4.7
0,17,3.9
1,15,2.4444444444444446
0,17,2.2222222222222223
13,14,3.0
0,13,2.0
2,17,5.3
1,15,3.0
0,18,3.6
0,17,3.6
1,16,3.8
51,17,2.0
12,16,3.888888888888889
0,18,2.2
0,17,2.555555555555556
0,18,1.875
57,12,2.125
0,15,2.25
10,14,3.5
5,21,2.3
1,18,3.5
56,20,2.0
54,16,3.375
7,17,3.333333333333333
0,14,4.4
8,18,3.3
0,21,3.8
1,16,3.7777777777777777
0,15,4.222222222222222
0,17,2.4444444444444446
3,21,4.666666666666667
10,13,3.5
1,11,2.0
3,18,2.6666666666666665
3,18,3.111111111111111
1,19,3.7
18,19,3.9
0,15,2.875
62,15,1.1428571428571428
53,14,1.875
1,15,3.4444444444444446
0,13,1.8333333333333333
4,17,4.0
42,15,2.375
0,15,2.888888888888889
3,20,1.6666666666666667
1,13,3.125
0,16,3.3
5,18,2.888888888888889
0,18,3.3
55,17,2.375
1,17,3.0
9,17,4.363636363636363
3,15,3.0
41,17,0.8571428571428571
1,16,4.5
1,17,3.4
0,18,2.333333333333333
1,21,4.0
2,18,3.4
1,15,3.375
2,14,1.875
52,17,4.0
1,16,3.0
13,11,2.375
0,17,2.7777777777777777
0,15,2.0
3,14,2.625
30,15,1.7142857142857142
2,18,2.4444444444444446
6,15,3.555555555555556
0,12,1.75
0,17,2.888888888888889
3,20,4.727272727272728
12,16,2.2857142857142856
0,14,1.75
2,18,3.4444444444444446
1,19,4.181818181818182
2,16,2.7777777777777777
21,19,2.6
1,20,4.0
23,14,1.5714285714285714
1,14,3.0
1,20,3.636363636363636
43,15,5.1
6,15,4.0
12,18,4.090909090909091
0,11,4.0
3,20,3.8181818181818175
1,16,3.5
55,17,4.090909090909091
52,13,2.375
0,16,3.0
1,16,3.6666666666666665
36,16,2.6666666666666665
0,20,3.8181818181818175
50,15,2.375
0,11,2.625
1,16,3.6666666666666665
5,19,1.5555555555555556
1,18,2.6666666666666665
2,17,2.888888888888889
1,14,2.571428571428572
3,15,2.0
0,15,1.7142857142857142
1,19,4.363636363636363
1,17,2.2222222222222223
1,15,1.625
3,16,2.0
3,16,2.888888888888889
4,13,2.625
0,20,1.2222222222222223
1,15,2.0
2,12,2.2222222222222223
0,17,3.375
0,16,3.0
1,16,1.875
3,15,4.222222222222222
0,17,2.125
2,14,2.4444444444444446
0,14,2.5
44,14,2.75
1,17,3.7
1,18,3.111111111111111
0,13,2.875
0,16,3.555555555555556
0,13,2.0
1,17,1.875
56,17,2.555555555555556
7,12,1.8333333333333333
9,19,3.0
1,14,2.25
7,20,3.2
0,18,2.555555555555556
13,15,2.5
6,18,2.888888888888889
2,18,2.555555555555556
50,15,4.9
18,16,3.7777777777777777
8,14,2.7142857142857144
1,20,3.7
2,14,2.375
1,16,4.0
0,19,3.5454545454545454
1,16,3.2222222222222223
11,12,2.625
0,23,3.333333333333333
2,15,2.75
2,20,5.0
4,15,3.2222222222222223
0,14,2.888888888888889
1,13,1.7142857142857142
21,17,3.0
25,14,4.444444444444445
0,13,2.625
59,15,3.2222222222222223
0,15,3.3
38,14,2.555555555555556
1,19,3.333333333333333
50,18,1.5
1,17,4.444444444444445
8,21,3.8181818181818175
2,17,2.571428571428572
21,13,2.625
0,13,3.25
13,22,3.9166666666666665
0,11,1.6666666666666667
1,13,1.7777777777777777
14,18,2.555555555555556
0,11,3.5
27,18,2.888888888888889
0,16,2.125
1,18,3.555555555555556
44,15,2.25
0,18,3.3
1,16,3.6666666666666665
0,18,3.8181818181818175
8,15,4.3
8,16,1.875
1,15,3.7
2,13,1.7142857142857142
0,17,2.875
1,18,4.1
0,13,4.6
1,14,3.5
3,18,4.5
1,15,4.545454545454546
12,18,3.6666666666666665
0,19,3.363636363636364
1,17,3.333333333333333
0,16,3.7
3,15,4.0
0,20,3.333333333333333
1,18,3.4444444444444446
1,17,3.7
2,21,2.2222222222222223
1,11,2.0
0,11,4.333333333333333
10,14,3.2857142857142856
0,15,3.0
4,19,3.636363636363636
0,16,3.0
9,17,3.111111111111111
1,14,4.5
0,17,1.75
4,22,1.6666666666666667
3,16,2.875
50,12,2.0
0,15,3.5
2,16,3.0
15,19,4.2
42,20,2.0
0,15,2.888888888888889
1,17,2.6666666666666665
0,17,3.7
3,12,4.0
52,19,2.4444444444444446
0,13,2.5
0,13,2.4444444444444446
0,18,2.4
39,18,3.333333333333333
15,13,1.6666666666666667
0,16,3.4444444444444446
2,16,2.636363636363636
1,15,2.8
0,18,2.7777777777777777
3,18,2.555555555555556
0,17,4.8
2,12,2.125
1,25,4.846153846153846
9,17,2.7
1,18,3.7
36,17,2.125
3,17,2.7777777777777777
1,16,3.636363636363636
1,21,1.6666666666666667
0,15,2.375
1,14,4.125
1,14,3.0
0,15,3.7
3,19,3.4444444444444446
0,19,3.1818181818181817
0,14,2.375
21,22,4.416666666666667
18,15,3.3
0,19,3.7777777777777777
1,14,2.875
11,20,2.4444444444444446
59,13,3.888888888888889
1,11,2.7142857142857144
2,20,3.0
1,17,2.111111111111111
0,15,2.4444444444444446
35,13,2.625
3,16,3.1
0,21,1.2222222222222223
7,16,1.875
2,20,3.6
1,17,2.7777777777777777
1,19,3.7
1,16,3.8
23,17,3.555555555555556
3,15,3.0
15,18,4.6
57,7,1.1666666666666667
4,18,3.9
1,13,3.0
4,18,1.5
5,20,1.8888888888888888
11,20,5.25
1,14,2.125
1,12,3.125
1,20,2.8
0,18,2.555555555555556
0,14,2.625
52,16,2.25
2,17,3.111111111111111
0,16,1.5
0,12,1.0
1,15,2.333333333333333
0,16,2.9
0,11,3.6666666666666665
9,12,1.7777777777777777
3,14,2.0
1,18,3.333333333333333
7,16,1.5
2,16,3.0
0,13,1.5714285714285714
7,16,2.2222222222222223
0,18,3.8
15,18,3.9
0,17,4.3
7,15,2.888888888888889
2,15,4.285714285714286
0,17,2.6666666666666665
1,18,4.090909090909091
1,17,2.555555555555556
3,13,1.8571428571428568
0,14,3.125
0,18,2.25
0,16,4.111111111111111
25,15,3.2222222222222223
6,18,2.4444444444444446
0,15,2.0
1,16,3.111111111111111
1,21,1.7777777777777777
3,14,3.375
1,18,2.636363636363636
3,16,4.4
0,16,3.7777777777777777
4,14,3.2222222222222223
39,12,1.4285714285714286
1,17,1.875
6,17,3.333333333333333
17,18,2.125
1,18,2.4444444444444446
2,18,3.0
0,18,4.090909090909091
58,16,3.4
3,16,1.75
4,18,3.727272727272727
0,15,1.2857142857142858
0,14,3.5
4,14,3.25
2,20,2.4444444444444446
0,16,3.555555555555556
1,17,2.0
2,15,2.375
41,12,1.4285714285714286
1,13,2.375
0,16,2.4444444444444446
10,24,3.083333333333333
1,21,1.375
1,13,3.625
31,14,3.25
0,14,1.8888888888888888
0,16,1.8888888888888888
0,14,3.333333333333333
3,17,3.1
5,19,3.1
14,20,3.4
1,19,5.363636363636363
35,19,0.4285714285714285
1,14,3.7777777777777777
1,10,1.0
4,15,4.090909090909091
0,17,2.0
28,16,3.4444444444444446
0,18,4.1
50,14,3.0
2,16,2.75
2,14,4.444444444444445
0,15,4.9
44,19,2.7777777777777777
35,17,3.333333333333333
0,13,2.555555555555556
0,19,3.0
11,23,1.9090909090909087
2,18,4.0
8,15,3.333333333333333
0,18,2.4444444444444446
1,15,1.7142857142857142
4,17,3.333333333333333
8,15,2.875
5,15,3.0
1,15,3.555555555555556
21,13,2.25
0,15,2.333333333333333
2,19,4.363636363636363
1,16,4.090909090909091
10,15,2.6666666666666665
1,15,4.5
39,14,4.0
1,18,3.333333333333333
1,20,4.636363636363637
0,15,2.125
13,13,2.875
1,18,4.0
1,21,3.5
0,12,4.5
44,15,3.125
0,15,3.111111111111111
2,16,4.5
0,13,3.7777777777777777
0,13,4.444444444444445
1,15,3.8
4,14,3.6666666666666665
1,14,5.111111111111111
1,12,2.7142857142857144
0,14,4.444444444444445
0,14,2.125
1,13,1.625
3,17,5.083333333333333
13,13,2.6666666666666665
2,16,3.7
0,21,2.3
0,18,3.8
1,19,4.2727272727272725
11,18,3.4444444444444446
0,16,2.2222222222222223
2,19,3.0
0,15,1.7142857142857142
4,16,3.111111111111111
0,17,3.6
0,19,3.636363636363636
2,13,3.0
7,17,2.625
4,16,4.2
0,14,2.625
2,15,2.25
54,14,2.875
0,16,1.5555555555555556
0,17,2.111111111111111
0,16,3.333333333333333
0,18,3.7777777777777777
2,20,4.2727272727272725
37,13,2.0
1,16,2.75
1,14,3.0
0,16,1.8888888888888888
3,14,2.4444444444444446
2,16,3.125
1,15,2.75
2,17,4.1
1,10,3.375
14,16,3.7777777777777777
2,16,3.2222222222222223
19,16,2.5
6,20,3.363636363636364
18,17,3.555555555555556
0,19,4.454545454545454
0,20,3.1
1,13,2.0
0,17,2.75
25,19,2.875
0,20,4.090909090909091
1,16,2.7777777777777777
3,16,3.3
0,17,3.2222222222222223
9,13,3.6666666666666665
0,15,2.375
3,18,3.8
0,13,3.125
3,16,2.0
0,19,3.6
9,19,2.6666666666666665
0,14,2.875
2,16,3.111111111111111
1,22,2.6
0,14,3.125
0,21,3.1818181818181817
3,24,1.2222222222222223
7,15,2.75
0,21,3.0
0,22,4.636363636363637
1,17,2.4444444444444446
1,15,3.333333333333333
2,17,2.0
1,14,3.333333333333333
2,17,3.555555555555556
5,18,2.555555555555556
0,17,2.0
0,21,2.0
1,13,1.625
10,16,3.111111111111111
0,12,1.6666666666666667
1,16,3.125
0,18,3.090909090909091
0,16,3.4
2,17,3.333333333333333
2,17,3.333333333333333
42,14,2.375
15,16,2.555555555555556
39,19,2.375
1,23,4.416666666666667
37,18,3.111111111111111
2,23,1.8888888888888888
9,18,3.111111111111111
54,19,3.8
7,17,1.0
1,17,3.727272727272727
1,16,4.090909090909091
24,19,3.5
1,18,1.75
1,14,2.5
1,13,3.125
50,16,4.0
0,18,2.2222222222222223
0,15,4.555555555555555
0,18,3.3
0,16,3.6
9,17,3.9
1,15,3.363636363636364
59,18,3.7
4,17,3.8
1,15,2.875
4,20,4.4
5,16,2.25
80,21,5.727272727272728
0,13,1.5714285714285714
1,18,3.7
2,15,3.888888888888889
1,17,2.2222222222222223
0,19,3.2
9,15,2.0
0,18,3.4444444444444446
5,20,3.3
3,19,3.9
0,17,1.75
1,19,4.181818181818182
29,16,3.0
14,19,4.1
0,14,3.375
1,23,4.076923076923077
17,22,1.8888888888888888
56,18,2.0
14,19,3.5
2,17,3.333333333333333
0,17,3.8
0,14,3.0
0,17,2.7
39,15,3.4444444444444446
0,16,3.5
0,13,3.2
1,21,4.416666666666667
3,16,1.875
2,19,3.5
1,18,3.0
11,16,4.1
50,15,2.375
1,19,4.181818181818182
1,17,3.8
0,19,2.4
1,18,3.4
3,19,4.727272727272728
1,17,3.125
1,16,3.2222222222222223
36,15,3.2222222222222223
32,19,2.555555555555556
1,18,2.6
0,16,3.0
1,12,2.25
0,15,2.555555555555556
4,13,3.0
0,12,2.6666666666666665
1,16,3.2222222222222223
30,11,4.222222222222222
25,16,3.333333333333333
0,17,4.416666666666667
31,16,1.875
0,20,2.636363636363636
13,16,2.5
1,14,2.0
0,13,3.111111111111111
1,18,3.7777777777777777
24,15,2.875
0,13,3.375
1,14,3.2222222222222223
41,18,2.0
40,13,2.571428571428572
3,19,2.8
1,22,3.333333333333333
45,19,1.3333333333333333
1,12,1.6666666666666667
0,14,2.4444444444444446
15,16,4.2
0,16,1.0
2,17,4.0
1,17,2.2
2,19,1.875
28,19,1.125
1,14,2.75
6,18,2.333333333333333
10,17,3.7
0,19,2.6666666666666665
0,18,4.727272727272728
0,13,2.25
0,13,2.2222222222222223
14,13,1.6666666666666667
0,12,3.375
0,18,2.6
0,14,3.555555555555556
2,15,2.111111111111111
0,20,3.5454545454545454
2,15,3.4444444444444446
0,18,2.2222222222222223
22,17,2.25
10,19,4.1
50,16,3.2222222222222223
2,20,2.9
5,15,2.7777777777777777
0,12,2.875
16,16,2.2857142857142856
0,17,1.625
0,15,3.4444444444444446
1,13,2.5
0,12,2.375
51,18,2.875
1,15,2.125
42,15,2.375
5,19,3.4
13,17,1.5
0,16,2.888888888888889
4,15,3.6666666666666665
0,15,3.6666666666666665
0,16,2.75
1,17,2.0
0,17,3.1
1,15,2.0
21,14,3.375
1,16,2.5
2,17,2.888888888888889
1,14,2.7777777777777777
0,17,3.1
6,21,3.9
5,15,1.5
0,13,2.4444444444444446
15,21,2.111111111111111
31,17,3.6666666666666665
1,13,2.5
1,14,4.0
1,16,3.111111111111111
23,14,2.0
2,13,2.6666666666666665
2,13,4.666666666666667
0,17,3.8
4,17,3.6666666666666665
3,17,3.2222222222222223
17,18,3.3
0,16,1.375
2,20,3.727272727272727
0,17,2.0
7,20,1.25
0,15,2.75
1,17,3.4444444444444446
44,18,2.0
3,15,2.0
1,11,2.875
30,13,3.625
12,16,2.25
6,14,3.125
2,13,2.25
1,14,2.111111111111111
37,20,0.8888888888888888
0,17,2.7777777777777777
0,10,4.375
7,16,2.7777777777777777
0,16,2.0
0,16,0.5714285714285714
18,17,1.7142857142857142
7,19,3.111111111111111
1,15,3.7
20,13,3.125
40,23,1.2222222222222223
1,15,2.111111111111111
1,17,3.8
1,17,4.0
0,16,4.090909090909091
23,16,2.25
52,14,2.375
3,22,2.2
49,16,2.25
0,17,3.0
1,15,2.625
1,14,2.0
35,13,1.6666666666666667
3,15,2.333333333333333
1,12,4.125
0,18,1.6666666666666667
2,13,3.125
0,18,2.0
1,14,2.555555555555556
1,20,3.6666666666666665
0,17,2.6666666666666665
0,20,3.1
1,11,3.0
0,15,3.6666666666666665
11,21,2.888888888888889
3,15,2.5
1,15,2.7777777777777777
2,20,3.333333333333333
3,17,4.181818181818182
0,19,2.2222222222222223
0,16,3.4
6,22,1.1111111111111112
1,14,3.6666666666666665
10,14,1.7142857142857142
3,15,4.6
1,15,2.875
3,17,3.7
0,23,3.0
2,14,2.625
10,25,1.7777777777777777
3,16,4.4
1,16,3.727272727272727
0,14,1.7777777777777777
10,15,3.9
0,13,3.125
2,13,2.7777777777777777
0,16,2.0
0,13,5.888888888888889
5,16,3.555555555555556
1,18,4.090909090909091
1,17,3.0
1,12,3.125
2,19,3.6
41,16,3.125
1,14,2.625
3,20,4.4
1,16,1.375
0,18,2.0
1,17,3.0
2,17,3.7
2,19,3.5454545454545454
0,17,3.0
12,16,2.555555555555556
4,17,2.888888888888889
0,11,3.0
0,14,3.5
1,17,2.7777777777777777
43,12,3.75
1,19,0.8571428571428571
5,22,2.4444444444444446
0,16,2.888888888888889
1,13,2.375
1,17,1.875
14,14,3.111111111111111
0,15,2.2222222222222223
32,15,2.625
40,14,2.375
42,14,4.0
27,16,3.4444444444444446
34,17,2.4444444444444446
1,10,2.2222222222222223
50,17,0.8571428571428571
4,19,4.3
0,14,2.375
31,17,1.7777777777777777
22,18,2.555555555555556
1,20,1.5
0,19,2.833333333333333
0,12,2.0
2,16,3.111111111111111
2,17,4.4
0,14,3.25
3,15,3.6666666666666665
50,12,2.0
8,18,3.6666666666666665
5,20,3.2222222222222223
1,18,4.0
0,16,3.0
5,18,2.7777777777777777
1,14,2.888888888888889
1,15,4.363636363636363
33,18,0.7142857142857143
1,16,4.454545454545454
1,17,2.909090909090909
1,19,2.5
137,7,2.0
1,18,1.5
1,15,3.2
1,16,3.2222222222222223
51,17,3.5
3,17,1.875
0,12,1.0
0,17,3.0
10,15,2.875
0,14,3.333333333333333
0,15,4.5
22,14,3.0
0,14,3.0
1,14,4.111111111111111
0,17,2.6666666666666665
2,15,3.555555555555556
35,15,0.5
5,16,3.4444444444444446
1,17,2.7777777777777777
1,15,2.7777777777777777
1,14,2.875
2,16,1.875
3,22,0.8888888888888888
1,15,3.7
1,17,3.5
2,14,2.571428571428572
48,15,3.111111111111111
56,14,2.625
0,17,3.555555555555556
3,14,2.375
11,18,3.6666666666666665
0,15,3.0
3,15,3.0
2,15,2.888888888888889
1,17,4.9
1,17,2.4
1,13,2.25
0,14,2.375
0,15,3.9
43,16,3.125
0,15,4.0
0,15,2.0
1,15,3.555555555555556
3,16,3.7
0,12,3.0
0,15,3.111111111111111
12,14,2.7777777777777777
0,13,2.5
11,18,2.625
21,18,3.888888888888889
13,16,3.555555555555556
1,15,2.7777777777777777
11,13,2.0
6,15,1.8571428571428568
0,20,3.1
0,16,4.0
13,18,2.6666666666666665
48,15,2.625
11,13,2.571428571428572
0,16,3.0
1,16,3.5
9,13,2.875
6,14,2.2857142857142856
5,17,4.1
2,13,2.375
23,21,2.555555555555556
0,15,3.2
6,14,3.333333333333333
51,20,3.6666666666666665
5,21,4.25
55,16,4.555555555555555
24,16,1.4285714285714286
20,18,1.0
44,11,2.5
50,16,2.25
47,17,0.8571428571428571
1,12,3.0
0,17,4.1
0,17,3.363636363636364
56,16,2.75
0,14,2.0
42,18,2.5
31,17,2.7
1,16,1.375
1,14,3.333333333333333
0,16,2.4444444444444446
2,14,2.0
34,22,5.25
2,14,2.375
0,19,3.0
0,20,1.7777777777777777
11,18,4.0
2,18,4.666666666666667
1,14,1.6666666666666667
1,20,4.090909090909091
3,17,3.333333333333333
23,17,2.142857142857143
19,14,3.375
4,16,3.6666666666666665
1,16,2.9
5,16,4.416666666666667
0,15,3.7
0,18,3.0
1,14,2.5
2,20,2.4444444444444446
48,16,3.0
1,20,4.0
1,15,2.2222222222222223
41,18,3.333333333333333
1,17,3.4
0,20,3.4444444444444446
0,13,3.7777777777777777
4,15,2.8
1,18,1.375
0,17,3.555555555555556
2,15,3.8
2,16,4.0
11,22,3.3
13,16,2.375
1,10,1.5714285714285714
1,24,2.3
0,14,2.75
0,14,3.125
0,20,2.4444444444444446
10,15,3.555555555555556
9,18,2.625
1,17,3.3
7,17,2.7777777777777777
2,17,2.6666666666666665
20,17,3.111111111111111
8,18,3.111111111111111
1,18,3.7
3,13,2.0
0,19,1.5
1,18,2.555555555555556
2,16,4.4
0,16,2.125
1,23,5.416666666666667
10,18,1.875
0,15,3.7
0,12,2.142857142857143
4,16,1.4285714285714286
50,14,3.6666666666666665
27,22,4.0
6,13,3.75
1,21,5.0
0,16,3.7
0,14,2.875
56,19,2.0
0,17,3.1
0,16,3.6
1,15,2.5
1,15,1.0
1,19,3.7
0,14,3.5
31,13,1.3333333333333333
0,21,4.2
2,18,3.3
1,14,4.75
0,15,2.375
1,21,2.555555555555556
4,19,4.090909090909091
1,8,1.6
1,17,3.3
19,18,3.5
84,20,1.5
1,18,3.3
2,18,3.1
1,19,1.25
69,19,2.111111111111111
7,17,3.2222222222222223
4,19,3.5
0,14,2.5
30,18,3.0
1,16,3.8
4,16,4.2
0,15,3.555555555555556
0,13,2.888888888888889
8,16,1.5
2,18,3.4444444444444446
1,14,2.625
0,16,4.2
0,19,3.8181818181818175
0,14,2.142857142857143
0,15,3.333333333333333
1,16,3.111111111111111
39,15,2.0
2,16,2.0
3,12,2.625
3,19,1.375
1,16,4.7
4,16,2.333333333333333
0,13,3.0
40,13,2.0
0,15,3.375
54,18,1.5555555555555556
2,17,2.888888888888889
21,15,1.4285714285714286
0,17,3.0
4,16,4.6
25,19,0.7142857142857143
8,17,2.2222222222222223
1,12,5.0
0,18,4.363636363636363
3,16,2.0
4,20,5.181818181818182
2,12,3.375
35,20,3.6
15,14,2.625
2,13,2.6666666666666665
11,22,2.6666666666666665
0,12,2.0
32,15,2.375
10,13,3.3
0,21,4.166666666666667
1,16,2.888888888888889
52,14,3.6
1,17,3.6
1,18,3.0
0,18,2.4
4,17,3.111111111111111
1,14,2.888888888888889
6,18,3.5
1,16,3.8
2,15,3.888888888888889
4,18,3.4444444444444446
0,12,3.375
10,19,4.4
30,15,4.25
5,16,3.6666666666666665
1,14,2.75
3,12,2.0
3,15,2.0
2,17,3.555555555555556
0,13,2.888888888888889
1,20,3.272727272727273
0,15,3.555555555555556
1,17,2.7777777777777777
43,16,0.5714285714285714
1,16,3.555555555555556
0,17,3.333333333333333
0,15,2.7777777777777777
1,18,3.636363636363636
1,15,2.0
45,14,2.625
0,17,3.6666666666666665
6,15,4.5
0,14,2.4444444444444446
0,10,2.125
0,21,1.3333333333333333
0,15,4.2727272727272725
1,16,2.7777777777777777
1,20,2.909090909090909
1,17,3.7777777777777777
2,18,3.2
0,17,4.5
8,15,2.2222222222222223
0,16,3.0
0,16,1.1428571428571428
3,18,2.4
0,15,2.625
0,14,2.375
2,14,2.7777777777777777
4,16,3.5
2,20,4.090909090909091
1,14,4.0
30,19,2.6666666666666665
1,17,3.6
0,15,2.7777777777777777
3,17,3.2222222222222223
0,19,4.181818181818182
0,18,3.8
3,21,4.090909090909091
1,13,2.25
18,17,3.3
4,15,3.333333333333333
19,13,4.5
0,19,4.636363636363637
1,19,2.2222222222222223
1,13,2.375
5,15,3.6666666666666665
2,17,4.3
15,12,3.25
51,18,2.7
0,18,3.6
3,18,2.6666666666666665
1,14,2.6
0,16,4.222222222222222
0,11,3.875
0,17,3.111111111111111
5,19,3.6
5,15,1.875
3,15,2.333333333333333
0,13,3.6666666666666665
1,18,2.0
0,16,3.4
4,19,2.2222222222222223
4,20,4.0
0,13,3.0
50,17,3.4444444444444446
0,17,3.111111111111111
0,15,3.4444444444444446
0,17,1.1428571428571428
1,19,3.727272727272727
5,16,2.7777777777777777
13,9,0.8333333333333334
53,18,3.727272727272727
1,14,4.5
41,18,3.555555555555556
2,23,4.583333333333333
0,14,2.7777777777777777
1,14,1.875
8,16,3.6666666666666665
34,17,1.0
0,12,3.25
0,16,3.4444444444444446
0,18,3.6
59,19,5.2727272727272725
1,17,4.5
2,15,2.0
39,16,1.7142857142857142
1,20,3.3
1,13,2.6666666666666665
2,15,3.5
1,18,2.375
9,18,1.375
1,17,2.888888888888889
32,16,2.875
0,19,2.6666666666666665
53,15,2.0
1,17,2.25
0,17,1.0
0,15,3.333333333333333
0,21,3.8
13,15,2.142857142857143
1,17,3.6
6,19,2.9
0,19,3.6
6,19,2.25
8,18,3.8
2,14,2.875
43,16,3.0
0,11,2.7142857142857144
2,18,4.7
13,17,3.333333333333333
0,16,1.7777777777777777
33,20,3.1
1,15,2.7
1,17,2.555555555555556
11,17,3.7
2,15,2.5
1,19,4.416666666666667
0,17,2.9
1,16,2.555555555555556
32,17,2.0
0,16,3.4444444444444446
3,14,2.25
2,22,1.2222222222222223
1,16,0.8571428571428571
10,19,4.2
1,13,3.125
1,17,1.4285714285714286
4,18,3.8181818181818175
4,16,3.4444444444444446
0,20,3.0
3,15,3.5
0,21,3.0
0,15,2.25
0,15,3.625
1,9,1.5714285714285714
1,13,2.375
0,17,2.2222222222222223
59,14,3.0
2,14,2.375
52,15,2.375
32,15,2.625
5,22,4.25
1,16,3.333333333333333
1,15,4.0
51,5,1.0
0,19,4.636363636363637
0,18,4.4
1,13,3.333333333333333
21,13,2.625
12,19,1.875
30,18,3.7
16,17,3.333333333333333
44,13,4.125
1,18,3.555555555555556
2,16,3.9
0,13,3.0
0,17,2.0
0,13,2.625
0,14,2.25
2,11,3.5
1,16,4.416666666666667
0,15,4.0
0,14,3.7777777777777777
0,16,3.555555555555556
1,14,3.555555555555556
0,13,3.2857142857142856
1,19,5.307692307692308
9,16,3.375
0,16,1.7142857142857142
2,18,3.0
40,16,4.0
0,19,2.7777777777777777
22,16,3.333333333333333
2,20,2.4444444444444446
1,17,3.555555555555556
5,14,3.0
1,14,1.7142857142857142
4,13,2.875
3,13,3.625
7,17,1.875
1,15,2.625
33,18,2.3
2,11,4.555555555555555
3,16,3.3
0,19,2.6
43,16,2.25
0,13,2.125
1,17,3.3
0,13,4.444444444444445
1,15,2.875
0,18,3.4444444444444446
0,15,2.75
1,13,2.625
1,19,3.5
2,15,4.5
15,17,2.6666666666666665
2,16,3.2
1,13,3.4444444444444446
1,17,3.4444444444444446
2,19,3.3
40,16,2.888888888888889
1,18,3.6666666666666665
0,18,2.2
4,15,3.555555555555556
20,11,2.555555555555556
1,15,2.25
1,11,2.375
1,18,4.181818181818182
1,16,3.3
1,14,1.75
1,22,4.583333333333333
1,13,2.75
13,17,4.2
1,20,3.9
1,18,1.75
1,17,3.333333333333333
0,15,2.888888888888889
1,18,3.7
0,18,2.75
1,17,2.6
0,15,2.7777777777777777
0,18,4.545454545454546
2,18,3.7
1,21,4.0
28,18,4.2
42,18,2.875
8,19,3.6
30,15,2.375
1,18,4.9
2,14,3.111111111111111
1,14,2.0
1,14,3.0
9,20,1.3333333333333333
1,12,2.0
5,18,2.888888888888889
1,14,3.6666666666666665
50,17,3.8
1,16,3.888888888888889
3,21,3.2
1,15,1.7142857142857142
1,22,3.4545454545454546
1,14,4.0
1,9,2.375
6,12,4.4
5,15,3.7
0,14,2.625
39,19,3.0
48,15,3.25
51,17,2.888888888888889
11,20,3.5454545454545454
0,21,3.363636363636364
1,13,2.571428571428572
0,15,3.111111111111111
0,15,4.0
5,19,4.545454545454546
0,19,3.1
2,20,3.363636363636364
1,15,3.333333333333333
9,14,2.375
10,14,3.333333333333333
23,18,2.2
0,20,4.727272727272728
2,15,3.2222222222222223
4,15,4.111111111111111
1,15,3.7777777777777777
0,15,1.5
53,17,2.6666666666666665
1,17,4.0
12,13,1.0
10,17,2.7777777777777777
17,22,3.1818181818181817
0,18,4.0
3,14,3.0
0,19,4.090909090909091
1,19,2.6
3,19,3.6
1,16,3.2222222222222223
0,16,4.0
4,15,3.0
0,18,3.8
0,15,2.888888888888889
15,19,3.2
0,18,4.0
1,15,3.0
1,16,3.2222222222222223
2,14,3.333333333333333
20,12,3.5
8,15,3.0
37,13,1.8333333333333333
3,14,3.888888888888889
1,14,1.7142857142857142
26,15,4.0
0,16,4.8
2,19,2.0
2,18,3.4444444444444446
1,16,3.9
5,16,3.75
0,15,0.8571428571428571
0,18,3.0
5,22,4.2727272727272725
1,18,1.125
22,17,2.7777777777777777
0,16,3.6
0,16,1.4285714285714286
0,17,4.3
0,17,3.4
41,21,3.1
15,14,2.125
0,12,2.75
31,14,3.125
47,17,3.125
54,15,2.6666666666666665
1,19,2.6666666666666665
4,15,3.125
3,15,2.7777777777777777
0,17,3.8
1,20,2.3
0,16,1.75
0,13,1.4285714285714286
0,14,2.75
0,17,1.8571428571428568
8,17,2.875
31,24,4.083333333333333
4,13,2.625
51,12,3.125
3,15,2.4444444444444446
13,20,4.4
2,15,2.555555555555556
1,8,6.0
55,18,3.9
0,16,1.4285714285714286
3,14,3.888888888888889
6,14,4.0
1,15,3.4444444444444446
23,15,2.875
0,18,4.1
1,18,3.1
3,14,2.375
0,19,0.875
1,16,3.2
0,17,4.3
0,17,1.7777777777777777
20,16,0.1666666666666666
0,13,3.111111111111111
0,11,3.0
2,14,2.7777777777777777
1,15,4.1
3,13,3.555555555555556
2,12,2.875
0,17,3.0
7,8,2.375
0,15,3.888888888888889
23,15,2.0
47,13,2.25
0,14,1.5
4,17,3.3
31,19,2.9
1,11,2.7142857142857144
53,15,2.5
5,15,2.875
4,14,2.625
19,16,2.0
0,14,2.75
24,13,2.875
33,15,3.0
0,16,3.111111111111111
0,21,3.75
1,14,3.0
4,15,2.375
33,17,1.4285714285714286
1,17,3.6
1,14,2.375
0,14,2.5
1,19,3.2
2,14,2.25
1,15,2.375
0,13,2.125
1,18,2.4444444444444446
1,15,4.818181818181818
0,21,2.7777777777777777
1,17,4.0
1,13,2.2222222222222223
55,18,1.625
1,17,3.4444444444444446
1,18,4.2
1,13,3.125
43,17,3.111111111111111
0,16,2.888888888888889
1,14,3.555555555555556
39,15,3.333333333333333
1,19,3.909090909090909
7,19,2.5
1,17,2.6
2,16,3.4444444444444446
96,16,3.2222222222222223
1,17,3.1
0,14,2.75
1,13,2.125
9,17,4.3
0,15,3.3
1,16,3.333333333333333
5,13,3.6666666666666665
0,11,4.0
17,17,3.6
1,15,3.111111111111111
0,17,3.8
6,15,3.111111111111111
0,17,2.75
0,17,3.111111111111111
4,14,3.5
0,18,1.0
0,13,2.333333333333333
3,14,2.555555555555556
1,18,1.4444444444444444
1,20,4.2727272727272725
18,15,3.25
2,23,4.538461538461538
2,16,3.3
1,14,3.6666666666666665
2,17,2.4444444444444446
1,18,1.25
10,18,1.7777777777777777
0,16,2.75
1,17,3.6
0,14,3.4444444444444446
0,16,3.4444444444444446
2,20,4.0
1,20,2.2222222222222223
1,19,1.7777777777777777
0,14,2.375
31,16,3.111111111111111
0,20,3.727272727272727
0,15,2.25
22,15,3.25
51,17,2.7777777777777777
0,16,3.0
1,18,3.333333333333333
0,16,2.888888888888889
7,13,2.125
5,14,2.375
1,15,3.0
4,14,1.0
3,17,2.888888888888889
0,16,3.0
36,13,2.625
0,15,2.375
43,16,2.333333333333333
6,16,2.75
1,15,1.875
21,22,3.090909090909091
36,20,4.818181818181818
1,12,3.4444444444444446
1,16,2.875
1,19,3.2
1,12,2.625
4,16,3.0
2,16,2.0
0,15,3.2222222222222223
1,15,3.375
4,14,1.8571428571428568
6,17,3.363636363636364
0,16,2.6666666666666665
0,20,2.111111111111111
0,18,3.727272727272727
1,17,3.4
0,14,2.5
1,18,2.0
2,17,2.6666666666666665
3,16,3.111111111111111
1,15,2.888888888888889
2,21,3.0
1,18,3.2222222222222223
0,17,4.6
14,18,2.111111111111111
1,21,3.5454545454545454
1,16,2.6666666666666665
1,17,4.888888888888889
1,20,4.916666666666667
4,23,1.8
2,19,2.5
6,16,3.111111111111111
0,16,2.7777777777777777
0,19,5.181818181818182
35,15,3.111111111111111
1,15,2.9
0,21,2.888888888888889
0,16,4.636363636363637
28,18,3.1
1,13,3.0
0,16,2.6666666666666665
2,17,3.4
30,21,2.333333333333333
0,13,4.222222222222222
1,18,2.4444444444444446
23,20,1.5
1,16,3.125
47,18,2.888888888888889
3,6,6.0
1,15,2.375
13,19,3.7
2,15,3.7
1,19,2.7
51,21,3.1818181818181817
0,20,3.363636363636364
0,17,3.111111111111111
1,16,2.375
0,16,4.3
2,15,0.6666666666666666
6,18,4.25
25,13,3.571428571428572
1,14,2.5
1,16,3.0
0,17,4.0
2,19,3.2222222222222223
0,17,2.0
5,11,3.857142857142857
7,17,3.4444444444444446
4,16,3.2222222222222223
1,14,2.375
1,16,2.5
1,16,3.2222222222222223
29,15,1.1428571428571428
4,16,2.7142857142857144
0,18,3.111111111111111
57,18,4.2
7,20,2.555555555555556
3,16,3.555555555555556
8,21,3.909090909090909
8,21,3.636363636363636
2,15,3.2222222222222223
1,19,3.7
1,14,4.0
12,20,3.0
7,14,3.333333333333333
2,16,3.4444444444444446
1,13,2.75
22,14,3.25
0,16,2.25
31,18,2.9
1,14,2.75
46,22,3.909090909090909
0,18,1.4444444444444444
21,13,1.3333333333333333
1,15,3.6666666666666665
2,18,4.090909090909091
1,16,2.0
2,18,1.6666666666666667
0,20,3.3
12,22,3.75
0,19,3.3
29,17,2.888888888888889
1,14,2.0
1,18,3.8
0,15,3.7
0,17,3.0
6,17,3.4444444444444446
4,16,3.0
1,13,3.0
2,16,4.4
16,15,2.375
3,23,1.3333333333333333
1,14,3.111111111111111
3,23,3.9166666666666665
0,15,3.2222222222222223
0,15,4.0
1,15,2.75
0,13,3.25
0,16,2.0
7,17,2.555555555555556
0,15,4.333333333333333
3,17,3.333333333333333
28,14,3.875
34,18,1.5
9,19,5.0
1,12,2.125
0,17,3.2
0,15,4.888888888888889
0,15,2.7777777777777777
1,15,4.444444444444445
0,18,3.25
20,16,2.0
0,15,2.25
1,20,2.333333333333333
0,14,2.0
4,16,4.4
29,19,2.0
10,20,4.090909090909091
2,15,2.25
42,14,3.333333333333333
0,16,2.6
1,14,5.0
0,13,2.375
28,16,2.375
0,13,4.0
22,13,3.0
8,18,4.0
34,13,4.0
13,12,2.4285714285714284
0,18,2.0
0,12,2.375
3,16,1.75
2,20,3.6
2,13,2.142857142857143
5,16,5.3
33,18,4.090909090909091
7,18,2.555555555555556
14,17,1.7142857142857142
0,13,3.125
1,18,1.375
0,12,2.875
48,15,2.0
0,18,4.454545454545454
0,18,2.4
12,19,1.5714285714285714
0,16,3.2222222222222223
12,18,4.2727272727272725
0,14,2.75
24,18,3.7
0,17,2.0
2,16,1.625
0,17,2.2222222222222223
1,15,3.6666666666666665
0,19,2.4444444444444446
3,15,1.4285714285714286
7,19,4.454545454545454
1,18,4.636363636363637
17,19,3.7
41,14,3.888888888888889
1,16,3.333333333333333
1,15,2.625
4,20,3.8333333333333335
1,15,3.0
1,18,3.111111111111111
2,23,2.909090909090909
3,19,3.1
5,18,2.4444444444444446
6,19,3.5
52,18,2.4444444444444446
0,20,0.5714285714285714
0,15,2.125
1,16,2.125
0,12,2.75
1,21,1.4444444444444444
0,17,2.9
1,17,4.090909090909091
1,18,4.5
32,18,1.1428571428571428
2,19,1.7777777777777777
20,17,3.6666666666666665
0,17,2.7777777777777777
0,17,3.0
3,15,3.125
0,20,2.555555555555556
49,17,3.4444444444444446
12,15,3.25
3,13,2.5
0,14,2.0
2,19,4.909090909090909
0,17,3.333333333333333
1,17,3.3
0,13,2.25
4,13,2.75
1,12,2.625
4,16,4.3
4,17,3.5
1,15,3.2222222222222223
16,10,3.125
55,19,1.0
6,17,3.5454545454545454
2,17,4.111111111111111
0,12,2.5
0,16,3.7777777777777777
1,18,3.0
12,14,1.5
1,14,2.375
0,16,3.333333333333333
2,18,3.0
1,17,3.8
52,14,3.625
30,12,2.4285714285714284
0,16,2.25
3,15,2.9
1,12,3.0
1,17,2.7777777777777777
10,16,2.75
3,15,2.888888888888889
0,13,2.2857142857142856
2,16,4.222222222222222
0,14,1.8571428571428568
10,17,3.6666666666666665
5,12,4.0
0,14,3.0
1,17,3.8
0,12,2.555555555555556
0,11,4.0
6,11,2.875
1,17,2.6666666666666665
0,14,5.75
2,17,3.0
16,18,2.555555555555556
4,18,3.111111111111111
1,20,1.125
67,14,3.333333333333333
37,21,2.4444444444444446
1,19,2.5
0,15,2.7
0,15,5.0
11,16,2.0
0,16,3.4
0,16,1.0
1,19,2.0
0,16,2.8
28,17,2.9
1,12,4.0
49,16,2.5
1,19,3.5
15,14,2.0
0,14,3.25
0,23,2.4444444444444446
62,21,2.888888888888889
1,16,3.375
51,17,1.375
10,15,3.2222222222222223
1,17,2.555555555555556
29,19,3.111111111111111
0,17,2.888888888888889
0,15,2.75
4,20,0.5
1,14,4.6
1,16,1.8888888888888888
27,17,1.8888888888888888
3,20,3.4
0,12,3.6666666666666665
0,13,2.75
0,18,2.0
24,13,2.625
4,14,2.75
0,17,2.375
20,22,2.111111111111111
3,7,1.4285714285714286
0,16,3.0
1,20,3.5454545454545454
41,13,4.444444444444445
1,17,2.7777777777777777
38,14,2.4444444444444446
0,21,1.6
4,16,1.875
36,17,2.7777777777777777
1,7,6.0
1,16,2.375
0,14,2.375
31,19,3.5
1,16,3.1
15,17,4.0
3,15,3.6666666666666665
0,12,2.875
2,16,3.0
2,12,2.125
1,14,4.4
3,15,2.75
20,20,3.6
1,14,2.625
1,17,2.6
0,13,4.0
40,16,3.4444444444444446
0,15,3.111111111111111
1,19,2.6
1,16,3.555555555555556
1,18,0.8571428571428571
5,15,4.8
2,14,3.25
2,22,1.3333333333333333
65,17,2.555555555555556
1,13,4.3
1,15,1.4285714285714286
15,14,2.75
7,14,2.75
0,19,3.636363636363636
0,19,3.3
1,17,4.6
0,18,1.5555555555555556
0,18,3.6
2,15,3.0
0,17,3.4
11,17,3.555555555555556
65,17,3.555555555555556
2,14,2.625
2,15,4.222222222222222
1,14,2.0
8,17,2.333333333333333
17,14,3.0
1,19,3.6
1,15,4.125
7,13,3.0
31,17,1.8888888888888888
0,15,3.555555555555556
1,17,3.7
0,15,2.888888888888889
0,10,1.8333333333333333
0,17,3.333333333333333
4,21,2.4
54,16,3.8181818181818175
6,17,0.875
20,18,2.625
3,16,3.333333333333333
42,18,3.555555555555556
1,15,2.6666666666666665
1,15,3.333333333333333
0,14,3.7777777777777777
3,20,1.3333333333333333
7,18,3.7
1,17,2.555555555555556
4,18,2.4444444444444446
1,16,3.7
1,16,2.6666666666666665
4,19,3.7
2,14,2.875
1,16,2.75
0,13,4.3
0,14,3.25
1,15,3.6
27,18,5.0
0,13,2.375
1,19,1.375
27,17,3.2
0,13,3.333333333333333
4,17,3.2222222222222223
0,14,4.3
0,19,3.3
0,17,3.6
4,13,3.4444444444444446
1,12,2.375
0,21,3.363636363636364
0,19,4.363636363636363
3,16,3.555555555555556
5,16,3.2222222222222223
15,14,3.0
1,20,2.0
1,17,2.6666666666666665
1,17,4.0
1,19,3.75
3,20,2.111111111111111
0,14,3.0
7,17,2.7777777777777777
1,16,1.25
2,21,3.6
1,15,3.1
1,15,4.555555555555555
49,14,2.375
16,18,2.0
17,14,3.2857142857142856
11,14,1.0
11,18,3.555555555555556
0,15,3.125
0,14,3.6666666666666665
0,15,1.75
11,16,3.25
16,18,2.4444444444444446
6,19,3.8181818181818175
5,18,4.181818181818182
0,15,3.555555555555556
0,13,2.5
0,13,3.0
0,18,2.333333333333333
1,22,2.0
0,13,1.7142857142857142
10,17,1.1428571428571428
0,15,2.555555555555556
1,16,2.2222222222222223
1,15,3.0
51,19,4.818181818181818
0,16,2.7777777777777777
0,18,3.7
1,12,1.6666666666666667
2,16,4.8
0,18,2.7
36,15,3.0
1,15,3.0
1,15,2.25
4,21,4.461538461538462
1,16,3.9
1,21,4.25
1,13,3.2222222222222223
0,19,3.3
2,15,3.1
0,14,2.857142857142857
20,15,3.555555555555556
1,13,2.888888888888889
0,16,3.3
35,16,2.555555555555556
1,13,3.888888888888889
13,17,3.555555555555556
2,17,2.4444444444444446
3,22,4.833333333333333
1,18,3.1
6,15,4.5
0,18,2.75
14,17,4.4
4,19,3.363636363636364
46,22,1.3333333333333333
3,15,3.2
3,15,0.6666666666666666
0,13,2.7
1,18,3.0
0,19,4.545454545454546
1,15,2.625
1,18,3.6
52,15,2.125
5,20,1.25
0,12,4.0
3,13,3.0
70,18,4.0
30,14,2.888888888888889
4,15,5.5
2,18,3.909090909090909
0,15,2.0
1,15,3.7
1,16,2.888888888888889
3,18,2.375
0,18,1.5555555555555556
0,14,4.2727272727272725
52,15,2.2222222222222223
8,20,3.5
40,15,2.375
1,13,6.3
9,17,3.333333333333333
8,17,1.75
35,11,2.625
5,13,2.125
1,15,2.6666666666666665
0,18,2.375
6,15,2.0
1,10,2.142857142857143
0,16,2.7777777777777777
20,14,2.2857142857142856
1,15,2.6666666666666665
0,16,2.7777777777777777
6,21,2.375
0,16,3.555555555555556
18,16,2.75
9,17,3.4444444444444446
1,16,3.7777777777777777
0,19,3.363636363636364
1,8,3.6666666666666665
1,12,2.0
0,17,4.1
42,13,2.142857142857143
1,11,2.625
0,12,4.0
6,19,3.7
2,20,2.4444444444444446
0,18,3.111111111111111
0,19,1.625
50,15,3.555555555555556
45,19,2.333333333333333
9,17,2.555555555555556
1,14,3.125
3,15,3.5
1,18,0.8571428571428571
20,14,2.875
1,15,3.333333333333333
0,15,3.555555555555556
2,15,3.555555555555556
1,13,2.625
1,16,3.2222222222222223
6,18,2.888888888888889
0,17,3.8
4,17,2.888888888888889
0,16,1.75
5,15,2.111111111111111
0,18,1.5
1,18,3.1
0,15,1.75
33,19,3.3
19,19,3.0
0,15,3.2222222222222223
0,19,2.0
25,18,2.7777777777777777
1,17,1.25
0,15,2.2222222222222223
0,18,4.636363636363637
2,12,2.875
18,18,2.75
1,17,4.2
13,13,3.0
2,15,2.7777777777777777
9,16,3.111111111111111
0,16,2.888888888888889
0,12,2.875
2,17,4.0
5,16,3.7
13,14,2.875
5,15,3.2222222222222223
1,16,3.3
50,17,3.0
1,18,3.0
1,15,3.333333333333333
3,17,3.4444444444444446
2,17,2.5
0,16,2.555555555555556
4,17,2.6666666666666665
2,16,3.2222222222222223
3,14,3.111111111111111
1,14,1.4285714285714286
5,20,4.818181818181818
0,16,2.7777777777777777
11,19,1.0
11,16,3.9
23,14,3.5
0,20,2.3
9,18,1.8888888888888888
0,16,2.555555555555556
1,12,1.0
1,12,4.222222222222222
1,16,3.5
31,16,4.0
30,18,2.333333333333333
4,15,2.555555555555556
6,17,4.4
1,19,1.75
15,21,2.333333333333333
16,23,2.4444444444444446
1,18,2.7
40,19,1.875
1,18,3.7
44,18,1.375
0,17,4.1
7,17,3.7
1,20,3.363636363636364
7,10,2.4285714285714284
1,17,4.4
7,17,3.555555555555556
23,16,2.2222222222222223
1,18,3.6
6,18,2.7777777777777777
3,18,3.5454545454545454
1,17,4.0
3,12,4.111111111111111
0,15,2.0
0,17,3.3
0,18,3.7
2,17,2.7777777777777777
1,19,4.0
1,18,3.5
3,13,2.888888888888889
11,16,3.555555555555556
1,16,3.111111111111111
29,13,2.0
11,16,4.0
3,17,3.8181818181818175
0,13,3.0
1,20,4.0
1,16,3.6
1,21,3.363636363636364
0,16,2.125
0,17,2.0
1,17,3.555555555555556
59,19,3.3
4,17,1.25
12,15,2.5
8,14,4.222222222222222
1,19,3.363636363636364
0,15,2.0
2,11,2.0
2,16,3.333333333333333
0,17,3.6666666666666665
20,16,4.0
23,18,1.875
0,14,2.625
1,14,2.875
1,15,3.555555555555556
11,17,3.375
0,14,3.9
1,17,5.727272727272728
0,18,2.555555555555556
3,14,3.3
17,14,2.625
0,15,2.0
19,16,1.4285714285714286
0,12,3.125
1,14,2.0
0,17,1.625
2,20,2.888888888888889
3,15,4.4
0,13,2.375
9,20,4.0
0,12,1.75
20,16,0.8571428571428571
1,15,2.142857142857143
19,12,2.0
12,16,2.875
1,13,3.25
1,15,3.555555555555556
13,13,3.5
8,20,3.7
2,13,2.75
5,17,4.5
2,19,1.6666666666666667
4,19,2.6666666666666665
1,14,3.6666666666666665
40,20,2.333333333333333
23,15,3.125
0,19,1.875
50,17,1.375
2,17,1.75
0,14,3.6
1,19,2.7777777777777777
0,18,3.6
1,14,2.375
0,17,0.75
4,21,2.3
3,14,3.0
4,16,4.909090909090909
0,16,3.2222222222222223
14,16,2.555555555555556
1,14,2.0
1,16,2.555555555555556
0,15,3.333333333333333
6,17,1.375
3,16,2.0
0,18,2.888888888888889
1,19,3.1
0,16,2.2222222222222223
3,15,2.888888888888889
4,16,5.545454545454546
11,15,2.5
69,16,2.25
0,15,4.2
0,13,3.375
1,21,3.909090909090909
0,20,4.545454545454546
51,13,2.75
3,17,3.111111111111111
20,14,3.0
0,16,2.555555555555556
1,16,3.5
14,19,2.6666666666666665
1,14,2.875
1,12,2.625
2,19,3.5
20,18,3.8
1,14,3.6666666666666665
14,15,1.5714285714285714
0,14,0.7142857142857143
19,16,3.125
0,17,2.6666666666666665
0,14,2.25
1,19,2.0
0,13,2.5
0,12,3.142857142857143
4,21,3.8181818181818175
5,19,2.4444444444444446
0,14,3.0
13,17,1.7777777777777777
1,14,2.25
0,17,1.375
3,14,2.2857142857142856
2,18,2.375
32,20,1.5
2,20,5.0
1,18,3.2222222222222223
1,18,2.0
19,17,3.888888888888889
10,19,4.2
0,12,2.888888888888889
0,18,1.625
2,15,2.7777777777777777
14,17,3.555555555555556
1,19,3.636363636363636
0,18,4.333333333333333
1,15,3.333333333333333
1,17,2.2222222222222223
10,16,2.625
1,19,3.2
0,15,5.222222222222222
22,19,1.625
3,18,3.5
1,12,2.75
0,21,4.090909090909091
1,17,2.0
1,17,4.363636363636363
0,18,4.090909090909091
4,21,4.416666666666667
0,15,3.25
6,18,2.25
1,14,2.888888888888889
0,18,3.3
1,16,3.7
7,13,2.555555555555556
6,19,3.8
17,17,2.4444444444444446
2,18,1.5
0,15,2.75
1,18,2.7
1,19,4.8
0,17,1.5555555555555556
3,15,2.4444444444444446
1,11,1.6666666666666667
1,18,2.125
0,15,2.375
1,17,3.3
3,14,3.888888888888889
7,18,3.636363636363636
4,15,3.0
0,15,2.875
0,14,3.333333333333333
30,14,3.125
1,16,4.1
39,15,3.6666666666666665
2,20,1.6666666666666667
10,14,4.5
52,17,2.75
13,14,2.0
4,19,4.090909090909091
61,20,3.2
2,18,4.2
0,15,2.0
1,12,3.0
1,14,3.555555555555556
69,18,3.0
0,15,3.7777777777777777
1,14,2.5
0,13,2.142857142857143
1,14,3.25
1,13,3.7777777777777777
0,17,3.0
1,18,2.7777777777777777
25,15,3.0
10,17,2.5
17,15,2.0
12,19,3.9
20,14,1.7142857142857142
1,14,2.0
1,13,4.444444444444445
0,15,3.6
0,17,2.7777777777777777
1,14,2.333333333333333
22,19,4.4
1,16,2.625
2,20,3.3
16,17,3.0
1,19,3.6666666666666665
0,19,1.875
9,14,2.375
0,15,3.25
1,18,2.6
4,17,3.7
0,16,3.555555555555556
0,17,1.125
52,15,2.375
1,16,4.3
3,16,4.6
1,16,3.4444444444444446
3,17,4.909090909090909
0,17,3.5
1,15,3.111111111111111
0,15,3.555555555555556
1,15,2.625
1,15,1.7142857142857142
1,16,4.8
1,15,2.333333333333333
1,19,2.0
1,18,1.875
0,19,3.727272727272727
0,16,1.625
1,11,2.875
1,13,2.875
0,12,3.25
11,18,3.4444444444444446
13,15,1.7142857142857142
0,16,4.0
3,17,2.125
2,22,3.5
1,18,2.0
1,15,4.3
0,14,2.75
4,13,3.125
1,20,4.8
33,17,3.555555555555556
5,15,3.0
0,16,3.4444444444444446
30,14,2.6666666666666665
3,15,3.3
0,16,2.0
0,12,3.0
0,14,2.375
0,13,2.75
0,20,2.7
5,18,3.8181818181818175
1,17,3.4
6,17,3.333333333333333
0,17,2.7777777777777777
0,13,2.5
43,19,3.5
1,15,2.7777777777777777
12,17,2.2222222222222223
1,16,2.25
0,14,3.333333333333333
1,16,3.0
1,18,1.625
4,14,3.9
6,16,2.555555555555556
4,16,2.5
1,17,4.090909090909091
2,18,2.7777777777777777
40,16,0.5
0,17,3.7
1,12,3.25
30,17,0.8571428571428571
0,17,1.8888888888888888
0,18,1.75
51,19,1.875
1,17,3.727272727272727
2,14,4.0
8,16,2.7777777777777777
0,17,2.4444444444444446
4,16,3.111111111111111
0,16,1.2857142857142858
0,11,2.75
0,16,2.375
0,14,2.0
0,19,1.25
9,19,4.7
4,15,3.2222222222222223
4,16,3.0
1,14,3.0
11,17,2.25
0,15,3.888888888888889
49,11,2.375
1,14,2.4444444444444446
0,12,1.5
0,12,4.25
0,17,2.888888888888889
1,5,6.0
13,14,3.875
8,14,0.3333333333333333
2,17,2.9
1,16,3.4
0,21,5.333333333333333
1,14,2.875
1,18,1.625
4,15,3.0
1,16,2.375
5,21,3.1818181818181817
4,14,3.111111111111111
0,13,1.0
9,19,3.7
0,17,3.4
1,17,3.1
0,14,2.333333333333333
1,19,3.6
3,14,2.625
1,14,2.0
1,18,3.4
0,11,3.625
5,19,4.1
37,16,3.888888888888889
2,15,3.555555555555556
0,19,3.7
0,17,3.0
0,14,2.375
4,20,4.0
0,18,2.6
4,16,2.142857142857143
1,18,2.2222222222222223
24,13,3.0
1,15,2.375
0,15,3.555555555555556
2,21,4.416666666666667
10,12,3.125
25,10,2.875
4,17,5.0
0,15,2.75
0,16,5.0
7,18,3.2222222222222223
0,14,2.7777777777777777
0,15,2.625
5,17,1.0
2,17,3.2222222222222223
33,14,2.875
3,19,2.0
2,18,3.7
8,17,1.375
0,13,3.333333333333333
1,14,3.25
3,13,2.375
2,17,4.0
0,13,2.888888888888889
53,16,3.625
1,14,2.4444444444444446
0,18,2.5
1,13,4.5
0,12,2.75
45,14,3.5
38,14,4.0
1,13,3.625
1,15,3.2222222222222223
2,18,4.1
5,18,3.7777777777777777
3,16,2.25
32,17,3.9
0,15,2.375
15,17,3.0
4,11,2.7142857142857144
10,13,2.888888888888889
0,15,3.6666666666666665
3,14,2.75
0,15,3.7
0,16,3.555555555555556
0,14,1.375
3,20,2.2222222222222223
0,18,4.090909090909091
2,16,4.3
1,13,2.0
1,18,4.4
0,15,3.7777777777777777
12,19,1.5555555555555556
60,17,2.0
51,16,1.875
0,14,3.111111111111111
6,20,2.6666666666666665
3,16,3.555555555555556
0,14,3.0
4,22,3.5454545454545454
0,15,2.0
6,15,3.555555555555556
2,17,4.111111111111111
4,19,3.4444444444444446
53,18,4.1
52,17,1.875
6,24,4.5
0,12,2.75
5,17,2.888888888888889
0,12,3.125
0,13,4.111111111111111
4,15,2.7777777777777777
40,16,3.6
5,18,4.3
22,16,1.75
2,20,1.0
0,14,3.25
0,14,2.7777777777777777
0,15,2.555555555555556
3,17,3.7
1,14,3.555555555555556
2,21,4.2727272727272725
5,18,3.111111111111111
1,16,3.2222222222222223
1,12,4.7
27,12,3.0
9,22,4.666666666666667
14,20,3.2222222222222223
0,16,3.375
20,14,2.2857142857142856
2,17,2.2222222222222223
1,17,3.4444444444444446
24,16,2.888888888888889
1,14,1.25
7,21,3.8181818181818175
13,13,3.0
10,12,4.75
46,18,3.4
1,17,3.8181818181818175
3,17,3.2222222222222223
50,18,2.75
15,20,3.0
1,16,4.0
0,16,2.888888888888889
1,12,3.5
1,16,2.2222222222222223
0,15,3.125
0,14,1.875
0,15,4.0
1,17,2.75
21,20,3.9
0,17,2.4444444444444446
1,17,2.7777777777777777
1,21,4.333333333333333
12,17,3.7
1,18,5.1
44,18,3.2
50,15,2.375
21,15,1.2857142857142858
0,19,1.0
16,13,0.5
2,15,1.0
2,20,1.125
40,16,2.75
1,18,3.5
1,14,3.3
0,15,2.4444444444444446
8,15,3.4444444444444446
8,16,0.5
0,11,3.111111111111111
4,17,3.111111111111111
9,21,4.090909090909091
1,17,1.5
0,17,2.7777777777777777
1,16,1.875
6,15,2.75
25,18,4.9
2,17,1.625
1,16,2.875
56,17,4.6
7,16,3.4444444444444446
12,17,3.8
3,16,3.1
7,15,2.0
29,14,2.2857142857142856
1,15,3.2222222222222223
0,21,1.375
0,12,3.6666666666666665
26,18,1.625
39,16,1.75
5,17,2.7777777777777777
0,17,2.333333333333333
3,16,4.111111111111111
0,15,2.75
0,16,4.5
2,13,1.8571428571428568
9,18,3.7
0,9,0.8
0,19,4.0
8,15,3.111111111111111
12,17,3.333333333333333
3,16,4.2
0,19,4.818181818181818
4,18,3.4
30,17,2.75
4,19,3.2
1,16,2.0
5,15,3.111111111111111
42,16,2.375
0,15,2.5
0,19,2.7
1,14,2.0
2,16,1.375
23,15,2.375
3,18,2.888888888888889
2,13,1.0
0,14,2.0
2,16,2.6666666666666665
2,18,2.7777777777777777
3,15,3.111111111111111
0,11,2.375
1,17,4.1
2,15,1.75
2,18,3.3
3,18,4.2727272727272725
1,14,2.625
0,15,4.6
0,16,3.2222222222222223
2,20,3.4545454545454546
1,17,1.875
1,15,3.4444444444444446
0,15,3.1
4,15,2.875
5,18,2.7
3,14,2.375
0,13,2.75
0,15,2.75
10,15,3.555555555555556
1,15,2.625
2,21,3.727272727272727
51,15,1.5
0,15,2.7777777777777777
0,16,2.7777777777777777
29,18,2.6666666666666665
1,15,2.111111111111111
0,14,0.8571428571428571
1,13,4.25
8,17,2.2222222222222223
8,19,1.875
1,11,2.2857142857142856
1,16,2.0
2,17,3.111111111111111
0,14,2.0
49,13,2.75
1,14,2.75
15,15,0.8571428571428571
1,15,1.5714285714285714
15,15,3.4444444444444446
11,19,2.375
0,17,1.25
0,15,3.25
0,18,3.6
0,17,3.333333333333333
3,14,2.4444444444444446
19,20,3.0
0,11,2.625
1,20,4.090909090909091
1,20,2.6
0,15,2.625
9,12,2.375
1,19,2.333333333333333
2,15,2.7777777777777777
1,14,2.125
11,17,3.555555555555556
0,15,2.555555555555556
1,17,3.7
5,18,3.9
1,12,3.625
1,16,3.333333333333333
0,15,4.888888888888889
1,11,4.0
43,18,3.7
0,18,3.0
0,15,3.9
0,20,2.4444444444444446
1,15,3.1
5,18,2.125
0,16,3.8
1,20,4.545454545454546
3,16,3.333333333333333
6,12,2.142857142857143
3,20,4.181818181818182
7,17,2.7777777777777777
2,16,2.888888888888889
4,14,3.7
1,15,2.0
40,17,2.0
1,15,3.2222222222222223
2,18,2.7
0,13,2.5
7,16,2.4285714285714284
15,19,3.909090909090909
1,19,2.333333333333333
1,18,3.0
0,14,3.6666666666666665
1,16,3.2222222222222223
51,19,3.4
9,14,2.625
2,14,2.7777777777777777
0,15,2.111111111111111
0,17,3.4
16,15,3.4444444444444446
6,16,1.75
6,18,2.5
4,19,2.5
2,14,3.333333333333333
4,17,2.555555555555556
2,15,2.0
6,14,1.4285714285714286
1,14,3.6666666666666665
1,16,3.3
1,13,4.125
7,16,2.0
8,18,4.1
5,19,3.6
0,13,4.0
2,19,3.111111111111111
13,14,3.0
0,15,3.111111111111111
3,15,3.6666666666666665
0,17,2.8
0,16,3.888888888888889
1,13,2.75
1,15,1.1428571428571428
0,19,3.0
0,16,3.555555555555556
14,18,1.875
8,17,2.0
9,19,3.7
1,15,2.5
0,17,4.8
0,16,3.2222222222222223
4,15,3.2222222222222223
14,14,3.0
0,19,3.9
1,20,4.0
32,13,1.7142857142857142
1,14,2.2222222222222223
13,14,5.3
4,22,3.4545454545454546
0,17,3.333333333333333
1,14,3.555555555555556
44,19,1.125
0,16,1.0
1,18,2.0
1,18,3.5
0,15,3.4545454545454546
2,15,2.555555555555556
2,16,2.2222222222222223
31,16,3.0
0,16,1.6666666666666667
1,16,3.4444444444444446
0,17,5.7
1,14,2.75
1,15,4.090909090909091
0,17,4.4
1,14,5.333333333333333
1,16,3.333333333333333
58,18,3.5
53,13,2.625
14,17,2.25
0,14,3.125
1,16,3.111111111111111
2,15,2.875
0,18,2.0
22,16,4.0
0,16,4.444444444444445
32,19,2.6666666666666665
3,16,4.2
1,15,4.333333333333333
0,11,2.0
11,16,3.111111111111111
1,13,1.5714285714285714
0,14,1.0
8,16,3.3
1,14,1.8888888888888888
4,16,2.888888888888889
1,19,3.8
6,21,3.1
0,15,3.0
0,12,1.6666666666666667
40,19,3.8
2,20,2.5
5,14,3.0
1,15,2.857142857142857
54,17,4.1
39,15,2.75
5,19,3.4
29,17,3.4444444444444446
0,13,2.625
2,16,2.9
0,19,3.6
13,14,3.125
1,20,4.363636363636363
0,16,2.2222222222222223
3,20,4.090909090909091
22,17,2.875
6,18,5.818181818181818
7,23,4.25
2,18,2.4444444444444446
16,17,2.6666666666666665
1,18,3.6
0,15,3.2222222222222223
24,20,2.0
2,15,2.625
3,12,2.0
0,19,3.0
1,17,3.5
0,13,2.7777777777777777
0,17,3.111111111111111
4,18,3.0
20,21,1.2222222222222223
0,17,4.1
1,17,2.6666666666666665
6,16,2.888888888888889
12,21,4.076923076923077
6,15,3.333333333333333
1,20,1.0
5,15,3.125
0,16,3.6
54,14,2.875
1,14,4.0
3,14,2.888888888888889
1,16,3.0
2,17,2.5
0,13,3.111111111111111
26,12,1.0
20,12,1.7142857142857142
0,16,3.25
4,14,3.4444444444444446
0,16,2.0
43,13,3.375
5,12,3.25
1,20,2.9
23,15,2.2857142857142856
3,19,2.0
0,19,1.5555555555555556
0,20,3.363636363636364
1,17,3.9
0,15,3.6666666666666665
1,18,2.8
1,14,2.875
1,10,1.6666666666666667
0,17,3.7
2,17,3.6
1,15,2.888888888888889
24,20,2.5
1,20,1.8
1,19,3.5
2,16,2.7777777777777777
16,19,4.636363636363637
1,14,3.8
0,14,2.888888888888889
25,19,2.0
2,15,2.25
1,11,1.3333333333333333
1,15,1.75
1,17,2.0
4,17,2.888888888888889
12,20,5.090909090909091
1,15,3.555555555555556
1,12,2.888888888888889
40,18,4.2
3,15,2.7777777777777777
41,17,3.111111111111111
13,15,2.2222222222222223
0,16,2.555555555555556
2,16,2.2222222222222223
1,17,2.4444444444444446
0,17,3.7
3,16,1.4285714285714286
21,15,2.4444444444444446
1,17,3.5
0,15,2.625
1,16,1.5
7,19,2.8
40,14,3.0
9,13,1.6666666666666667
22,18,2.75
1,18,3.0
5,18,3.8
11,19,3.555555555555556
20,14,4.0
40,18,4.1
0,14,3.1
1,13,3.375
0,12,1.1666666666666667
30,16,0.6666666666666666
27,18,2.5
0,10,1.0
1,13,4.0
10,17,2.8
51,18,3.2222222222222223
0,17,3.7
2,18,4.454545454545454
0,20,4.363636363636363
0,14,5.1
2,16,4.1
0,17,2.7777777777777777
33,15,3.6666666666666665
0,19,4.0
0,13,4.5
1,13,3.125
0,16,2.888888888888889
1,20,3.363636363636364
2,21,4.727272727272728
0,21,4.181818181818182
0,14,3.6666666666666665
11,14,2.142857142857143
2,15,2.4444444444444446
4,15,3.7
51,20,3.5454545454545454
1,15,4.0
0,13,3.875
0,14,4.444444444444445
7,17,3.555555555555556
1,19,3.9
2,22,2.0
20,18,3.8
1,14,2.625
1,17,3.2222222222222223
1,17,3.111111111111111
51,13,3.125
0,14,3.3
1,11,2.2857142857142856
0,16,1.5
0,19,3.9
45,22,1.6666666666666667
1,11,2.75
4,20,3.363636363636364
0,13,1.875
2,18,2.0
6,14,3.2222222222222223
1,14,2.75
11,15,1.7142857142857142
1,15,3.0
0,20,3.363636363636364
1,14,2.625
1,18,3.6
30,14,2.375
2,16,3.0
0,22,1.3333333333333333
4,16,3.7
0,14,4.2
1,17,1.5
1,13,3.125
2,18,2.6666666666666665
0,20,4.454545454545454
4,17,2.7777777777777777
22,18,2.6666666666666665
0,15,2.625
3,15,3.25
0,21,3.0
41,15,3.0
11,11,3.5
1,17,3.0
1,14,3.0
1,21,3.363636363636364
1,19,3.3
23,14,3.0
2,18,2.875
4,18,4.0
6,18,2.5
0,15,3.4444444444444446
27,13,3.375
3,19,4.1
1,22,2.2
1,17,4.090909090909091
14,15,2.0
0,20,4.25
1,20,4.2
42,14,2.875
1,18,1.875
40,14,3.625
11,16,3.4444444444444446
16,13,2.0
1,11,4.222222222222222
3,18,1.25
1,21,1.7777777777777777
1,13,4.333333333333333
1,22,4.909090909090909
1,14,2.75
0,13,3.6666666666666665
0,20,4.181818181818182
0,18,1.875
10,15,2.0
0,16,1.0
0,15,2.111111111111111
0,16,3.0
22,14,0.5
2,15,2.888888888888889
0,15,3.111111111111111
0,16,3.6
0,18,3.0
0,18,3.0
17,19,5.181818181818182
1,17,3.333333333333333
1,18,1.0
2,14,3.375
2,17,3.0
8,18,2.125
1,18,4.4
1,13,2.6666666666666665
2,21,3.0
0,17,2.75
0,16,3.111111111111111
1,16,2.0
46,16,2.0
0,14,0.8333333333333334
13,15,2.0
10,14,2.0
40,19,0.7142857142857143
1,14,2.375
2,20,3.4166666666666665
0,14,3.2222222222222223
0,17,3.333333333333333
30,13,3.125
3,18,1.4444444444444444
0,15,3.111111111111111
1,16,2.555555555555556
1,16,2.888888888888889
0,16,3.111111111111111
0,15,5.909090909090909
13,19,3.8181818181818175
0,18,2.0
0,18,3.4
0,19,2.555555555555556
5,18,3.4
30,20,1.25
1,16,3.7
0,13,2.0
0,15,3.555555555555556
4,17,2.2222222222222223
0,19,4.181818181818182
2,14,2.625
1,13,4.222222222222222
1,16,2.125
0,14,2.875
1,16,2.125
2,19,3.5
22,16,1.7142857142857142
10,17,1.75
0,13,3.25
1,10,2.625
1,17,3.8
39,15,2.625
3,13,2.0
34,20,4.090909090909091
6,17,3.6666666666666665
1,14,2.142857142857143
0,21,3.2
8,17,2.0
0,13,3.625
0,14,2.625
0,15,4.9
17,17,3.2
54,16,1.625
32,15,2.888888888888889
1,15,3.888888888888889
44,17,0.5714285714285714
5,17,3.0
7,20,2.333333333333333
1,12,3.5
12,18,1.875
1,7,6.0
1,18,2.9
3,21,4.636363636363637
0,17,3.333333333333333
1,14,3.333333333333333
2,21,1.7777777777777777
2,20,4.545454545454546
1,20,4.090909090909091
51,20,3.1
0,16,4.181818181818182
10,17,3.2
6,14,2.375
1,17,3.6666666666666665
12,16,3.6666666666666665
1,12,4.5
0,15,3.2222222222222223
0,18,2.25
0,18,3.0
1,18,3.6666666666666665
42,15,3.125
30,16,2.375
3,15,3.111111111111111
1,14,3.4
0,15,3.111111111111111
11,12,2.857142857142857
2,18,3.4
48,15,2.5
1,15,2.7777777777777777
1,14,4.0
2,18,3.5454545454545454
0,20,1.7777777777777777
0,17,4.0
76,16,1.375
0,12,3.2
1,17,3.888888888888889
2,15,2.875
1,13,2.5
0,15,4.8
5,17,1.875
0,16,4.555555555555555
0,21,1.6666666666666667
0,11,4.0
24,15,2.875
1,15,4.0
0,18,3.3
12,21,3.8181818181818175
2,14,2.375
5,15,3.375
1,15,3.6666666666666665
2,19,3.7
2,17,3.111111111111111
43,18,2.6666666666666665
0,14,1.9
11,14,2.0
4,13,3.4444444444444446
1,14,4.111111111111111
25,13,2.0
5,20,3.6666666666666665
20,15,2.375
3,20,4.333333333333333
0,14,2.875
2,17,2.75
2,14,1.7142857142857142
1,12,2.375
1,15,2.625
26,17,1.5714285714285714
5,16,4.3
1,15,2.7777777777777777
3,8,3.2
1,16,3.6
1,22,4.583333333333333
21,15,3.5
0,17,3.6
4,18,4.2
12,15,2.375
2,16,2.125
0,6,2.75
49,14,2.0
3,12,3.5
0,14,2.888888888888889
4,17,1.875
1,14,2.5
1,16,3.7777777777777777
1,15,2.75
0,13,3.0
21,20,1.3333333333333333
0,15,1.625
1,14,1.4285714285714286
0,17,4.727272727272728
3,16,2.0
7,20,4.833333333333333
1,20,2.888888888888889
0,15,3.5
0,16,2.888888888888889
1,21,3.727272727272727
11,19,3.125
1,16,2.5
0,14,1.1428571428571428
1,6,6.5
0,16,2.125
2,18,2.0
8,16,2.7777777777777777
1,15,3.125
1,15,3.6666666666666665
2,18,3.5
0,15,3.7
1,15,2.125
1,13,2.75
0,14,2.75
0,17,2.2222222222222223
0,10,2.375
4,13,3.6
3,19,1.25
0,15,2.6666666666666665
27,15,1.5714285714285714
11,14,4.444444444444445
2,13,2.888888888888889
20,19,1.875
0,11,3.0
42,15,4.1
48,14,2.0
41,15,1.4285714285714286
0,20,4.3
6,15,2.875
4,13,2.875
1,19,3.6666666666666665
0,20,3.636363636363636
1,11,2.375
1,12,2.0
1,15,3.0
0,15,3.7
0,18,4.2
4,17,3.0
11,19,3.5
5,17,3.5
3,18,2.6666666666666665
7,13,2.75
0,13,3.125
2,17,2.6666666666666665
0,13,2.7777777777777777
1,17,3.8
1,20,4.4
1,19,2.6666666666666665
19,20,1.875
4,19,3.9
0,15,5.222222222222222
4,15,2.875
7,12,3.375
14,16,3.6
7,19,2.333333333333333
0,16,2.625
1,19,3.0
1,14,3.111111111111111
0,16,3.75
1,21,2.6
3,16,1.875
1,15,2.75
2,20,3.6
1,18,3.0
20,18,1.1428571428571428
1,15,2.7142857142857144
0,16,2.0
1,16,4.2
24,14,3.5
6,15,3.5
0,16,1.25
3,11,2.875
1,19,3.6
1,17,3.1
1,17,1.1111111111111112
0,18,2.8
0,14,3.0
3,13,2.75
0,14,2.25
20,13,1.7142857142857142
0,13,2.5
12,21,2.5
40,18,3.0
1,14,3.555555555555556
1,15,4.818181818181818
0,15,2.555555555555556
0,21,3.75
1,15,3.2222222222222223
1,15,2.125
3,16,3.333333333333333
0,19,2.4444444444444446
25,14,2.142857142857143
0,18,3.5
4,17,3.333333333333333
0,17,2.6666666666666665
24,20,2.888888888888889
1,17,3.1
0,13,2.888888888888889
1,20,2.0
0,17,2.555555555555556
22,16,3.6
25,14,2.875
3,18,3.7
51,14,2.375
0,13,2.555555555555556
2,13,3.2857142857142856
1,16,3.0
1,17,3.8
5,20,1.5555555555555556
10,15,3.333333333333333
1,18,1.5
2,13,2.75
1,14,3.4444444444444446
0,13,4.3
52,17,3.7
0,17,2.555555555555556
54,14,3.6666666666666665
9,17,3.2222222222222223
0,14,2.875
2,17,2.6666666666666665
0,14,1.7142857142857142
5,17,2.555555555555556
0,19,2.25
1,16,2.0
2,20,3.727272727272727
12,18,3.2222222222222223
65,17,2.5
0,16,2.2222222222222223
0,18,3.0
1,22,2.0
3,17,2.4444444444444446
2,14,4.111111111111111
6,15,3.0
11,19,2.8
0,16,2.888888888888889
0,18,4.1
0,13,2.7777777777777777
6,19,4.4
5,15,3.333333333333333
1,14,2.75
1,15,3.2222222222222223
1,15,4.0
0,18,3.111111111111111
5,19,3.8
0,14,1.5714285714285714
0,14,2.888888888888889
0,12,1.5714285714285714
0,16,3.2222222222222223
1,18,2.8
3,18,3.0
1,15,2.7777777777777777
0,18,3.4545454545454546
5,13,2.6666666666666665
0,20,2.4444444444444446
12,19,3.0
0,17,3.4444444444444446
4,13,3.75
35,18,1.625
0,16,2.0
1,15,2.0
9,18,2.625
1,21,1.3333333333333333
2,18,4.090909090909091
0,19,3.4
29,16,1.1428571428571428
2,19,2.333333333333333
2,15,3.125
3,17,2.555555555555556
2,12,2.75
1,16,3.625
1,17,2.4444444444444446
1,13,4.555555555555555
0,21,4.333333333333333
12,14,3.375
7,18,1.7777777777777777
9,13,2.142857142857143
1,15,4.0
2,15,2.75
0,13,3.0
2,19,3.636363636363636
5,18,3.9
6,22,3.4545454545454546
0,12,2.875
0,16,3.6666666666666665
12,16,2.0
0,13,2.888888888888889
1,16,4.111111111111111
1,18,3.1
1,17,3.111111111111111
49,16,1.25
4,17,3.333333333333333
0,15,2.4444444444444446
0,19,4.363636363636363
1,17,2.333333333333333
49,18,4.5
2,15,2.7777777777777777
0,19,1.375
0,26,1.0
1,16,3.888888888888889
15,18,4.2
49,12,3.0
1,18,2.7
0,11,3.888888888888889
5,17,3.6666666666666665
1,21,1.4444444444444444
1,19,2.6666666666666665
2,14,2.875
6,15,3.555555555555556
0,16,3.0
0,17,4.1
11,19,3.7
22,16,2.375
0,21,2.333333333333333
5,17,4.636363636363637
0,14,2.375
7,13,4.333333333333333
1,16,2.0
1,20,2.555555555555556
0,17,2.9
1,16,3.333333333333333
0,18,3.6
2,19,1.6666666666666667
1,17,4.636363636363637
0,15,2.375
7,12,2.5
6,12,1.8571428571428568
0,15,2.375
0,18,2.2222222222222223
0,17,2.0
3,19,3.4
4,19,1.5555555555555556
5,20,2.333333333333333
2,15,2.7777777777777777
28,11,2.875
0,21,2.6
1,14,2.625
0,19,3.5
12,14,3.333333333333333
10,17,1.0
0,13,2.4285714285714284
1,16,3.0
10,21,2.0
0,14,3.25
13,18,2.6
3,18,2.888888888888889
0,15,3.0
1,15,3.888888888888889
0,14,3.7777777777777777
1,17,3.0
1,15,2.7777777777777777
1,20,3.090909090909091
2,20,4.090909090909091
2,13,4.3
13,18,3.7777777777777777
5,13,2.0
1,16,2.25
3,18,3.909090909090909
3,14,2.0
3,16,2.7777777777777777
0,13,4.0
44,19,0.8571428571428571
1,20,2.8
38,16,3.4444444444444446
0,15,3.5
1,14,2.375
1,16,2.875
0,13,2.7777777777777777
4,16,2.875
0,17,2.6666666666666665
1,17,2.75
1,19,2.4444444444444446
55,21,2.25
1,14,3.0
0,14,2.75
21,14,1.7142857142857142
0,14,2.0
5,22,3.8333333333333335
3,17,4.6
1,15,2.555555555555556
18,20,4.090909090909091
0,17,2.0
9,22,1.7777777777777777
1,15,3.6666666666666665
3,20,4.25
11,13,2.875
0,16,2.375
0,14,2.0
0,15,2.375
51,16,0.8571428571428571
4,9,2.625
1,16,3.2222222222222223
0,15,2.0
0,12,2.2857142857142856
13,23,4.6923076923076925
1,13,2.75
1,19,3.111111111111111
71,14,0.6666666666666666
0,13,2.555555555555556
5,21,3.8181818181818175
30,13,1.4285714285714286
1,17,3.4545454545454546
0,20,3.363636363636364
17,13,2.375
0,16,2.6666666666666665
1,18,4.0
13,14,2.375
1,19,2.8
0,18,4.2727272727272725
3,17,4.8
0,18,1.875
20,14,3.0
33,13,2.0
1,18,1.2222222222222223
0,10,2.375
0,17,3.7
1,18,3.4444444444444446
37,15,4.181818181818182
0,14,2.0
2,18,0.7142857142857143
2,12,2.125
2,18,3.4444444444444446
0,14,3.111111111111111
19,15,2.0
48,18,3.5
47,16,2.25
32,21,2.2222222222222223
0,13,3.625
1,17,3.3
8,14,2.75
1,15,2.2222222222222223
0,16,1.0
2,14,1.5714285714285714
0,15,4.4
0,14,1.7777777777777777
14,18,2.5
0,15,2.555555555555556
0,19,4.545454545454546
4,14,2.333333333333333
1,14,2.625
0,15,3.111111111111111
4,18,3.5
0,17,4.1
0,15,2.0
0,15,1.875
1,19,2.6
0,15,2.25
1,16,3.0
3,15,3.333333333333333
0,13,4.555555555555555
31,22,4.454545454545454
0,17,2.375
2,20,2.8
1,20,3.7
2,15,3.111111111111111
1,14,1.7142857142857142
0,14,3.5
1,18,3.625
3,17,3.9
0,14,3.6666666666666665
4,21,3.2
11,19,3.3
0,14,2.555555555555556
52,17,1.7777777777777777
0,15,3.125
0,16,2.6666666666666665
12,12,3.4444444444444446
8,12,1.875
1,18,5.0
1,16,3.6
0,16,3.7
3,17,3.6666666666666665
1,16,3.1
0,14,2.375
2,21,3.5454545454545454
1,15,3.111111111111111
5,16,2.7777777777777777
0,17,4.4
1,12,4.555555555555555
34,19,3.9
0,17,1.875
0,18,3.3
2,15,2.75
1,14,3.6666666666666665
1,19,2.333333333333333
1,14,3.375
33,14,1.125
0,19,3.1
3,17,3.909090909090909
5,19,3.4
1,15,2.888888888888889
46,21,4.1
1,20,5.083333333333333
2,15,3.333333333333333
4,20,1.375
7,23,5.25
2,18,4.363636363636363
1,16,3.7
2,15,2.6666666666666665
1,20,3.6
29,14,1.2857142857142858
0,13,2.5
0,14,3.111111111111111
1,14,2.5
21,19,2.125
22,17,3.8
0,19,2.6666666666666665
1,20,1.3333333333333333
1,16,3.7
1,16,4.0
110,6,0.4
0,14,3.9
0,16,2.4444444444444446
1,21,3.1
1,14,3.25
5,18,3.2222222222222223
53,18,1.375
36,15,4.111111111111111
6,14,2.375
0,15,2.375
1,17,3.9
2,17,1.75
0,15,3.25
0,16,2.888888888888889
0,16,4.0
0,17,3.9
12,16,3.555555555555556
1,16,3.7777777777777777
2,17,1.8
49,14,3.125
1,19,3.555555555555556
3,17,3.2222222222222223
1,11,2.625
1,13,2.2857142857142856
0,12,3.111111111111111
1,10,4.111111111111111
1,12,2.7142857142857144
1,20,2.111111111111111
0,12,3.0
1,12,2.25
6,18,3.4444444444444446
21,16,2.0
40,18,3.0
3,18,2.111111111111111
20,20,2.0
1,19,3.888888888888889
0,15,2.875
42,15,2.375
1,17,2.875
0,17,4.818181818181818
7,17,2.4444444444444446
0,16,4.454545454545454
0,11,4.25
19,19,3.7
5,18,3.7
1,17,4.2
1,17,4.6
5,17,2.4444444444444446
1,20,3.0
0,14,2.875
6,21,1.0
3,12,2.75
0,13,2.375
3,17,3.125
1,18,3.333333333333333
1,17,2.333333333333333
0,16,3.9
4,15,4.222222222222222
0,16,4.9
0,14,3.875
2,15,2.7142857142857144
1,15,4.1
27,18,2.5
3,19,1.5
1,14,2.0
3,15,2.7777777777777777
2,15,2.2857142857142856
40,19,2.0
1,18,2.333333333333333
1,17,3.111111111111111
0,13,1.875
12,18,2.0
2,16,3.7777777777777777
1,16,3.6666666666666665
1,19,2.7777777777777777
2,14,3.0
0,14,2.75
1,14,2.75
2,15,3.7777777777777777
12,19,4.363636363636363
0,13,2.571428571428572
6,12,5.444444444444445
1,12,3.125
2,17,1.75
0,13,1.1666666666666667
1,19,1.3333333333333333
4,16,3.6666666666666665
4,15,4.0
0,14,3.333333333333333
0,15,2.125
0,16,4.4
52,18,2.875
2,14,3.0
3,13,3.2222222222222223
0,14,2.375
9,12,3.875
2,17,3.727272727272727
0,13,2.75
4,17,2.0
1,17,4.666666666666667
0,14,3.0
10,15,1.75
23,13,4.75
47,13,2.625
53,19,2.5
1,16,3.333333333333333
50,13,2.7777777777777777
40,15,4.888888888888889
1,18,3.0
0,10,2.25
0,18,3.7
1,13,3.555555555555556
0,13,3.0
2,16,3.9
0,13,3.375
3,20,2.8181818181818183
0,18,1.875
1,9,1.125
25,12,2.75
7,18,3.727272727272727
1,18,4.090909090909091
2,16,3.333333333333333
12,13,2.0
0,18,3.7
0,16,3.111111111111111
0,17,1.75
9,19,4.909090909090909
9,18,1.7777777777777777
1,17,2.7777777777777777
52,18,1.5
8,17,3.4444444444444446
50,13,2.75
2,18,3.111111111111111
4,17,3.7
2,20,1.5555555555555556
5,19,3.555555555555556
1,19,4.181818181818182
5,16,2.6666666666666665
1,20,5.333333333333333
1,19,2.5
10,18,3.111111111111111
14,20,3.1
4,12,3.25
4,15,2.7777777777777777
1,14,2.888888888888889
41,13,4.111111111111111
5,13,3.2
40,15,0.4285714285714285
12,17,3.333333333333333
0,14,3.111111111111111
0,15,2.2222222222222223
0,13,2.0
3,18,3.5
1,14,3.0
2,17,1.125
4,17,2.7777777777777777
1,19,1.7777777777777777
2,15,3.111111111111111
0,14,2.5
1,12,2.75
0,13,3.0
0,22,1.7777777777777777
29,15,3.6666666666666665
1,18,1.875
0,18,1.125
0,15,1.5714285714285714
14,16,2.375
1,18,3.5454545454545454
8,16,2.75
2,16,2.7777777777777777
2,18,2.333333333333333
20,18,3.6
1,13,3.4
0,15,2.7777777777777777
44,22,4.454545454545454
0,15,3.125
0,18,2.5
1,15,3.0
0,14,2.375
1,14,3.2
0,16,3.7
4,17,3.111111111111111
0,13,2.75
0,17,3.111111111111111
3,18,4.2727272727272725
0,14,2.7777777777777777
1,18,2.6
1,17,2.5
1,17,3.555555555555556
0,16,4.2727272727272725
1,13,5.222222222222222
0,11,1.3333333333333333
30,19,2.9
0,17,2.5
0,16,5.1
1,15,3.6666666666666665
0,17,3.111111111111111
2,14,0.5714285714285714
0,15,3.4444444444444446
50,19,2.4444444444444446
22,14,2.375
1,16,3.375
1,17,3.555555555555556
0,17,1.2222222222222223
1,17,3.0
9,14,1.5714285714285714
1,15,3.4444444444444446
0,17,2.25
0,13,1.5714285714285714
0,16,1.875
4,17,3.8
32,15,1.875
0,17,2.555555555555556
5,23,5.083333333333333
2,15,2.888888888888889
0,17,2.4444444444444446
2,14,3.6666666666666665
60,20,4.2
0,13,2.125
52,14,1.0
0,15,2.6666666666666665
1,14,2.5
1,17,3.6666666666666665
1,16,2.7777777777777777
47,18,3.111111111111111
1,14,2.0
21,16,1.8571428571428568
4,18,3.3
4,16,3.7777777777777777
0,18,2.888888888888889
0,15,3.2222222222222223
11,19,2.9
6,16,3.4444444444444446
11,23,4.666666666666667
1,18,3.111111111111111
5,19,2.6666666666666665
1,15,2.7142857142857144
23,14,4.0
21,16,2.888888888888889
1,15,4.1
1,16,2.555555555555556
64,14,2.25
10,18,2.6666666666666665
4,15,2.25
30,18,2.5
0,16,1.875
3,15,3.5
1,16,3.272727272727273
1,18,2.4444444444444446
1,13,3.0
52,14,3.5
9,19,2.25
4,15,4.222222222222222
1,11,3.333333333333333
53,15,3.5
2,18,3.0
16,18,3.2
0,15,2.75
0,18,3.7
1,20,3.5454545454545454
0,17,4.4
1,21,2.5
11,16,1.5
27,15,3.0
46,18,3.7
0,13,2.875
0,17,2.7777777777777777
0,13,2.6666666666666665
0,14,2.375
0,17,3.0
62,17,3.0
2,16,2.875
37,15,3.555555555555556
45,17,2.75
34,11,3.625
15,18,0.875
9,16,2.8
0,12,2.555555555555556
1,17,3.333333333333333
29,12,2.875
4,16,3.7
1,19,3.333333333333333
8,17,2.5
2,19,2.6666666666666665
31,14,3.5
51,15,2.4444444444444446
42,13,2.0
30,17,3.333333333333333
31,15,1.1428571428571428
1,15,4.666666666666667
1,14,3.0
1,15,2.75
1,15,3.3
41,14,2.125
53,16,3.2222222222222223
0,16,2.0
0,13,3.5
5,12,2.4285714285714284
0,16,3.111111111111111
0,17,3.7
4,20,3.7
2,14,2.625
8,17,2.4444444444444446
7,17,3.4
10,18,3.2
0,17,3.8
0,19,3.4
3,12,3.25
0,15,1.875
1,17,2.25
1,14,2.0
4,20,2.333333333333333
17,19,2.625
0,12,2.75
20,18,2.25
3,14,2.6
23,18,1.3333333333333333
0,11,2.25
6,23,3.75
0,13,1.5714285714285714
8,19,3.0
1,21,1.3333333333333333
6,19,2.7777777777777777
0,15,2.875
56,15,2.888888888888889
0,17,2.0
6,15,3.0
0,16,2.625
19,12,2.142857142857143
13,21,3.5
12,18,3.9
4,22,4.363636363636363
35,14,3.0
1,12,3.5
1,20,4.363636363636363
12,14,3.0
2,21,4.090909090909091
1,13,3.5
11,18,3.111111111111111
2,23,3.636363636363636
1,16,2.7777777777777777
3,18,2.6666666666666665
7,21,3.4
1,13,3.111111111111111
1,15,2.5
0,14,2.2222222222222223
2,12,5.5
18,14,4.444444444444445
0,19,1.8888888888888888
1,14,3.7
43,14,3.7777777777777777
4,18,1.25
4,15,2.0
0,20,1.7777777777777777
23,15,3.7
1,16,4.8
35,17,3.555555555555556
1,14,2.25
1,17,2.888888888888889
0,15,3.9
3,18,3.111111111111111
1,14,2.9
0,19,4.454545454545454
3,17,4.1
13,6,6.0
1,16,4.6
22,19,1.375
5,17,1.25
1,13,0.8333333333333334
10,16,2.0
40,14,2.625
1,15,3.375
1,16,3.4444444444444446
1,11,3.111111111111111
0,14,2.6666666666666665
1,16,5.2
0,15,2.875
12,15,2.0
0,13,2.6666666666666665
0,16,2.555555555555556
0,20,3.8181818181818175
1,17,3.333333333333333
0,18,4.2
1,13,2.5
4,15,3.8
52,16,3.3
25,15,1.0
1,14,2.375
1,15,2.0
7,17,2.888888888888889
1,14,3.4444444444444446
1,20,4.545454545454546
0,17,2.0
1,14,2.6666666666666665
4,18,4.2
1,17,3.8
0,14,4.0
0,18,2.4
1,17,4.8
16,14,2.0
0,14,2.25
1,12,2.4285714285714284
61,9,0.2
0,13,2.0
1,15,3.333333333333333
1,16,3.3
0,14,2.625
0,18,2.555555555555556
0,13,4.333333333333333
0,14,2.333333333333333
41,16,3.7777777777777777
3,14,2.875
2,15,2.0
0,12,1.75
1,14,3.0
1,15,3.4444444444444446
26,17,3.7
1,16,1.125
0,17,1.375
1,15,1.5
1,18,3.636363636363636
32,15,3.625
0,16,3.6666666666666665
2,20,4.0
31,15,2.375
53,17,2.555555555555556
1,12,2.875
8,18,3.4
47,18,3.111111111111111
8,16,2.6666666666666665
4,13,4.444444444444445
0,17,2.75
0,16,2.888888888888889
1,17,3.6
1,10,2.25
1,16,2.875
0,19,3.7
10,17,3.375
14,19,3.4444444444444446
0,17,4.636363636363637
1,15,2.375
0,16,2.75
5,16,3.333333333333333
2,15,3.333333333333333
0,23,2.0
0,17,3.6
3,20,2.2222222222222223
0,19,4.4
43,20,3.6
5,11,2.0
1,12,1.1666666666666667
1,15,2.75
1,17,2.888888888888889
33,17,3.4444444444444446
4,11,2.375
38,14,1.7142857142857142
21,15,2.375
4,16,3.8
21,14,4.555555555555555
4,17,1.0
1,16,4.2
22,16,3.111111111111111
0,17,1.5
9,15,4.818181818181818
1,13,3.625
1,18,3.363636363636364
36,15,2.375
0,14,3.111111111111111
1,13,2.7777777777777777
1,13,3.375
9,19,4.583333333333333
5,16,2.333333333333333
2,17,4.090909090909091
1,14,2.75
0,16,3.3
8,17,3.2
1,18,3.7
1,18,5.090909090909091
51,15,3.333333333333333
0,16,2.555555555555556
2,16,3.2222222222222223
2,14,3.6666666666666665
1,16,3.111111111111111
1,18,1.8888888888888888
12,20,3.727272727272727
13,15,1.7142857142857142
1,16,4.6
3,13,2.625
0,13,3.625
30,15,1.1428571428571428
39,14,2.375
0,17,1.0
0,15,2.6666666666666665
6,17,2.0
0,15,3.375
0,18,4.1
50,14,2.5
0,14,2.75
1,15,3.4444444444444446
10,12,3.4285714285714284
4,19,3.8
0,17,4.4
1,17,1.8888888888888888
6,18,3.0
0,13,3.333333333333333
1,19,3.636363636363636
1,15,4.0
2,16,3.1
1,19,3.272727272727273
2,13,2.4285714285714284
22,17,3.111111111111111
1,19,2.555555555555556
7,16,2.75
0,17,2.6666666666666665
1,23,4.538461538461538
23,20,3.0
13,16,2.0
0,11,3.0
0,23,2.333333333333333
19,18,1.7142857142857142
3,16,3.555555555555556
26,15,2.2857142857142856
24,15,2.75
1,20,3.727272727272727
1,13,4.9
5,15,4.0
0,16,2.875
1,16,1.5
0,19,1.8888888888888888
2,22,2.4444444444444446
1,17,4.181818181818182
5,19,3.6
40,20,1.5
2,18,1.8888888888888888
50,21,3.363636363636364
5,21,0.75
0,15,2.4444444444444446
0,17,2.2222222222222223
1,11,3.125
1,16,3.0
0,14,2.875
4,8,2.25
0,14,4.125
2,23,4.454545454545454
2,18,4.1
1,20,4.2727272727272725
47,18,2.0
3,20,4.181818181818182
1,12,1.625
10,17,4.1
1,14,1.8571428571428568
64,12,3.375
1,11,2.625
0,15,3.6666666666666665
0,21,3.090909090909091
41,20,3.1
0,16,3.333333333333333
63,17,2.8
0,17,3.111111111111111
7,16,3.2222222222222223
9,22,3.636363636363636
0,16,2.333333333333333
1,18,3.555555555555556
35,15,2.0
0,14,4.2
2,13,4.75
0,20,4.909090909090909
0,14,3.6666666666666665
2,14,3.6666666666666665
41,17,2.555555555555556
1,14,2.571428571428572
1,15,4.0
0,20,5.416666666666667
0,12,2.625
36,16,2.7777777777777777
43,14,2.875
1,17,3.375
0,14,2.875
1,16,4.0
26,13,3.125
1,17,3.5
3,17,1.625
0,14,5.111111111111111
1,18,2.75
11,18,3.111111111111111
0,16,3.5
0,16,1.75
0,17,3.111111111111111
0,22,1.7777777777777777
1,16,3.9
0,12,2.111111111111111
0,17,4.1
1,14,1.8888888888888888
3,18,3.4444444444444446
1,16,4.0
7,15,1.8888888888888888
1,17,4.2
1,15,2.375
42,18,1.875
0,15,3.5
9,14,2.625
1,13,2.4444444444444446
1,13,2.375
8,16,2.888888888888889
27,16,1.1666666666666667
0,16,2.0
0,13,2.375
40,17,1.875
21,19,3.363636363636364
0,15,4.0
7,21,2.555555555555556
12,19,2.7
0,18,3.3
3,16,2.555555555555556
0,15,2.4444444444444446
8,19,2.333333333333333
1,13,3.7777777777777777
6,15,3.25
1,13,1.6666666666666667
0,19,4.090909090909091
2,19,3.1
0,18,2.9
0,19,4.636363636363637
3,12,3.0
0,17,4.636363636363637
1,19,3.1
5,16,2.555555555555556
0,16,2.375
26,15,3.888888888888889
0,15,2.0
1,19,3.1
1,17,1.1428571428571428
1,20,3.9166666666666665
0,9,1.6666666666666667
2,15,2.555555555555556
0,16,3.125
2,19,5.0
0,12,3.125
4,16,3.7
5,16,3.111111111111111
12,12,2.4444444444444446
52,17,3.2222222222222223
11,16,2.5
0,20,2.6666666666666665
0,16,4.0
0,13,2.555555555555556
0,16,3.2222222222222223
43,16,1.0
1,20,4.090909090909091
3,20,2.909090909090909
2,19,3.7
2,15,3.125
0,20,3.8181818181818175
1,16,2.375
0,17,2.555555555555556
6,15,4.0
3,15,3.2222222222222223
0,17,2.333333333333333
0,14,3.0
6,16,4.9
5,18,3.111111111111111
0,16,3.4444444444444446
1,16,2.0
1,15,2.75
1,13,1.0
0,19,2.2222222222222223
1,17,2.0
1,14,2.75
24,16,1.5714285714285714
5,16,2.625
0,14,3.5
0,18,4.363636363636363
0,15,2.625
0,18,4.0
6,17,3.111111111111111
1,13,2.888888888888889
1,17,3.6
53,17,3.6
0,19,4.0
1,21,2.2222222222222223
0,17,3.5
13,18,3.3
0,11,3.125
1,21,4.666666666666667
1,12,3.0
10,12,3.125
6,15,2.7777777777777777
1,17,3.0
22,16,3.625
1,14,3.888888888888889
0,16,3.7
46,15,2.625
5,16,2.888888888888889
1,17,2.888888888888889
0,13,2.555555555555556
2,16,4.818181818181818
11,11,1.8333333333333333
7,18,3.2
0,15,3.111111111111111
1,22,4.363636363636363
53,16,3.111111111111111
1,18,4.1
2,17,4.0
1,22,2.909090909090909
1,12,2.875
0,16,3.111111111111111
1,20,3.75
0,17,3.2222222222222223
2,18,4.2
2,17,2.888888888888889
0,16,2.555555555555556
4,16,4.545454545454546
0,14,3.0
1,16,3.555555555555556
1,14,3.0
16,13,3.6666666666666665
0,14,2.4444444444444446
2,19,1.25
11,13,3.6666666666666665
34,42,6.5625
2,18,2.888888888888889
1,16,2.888888888888889
2,17,3.6666666666666665
5,15,3.7
1,16,1.75
2,12,1.875
0,17,3.7777777777777777
1,16,3.2222222222222223
0,15,2.25
51,15,1.625
1,17,4.0
2,15,3.1
0,18,2.4444444444444446
50,14,2.5
21,19,3.3
15,15,3.111111111111111
1,18,3.3
1,13,3.25
30,15,1.2857142857142858
3,24,3.909090909090909
25,15,1.8571428571428568
1,16,3.333333333333333
1,14,4.181818181818182
0,12,3.875
2,20,2.7
30,14,3.375
10,14,1.8571428571428568
3,17,2.7777777777777777
2,15,2.25
1,17,2.5
1,16,3.111111111111111
9,19,4.0
0,16,2.875
1,19,2.888888888888889
6,20,4.090909090909091
8,13,2.7142857142857144
1,17,1.375
2,16,3.6
2,15,3.111111111111111
2,15,3.4
0,16,3.555555555555556
1,14,1.0
1,17,2.0
2,11,2.25
0,16,4.0
1,20,2.4444444444444446
5,14,2.625
0,19,2.888888888888889
4,16,3.0
12,14,2.888888888888889
1,15,1.8571428571428568
1,17,3.6
0,13,3.625
1,17,3.0
1,19,4.090909090909091
6,20,2.0
0,18,3.0
19,20,3.7
28,15,2.75
2,16,2.375
0,14,3.0
34,16,3.6666666666666665
28,13,2.5
6,19,2.888888888888889
14,15,2.0
1,17,3.4444444444444446
55,19,2.8
2,12,3.5
0,17,3.6666666666666665
4,14,2.625
42,16,3.125
0,17,3.4
1,15,3.2222222222222223
2,24,4.153846153846154
0,17,3.3
1,19,3.6
0,17,1.75
1,15,4.4
3,24,3.25
42,20,2.2222222222222223
0,15,1.625
59,18,4.181818181818182
1,19,4.545454545454546
3,20,4.583333333333333
1,18,3.636363636363636
30,14,0.8571428571428571
30,18,4.7
3,15,3.625
1,15,1.7777777777777777
54,22,3.4
1,15,3.2222222222222223
3,15,2.888888888888889
3,16,4.2
20,24,3.272727272727273
0,14,3.4444444444444446
6,18,5.3
3,17,3.0
8,21,3.8333333333333335
1,13,2.4285714285714284
1,18,3.1
1,14,3.555555555555556
1,21,1.4444444444444444
0,18,3.3
6,19,1.25
1,17,2.0
6,23,4.416666666666667
11,20,3.7
0,12,2.375
2,18,1.375
20,14,2.875
1,15,2.7
0,16,2.6666666666666665
16,18,3.3
8,21,4.090909090909091
1,20,3.727272727272727
5,14,3.0
0,18,3.4
1,18,1.625
3,16,2.7777777777777777
0,17,1.375
1,15,1.875
2,17,2.555555555555556
1,15,3.0
0,12,1.6666666666666667
4,19,4.1
0,17,2.888888888888889
6,17,3.555555555555556
0,15,2.6666666666666665
1,17,4.1
4,17,4.0
1,15,2.0
3,12,4.75
2,12,2.375
1,21,3.272727272727273
3,18,3.5
4,16,2.333333333333333
0,15,2.6666666666666665
51,19,2.4
1,21,4.416666666666667
0,16,3.4444444444444446
1,18,3.5
0,13,4.1
1,19,4.25
1,16,3.333333333333333
0,20,4.090909090909091
0,22,4.363636363636363
1,19,4.181818181818182
0,22,1.5555555555555556
65,17,3.5
0,22,2.6
1,16,1.3333333333333333
0,15,3.9
0,17,4.1
1,19,1.5
3,16,2.555555555555556
1,16,4.4
6,18,1.625
1,14,2.875
4,15,1.75
0,18,4.545454545454546
3,24,3.636363636363636
0,16,3.363636363636364
1,25,1.4
1,15,2.25
1,21,3.5454545454545454
6,20,2.0
1,16,1.6666666666666667
1,15,3.0
1,18,2.9
13,17,3.555555555555556
0,15,2.555555555555556
2,15,3.125
1,15,3.0
0,15,1.8888888888888888
1,20,3.909090909090909
3,15,3.7777777777777777
0,15,2.2222222222222223
0,15,2.7777777777777777
0,16,3.555555555555556
4,12,2.625
1,16,2.0
1,15,4.7
3,18,5.9
1,20,3.75
0,17,3.111111111111111
7,21,4.363636363636363
1,15,3.3
0,20,2.4444444444444446
21,13,2.142857142857143
1,15,3.2222222222222223
2,17,2.0
2,16,2.9
0,18,1.5555555555555556
0,16,1.875
1,14,2.4444444444444446
0,15,2.5
49,15,3.375
32,15,2.75
2,15,4.7
7,17,2.888888888888889
0,12,2.5
1,16,4.0
0,12,3.375
1,14,2.375
2,17,3.555555555555556
10,15,2.625
14,15,2.875
11,20,3.3
38,13,4.222222222222222
19,18,2.0
0,21,5.166666666666667
32,22,3.4
12,20,4.5
1,19,3.1
4,18,3.0
12,19,4.416666666666667
3,13,1.8571428571428568
1,17,4.454545454545454
1,16,2.875
8,20,4.090909090909091
0,14,3.2
1,19,3.0
34,13,2.0
5,15,3.0
0,18,2.555555555555556
1,15,2.375
3,18,2.125
3,17,1.875
0,19,3.9
0,16,3.6666666666666665
42,13,2.142857142857143
21,18,3.7
64,18,3.1
8,18,3.7777777777777777
0,19,0.8571428571428571
0,16,4.2727272727272725
0,12,3.125
0,19,1.7777777777777777
1,16,2.2222222222222223
1,12,3.4545454545454546
32,19,3.5
2,19,3.0
2,19,2.5
1,18,2.1
0,18,4.0
1,17,3.555555555555556
0,13,2.25
45,17,2.375
2,19,4.0
0,18,4.909090909090909
0,13,2.555555555555556
0,16,4.0
6,17,2.9
1,11,2.857142857142857
1,17,5.181818181818182
42,18,3.2222222222222223
1,12,2.125
22,15,1.1428571428571428
5,18,0.8571428571428571
1,17,3.7
50,18,3.111111111111111
43,14,3.125
6,15,3.25
7,17,3.111111111111111
63,13,3.25
31,16,3.4444444444444446
1,13,2.75
14,21,3.8
6,17,5.166666666666667
0,14,2.8
20,11,1.3333333333333333
1,18,2.0
1,15,2.7
0,18,4.2
4,13,3.375
11,14,2.625
0,15,3.888888888888889
13,20,4.090909090909091
12,15,2.875
2,14,1.5
1,18,2.0
0,14,2.375
0,19,2.333333333333333
0,14,2.5
61,15,3.0
1,16,4.6
1,17,4.2
0,12,3.555555555555556
3,18,3.6
40,15,3.4444444444444446
1,14,2.4285714285714284
2,16,1.75
0,13,3.333333333333333
2,15,4.375
0,16,1.25
0,15,2.0
6,17,2.75
2,13,3.25
1,17,3.2222222222222223
50,13,0.8571428571428571
0,13,3.375
0,15,4.1
1,16,3.333333333333333
0,12,2.888888888888889
0,17,3.0
5,21,3.5454545454545454
1,19,2.333333333333333
0,16,2.6
2,19,3.2
0,21,3.75
2,11,2.4285714285714284
10,17,1.25
23,13,3.0
2,17,2.111111111111111
0,15,2.625
10,14,1.0
1,15,3.888888888888889
18,15,1.7142857142857142
1,15,2.6666666666666665
9,19,4.0
1,17,3.2
2,14,3.333333333333333
1,18,2.333333333333333
9,18,3.6666666666666665
1,17,3.6
0,17,2.25
41,17,0.8571428571428571
0,16,2.7777777777777777
1,14,4.666666666666667
39,18,3.2
64,17,3.0
49,21,3.6
0,13,2.875
20,15,1.1428571428571428
1,16,3.333333333333333
0,17,3.7
4,20,2.555555555555556
1,16,2.2222222222222223
0,11,1.625
1,17,3.1
1,12,2.2857142857142856
1,23,4.090909090909091
0,11,3.125
47,15,5.5
4,13,3.0
1,14,3.0
1,15,2.888888888888889
0,18,4.090909090909091
0,18,4.0
1,15,3.555555555555556
1,18,3.1
2,19,3.4
1,12,2.555555555555556
1,19,4.090909090909091
11,17,3.8
0,17,3.6
4,18,1.875
51,13,2.0
2,15,3.7
1,15,4.111111111111111
0,17,1.625
23,13,3.333333333333333
11,17,2.0
0,10,3.875
0,14,3.333333333333333
22,17,4.2
1,15,2.7777777777777777
4,13,2.125
51,16,2.625
0,16,2.555555555555556
0,16,1.75
0,13,2.888888888888889
0,14,4.5
14,18,4.454545454545454
1,16,2.333333333333333
0,14,2.75
14,16,3.2222222222222223
0,12,4.0
1,13,3.4444444444444446
1,16,2.555555555555556
0,14,3.25
3,16,2.0
20,15,0.8571428571428571
2,6,6.0
2,20,3.8181818181818175
1,18,3.3
2,19,5.0
1,15,2.5
10,20,3.9
3,19,6.090909090909091
38,16,3.0
1,16,4.1
1,16,3.2
30,15,1.7142857142857142
0,18,5.181818181818182
0,16,2.555555555555556
0,17,2.75
3,16,3.555555555555556
3,17,2.4444444444444446
2,17,3.5
28,15,3.625
0,15,2.0
0,17,3.0
0,16,2.25
94,4,0.0
0,17,4.545454545454546
1,17,2.7777777777777777
0,16,3.7777777777777777
10,18,2.75
60,16,3.8
5,17,4.3
0,16,3.8
0,17,2.7777777777777777
0,16,2.555555555555556
8,17,4.4
0,14,2.0
0,15,5.0
2,15,3.6666666666666665
4,21,4.909090909090909
14,21,2.7
1,15,3.888888888888889
1,14,3.2222222222222223
1,17,3.333333333333333
4,20,4.0
14,18,2.6
6,15,1.8571428571428568
29,19,1.875
0,15,1.75
9,15,2.4444444444444446
1,12,3.125
5,17,3.8
1,18,2.7777777777777777
0,16,2.625
8,18,2.4444444444444446
23,20,3.0
0,16,1.8571428571428568
0,16,2.25
0,13,2.4285714285714284
15,17,3.5
20,18,2.0
0,15,3.888888888888889
1,17,3.555555555555556
1,16,2.0
2,14,3.2222222222222223
1,15,1.75
2,25,1.7
0,16,2.333333333333333
4,15,3.8
5,19,2.3
0,18,3.2222222222222223
1,14,3.2222222222222223
84,6,0.8333333333333334
0,17,3.111111111111111
1,18,1.875
2,18,2.8181818181818183
12,17,3.0
1,14,2.555555555555556
2,17,2.4
6,19,2.7777777777777777
1,15,3.8
0,16,1.4285714285714286
5,16,3.0
0,15,2.0
3,16,2.2222222222222223
10,14,2.375
3,13,2.625
0,17,2.2222222222222223
0,16,3.3
2,18,3.1
6,16,4.111111111111111
1,17,2.75
0,16,3.2
0,15,3.8
1,14,2.75
23,16,2.2222222222222223
0,10,2.75
11,18,4.0
1,19,3.0
22,16,2.6666666666666665
0,16,2.4444444444444446
1,15,4.2
0,14,3.555555555555556
5,15,3.555555555555556
2,24,4.153846153846154
1,17,3.111111111111111
1,19,4.454545454545454
10,15,2.75
21,15,1.1428571428571428
45,18,2.75
31,13,2.0
1,12,2.625
20,20,3.1
0,17,2.555555555555556
52,18,2.7777777777777777
1,16,3.375
0,15,4.7
0,14,2.125
70,16,3.125
3,15,2.625
0,21,4.25
0,16,3.6
1,15,4.111111111111111
65,16,2.75
0,13,2.7777777777777777
0,18,3.3
1,16,2.7777777777777777
1,14,2.75
0,13,4.3
0,14,2.625
1,11,2.0
3,15,3.555555555555556
6,15,3.555555555555556
1,13,2.75
1,13,4.111111111111111
0,13,3.375
0,23,4.75
0,15,4.0
21,14,4.125
0,14,2.75
31,17,1.875
0,16,2.0
1,15,2.0
1,16,2.333333333333333
0,17,3.4444444444444446
1,17,3.6
3,20,3.363636363636364
54,19,3.4
1,19,2.888888888888889
9,12,3.375
52,18,3.6666666666666665
3,19,1.5
1,16,2.0
1,15,3.333333333333333
2,16,3.111111111111111
3,17,2.6666666666666665
10,15,2.875
0,10,2.875
11,14,3.125
1,19,2.111111111111111
1,14,3.4444444444444446
50,10,3.0
10,16,2.142857142857143
1,13,2.7777777777777777
0,13,4.111111111111111
1,19,3.727272727272727
3,11,2.375
7,24,4.166666666666667
1,15,3.9
12,20,4.4
14,20,2.2222222222222223
9,15,3.6666666666666665
0,20,3.7
40,13,3.0
7,10,3.25
2,19,3.4
0,15,2.5
31,18,2.7777777777777777
0,16,2.6666666666666665
1,16,3.4444444444444446
11,18,2.9
131,6,0.6
0,15,4.416666666666667
0,13,1.625
1,17,2.7777777777777777
3,20,2.111111111111111
0,16,2.0
7,17,2.0
2,14,2.25
0,16,3.0
0,14,4.0
2,21,1.2222222222222223
34,14,3.0
0,13,3.0
1,13,2.7777777777777777
1,17,2.25
1,15,2.75
0,16,3.6
0,16,1.625
40,18,3.5
0,15,3.375
0,17,3.2
1,14,2.25
1,15,3.7777777777777777
2,13,2.375
0,15,2.75
6,20,3.363636363636364
28,18,2.4444444444444446
7,18,1.75
29,16,1.125
23,15,2.5
0,14,3.5
35,15,2.625
1,16,3.7
0,15,4.222222222222222
0,17,2.888888888888889
0,15,1.75
2,18,1.75
0,17,3.727272727272727
3,15,2.625
2,16,3.2222222222222223
1,21,1.8
10,15,4.0
0,14,2.75
5,15,4.0
1,21,3.8181818181818175
1,17,3.6666666666666665
29,13,1.8571428571428568
3,15,2.5
51,15,2.875
54,18,2.0
1,17,4.363636363636363
0,20,2.0
11,16,2.333333333333333
0,11,2.142857142857143
39,15,2.0
2,20,4.181818181818182
2,14,3.4
23,14,3.125
0,19,3.3
8,18,3.5
0,15,1.75
20,16,2.555555555555556
42,18,1.75
23,13,3.25
9,17,3.7
23,17,1.7142857142857142
2,13,2.333333333333333
18,16,3.6666666666666665
8,15,2.333333333333333
1,17,3.7
62,15,5.0
0,13,2.0
1,15,3.111111111111111
0,16,4.636363636363637
1,11,3.0
1,15,2.0
1,16,4.333333333333333
2,16,6.0
0,11,3.25
0,19,2.0
1,17,3.4444444444444446
41,16,3.111111111111111
5,19,2.333333333333333
2,14,2.888888888888889
3,18,3.2222222222222223
34,20,1.4444444444444444
2,13,2.0
5,13,2.875
0,19,3.7
51,13,2.125
3,17,4.1
40,17,2.0
1,17,2.2222222222222223
13,17,3.4
2,16,2.0
1,17,2.555555555555556
1,21,4.076923076923077
3,21,2.25
1,15,2.2222222222222223
1,15,2.625
0,16,3.25
0,17,3.7
1,15,2.0
2,16,2.555555555555556
1,12,2.2857142857142856
13,15,3.6666666666666665
0,18,3.111111111111111
1,22,2.2222222222222223
2,17,3.0
0,12,2.625
0,14,2.625
1,24,1.4
0,15,1.875
0,17,3.1
27,20,2.111111111111111
4,16,1.875
1,13,2.75
1,18,2.6666666666666665
1,19,2.8
0,17,2.4444444444444446
1,17,2.888888888888889
1,14,3.5
34,13,2.571428571428572
0,15,2.375
0,17,3.0
0,10,2.1666666666666665
0,17,3.9
1,14,2.75
1,16,2.4444444444444446
1,18,3.5
1,18,3.375
1,16,3.888888888888889
1,15,3.0
1,18,3.888888888888889
54,15,2.375
8,15,3.375
28,16,2.5
1,14,3.555555555555556
4,14,3.7777777777777777
1,14,5.0
0,14,4.909090909090909
1,12,4.444444444444445
10,14,1.8571428571428568
1,18,2.2222222222222223
57,21,1.0
2,18,2.888888888888889
70,15,1.875
1,15,4.7
0,19,4.636363636363637
2,17,2.555555555555556
40,11,3.125
1,15,2.2222222222222223
35,13,3.0
0,17,2.4444444444444446
13,15,3.375
1,15,2.7777777777777777
5,16,4.0
0,16,3.0
1,14,2.0
2,17,2.7777777777777777
51,16,2.875
0,19,2.7
0,18,4.2
3,17,2.25
20,15,1.625
2,14,2.125
8,18,3.4
1,18,2.0
0,13,3.0
0,19,3.7
1,18,1.7777777777777777
0,17,2.8
0,15,2.125
19,15,3.0
14,14,2.4285714285714284
1,18,1.625
1,13,2.75
0,16,2.4
0,15,4.0
1,14,2.6666666666666665
1,17,2.888888888888889
1,16,3.111111111111111
1,18,3.6
4,18,2.6666666666666665
0,16,1.875
1,15,3.0
45,19,3.4
3,17,3.6
0,14,2.571428571428572
1,16,4.8
0,15,3.111111111111111
21,19,1.625
61,14,2.125
0,16,3.363636363636364
24,19,4.0
0,18,1.75
1,17,2.2222222222222223
54,17,3.6
4,20,2.333333333333333
4,16,3.3
1,18,3.5454545454545454
1,17,2.2222222222222223
0,22,5.0
0,15,2.555555555555556
3,22,1.75
1,17,3.6
0,21,1.7777777777777777
1,11,3.125
4,22,2.888888888888889
21,15,1.0
1,16,3.111111111111111
0,13,3.375
3,18,1.75
0,14,2.625
3,14,1.875
0,14,2.25
2,14,2.625
1,13,4.333333333333333
25,17,3.4444444444444446
0,17,3.2222222222222223
12,18,4.6
0,15,3.111111111111111
0,13,2.75
1,16,4.0
5,14,2.0
13,18,3.3
0,14,2.625
1,6,6.0
2,20,3.2
1,16,2.0
3,14,3.0
0,15,2.7777777777777777
1,20,3.111111111111111
40,15,3.25
3,15,3.0
0,16,3.333333333333333
54,15,2.375
0,14,1.625
5,18,2.8
21,19,1.4285714285714286
51,16,2.625
3,16,3.6
31,12,3.375
1,15,4.1
0,17,2.75
0,18,4.6
6,13,3.111111111111111
0,14,2.333333333333333
12,15,2.875
6,20,3.2222222222222223
0,19,2.0
0,21,4.166666666666667
35,19,4.4
1,16,3.2222222222222223
52,13,3.0
2,11,2.0
0,12,3.857142857142857
0,13,2.75
10,16,2.333333333333333
0,17,2.555555555555556
29,12,1.7142857142857142
2,18,3.8
5,17,2.0
1,15,3.2
52,15,4.0
13,21,2.2222222222222223
33,15,1.5714285714285714
0,15,2.75
1,15,2.75
10,18,3.7
53,17,2.555555555555556
1,15,4.0
1,17,2.6
0,17,2.6666666666666665
1,14,5.5
0,18,2.0
3,16,2.25
3,15,2.125
1,15,1.25
1,19,2.4
0,18,3.0
1,17,3.6
1,15,3.3
1,12,4.0
0,17,5.1
0,12,2.625
1,17,2.888888888888889
0,16,3.6666666666666665
12,17,2.125
1,19,4.2
56,25,4.083333333333333
37,18,1.5
1,13,2.375
1,19,2.6666666666666665
0,15,2.555555555555556
4,15,2.6666666666666665
14,17,3.3
2,14,2.7777777777777777
0,13,2.75
0,16,3.6
1,14,2.75
3,18,3.6
6,14,2.625
38,14,2.0
0,13,3.5
7,18,4.727272727272728
22,15,2.0
1,14,3.4
1,19,1.375
1,17,4.1
0,18,3.9
1,10,3.0
1,18,4.2
0,15,3.0
2,20,0.875
0,19,1.75
25,19,0.8571428571428571
2,17,2.888888888888889
41,17,1.1428571428571428
10,18,1.5
0,16,2.2222222222222223
2,19,4.0
2,16,2.555555555555556
1,20,3.9
0,19,3.5454545454545454
20,14,2.5
3,15,3.5
29,18,2.4444444444444446
0,11,2.2222222222222223
3,19,2.555555555555556
0,13,3.6666666666666665
0,13,2.625
0,16,3.2
38,14,2.875
0,17,4.181818181818182
31,15,1.7142857142857142
2,18,2.5
1,21,1.875
1,15,2.25
0,16,2.75
17,16,1.4285714285714286
0,16,1.875
3,14,2.75
1,17,2.333333333333333
3,15,1.875
1,18,2.6666666666666665
30,15,2.0
1,17,3.111111111111111
15,18,2.7777777777777777
0,16,1.875
0,18,2.0
35,17,2.75
7,19,4.6
11,18,3.111111111111111
1,15,2.0
0,16,3.111111111111111
0,12,2.625
3,15,3.4444444444444446
2,17,5.454545454545454
0,18,1.75
1,20,3.4545454545454546
3,15,4.1
3,14,2.625
1,17,3.636363636363636
2,15,4.25
0,16,0.5
1,17,3.7
1,19,3.3
0,18,2.111111111111111
49,16,3.555555555555556
1,20,4.727272727272728
20,15,3.6666666666666665
0,17,3.333333333333333
25,18,3.333333333333333
10,15,3.0
0,16,4.636363636363637
0,15,3.8
1,15,3.111111111111111
2,14,2.7777777777777777
2,15,1.75
0,14,2.25
50,13,2.0
1,14,3.555555555555556
16,16,1.375
7,13,1.4285714285714286
1,19,4.818181818181818
0,14,3.4444444444444446
1,13,3.125
11,17,4.0
0,19,1.75
0,17,3.8
1,15,3.6666666666666665
9,18,3.111111111111111
2,14,2.0
0,17,4.333333333333333
10,14,2.125
0,17,2.9
1,14,2.5
1,19,4.090909090909091
0,18,2.7777777777777777
0,10,2.7142857142857144
5,17,3.0
1,18,4.0
0,18,2.75
24,20,3.9
4,10,1.875
18,18,4.0
0,13,2.0
11,17,2.0
1,16,1.875
1,18,3.7
49,16,2.0
2,17,2.555555555555556
1,16,3.0
5,20,3.7
1,20,3.909090909090909
51,14,2.875
50,14,3.555555555555556
4,18,4.181818181818182
0,18,3.9
7,16,3.333333333333333
1,17,2.7
0,23,1.9
2,14,3.8
1,16,2.333333333333333
9,13,2.7142857142857144
0,15,2.888888888888889
6,20,5.0
1,18,3.4545454545454546
10,12,2.75
0,17,5.0
3,16,3.7
3,17,3.9
4,14,3.333333333333333
1,13,3.0
1,19,3.9
1,17,2.6
0,16,3.7
0,16,2.333333333333333
1,18,3.2222222222222223
3,10,3.25
2,17,2.375
7,18,2.555555555555556
1,12,2.6666666666666665
4,13,4.333333333333333
0,16,3.111111111111111
1,21,3.2
59,22,2.333333333333333
0,14,3.111111111111111
22,22,4.666666666666667
4,14,2.625
20,21,2.0
1,16,3.5
0,17,2.0
99,13,3.375
21,21,3.8
13,15,3.0
3,20,4.090909090909091
3,22,4.416666666666667
0,15,2.8
0,16,3.2
5,15,3.4444444444444446
1,14,2.555555555555556
14,15,3.333333333333333
1,16,3.8
40,17,2.5
1,19,2.25
5,21,4.416666666666667
1,20,1.7777777777777777
55,17,2.555555555555556
1,14,3.2
5,18,2.333333333333333
0,16,4.0
3,13,1.7142857142857142
2,14,1.8571428571428568
1,12,2.375
1,18,3.7
4,17,2.0
1,14,3.4444444444444446
0,14,2.25
0,15,2.111111111111111
0,16,1.5
50,19,3.0
52,17,3.0
9,18,4.8
7,13,5.222222222222222
0,17,2.555555555555556
1,14,3.0
1,18,3.8
6,20,5.583333333333333
1,14,3.25
1,9,2.5
1,19,5.545454545454546
1,18,3.1
1,15,2.625
16,11,1.8571428571428568
1,19,4.090909090909091
0,16,3.6666666666666665
2,22,2.2222222222222223
0,18,2.75
1,15,2.375
3,16,3.0
1,18,2.2222222222222223
1,15,3.4444444444444446
3,15,2.5
1,15,3.555555555555556
5,16,4.3
1,13,2.625
1,18,4.454545454545454
3,19,3.5454545454545454
2,22,3.0
41,15,2.375
1,19,3.9
1,11,3.875
0,16,2.6666666666666665
0,12,2.375
1,10,2.625
0,14,2.555555555555556
3,13,1.6666666666666667
27,16,1.5714285714285714
24,12,1.7142857142857142
0,14,2.0
1,15,3.333333333333333
2,17,3.6
5,16,2.7777777777777777
5,13,2.0
15,16,2.375
7,16,4.6
0,23,4.076923076923077
13,14,2.875
6,15,3.375
0,18,3.2222222222222223
8,14,0.6666666666666666
1,15,2.555555555555556
0,13,3.25
2,21,4.2727272727272725
5,20,1.5555555555555556
7,12,2.625
1,17,3.333333333333333
1,10,3.0
2,18,1.0
2,21,3.363636363636364
1,12,2.375
43,16,3.555555555555556
1,16,3.2222222222222223
2,18,4.727272727272728
4,20,1.5
3,14,2.25
0,14,4.0
8,20,2.0
0,17,3.4444444444444446
4,22,2.7777777777777777
0,14,2.0
0,19,4.2727272727272725
0,15,2.7777777777777777
1,14,1.75
2,20,4.2
3,14,3.6666666666666665
11,14,2.875
6,18,4.6
2,17,3.333333333333333
41,13,1.5714285714285714
0,13,2.375
41,12,3.5
1,13,3.625
1,16,3.4444444444444446
1,18,3.4444444444444446
0,15,4.090909090909091
0,18,2.555555555555556
1,12,2.0
0,16,1.875
1,10,2.1666666666666665
0,13,2.625
1,15,4.333333333333333
0,11,1.6666666666666667
7,20,1.25
0,16,3.7777777777777777
2,18,3.1
3,19,4.2
1,17,3.7
50,20,3.7
1,14,3.0
0,15,3.8
0,17,2.6666666666666665
35,16,2.125
0,18,2.6
4,19,4.454545454545454
2,19,3.4545454545454546
2,17,2.888888888888889
0,21,4.583333333333333
1,13,3.125
1,16,2.0
2,18,4.2
30,14,1.2857142857142858
3,13,5.888888888888889
0,16,3.7777777777777777
52,14,4.0
4,18,3.4
0,17,3.6
2,18,2.6666666666666665
0,18,1.375
1,19,0.8571428571428571
2,17,4.7
12,15,3.0
35,17,0.8571428571428571
0,16,3.363636363636364
1,17,3.0
0,15,1.875
4,13,4.222222222222222
2,14,4.0
0,10,3.5
5,13,4.0
1,21,3.4166666666666665
2,17,3.7
1,12,4.125
0,17,4.8
3,12,4.25
1,15,3.0
3,19,3.3
1,14,2.5
22,22,4.636363636363637
2,19,4.0
1,19,3.3
24,20,3.4
10,17,3.6666666666666665
1,16,3.6
4,17,1.875
1,16,3.7
1,22,4.416666666666667
0,14,3.0
1,12,2.7142857142857144
0,10,2.125
1,15,4.6
10,14,2.7777777777777777
4,15,2.9
3,17,4.363636363636363
13,16,4.1
0,17,2.7777777777777777
0,13,2.625
2,21,3.1818181818181817
1,16,3.8
0,17,4.818181818181818
0,19,3.4166666666666665
1,16,1.5
3,17,1.75
1,14,2.75
12,14,1.625
2,18,4.545454545454546
0,15,2.6666666666666665
2,17,3.7777777777777777
9,22,3.4545454545454546
0,11,2.4285714285714284
0,15,2.888888888888889
1,19,4.363636363636363
1,16,3.5
3,15,4.111111111111111
2,18,3.9166666666666665
3,17,3.909090909090909
2,17,3.3
3,13,2.75
10,15,2.75
1,11,1.6666666666666667
12,17,4.090909090909091
12,17,4.727272727272728
16,17,2.25
1,15,1.875
1,12,4.333333333333333
1,13,3.7777777777777777
31,20,2.0
54,16,3.2222222222222223
0,20,4.818181818181818
32,20,1.7777777777777777
3,16,2.6666666666666665
3,16,3.111111111111111
0,13,2.375
0,17,1.875
0,21,2.4444444444444446
1,15,2.888888888888889
0,19,2.333333333333333
1,21,4.083333333333333
0,14,4.1
0,14,1.875
9,16,2.25
20,16,3.4444444444444446
0,19,3.0
0,18,5.5
1,16,2.333333333333333
7,14,3.8
1,14,3.2222222222222223
10,18,3.2222222222222223
0,15,3.2222222222222223
2,18,2.7
0,13,3.75
17,15,3.111111111111111
54,14,3.333333333333333
32,14,3.125
0,14,4.222222222222222
2,16,3.555555555555556
5,19,2.375
0,14,4.444444444444445
0,14,1.1666666666666667
3,20,4.083333333333333
0,15,2.125
1,15,3.555555555555556
9,16,3.8
0,13,4.375
1,16,3.5
19,19,4.416666666666667
0,17,2.7777777777777777
0,16,1.75
6,19,4.090909090909091
3,17,4.0
1,19,2.9
2,15,2.25
4,17,3.375
3,17,2.555555555555556
2,18,1.5
0,17,1.1428571428571428
1,17,2.375
13,20,3.9
2,15,2.555555555555556
12,15,5.2
1,20,3.6
1,15,3.888888888888889
4,16,2.4444444444444446
35,15,2.888888888888889
1,19,2.4
0,15,2.0
2,15,3.2222222222222223
1,17,4.818181818181818
31,18,2.555555555555556
33,19,3.2
56,18,2.7777777777777777
0,12,2.375
37,21,3.4545454545454546
0,16,2.7777777777777777
1,16,2.0
3,20,3.090909090909091
4,10,4.25
1,12,2.75
1,20,4.0
18,15,3.125
50,13,4.666666666666667
2,12,3.125
18,13,3.0
2,12,3.0
15,17,1.875
0,18,2.4444444444444446
0,15,2.7777777777777777
24,22,4.090909090909091
3,16,2.9
5,13,2.571428571428572
25,19,3.1
47,16,2.0
0,14,4.3
1,16,2.7777777777777777
21,16,3.0
1,14,2.7142857142857144
3,12,2.555555555555556
1,15,3.2222222222222223
4,15,1.4285714285714286
31,15,3.2222222222222223
5,17,3.0
1,17,4.1
2,15,2.25
0,19,3.9
30,15,3.0
28,17,3.2222222222222223
41,19,2.0
12,13,3.0
1,16,2.2222222222222223
1,18,2.6666666666666665
2,16,2.555555555555556
28,19,3.7
1,16,2.555555555555556
1,17,3.3
4,19,4.090909090909091
1,15,3.2
0,18,2.7777777777777777
2,14,3.0
0,19,3.111111111111111
2,14,2.555555555555556
2,17,4.1
1,10,1.6666666666666667
30,17,5.333333333333333
26,21,2.0
0,14,2.555555555555556
1,16,2.2222222222222223
2,17,2.333333333333333
0,17,1.875
1,15,2.625
40,17,2.75
21,17,3.4
59,16,2.0
1,18,3.9
0,17,2.7777777777777777
23,17,2.75
0,17,3.4444444444444446
0,14,2.875
13,18,2.75
1,19,2.555555555555556
0,16,3.2222222222222223
6,16,3.625
11,19,5.9
1,11,2.0
1,11,3.875
20,18,2.7
6,23,1.5555555555555556
0,15,1.75
0,18,4.3
40,16,2.375
5,17,4.4
1,17,2.5
3,19,4.2727272727272725
1,13,2.375
4,16,4.8
5,17,3.333333333333333
5,20,2.2
1,17,3.25
1,16,3.0
1,14,1.7142857142857142
8,19,4.166666666666667
1,14,2.0
1,11,3.875
2,21,3.0
1,20,3.111111111111111
9,17,1.875
0,17,3.4
2,18,3.5
0,16,4.1
0,5,1.0
4,17,3.1818181818181817
7,18,3.4
46,18,2.0
1,17,2.75
29,13,5.25
2,17,2.888888888888889
0,16,2.6666666666666665
58,18,4.1
1,19,2.111111111111111
21,15,3.0
2,20,3.4545454545454546
2,20,4.166666666666667
14,17,2.888888888888889
0,15,2.375
5,17,3.333333333333333
2,20,4.727272727272728
53,20,1.375
2,19,4.636363636363637
2,11,2.375
0,13,2.0
1,19,3.8
1,13,2.75
2,15,2.2222222222222223
11,15,4.0
0,15,3.555555555555556
1,19,4.2727272727272725
1,15,2.6666666666666665
1,17,2.7777777777777777
5,18,2.125
0,14,2.625
0,17,3.4444444444444446
0,20,1.8888888888888888
24,15,2.7777777777777777
51,19,3.3
31,13,2.75
2,20,3.8
1,16,2.7777777777777777
15,16,2.0
3,18,2.4444444444444446
3,15,3.555555555555556
2,18,3.4444444444444446
3,16,4.4
41,16,3.111111111111111
1,17,3.888888888888889
50,12,2.4285714285714284
6,16,0.6666666666666666
0,17,3.7
8,21,2.333333333333333
0,5,1.0
0,20,3.8
0,20,4.636363636363637
0,14,2.125
0,15,4.5
0,14,4.2727272727272725
54,21,2.2222222222222223
2,17,3.333333333333333
0,15,3.4
1,15,2.111111111111111
8,16,2.0
0,14,2.75
0,11,3.2857142857142856
1,11,3.0
1,20,1.25
0,13,3.2857142857142856
0,13,2.571428571428572
0,14,2.625
2,20,1.3333333333333333
3,16,2.2222222222222223
50,14,2.375
0,17,3.4
43,16,2.625
1,20,1.375
0,16,3.888888888888889
5,16,2.0
0,14,2.625
2,20,4.333333333333333
0,16,2.7777777777777777
9,13,3.333333333333333
2,19,3.6
3,16,3.4
0,17,1.875
0,13,3.0
0,15,4.8
0,13,3.375
29,21,1.7777777777777777
1,16,3.111111111111111
0,17,3.111111111111111
2,17,2.4444444444444446
1,12,2.333333333333333
103,11,2.0
2,16,2.555555555555556
0,11,3.0
51,14,4.111111111111111
5,17,4.6
0,15,3.1
2,17,2.125
10,11,2.875
2,16,3.2222222222222223
0,21,3.4545454545454546
2,17,2.7777777777777777
0,12,2.571428571428572
35,21,3.909090909090909
2,37,6.222222222222222
2,16,3.8
9,19,4.1
36,15,1.7142857142857142
0,18,3.090909090909091
0,17,1.375
3,9,4.75
2,17,2.555555555555556
1,20,3.6
0,13,2.875
1,11,3.0
1,17,1.1428571428571428
2,14,4.090909090909091
2,16,4.2
11,15,3.125
0,16,3.6
1,18,3.0
2,15,3.125
1,13,3.5
43,14,1.875
1,17,5.2
5,14,2.75
11,18,3.5454545454545454
60,14,2.0
4,21,4.363636363636363
0,15,3.6666666666666665
2,19,5.0
6,18,3.909090909090909
28,17,1.1428571428571428
42,21,2.6666666666666665
30,15,3.6
0,14,3.555555555555556
0,15,1.625
10,19,4.0
1,15,1.25
5,15,3.333333333333333
