gold_left,sum_unit_tier,mean_unit_rarity,placement
40,14,2.375,5
0,10,2.25,8
4,13,4.333333333333333,6
0,18,3.090909090909091,4
1,15,2.75,7
64,17,3.0,1
13,16,3.2222222222222223,2
2,18,1.875,3
3,13,2.75,8
0,15,2.5,5
4,20,2.6,1
0,13,2.375,6
1,14,3.6666666666666665,4
1,17,5.1,3
0,16,3.333333333333333,7
20,20,2.555555555555556,2
0,12,2.625,7
1,22,2.909090909090909,4
42,15,4.1,3
1,16,2.0,5
0,13,2.375,8
1,18,3.0,1
34,17,2.0,2
1,13,1.6666666666666667,6
51,20,3.6666666666666665,4
3,13,2.0,8
0,15,1.875,5
4,19,1.5555555555555556,6
61,15,3.0,3
6,12,5.25,7
59,21,4.636363636363637,2
5,18,2.8,1
25,19,2.0,1
0,13,2.125,8
0,19,1.6666666666666667,6
27,20,2.111111111111111,3
0,17,2.888888888888889,2
1,12,1.6666666666666667,7
0,12,4.25,5
1,16,2.875,4
0,17,3.111111111111111,4
1,15,3.333333333333333,5
3,19,3.4444444444444446,2
6,19,4.3,3
19,16,3.333333333333333,6
2,21,3.0,1
0,14,1.875,8
33,14,2.75,7
1,18,3.333333333333333,1
1,13,2.75,8
0,14,3.0,5
2,18,4.1,7
1,18,2.6666666666666665,2
1,14,3.333333333333333,6
30,18,2.333333333333333,4
0,17,2.7777777777777777,3
1,19,3.5,2
1,17,3.3,1
0,17,3.4,4
1,14,4.0,8
0,15,2.4444444444444446,5
1,18,2.9,3
1,16,3.2222222222222223,6
1,13,2.25,7
59,18,3.2,1
2,19,5.0,3
0,13,1.1666666666666667,7
2,15,0.7142857142857143,8
0,10,3.25,6
1,17,3.5,5
1,16,3.333333333333333,2
1,16,4.3,4
54,19,2.75,1
0,18,3.6,4
1,19,2.555555555555556,3
19,16,3.125,2
0,15,2.555555555555556,7
1,11,2.875,8
0,17,2.7777777777777777,6
4,18,1.25,5
0,17,0.7142857142857143,8
1,16,3.333333333333333,4
7,17,2.0,5
2,17,3.111111111111111,6
5,17,3.6666666666666665,3
5,16,3.7777777777777777,2
4,15,2.2222222222222223,7
4,21,5.083333333333333,1
0,15,1.875,6
3,15,2.75,8
51,18,3.2222222222222223,1
1,19,4.2727272727272725,3
39,18,3.6,2
2,14,2.625,7
13,15,2.142857142857143,5
32,15,2.375,4
5,13,4.0,5
20,15,2.555555555555556,8
0,18,1.75,6
11,16,3.888888888888889,3
1,20,4.545454545454546,1
1,15,2.625,7
16,17,2.25,4
19,17,3.888888888888889,2
10,21,3.9,1
0,12,2.5,8
14,20,3.2222222222222223,3
3,16,2.0,2
4,13,3.4444444444444446,6
2,12,2.857142857142857,7
0,16,2.6666666666666665,4
0,15,2.375,5
2,17,3.2222222222222223,1
2,15,3.2222222222222223,7
12,20,3.4545454545454546,2
1,12,2.0,6
30,14,2.888888888888889,8
0,21,3.75,4
1,17,3.2,5
3,18,3.111111111111111,3
0,11,2.75,5
1,14,2.0,8
11,20,1.25,4
0,17,3.111111111111111,3
1,13,3.888888888888889,6
3,16,3.0,7
2,18,3.111111111111111,1
3,20,3.7,2
0,12,3.625,8
19,18,2.0,3
0,15,3.111111111111111,5
1,21,1.5,2
18,15,3.0,4
6,17,4.636363636363637,1
5,14,1.4285714285714286,6
0,14,1.75,7
1,16,4.454545454545454,1
1,14,3.4444444444444446,5
1,13,3.0,6
11,16,2.5,3
2,21,4.2727272727272725,2
2,16,3.0,4
1,13,2.75,7
11,15,2.125,8
1,16,4.636363636363637,6
0,17,3.9,3
11,11,2.75,7
0,17,4.5,4
1,17,1.8888888888888888,8
1,19,4.181818181818182,5
4,15,3.333333333333333,2
28,17,3.2222222222222223,1
1,15,1.7142857142857142,8
1,16,1.875,7
0,19,4.090909090909091,2
32,15,2.888888888888889,1
32,20,1.5,3
0,17,2.7777777777777777,6
1,15,3.111111111111111,5
11,17,3.1,4
6,17,2.7777777777777777,2
0,14,3.6666666666666665,7
51,19,1.5,1
0,17,3.2,6
4,17,2.0,5
1,17,2.909090909090909,8
51,18,1.875,4
38,17,3.888888888888889,3
16,20,4.4,2
0,14,2.2857142857142856,6
0,14,1.875,5
13,14,3.0,8
19,14,4.125,4
12,18,2.75,1
68,21,1.5555555555555556,3
1,15,2.375,7
38,14,2.4444444444444446,6
14,21,2.7,1
1,11,2.7777777777777777,8
10,16,2.625,3
1,13,2.7777777777777777,7
2,18,2.4444444444444446,2
17,15,3.111111111111111,5
0,19,3.090909090909091,4
2,17,3.111111111111111,1
0,18,2.9,2
4,13,4.222222222222222,7
1,21,2.5,6
12,19,2.333333333333333,4
0,14,3.333333333333333,5
5,19,3.3,3
9,13,2.142857142857143,8
4,17,4.0,3
2,14,1.4285714285714286,6
20,15,3.6666666666666665,8
1,14,3.7777777777777777,5
1,19,2.5,4
0,14,2.625,7
7,19,2.555555555555556,1
1,23,4.916666666666667,2
0,15,3.2222222222222223,4
0,13,3.7777777777777777,7
5,14,3.125,8
63,22,1.3333333333333333,1
11,17,3.7,5
1,19,4.454545454545454,2
0,19,3.1818181818181817,3
0,16,2.888888888888889,6
2,17,2.4444444444444446,1
1,15,4.0,6
1,12,3.625,7
19,20,3.8,2
1,14,2.2857142857142856,5
1,15,2.5,4
0,17,2.125,3
3,13,2.375,8
1,10,1.8571428571428568,8
7,18,2.555555555555556,5
45,21,1.25,4
2,19,3.8,3
34,22,5.25,1
4,15,2.9,7
1,14,3.3,6
3,17,3.2222222222222223,2
4,20,4.090909090909091,2
8,16,1.5,8
2,13,2.75,6
2,11,4.555555555555555,7
3,19,3.5,4
23,13,3.25,5
78,16,3.2222222222222223,3
8,20,3.7,1
5,19,3.2,2
52,17,3.8,1
1,17,3.3,5
23,13,3.0,8
17,16,3.888888888888889,6
0,16,1.0,4
1,15,3.0,3
2,13,4.444444444444445,7
44,14,2.75,8
20,18,2.0,5
4,19,3.7,1
3,17,3.7,4
6,22,1.1111111111111112,7
0,17,3.4444444444444446,2
51,17,2.0,6
0,16,3.555555555555556,3
4,14,2.333333333333333,8
18,16,3.888888888888889,5
3,16,3.333333333333333,7
3,16,3.111111111111111,2
1,20,2.5,3
34,17,2.4444444444444446,4
1,17,3.2,1
0,17,1.5555555555555556,6
1,16,3.7,5
18,15,3.125,7
28,16,1.1428571428571428,8
6,16,3.0,6
6,18,2.5,4
2,17,2.888888888888889,1
1,19,4.090909090909091,2
0,15,2.375,3
30,19,2.9,1
0,18,3.7,4
10,18,3.2,3
7,13,2.125,7
1,16,3.909090909090909,5
2,20,4.545454545454546,2
1,15,3.1,6
0,12,2.625,8
0,21,3.0,2
0,13,2.0,6
1,14,2.75,5
4,15,2.875,8
1,16,3.2222222222222223,1
1,16,3.7,4
0,16,2.75,3
0,13,3.25,7
0,10,3.0,8
4,13,3.375,6
11,17,4.0,2
1,21,1.0,4
2,16,2.555555555555556,5
13,21,1.6,1
1,15,2.625,7
11,17,3.125,3
1,18,3.1,1
0,14,1.5714285714285714,8
0,19,4.090909090909091,3
1,17,3.333333333333333,5
0,15,2.888888888888889,6
1,12,2.2857142857142856,7
4,18,2.0,2
3,15,4.1,4
1,18,2.8,2
4,17,4.0,5
53,15,2.7777777777777777,6
2,20,2.7,3
2,16,2.9,7
3,14,2.625,4
13,13,3.0,8
4,15,3.3,1
1,18,2.0,4
0,19,1.6666666666666667,6
2,18,2.888888888888889,1
1,19,4.454545454545454,2
0,14,3.0,7
35,15,0.5,8
4,16,2.333333333333333,3
1,15,3.0,5
14,14,2.625,8
0,18,3.2222222222222223,2
0,17,3.0,5
3,16,3.7777777777777777,3
1,15,2.2222222222222223,7
2,20,4.727272727272728,1
1,19,2.2222222222222223,4
5,18,3.7777777777777777,6
0,19,1.5555555555555556,6
4,19,3.5,5
1,16,2.7777777777777777,3
0,14,2.0,7
7,13,2.0,8
2,19,3.7777777777777777,2
2,20,1.7777777777777777,1
2,17,4.111111111111111,4
1,15,2.75,4
0,17,1.375,3
1,17,3.555555555555556,2
1,14,2.555555555555556,6
48,16,3.0,1
11,15,2.5,7
1,11,1.6666666666666667,8
1,17,2.2222222222222223,5
13,15,4.3,6
0,18,5.090909090909091,3
1,16,3.0,7
43,19,3.5,1
0,17,3.111111111111111,2
1,15,2.555555555555556,4
6,9,2.25,8
1,15,3.555555555555556,5
1,15,3.0,4
0,17,3.8,5
3,15,3.0,3
0,14,2.25,6
24,15,2.75,7
2,19,2.5,1
1,20,3.3,2
1,12,1.0,8
0,14,3.0,3
1,16,2.5,5
1,12,2.0,8
1,13,5.0,6
2,19,3.636363636363636,1
0,16,3.25,2
0,16,2.7777777777777777,4
0,15,2.375,7
31,19,1.5555555555555556,3
6,18,3.7,1
0,16,2.4444444444444446,8
13,17,3.555555555555556,2
1,14,3.0,7
38,14,2.0,6
2,15,2.2222222222222223,5
1,15,3.25,4
2,15,3.6,4
34,15,2.333333333333333,5
2,15,3.5,8
6,19,0.7777777777777778,6
0,14,1.9,7
2,21,4.153846153846154,2
2,18,3.2,1
0,15,1.875,3
1,15,2.555555555555556,5
10,15,2.75,3
17,19,1.2222222222222223,7
40,16,3.6,4
2,20,3.8,1
1,14,2.625,6
0,19,2.333333333333333,2
4,14,2.625,8
1,11,2.142857142857143,5
2,14,2.7777777777777777,6
50,12,2.4285714285714284,7
0,17,2.7777777777777777,3
4,11,3.0,8
2,16,3.4444444444444446,4
29,18,2.6666666666666665,1
1,20,3.75,2
1,14,3.125,7
0,17,2.2222222222222223,5
0,21,2.0,2
0,16,2.0,3
1,17,4.818181818181818,4
1,16,3.111111111111111,1
3,15,2.5,6
1,15,2.75,8
1,15,2.25,5
6,15,3.0,2
3,15,1.5,8
0,17,1.375,3
9,16,2.7777777777777777,1
0,13,3.111111111111111,6
0,14,2.888888888888889,7
1,15,3.375,4
4,19,4.4,4
1,16,3.2222222222222223,3
31,18,2.555555555555556,1
10,14,1.8571428571428568,5
0,21,3.0,2
6,14,2.2857142857142856,7
1,14,3.6666666666666665,6
24,16,1.5714285714285714,8
0,16,3.6666666666666665,4
0,16,4.8,6
57,16,3.0,1
29,19,2.7,3
0,15,3.0,7
1,21,1.4444444444444444,2
1,17,2.333333333333333,5
0,14,2.0,8
2,19,2.5,3
1,16,3.2222222222222223,2
50,12,2.0,6
0,11,1.875,8
0,17,3.111111111111111,7
32,18,4.181818181818182,1
3,20,1.25,4
4,14,2.5,5
24,17,1.5,7
0,15,2.25,8
1,14,2.625,4
52,18,2.7777777777777777,1
1,16,2.0,6
51,19,3.4,5
49,19,2.0,3
9,16,3.555555555555556,2
0,18,1.4444444444444444,5
52,18,3.6666666666666665,1
0,18,1.875,2
1,16,2.2222222222222223,4
0,18,3.4444444444444446,3
0,17,2.0,6
1,17,3.0,8
2,14,1.5,7
80,21,5.727272727272728,1
1,15,4.818181818181818,7
0,18,3.4444444444444446,3
0,20,3.272727272727273,2
15,13,3.75,8
0,16,3.0,5
0,16,2.8,6
2,16,2.2222222222222223,4
1,21,1.7777777777777777,1
1,14,2.2222222222222223,6
1,16,5.3,3
32,17,3.1,5
51,18,1.0,7
1,17,2.0,4
0,14,2.375,8
3,16,3.333333333333333,2
13,18,3.3,2
0,13,3.333333333333333,8
0,11,3.75,7
1,19,3.9,1
0,13,3.875,4
4,18,3.4,3
1,17,3.0,6
1,16,2.0,5
3,21,1.8888888888888888,1
0,14,3.6666666666666665,7
0,17,4.1,2
1,16,3.1,6
1,12,2.6666666666666665,8
5,19,3.4,4
1,17,3.2,3
1,17,2.6666666666666665,5
8,20,1.8888888888888888,3
22,14,2.75,7
1,13,2.75,6
3,12,2.625,5
9,16,2.4444444444444446,4
11,19,5.9,1
2,17,2.888888888888889,2
23,16,4.7,8
0,14,3.6,5
0,13,3.0,7
6,17,3.4444444444444446,6
20,14,2.2857142857142856,8
1,17,3.1,1
15,19,1.5,4
0,16,4.0,3
30,16,3.625,2
1,15,2.625,2
35,16,5.3,1
19,17,1.5,8
0,14,3.6666666666666665,4
0,15,2.7777777777777777,3
1,14,3.875,7
3,16,1.75,6
2,15,2.0,5
20,14,3.4444444444444446,8
0,16,3.7,5
1,16,4.111111111111111,1
0,16,2.0,4
1,19,3.0,2
0,17,3.7,3
1,14,2.0,6
25,14,3.6666666666666665,7
29,13,2.0,7
2,15,2.25,8
0,15,2.625,3
1,17,2.4,5
0,21,1.3333333333333333,2
51,14,3.75,4
4,13,2.875,6
6,21,4.076923076923077,1
11,16,4.1,1
10,14,4.444444444444445,8
14,14,3.25,5
53,15,2.5,3
8,15,2.2222222222222223,2
1,16,4.0,7
6,14,2.7777777777777777,4
0,14,3.4444444444444446,6
5,17,3.0,4
1,19,0.625,3
0,21,3.1818181818181817,2
10,12,3.4285714285714284,8
37,13,2.0,7
1,15,3.111111111111111,6
8,20,2.0,1
0,12,2.375,5
1,19,3.6,1
3,17,3.7,5
0,14,2.75,8
1,17,4.1,4
1,17,2.7777777777777777,3
0,16,4.3,7
22,17,2.25,6
8,17,3.4444444444444446,2
6,19,3.8181818181818175,1
0,13,2.375,6
1,16,3.25,4
1,20,3.0,3
1,14,2.625,7
0,15,4.888888888888889,2
1,15,4.1,5
22,17,2.25,7
0,13,1.5714285714285714,8
1,14,5.0,4
1,17,4.090909090909091,3
1,18,0.8571428571428571,5
54,15,2.6666666666666665,2
4,18,3.3,6
11,18,3.555555555555556,1
1,17,3.25,4
3,20,3.7,1
1,16,5.2,2
0,13,3.375,8
49,12,3.0,7
1,18,5.0,3
3,17,3.9,5
0,14,3.5,6
6,17,3.111111111111111,3
2,15,2.4444444444444446,8
35,18,1.625,4
1,15,1.75,5
1,14,2.75,7
0,14,1.5,6
56,20,2.0,1
0,16,2.4444444444444446,2
1,16,3.4444444444444446,7
2,21,4.727272727272728,1
3,21,1.25,6
0,16,2.7777777777777777,3
1,18,2.6666666666666665,5
1,15,2.7777777777777777,2
0,19,1.875,4
40,14,1.5714285714285714,8
10,16,3.111111111111111,6
0,17,4.4,2
42,15,2.375,4
10,11,2.1666666666666665,8
40,17,2.0,3
4,15,4.222222222222222,1
10,13,3.5,5
0,15,2.2222222222222223,7
17,19,3.7,1
6,18,2.333333333333333,2
0,13,2.125,7
0,20,3.727272727272727,4
25,19,2.555555555555556,3
1,17,3.9,6
1,17,5.181818181818182,5
1,14,2.625,8
1,21,2.0,5
1,13,3.375,4
51,14,2.375,7
2,12,2.125,8
11,19,2.555555555555556,1
48,15,2.5,3
1,17,1.75,6
0,17,2.6666666666666665,2
0,16,3.6666666666666665,5
41,12,2.125,8
53,17,2.555555555555556,3
2,16,3.3,2
41,14,3.888888888888889,6
2,18,2.6666666666666665,1
1,16,2.7777777777777777,4
22,13,3.25,7
20,17,2.7777777777777777,4
19,20,4.181818181818182,1
0,17,4.3,2
0,19,4.2727272727272725,3
0,15,1.75,8
19,13,4.5,5
3,17,2.75,7
3,17,3.4,6
2,18,2.7,3
6,19,4.0,5
0,15,4.8,4
22,18,4.3,1
1,17,4.111111111111111,2
20,17,3.6666666666666665,7
1,10,1.6666666666666667,8
51,13,2.0,6
1,15,1.625,7
28,16,2.0,6
1,16,2.75,3
1,19,3.555555555555556,1
0,20,3.363636363636364,2
0,12,1.625,8
0,18,2.0,4
1,12,2.0,5
42,12,3.125,7
19,16,2.375,4
1,19,2.0,3
17,22,3.1818181818181817,2
0,15,4.909090909090909,8
2,17,2.4,5
0,17,4.333333333333333,6
34,42,6.5625,1
26,19,2.6666666666666665,1
1,16,3.7,4
35,15,2.625,3
1,17,1.875,7
9,16,3.0,2
1,14,3.111111111111111,6
28,15,2.375,5
7,12,2.5,8
1,17,2.6666666666666665,5
1,11,2.625,8
0,18,2.4,7
0,15,3.888888888888889,4
1,16,4.2,1
2,16,3.333333333333333,3
0,16,2.2222222222222223,6
2,17,4.111111111111111,2
15,16,2.555555555555556,1
1,13,2.555555555555556,6
3,14,2.625,5
1,17,1.375,8
0,17,3.3,4
0,15,1.625,7
3,17,3.555555555555556,2
1,17,3.555555555555556,3
1,23,4.25,1
15,16,2.0,6
22,16,3.111111111111111,4
6,15,4.0,2
2,12,2.75,8
0,18,3.7,3
10,13,3.625,7
1,19,3.1,5
6,20,3.6,2
40,13,2.571428571428572,5
2,14,2.555555555555556,8
6,21,3.1,1
3,12,4.111111111111111,7
0,19,2.2222222222222223,4
13,18,2.75,3
1,14,3.2222222222222223,6
0,16,2.0,4
1,17,2.333333333333333,6
43,15,5.1,5
0,12,1.8333333333333333,8
2,16,2.125,3
0,15,4.555555555555555,7
5,18,3.111111111111111,2
1,18,3.4444444444444446,1
0,18,1.5555555555555556,5
1,17,3.6,8
29,14,2.0,6
0,16,3.0,7
8,21,3.909090909090909,2
1,15,2.7777777777777777,3
18,15,2.333333333333333,1
3,16,3.7,4
3,16,2.0,5
28,13,2.5,8
1,15,3.555555555555556,6
2,18,3.0,7
5,21,3.5454545454545454,1
4,17,2.555555555555556,3
12,20,3.727272727272727,2
1,14,2.0,6
0,14,2.5,8
4,18,2.6666666666666665,1
1,16,4.5,5
27,15,2.625,7
1,18,3.4444444444444446,2
9,19,4.0,3
2,18,3.6,4
0,19,4.363636363636363,2
41,14,2.5,8
1,13,3.0,4
0,15,3.125,6
0,15,2.7777777777777777,5
11,14,2.75,7
11,20,5.25,1
34,20,1.4444444444444444,3
13,18,0.7142857142857143,6
1,17,3.6,1
0,13,4.1,3
1,11,3.0,8
12,20,1.625,7
0,13,4.555555555555555,5
30,15,2.0,4
0,17,5.7,2
37,13,1.8333333333333333,7
17,15,2.625,6
1,14,3.4,5
0,13,3.555555555555556,8
0,13,3.5,3
4,18,4.818181818181818,2
35,15,2.0,4
1,17,2.7777777777777777,1
53,17,3.6,1
13,13,2.875,8
23,14,1.5714285714285714,7
0,18,2.0,5
0,16,0.5714285714285714,6
2,17,2.8,4
0,17,1.7777777777777777,2
1,19,3.0,3
3,18,3.4444444444444446,2
24,13,3.0,7
5,17,2.888888888888889,5
1,17,3.6,3
2,12,1.875,8
15,14,2.0,6
21,22,4.416666666666667,1
0,19,3.363636363636364,4
1,13,2.7777777777777777,6
1,18,3.5,4
2,17,3.3,1
3,15,2.4444444444444446,5
64,14,2.25,7
0,15,2.125,8
0,16,3.333333333333333,3
4,19,4.090909090909091,2
8,18,3.7777777777777777,2
2,17,2.4444444444444446,5
1,14,3.2,6
0,14,2.625,7
0,16,5.1,3
0,14,3.3,4
1,21,4.0,1
1,13,2.5,8
4,20,3.3,1
0,14,2.0,8
0,16,2.555555555555556,7
47,13,2.625,6
0,16,2.0,5
0,21,1.6666666666666667,2
1,17,1.8888888888888888,3
0,17,3.0,4
2,17,4.0,3
0,18,2.555555555555556,8
1,18,1.5,5
0,16,2.6666666666666665,7
1,16,3.6,4
6,19,4.090909090909091,2
0,14,2.0,6
9,17,3.0,1
30,13,3.125,7
1,19,3.636363636363636,1
5,22,3.4545454545454546,3
2,18,4.0,5
0,17,1.375,6
1,15,3.111111111111111,4
1,19,2.7777777777777777,2
2,15,1.0,8
3,15,2.7,6
0,15,4.9,4
1,18,3.3,1
3,15,2.333333333333333,8
1,14,2.5,7
0,16,3.0,3
0,20,3.3,5
1,18,2.6666666666666665,2
1,21,3.5454545454545454,1
30,18,2.7777777777777777,4
0,18,4.0,7
1,19,4.181818181818182,5
0,17,1.0,6
0,19,3.363636363636364,3
1,20,2.0,2
38,14,2.555555555555556,8
0,15,4.111111111111111,2
31,17,1.875,5
18,14,3.0,7
6,18,1.625,6
0,17,3.555555555555556,3
2,18,3.8,1
31,17,1.1428571428571428,8
28,18,3.6,4
2,13,2.142857142857143,8
0,17,4.636363636363637,4
5,16,3.1,6
1,20,4.0,2
1,17,5.727272727272728,5
0,21,1.7777777777777777,3
1,20,3.2222222222222223,1
0,16,3.0,7
14,15,1.5714285714285714,5
0,12,3.888888888888889,7
5,17,4.1,4
1,19,5.363636363636363,1
0,17,3.7777777777777777,3
0,10,4.375,8
0,17,4.1,2
0,16,2.333333333333333,6
9,13,3.333333333333333,7
2,22,3.4545454545454546,1
0,19,3.363636363636364,3
0,17,2.7777777777777777,4
0,13,4.0,8
0,19,2.6666666666666665,2
0,14,2.625,5
0,14,3.111111111111111,6
1,17,3.7,4
1,16,2.7777777777777777,7
0,15,3.3,8
0,18,2.888888888888889,2
0,16,2.0,6
0,22,1.5555555555555556,3
1,17,3.5,5
4,17,3.4,1
1,18,4.090909090909091,7
1,13,4.0,6
2,15,3.111111111111111,5
0,16,3.4,4
6,16,2.888888888888889,1
2,18,2.6666666666666665,2
1,17,3.6,8
0,23,2.0,3
1,14,1.875,3
2,20,4.2727272727272725,1
0,19,4.818181818181818,2
4,21,4.909090909090909,8
1,14,3.555555555555556,5
27,18,5.0,4
0,14,2.6666666666666665,6
16,14,3.75,7
2,16,2.6666666666666665,7
2,17,3.333333333333333,4
0,15,3.25,5
0,16,3.8181818181818175,6
0,15,2.4444444444444446,3
1,15,3.6666666666666665,1
1,19,3.7,2
4,15,1.4285714285714286,8
5,12,4.0,5
0,16,3.2222222222222223,3
1,15,3.333333333333333,6
1,15,3.6666666666666665,8
4,15,4.333333333333333,4
0,18,3.111111111111111,2
0,18,1.875,7
2,37,6.222222222222222,1
4,17,3.333333333333333,2
2,21,3.6,4
3,16,3.555555555555556,7
0,15,5.0,5
50,17,0.8571428571428571,8
5,21,5.0,1
3,14,3.5,6
0,17,2.7777777777777777,3
0,16,2.888888888888889,6
1,17,3.4,7
37,18,3.111111111111111,1
3,17,3.9,3
0,15,3.333333333333333,8
0,14,3.875,5
5,19,2.375,2
24,20,2.0,4
1,13,3.0,8
0,19,3.4,2
0,22,1.7777777777777777,3
31,16,0.2857142857142857,7
2,20,1.6666666666666667,4
0,13,2.75,6
54,17,3.6,1
1,16,3.7,5
2,15,2.25,8
6,20,2.0,1
3,14,3.333333333333333,5
0,19,1.75,2
3,14,2.4444444444444446,6
12,18,1.8888888888888888,4
0,14,2.625,7
1,16,3.4444444444444446,3
0,16,3.5,5
5,9,3.111111111111111,8
3,16,1.7142857142857142,7
6,23,5.25,1
0,18,2.4,3
1,13,2.4285714285714284,6
13,14,3.4444444444444446,4
1,19,4.0,2
0,6,2.75,8
2,14,4.0,6
1,17,2.7,7
12,16,3.888888888888889,3
0,17,4.3,2
1,20,3.0,5
5,17,2.555555555555556,4
1,20,4.545454545454546,1
1,12,2.888888888888889,7
10,13,2.857142857142857,5
36,15,1.7142857142857142,8
52,14,4.0,6
1,16,2.888888888888889,1
1,15,3.555555555555556,2
0,16,2.2222222222222223,4
0,16,2.25,3
1,16,3.4444444444444446,2
27,15,2.0,6
1,15,2.375,5
2,18,3.3,1
2,19,3.0,4
71,14,0.6666666666666666,8
1,20,4.727272727272728,3
0,12,3.375,7
4,16,3.0,3
4,17,3.8,6
0,14,2.888888888888889,7
0,12,3.888888888888889,8
1,20,1.75,4
25,15,3.2222222222222223,1
24,16,4.4,2
0,17,4.4,5
14,16,3.7777777777777777,6
1,14,5.333333333333333,2
30,15,2.888888888888889,7
2,21,3.1,1
1,13,3.0,8
23,14,2.0,5
0,19,1.75,3
1,17,2.25,4
13,14,3.0,6
8,13,2.7142857142857144,8
1,15,3.4444444444444446,3
1,17,4.2,2
0,13,4.222222222222222,7
1,21,1.6666666666666667,1
2,12,5.5,5
29,16,3.0,4
24,20,1.0,4
7,12,1.8333333333333333,8
4,22,4.363636363636363,1
36,19,1.1428571428571428,7
0,19,4.636363636363637,3
1,15,3.333333333333333,2
1,16,3.2222222222222223,6
1,17,1.375,5
24,16,1.4285714285714286,7
1,14,2.625,5
40,17,2.888888888888889,3
5,19,3.6,1
42,18,2.625,4
31,14,2.5,6
5,14,3.333333333333333,8
1,19,3.5,2
0,17,3.0,2
7,16,2.375,5
0,17,2.0,6
0,21,3.2,3
13,14,2.0,7
0,14,3.555555555555556,4
5,17,3.7,1
23,12,1.3333333333333333,8
0,13,2.555555555555556,6
1,16,2.888888888888889,1
1,13,3.625,3
1,14,4.222222222222222,8
1,16,2.125,4
2,14,4.0,2
1,14,2.75,7
13,15,2.375,5
6,15,4.4,5
1,18,3.6,1
4,17,2.4444444444444446,6
0,19,2.7777777777777777,2
0,16,5.0,4
3,17,4.454545454545454,3
4,8,2.25,8
0,12,2.75,7
0,18,3.0,2
1,17,2.0,4
1,16,4.090909090909091,8
13,16,2.5,6
10,17,2.5,3
1,19,4.181818181818182,1
39,15,3.6666666666666665,5
9,14,1.5714285714285714,7
0,17,1.7777777777777777,7
0,16,3.7,4
1,16,2.333333333333333,8
4,19,2.5,2
2,16,3.636363636363636,1
5,21,3.8181818181818175,3
50,16,3.7777777777777777,5
7,21,3.4,6
7,15,3.6666666666666665,7
44,15,3.125,5
1,16,3.555555555555556,6
0,15,2.75,3
8,16,2.888888888888889,2
4,15,2.75,8
1,18,2.0,4
51,18,3.2,1
51,12,3.125,8
1,16,2.0,3
49,20,3.1,4
1,17,3.111111111111111,2
24,15,1.5714285714285714,5
0,15,2.555555555555556,7
0,19,3.0,6
84,16,2.888888888888889,1
51,14,2.0,6
3,17,2.7777777777777777,5
1,14,2.375,8
9,18,2.625,1
0,17,3.111111111111111,2
1,17,3.2222222222222223,4
1,16,3.555555555555556,3
1,12,4.555555555555555,7
11,12,2.4444444444444446,7
7,18,3.2222222222222223,3
0,17,2.7777777777777777,4
0,18,2.0,2
0,17,3.111111111111111,5
2,12,2.875,8
52,17,3.7,1
2,16,2.7777777777777777,6
0,14,1.8571428571428568,8
1,15,4.1,6
0,16,2.888888888888889,3
21,15,2.375,5
7,16,2.2222222222222223,4
1,13,2.375,7
35,20,2.6666666666666665,2
1,21,3.6666666666666665,1
5,19,4.545454545454546,5
1,19,2.111111111111111,4
1,17,2.6666666666666665,3
1,16,3.2222222222222223,2
50,10,3.25,6
0,12,3.625,8
0,15,2.0,7
1,16,3.2222222222222223,1
0,15,2.0,5
4,14,3.9,8
0,14,2.333333333333333,7
20,20,3.6,2
1,15,4.5,6
3,19,3.727272727272727,1
1,21,2.2222222222222223,4
0,16,3.888888888888889,3
59,19,3.3,3
25,14,2.75,5
3,14,2.555555555555556,8
2,19,3.5454545454545454,2
1,12,2.0,6
2,15,3.5,1
3,20,4.25,7
0,16,4.2727272727272725,4
1,13,3.25,5
1,18,3.3,2
0,14,1.7777777777777777,7
1,15,2.625,6
2,16,1.8888888888888888,4
1,19,3.7,3
2,15,3.333333333333333,1
0,11,1.3333333333333333,8
1,15,4.333333333333333,6
3,12,2.625,8
2,18,3.090909090909091,4
1,12,3.0,7
0,18,3.8,2
1,19,2.555555555555556,1
1,18,2.2222222222222223,3
0,12,4.0,5
1,15,3.5,4
0,13,2.0,8
7,12,3.0,6
2,16,2.555555555555556,1
0,17,3.375,5
1,17,4.0,2
22,18,2.6666666666666665,3
2,14,3.333333333333333,7
1,15,2.625,6
2,19,3.4545454545454546,3
0,12,3.0,7
21,15,1.1428571428571428,5
4,21,4.363636363636363,4
0,16,2.4,1
4,14,3.7,8
0,18,2.7777777777777777,2
54,15,1.625,7
0,17,3.6,5
0,17,2.888888888888889,4
0,11,2.2857142857142856,8
1,16,2.6,3
13,18,2.6666666666666665,1
5,13,2.125,6
27,18,2.888888888888889,2
18,17,3.3,1
3,17,2.888888888888889,2
5,15,1.5,8
10,16,3.636363636363636,7
0,16,3.7,5
33,18,3.3,3
4,14,3.8,4
61,15,2.111111111111111,6
7,23,5.25,1
0,14,2.875,4
0,14,2.375,6
1,13,3.125,7
1,16,3.111111111111111,5
2,18,3.5454545454545454,3
0,12,3.375,8
1,19,3.2,2
2,19,3.5,1
0,16,3.555555555555556,5
1,15,2.6666666666666665,2
51,16,2.875,3
2,22,1.2222222222222223,6
41,19,4.3,4
0,13,2.0,7
5,14,2.375,8
0,12,2.555555555555556,6
1,20,4.916666666666667,2
0,16,1.75,5
3,16,2.2222222222222223,4
0,17,3.4,3
6,20,2.111111111111111,1
1,14,2.333333333333333,8
0,15,2.0,7
5,15,3.333333333333333,5
11,15,2.375,7
7,18,4.3,8
12,19,1.5555555555555556,4
1,15,3.375,2
1,19,4.0,1
3,17,4.909090909090909,3
1,14,3.0,6
0,12,2.1666666666666665,6
0,19,1.5555555555555556,4
0,16,2.25,3
3,18,2.888888888888889,1
1,14,3.125,5
4,17,4.727272727272728,2
21,15,1.2857142857142858,8
0,14,1.875,7
2,20,4.090909090909091,4
0,16,2.888888888888889,2
0,21,2.3,3
1,13,2.125,8
18,18,3.4444444444444446,1
1,14,2.75,6
0,16,3.6,5
0,12,4.375,7
1,13,2.0,7
3,12,4.75,6
3,16,3.6666666666666665,3
2,18,3.2,1
1,16,2.0,8
39,18,3.4,4
0,19,3.1,5
3,17,3.333333333333333,2
0,14,3.9,8
14,20,3.4,1
1,17,3.555555555555556,2
12,23,4.666666666666667,3
1,14,3.7,7
35,17,2.888888888888889,4
1,17,4.3,5
0,16,4.9,6
0,14,3.125,8
2,13,3.5,7
0,17,2.571428571428572,4
1,19,4.090909090909091,2
0,20,1.7777777777777777,3
1,15,4.0,1
11,18,4.8,5
51,14,2.875,6
3,24,3.9166666666666665,1
2,17,4.0,4
0,14,2.7777777777777777,5
0,21,2.4444444444444446,2
4,15,4.090909090909091,7
34,14,2.0,6
2,12,3.5,8
2,23,2.909090909090909,3
3,14,2.2222222222222223,6
44,14,2.2857142857142856,7
3,10,3.0,8
1,17,3.0,3
17,15,4.125,2
37,17,3.7777777777777777,5
6,21,4.0,1
1,15,4.444444444444445,4
34,13,4.0,7
2,16,3.125,4
9,16,3.8,5
28,11,2.875,8
0,14,4.2,3
0,16,3.5,6
1,22,3.1818181818181817,1
1,18,4.0,2
10,19,2.0,4
20,16,0.1666666666666666,7
39,15,2.0,6
1,12,1.1666666666666667,8
28,17,2.9,5
2,19,2.7,1
5,19,4.454545454545454,2
1,16,2.555555555555556,3
3,16,2.0,6
11,16,1.5,5
31,13,2.0,4
0,16,1.75,8
1,20,4.090909090909091,3
2,18,2.7777777777777777,1
9,17,3.2222222222222223,2
5,14,3.0,7
1,15,3.0,5
2,20,2.0,2
3,15,3.6666666666666665,7
48,15,3.25,4
15,21,2.333333333333333,1
0,14,2.5,6
0,10,4.0,8
14,19,3.5,3
5,19,2.3,2
3,14,2.888888888888889,7
0,17,3.6,4
29,19,3.111111111111111,3
1,15,2.2222222222222223,6
1,15,2.888888888888889,5
1,13,2.25,8
2,19,4.1,1
27,16,1.1666666666666667,5
14,17,1.7142857142857142,6
2,15,2.7777777777777777,3
1,10,3.0,8
50,16,3.111111111111111,4
52,17,3.0,1
0,8,2.5,7
1,15,4.7,2
0,19,4.0,5
3,12,4.0,8
0,16,2.4444444444444446,3
1,19,3.3,2
4,14,2.75,7
3,21,3.272727272727273,4
0,15,3.3,6
2,17,4.181818181818182,1
1,16,2.2222222222222223,5
40,15,3.4444444444444446,4
1,17,2.888888888888889,1
0,17,3.0,2
0,14,2.7777777777777777,8
5,17,4.5,6
1,20,1.3333333333333333,7
3,19,4.2,3
0,18,2.875,6
1,21,5.0,1
2,15,2.7777777777777777,5
0,6,4.0,2
55,22,1.7777777777777777,3
3,20,4.4,4
0,14,2.25,8
0,15,3.2222222222222223,7
1,12,2.0,7
1,13,4.555555555555555,2
1,15,3.4444444444444446,5
0,15,4.0,4
54,14,3.333333333333333,6
1,15,3.888888888888889,3
0,12,2.125,8
2,18,3.8,1
3,16,3.4,3
1,19,3.0,6
1,14,2.4285714285714284,7
1,14,2.0,8
1,18,3.2222222222222223,1
0,16,3.9,5
2,18,3.4444444444444446,2
1,17,2.7777777777777777,4
0,14,4.0,7
1,15,2.8,4
0,14,2.75,8
1,15,3.555555555555556,3
2,19,2.111111111111111,1
5,16,3.6666666666666665,5
0,16,3.1,6
0,20,3.3,2
1,17,2.2222222222222223,2
1,13,3.0,6
1,14,4.4,8
10,16,2.333333333333333,4
45,17,2.7777777777777777,1
0,18,2.111111111111111,5
1,14,3.4444444444444446,7
8,22,2.4444444444444446,3
2,18,3.6,5
4,17,2.888888888888889,2
3,15,2.888888888888889,6
0,13,2.75,8
6,23,3.75,1
16,19,1.5,7
3,18,3.4,3
18,19,3.9,4
13,12,2.4285714285714284,7
10,17,3.375,3
30,17,2.75,5
4,13,2.142857142857143,8
1,18,3.6666666666666665,1
0,16,2.555555555555556,4
4,14,1.2857142857142858,6
1,15,4.111111111111111,2
1,22,2.7,2
1,12,2.375,8
1,18,3.4,1
5,15,3.125,5
1,19,1.875,3
23,18,1.3333333333333333,4
1,15,2.75,7
12,16,2.0,6
40,17,2.75,3
3,18,3.7,1
0,20,3.8181818181818175,2
1,17,4.0,5
1,18,3.0,4
4,20,3.8333333333333335,6
0,17,3.727272727272727,7
0,15,2.7777777777777777,8
1,15,2.375,8
1,18,3.4545454545454546,1
0,16,1.5,5
9,15,4.75,4
0,15,1.7142857142857142,6
0,16,3.2222222222222223,2
0,14,3.4444444444444446,7
0,16,3.111111111111111,3
18,19,2.888888888888889,7
2,18,4.2,4
2,15,3.333333333333333,6
3,22,2.2222222222222223,5
10,16,3.6666666666666665,8
2,20,4.0,1
0,16,3.7777777777777777,3
25,19,3.1,2
0,17,3.111111111111111,5
0,17,3.0,2
0,17,1.5,4
0,14,2.0,8
3,17,4.6,1
0,16,2.4444444444444446,6
0,17,3.6666666666666665,3
25,14,2.142857142857143,7
45,17,3.2222222222222223,4
2,17,3.375,3
4,19,3.6,5
6,18,5.818181818181818,1
0,13,2.375,7
41,15,1.4285714285714286,6
50,13,0.8571428571428571,8
1,17,4.1,2
1,17,3.0,4
30,14,0.8571428571428571,8
5,17,4.6,1
1,16,3.4444444444444446,2
3,16,2.25,5
0,19,4.636363636363637,3
1,18,3.7,6
0,15,3.555555555555556,7
12,14,2.888888888888889,5
1,14,2.0,4
6,17,3.7,2
2,19,4.454545454545454,1
2,14,2.2222222222222223,6
0,17,2.7777777777777777,3
4,16,4.545454545454546,8
9,12,3.375,7
40,19,3.8,3
1,16,3.5,6
4,14,3.0,7
2,15,2.2222222222222223,8
6,15,2.0,2
2,16,4.2,5
5,20,2.2,4
9,19,3.3,1
0,18,2.4444444444444446,2
2,17,2.555555555555556,1
4,15,1.5,8
0,15,2.25,7
1,16,3.3,5
4,11,2.7142857142857144,6
0,15,2.888888888888889,4
0,15,4.333333333333333,3
18,15,3.25,4
1,19,3.1,5
0,16,1.3333333333333333,7
8,18,3.4,2
2,17,2.888888888888889,1
22,16,4.111111111111111,3
1,15,2.7777777777777777,6
1,15,2.0,8
2,16,3.555555555555556,1
8,18,3.8,3
2,16,2.6666666666666665,4
45,14,2.625,5
9,18,4.8,2
7,18,1.75,6
2,13,2.0,8
4,17,1.25,7
1,16,3.0,5
0,21,3.4545454545454546,2
0,14,3.7,6
0,16,3.3,3
1,17,1.5555555555555556,7
1,12,5.0,8
0,16,3.4,4
46,18,3.4,1
1,17,1.8888888888888888,7
1,18,2.7777777777777777,2
12,15,3.0,6
0,18,1.375,3
23,18,0.8571428571428571,5
1,18,2.0,4
1,17,2.25,1
0,18,4.0,8
1,17,3.333333333333333,3
35,17,3.333333333333333,7
49,16,2.5,4
1,16,3.7777777777777777,2
1,12,4.125,5
30,11,4.222222222222222,8
32,17,2.75,1
1,16,3.8,6
2,19,3.4,4
2,19,3.0,1
0,16,3.555555555555556,5
0,18,2.2222222222222223,3
11,17,4.8,2
1,13,2.25,7
10,17,0.8571428571428571,6
53,13,2.375,8
42,20,2.2222222222222223,3
42,14,2.375,6
0,16,2.125,5
3,22,4.416666666666667,1
0,18,2.7,2
3,17,3.6,4
14,13,1.6666666666666667,7
1,14,1.7142857142857142,8
0,14,3.2222222222222223,2
0,16,3.0,7
1,15,3.4444444444444446,1
1,11,2.0,8
28,13,1.7142857142857142,5
1,18,2.125,3
20,14,4.0,6
39,15,2.0,4
17,19,4.090909090909091,3
1,16,3.555555555555556,2
1,20,3.8,1
20,13,3.0,7
7,15,2.75,8
0,15,4.090909090909091,6
1,19,2.9,4
30,16,0.7142857142857143,5
44,15,2.25,7
2,16,3.7,5
1,18,3.7,4
2,15,3.555555555555556,3
30,15,1.7142857142857142,8
15,18,2.7777777777777777,1
4,16,4.333333333333333,2
0,17,3.4,6
34,20,4.0,1
62,17,4.1,3
23,16,2.25,6
49,15,2.75,8
0,18,2.1,2
3,18,2.4444444444444446,7
21,16,2.0,4
0,17,3.5,5
1,14,2.9,8
0,14,3.25,4
0,19,4.090909090909091,3
1,18,4.727272727272728,1
0,15,3.111111111111111,7
2,15,3.0,5
1,15,2.25,6
1,19,3.333333333333333,2
1,18,2.75,5
0,17,2.4444444444444446,4
0,19,3.3,2
0,16,2.6,6
1,21,1.3333333333333333,1
20,12,1.7142857142857142,8
0,18,3.9,3
2,17,4.1,7
0,15,2.0,8
2,19,4.0,1
1,19,2.5,3
3,20,3.4,5
8,15,2.333333333333333,6
2,14,2.571428571428572,7
1,18,4.181818181818182,2
0,21,1.375,4
1,14,2.75,8
2,17,3.555555555555556,1
3,13,3.625,4
1,18,2.6666666666666665,5
9,18,3.7,7
0,18,4.4,2
3,18,1.4444444444444444,3
50,15,3.4444444444444446,6
1,19,4.727272727272728,2
2,24,4.153846153846154,1
35,13,2.875,7
1,16,3.8,4
23,17,3.111111111111111,6
15,16,2.375,5
1,19,2.0,3
19,12,2.0,8
1,18,1.5,4
4,20,1.8888888888888888,3
1,16,3.7,1
0,16,2.888888888888889,6
0,17,3.090909090909091,8
2,16,2.8,5
1,17,2.75,2
0,15,2.375,7
0,20,2.4444444444444446,2
0,14,4.0,7
1,13,3.0,6
4,16,3.8,3
1,20,3.6,1
25,15,1.0,8
1,19,2.7,5
26,18,1.625,4
7,17,3.333333333333333,2
5,11,3.0,8
0,16,3.2,7
1,12,2.625,6
1,17,2.125,5
14,18,3.6,3
5,20,3.4545454545454546,1
1,16,4.7,4
0,14,3.0,7
53,18,2.0,4
0,14,2.0,8
0,17,3.1,2
1,20,4.454545454545454,3
0,17,2.25,5
11,16,2.0,6
5,15,3.111111111111111,1
12,14,3.625,6
0,18,1.875,4
0,16,3.6,5
1,16,4.8,1
0,12,2.142857142857143,7
0,17,4.1,2
3,12,2.5,8
41,16,3.111111111111111,1
28,16,2.5,4
1,8,1.8571428571428568,8
1,16,3.5,6
1,20,2.111111111111111,3
1,14,3.375,5
0,18,2.333333333333333,2
0,13,3.7777777777777777,7
1,15,2.875,7
2,17,3.6666666666666665,1
15,15,3.111111111111111,6
0,21,4.25,2
1,15,3.125,4
4,15,3.0,5
2,18,3.2,3
1,16,3.3,8
0,16,3.2,3
0,16,3.8,7
1,17,2.888888888888889,4
3,14,2.25,6
0,18,3.375,2
1,18,3.888888888888889,1
0,14,2.125,5
2,11,3.5,8
1,16,2.7777777777777777,8
0,14,3.0,6
15,20,2.555555555555556,1
2,16,2.2222222222222223,4
5,18,2.333333333333333,2
1,19,2.25,3
1,18,3.1,7
1,16,3.5,5
3,13,1.8571428571428568,8
9,14,2.625,6
29,18,2.0,2
53,17,2.0,5
1,18,3.4,4
53,17,2.555555555555556,3
14,18,2.2222222222222223,1
0,14,1.7142857142857142,7
1,15,2.7,6
3,14,2.625,7
0,19,2.888888888888889,3
0,15,2.625,5
1,14,2.6,4
32,18,3.4444444444444446,1
0,14,2.8,8
4,17,2.0,2
2,18,3.0,1
0,14,3.0,3
6,11,2.125,8
1,15,3.6666666666666665,4
0,16,4.2727272727272725,5
1,18,2.6,2
1,14,3.7,6
29,14,1.2857142857142858,7
4,16,3.0,2
0,13,2.5,8
22,17,3.111111111111111,3
2,18,2.8181818181818183,1
0,14,3.0,5
40,14,2.625,7
0,17,3.7,4
1,16,3.4444444444444446,6
1,15,3.4444444444444446,4
9,13,3.6666666666666665,3
0,16,3.111111111111111,1
3,18,3.1,7
2,15,3.2222222222222223,5
50,13,4.666666666666667,6
1,18,1.4444444444444444,2
20,14,3.0,8
0,16,2.25,6
4,14,3.333333333333333,3
2,18,2.875,4
2,12,2.125,7
1,13,3.7777777777777777,5
26,17,4.6,1
0,16,4.444444444444445,2
1,18,2.6666666666666665,3
1,14,2.75,8
2,14,2.375,5
1,16,1.375,6
23,16,2.6666666666666665,4
6,19,2.4444444444444446,2
1,20,5.2727272727272725,1
1,12,2.555555555555556,7
22,16,1.75,5
0,17,2.9,6
39,15,2.625,2
0,16,2.2222222222222223,4
40,18,3.0,7
1,16,4.4,1
1,14,2.625,8
3,15,3.375,3
5,15,3.7,5
1,17,3.8,6
0,21,3.5,2
5,18,2.7777777777777777,1
0,18,3.6,3
1,14,3.333333333333333,7
0,17,2.0,4
0,15,1.875,8
0,16,2.6666666666666665,2
1,13,3.5,5
1,15,2.555555555555556,7
1,19,1.25,3
1,16,2.75,1
0,16,1.8888888888888888,8
37,15,2.875,6
10,15,5.0,4
1,16,1.0,8
4,16,3.4444444444444446,3
2,15,2.875,7
9,14,2.5,5
0,17,2.555555555555556,2
1,17,3.6,4
53,15,3.333333333333333,6
1,22,2.2222222222222223,1
36,16,2.888888888888889,3
3,13,2.0,6
0,13,4.0,4
50,11,0.7142857142857143,8
5,19,2.6666666666666665,1
3,12,2.555555555555556,5
1,19,3.5,2
53,16,3.333333333333333,7
3,15,3.125,6
1,20,3.0,3
4,17,3.5,4
3,18,3.111111111111111,7
4,17,3.5,5
2,17,2.6666666666666665,1
1,16,3.2222222222222223,8
1,17,2.6,2
0,17,3.8,6
0,18,2.888888888888889,7
13,17,3.555555555555556,1
0,17,2.75,3
0,14,2.142857142857143,5
1,13,2.6666666666666665,8
0,19,4.4,2
0,14,2.7777777777777777,4
60,17,2.0,4
0,17,2.2222222222222223,5
1,14,2.75,6
6,19,3.7,1
0,17,3.2222222222222223,3
0,16,4.0,2
8,15,3.111111111111111,7
1,12,3.5,8
1,14,4.0,1
1,17,3.333333333333333,3
0,17,3.2222222222222223,2
1,15,2.0,8
3,14,1.875,4
50,15,4.9,6
31,13,2.0,7
1,13,2.888888888888889,5
3,16,2.875,5
1,17,3.6,4
0,15,3.555555555555556,3
19,15,3.0,8
2,20,3.3,1
1,14,1.4285714285714286,6
0,11,2.833333333333333,7
1,24,4.0,2
0,20,3.363636363636364,3
8,21,3.636363636363636,2
0,16,3.363636363636364,7
1,11,3.111111111111111,8
53,18,2.888888888888889,4
1,18,3.5,1
10,18,2.2222222222222223,6
0,17,1.75,5
0,15,2.4444444444444446,5
0,15,1.5714285714285714,6
1,14,2.75,3
1,14,3.0,8
9,16,3.375,2
0,12,2.375,7
23,14,4.0,4
23,22,4.666666666666667,1
0,18,3.636363636363636,7
49,16,3.555555555555556,3
0,16,4.0,4
8,20,4.090909090909091,2
0,17,1.2222222222222223,5
1,15,3.3,8
2,17,3.6,6
1,17,3.555555555555556,1
35,15,2.888888888888889,6
1,19,3.1,3
10,15,3.333333333333333,8
1,14,3.2222222222222223,4
1,12,4.222222222222222,7
0,20,2.3,1
0,19,3.727272727272727,2
0,13,3.0,5
1,16,3.6666666666666665,6
1,15,3.6666666666666665,2
0,12,2.0,7
10,18,2.6,1
0,15,2.0,4
42,17,3.4444444444444446,3
2,17,1.2857142857142858,8
1,17,3.0,5
2,21,4.090909090909091,1
1,14,2.6666666666666665,5
0,13,4.6,3
0,16,2.888888888888889,2
1,15,2.125,6
1,16,2.875,4
1,16,1.1428571428571428,7
0,11,1.6666666666666667,8
1,17,2.6666666666666665,6
1,19,2.6666666666666665,1
57,18,4.2,4
3,15,2.9,8
1,17,5.181818181818182,5
56,19,3.0,3
0,20,2.2222222222222223,2
2,17,3.0,7
1,20,3.0,4
7,13,1.625,8
1,14,2.5,7
5,21,2.333333333333333,1
0,15,2.111111111111111,5
43,14,2.625,6
1,16,2.6666666666666665,2
4,19,3.8,3
1,15,1.875,8
36,18,3.9,2
0,17,2.333333333333333,3
2,15,4.5,5
2,17,3.7,1
4,15,2.0,6
24,16,2.888888888888889,4
53,16,2.125,7
5,12,2.125,8
1,17,3.8,3
20,15,1.1428571428571428,6
1,14,2.571428571428572,4
3,17,3.2222222222222223,2
4,21,4.181818181818182,1
9,13,2.875,5
5,11,1.1666666666666667,7
0,16,2.0,2
2,11,4.111111111111111,8
6,20,4.090909090909091,4
1,17,2.0,5
4,15,3.2222222222222223,3
12,19,3.0,1
8,15,2.0,6
30,16,0.6666666666666666,7
4,19,4.090909090909091,4
52,13,2.375,8
1,12,2.7142857142857144,6
0,20,2.4444444444444446,3
3,14,2.75,7
0,17,2.75,2
55,17,2.888888888888889,1
1,17,1.625,5
1,19,4.363636363636363,3
10,20,1.25,7
0,16,4.0,5
11,14,3.0,6
5,19,3.1,1
43,18,3.9,4
1,19,2.8,8
0,17,3.111111111111111,2
45,20,5.2727272727272725,1
1,15,2.625,7
0,20,1.8888888888888888,2
1,14,3.125,4
99,13,3.375,8
0,16,2.111111111111111,5
1,14,1.8571428571428568,6
2,15,3.2222222222222223,3
0,15,4.0,6
5,15,2.0,7
0,20,1.7777777777777777,2
0,18,4.727272727272728,4
1,10,2.333333333333333,8
1,17,4.3,1
1,16,2.555555555555556,3
23,15,2.375,5
1,20,1.25,5
3,16,4.636363636363637,4
1,15,2.2222222222222223,6
1,16,4.2,3
12,17,3.7,1
0,17,3.555555555555556,2
0,12,2.375,7
0,13,2.25,8
0,12,2.0,8
0,15,3.6666666666666665,5
1,18,1.875,4
1,21,2.6,2
0,13,3.111111111111111,3
2,19,3.7,1
30,16,3.4444444444444446,7
0,14,3.0,6
0,19,1.625,6
4,16,4.0,1
1,15,3.2222222222222223,3
0,18,4.8,5
1,10,2.1666666666666665,8
1,14,3.333333333333333,4
0,21,1.2222222222222223,2
10,19,3.6,7
0,17,2.75,3
3,14,3.888888888888889,2
7,13,1.4285714285714286,6
0,12,2.375,8
1,17,3.111111111111111,1
0,16,3.0,5
32,12,2.4285714285714284,7
1,15,1.4285714285714286,4
1,14,3.6666666666666665,5
0,13,1.5714285714285714,8
1,16,2.4444444444444446,6
3,15,3.5,1
0,17,2.8,3
0,17,2.8,4
0,16,3.6,2
0,15,3.7,7
0,11,2.75,6
3,20,1.6666666666666667,3
0,18,2.555555555555556,4
2,16,3.125,1
2,13,2.375,8
0,13,2.625,5
3,14,2.0,7
1,20,3.363636363636364,2
3,15,2.0,7
6,18,3.0,3
1,18,3.0,6
5,14,3.0,8
2,20,1.8888888888888888,2
2,21,1.6666666666666667,4
17,17,4.0,5
6,20,3.7,1
20,14,1.7142857142857142,7
13,21,3.8,1
21,16,3.0,2
1,17,3.4444444444444446,4
1,18,3.111111111111111,6
1,16,3.333333333333333,8
0,16,3.6,5
0,16,3.4444444444444446,3
0,15,3.2222222222222223,4
0,11,2.75,7
1,17,1.5,5
2,15,2.75,6
0,19,3.3,2
8,16,2.7777777777777777,3
11,21,4.727272727272728,1
1,10,2.375,8
11,22,4.090909090909091,2
0,15,3.6666666666666665,6
4,16,2.0,4
3,15,4.111111111111111,3
47,16,2.25,7
16,18,3.2,1
13,14,4.8,5
0,13,3.333333333333333,8
1,15,3.555555555555556,4
2,19,1.8888888888888888,2
0,16,1.75,3
1,14,4.111111111111111,6
0,18,1.5,8
37,20,0.8888888888888888,5
0,16,2.0,7
41,18,3.2,1
4,16,4.6,2
0,14,2.4444444444444446,7
1,14,2.375,8
21,14,2.4444444444444446,6
0,20,2.909090909090909,3
1,15,3.6666666666666665,5
7,13,3.0,1
1,16,1.75,4
33,15,2.5,5
0,16,3.8,8
4,16,2.4444444444444446,4
1,14,3.0,1
11,17,3.4,3
52,15,2.375,6
4,20,0.5,7
23,15,4.0,2
0,18,3.0,7
12,19,1.875,3
29,17,3.2222222222222223,1
40,13,2.0,6
0,11,2.4285714285714284,8
0,22,1.3333333333333333,2
1,19,3.333333333333333,4
1,15,2.555555555555556,5
16,19,3.8181818181818175,4
4,18,3.6,1
1,18,3.5,3
0,14,2.625,2
1,14,2.75,6
1,14,4.111111111111111,7
2,12,3.0,8
3,15,3.2,5
1,16,2.888888888888889,4
62,19,2.888888888888889,2
1,16,4.8,1
3,18,2.6666666666666665,6
2,13,2.875,8
3,16,4.2,3
1,15,3.0,7
1,14,3.2222222222222223,5
16,14,1.3333333333333333,8
1,14,2.5,6
22,18,2.375,3
2,14,1.8571428571428568,7
5,15,3.6666666666666665,2
10,15,2.6666666666666665,4
0,18,1.125,5
33,18,4.090909090909091,1
1,13,4.5,4
0,15,3.6,2
0,13,1.5714285714285714,6
0,20,4.916666666666667,3
2,15,2.555555555555556,1
1,12,1.1666666666666667,8
0,14,4.2,7
56,14,2.125,5
0,17,3.5,4
4,17,2.888888888888889,2
0,11,3.0,7
1,19,3.3,5
2,17,4.0,3
1,12,2.25,8
1,12,3.0,6
11,18,2.625,1
9,19,3.909090909090909,1
3,17,4.363636363636363,6
1,12,2.75,7
1,19,4.0,3
4,17,4.222222222222222,5
0,15,2.888888888888889,8
0,13,3.375,4
0,17,3.6,2
1,14,3.7777777777777777,8
20,21,1.2222222222222223,4
0,19,4.0,3
12,13,2.875,6
1,14,3.2222222222222223,7
34,17,4.3,1
1,17,3.111111111111111,2
0,16,3.1,5
0,10,2.375,8
2,17,2.6666666666666665,5
31,13,2.75,7
13,21,4.090909090909091,2
0,18,3.2222222222222223,4
1,15,2.625,6
56,17,4.6,1
6,15,3.555555555555556,3
0,20,3.7,2
0,16,1.0,5
5,15,3.2222222222222223,4
0,17,3.2,7
0,11,3.0,8
0,18,3.6,3
2,14,2.4444444444444446,6
1,17,3.2222222222222223,1
11,17,2.25,6
1,17,3.8181818181818175,5
1,15,1.25,4
17,15,2.75,8
2,21,3.363636363636364,1
1,15,2.6666666666666665,7
1,14,2.625,3
1,19,3.8,2
2,15,3.2,2
65,17,2.5,1
0,16,3.0,7
1,14,1.875,6
3,19,1.0,4
7,15,2.75,8
3,17,1.875,5
1,20,2.6666666666666665,3
0,18,3.0,2
1,14,3.125,5
1,16,3.4,8
0,15,3.5,7
1,20,4.0,1
1,17,2.7777777777777777,3
1,11,3.0,6
1,19,2.6,4
0,14,2.25,6
3,15,3.1,7
1,22,1.3333333333333333,1
34,17,1.0,5
2,17,3.555555555555556,2
1,15,3.0,4
1,17,3.3,3
0,15,2.4444444444444446,8
2,16,2.0,6
1,12,3.4285714285714284,8
13,15,2.2222222222222223,1
0,15,1.4285714285714286,7
0,16,3.2,4
1,15,1.7142857142857142,3
31,16,2.375,2
1,18,3.8,5
1,16,3.111111111111111,5
0,11,2.625,8
4,15,1.75,7
0,16,3.111111111111111,4
1,17,4.4,3
0,17,3.7,2
1,14,3.0,6
69,19,2.111111111111111,1
1,17,3.4444444444444446,1
1,15,2.75,8
94,16,2.6666666666666665,2
24,15,2.7777777777777777,7
1,14,1.875,6
6,15,2.7777777777777777,4
39,18,3.6,3
0,21,1.3,5
0,14,3.111111111111111,5
1,16,4.6,6
1,18,3.2222222222222223,7
1,16,3.8,4
1,17,3.9,8
16,17,3.0,1
1,22,2.6666666666666665,3
0,18,4.454545454545454,2
8,17,3.1,1
2,11,2.0,8
1,17,2.0,5
6,21,4.833333333333333,2
0,14,2.888888888888889,3
0,14,0.7142857142857143,7
1,15,3.4444444444444446,6
1,16,3.8,4
1,19,2.6666666666666665,2
2,16,4.5,1
0,15,3.111111111111111,3
1,15,1.75,8
21,14,4.555555555555555,7
40,15,2.625,4
1,15,2.888888888888889,6
8,18,3.5,5
0,20,3.3,3
0,16,2.4,7
0,14,3.555555555555556,6
0,18,2.2,5
0,16,2.555555555555556,4
0,20,4.6,2
1,14,2.25,8
1,20,3.2,1
0,15,3.2222222222222223,4
1,20,5.083333333333333,1
50,18,3.6666666666666665,2
51,21,3.1818181818181817,6
5,19,2.7777777777777777,5
1,20,3.636363636363636,3
1,17,4.909090909090909,8
1,15,2.375,7
1,13,4.444444444444445,1
0,12,4.0,8
3,16,3.888888888888889,4
1,14,4.5,3
0,16,3.363636363636364,6
10,14,2.7777777777777777,7
0,17,4.3,2
2,14,2.375,5
0,20,2.8,5
0,17,1.625,7
13,20,5.5,1
0,16,2.25,6
1,14,3.111111111111111,8
5,16,2.888888888888889,2
1,17,3.6,3
0,18,4.2,4
4,20,5.090909090909091,3
3,23,4.0,1
0,11,3.0,8
1,20,3.909090909090909,2
11,15,2.5,5
29,21,1.7777777777777777,4
1,14,2.75,6
0,14,2.5,7
43,16,3.0,5
0,11,3.6666666666666665,8
0,16,2.7777777777777777,4
40,16,4.0,3
8,17,2.375,6
7,17,2.888888888888889,1
12,15,3.6666666666666665,7
2,14,4.7,2
0,22,4.916666666666667,2
1,19,4.363636363636363,8
3,15,3.25,6
0,16,2.875,5
1,16,3.2,7
2,20,4.2,4
4,22,2.7777777777777777,1
3,20,2.111111111111111,3
51,18,2.7,1
1,24,2.3,3
7,21,2.555555555555556,2
7,13,3.5,7
26,13,3.125,6
5,16,3.0,5
11,17,2.0,8
4,19,4.090909090909091,4
3,12,2.125,8
13,18,3.3,1
8,20,3.5,2
0,13,2.888888888888889,5
1,13,2.75,6
28,16,2.375,3
1,15,1.75,4
13,14,2.0,7
1,14,3.333333333333333,8
18,14,1.5714285714285714,5
24,13,2.875,6
1,18,3.333333333333333,2
42,13,3.75,7
20,22,2.111111111111111,3
20,17,3.6,4
9,15,3.4444444444444446,1
1,21,4.0,1
1,15,1.0,8
0,13,3.2857142857142856,7
2,20,4.333333333333333,4
2,15,2.9,6
10,18,3.4,3
1,19,3.6666666666666665,5
0,18,2.6,2
1,12,2.25,7
0,11,2.7142857142857144,8
0,17,3.6,6
1,16,1.25,5
21,17,3.4,1
31,20,2.0,2
1,16,3.2222222222222223,3
1,15,2.75,4
17,16,3.888888888888889,2
1,18,3.111111111111111,1
2,10,2.5,8
0,17,2.6,3
0,14,2.25,7
1,16,2.888888888888889,5
1,19,3.0,4
0,13,4.111111111111111,6
0,13,3.333333333333333,6
2,16,3.0,1
42,14,5.666666666666667,4
4,13,2.625,7
4,12,2.625,8
0,19,2.4444444444444446,3
1,15,2.888888888888889,5
2,12,4.5,2
3,20,2.2222222222222223,2
2,14,3.0,6
0,12,1.875,8
0,16,3.111111111111111,3
30,15,1.7142857142857142,7
1,20,4.0,1
20,14,2.0,5
5,19,3.272727272727273,4
61,13,2.0,6
0,15,3.111111111111111,2
19,16,2.142857142857143,4
1,11,2.875,7
0,10,1.8333333333333333,8
3,18,2.4444444444444446,1
0,15,2.7777777777777777,5
12,16,3.25,3
21,14,2.0,8
6,17,4.2,4
1,13,2.111111111111111,7
2,19,3.5,1
0,16,3.6666666666666665,2
0,16,1.8888888888888888,3
1,15,3.3,5
2,11,3.5,6
0,14,2.75,7
0,16,2.888888888888889,4
1,16,2.125,6
0,18,2.0,5
1,17,3.7777777777777777,2
0,15,3.111111111111111,3
0,14,2.375,8
45,22,3.6,1
0,13,4.3,3
25,14,7.2,1
1,19,4.75,5
50,16,3.2222222222222223,6
0,16,2.4444444444444446,8
9,17,4.3,2
1,14,2.4285714285714284,7
3,18,2.111111111111111,4
0,19,4.545454545454546,1
24,16,3.0,6
12,16,3.888888888888889,4
0,19,3.111111111111111,2
2,14,2.7777777777777777,8
0,16,3.6,5
1,15,3.8,7
1,18,3.0,3
7,16,2.7777777777777777,4
1,15,3.7,5
4,14,1.8571428571428568,7
1,8,6.0,2
0,11,2.5,8
1,17,2.6,1
0,19,4.75,3
3,22,0.8888888888888888,6
6,18,2.25,4
2,22,1.3333333333333333,1
4,16,3.111111111111111,2
1,16,4.090909090909091,5
1,14,3.375,7
1,19,3.333333333333333,6
3,15,4.6,3
3,12,2.0,8
0,15,4.2,5
6,12,5.444444444444445,7
0,16,2.555555555555556,6
57,15,2.555555555555556,1
14,17,2.7777777777777777,4
6,11,1.0,8
0,19,2.333333333333333,3
13,15,3.0,2
1,18,3.555555555555556,4
1,18,1.5,3
42,15,2.625,5
0,14,3.0,8
2,12,2.875,7
11,16,2.333333333333333,6
1,16,3.7,1
0,15,2.75,2
0,12,2.0,8
1,16,4.444444444444445,4
2,19,3.727272727272727,2
1,15,3.9,5
49,13,2.75,7
10,14,3.2857142857142856,6
2,15,3.5,1
0,16,4.4,3
8,21,2.333333333333333,1
1,13,3.6666666666666665,6
21,13,2.625,7
2,15,2.25,4
1,15,3.111111111111111,3
0,14,2.375,8
0,16,3.1,5
3,19,6.090909090909091,2
0,20,3.727272727272727,3
0,14,3.0,5
7,18,3.2,2
1,14,3.25,4
1,18,3.3,1
0,17,3.363636363636364,6
0,14,3.7777777777777777,7
11,15,1.7142857142857142,8
0,21,3.090909090909091,5
1,15,2.875,4
0,13,2.875,6
3,18,2.375,3
4,16,3.7,2
31,14,2.75,8
0,16,3.2,7
1,15,4.1,1
2,15,3.4444444444444446,8
3,16,3.4,7
3,17,2.7777777777777777,2
1,14,3.555555555555556,3
21,19,2.5,4
1,22,4.416666666666667,1
39,18,2.0,5
1,19,2.5,6
8,18,1.1428571428571428,8
0,15,2.0,7
1,17,2.7777777777777777,3
11,17,1.0,6
1,17,2.7777777777777777,5
0,15,2.555555555555556,2
41,17,2.625,4
11,18,3.7,1
0,15,3.0,2
6,15,3.0,5
0,14,2.0,7
9,16,3.0,8
23,17,1.7142857142857142,6
2,18,3.1,1
0,19,3.3,3
0,19,3.6,4
56,19,2.0,4
14,19,4.1,1
2,18,2.7777777777777777,5
0,21,1.375,6
4,17,2.4444444444444446,3
0,16,1.8888888888888888,8
4,20,3.6,2
0,12,4.0,7
1,14,3.9,6
1,15,2.375,4
1,14,1.625,8
2,16,3.8,3
3,21,1.7777777777777777,1
0,14,2.75,5
6,13,2.5,7
20,19,1.875,2
1,18,3.0,5
35,11,2.625,8
1,18,1.375,7
4,19,4.090909090909091,4
10,19,2.9,1
1,16,2.333333333333333,6
32,22,3.4,2
12,18,3.6666666666666665,3
50,15,2.5,8
2,16,3.0,6
0,17,4.1,2
3,14,5.0,7
2,17,2.125,1
0,17,4.8,3
1,12,4.75,4
0,16,4.636363636363637,5
0,18,2.75,2
1,17,3.727272727272727,4
1,16,4.0,5
0,13,3.2222222222222223,7
1,14,1.8888888888888888,6
2,20,2.4444444444444446,1
2,14,4.090909090909091,8
2,19,3.909090909090909,3
2,16,2.7777777777777777,3
9,12,1.7777777777777777,8
0,19,2.125,6
0,16,3.333333333333333,5
15,11,2.875,7
0,20,3.0,2
3,17,2.4444444444444446,1
1,17,3.4,4
23,15,1.1428571428571428,7
0,15,3.6666666666666665,3
0,16,3.3,4
0,20,3.8,6
4,15,2.375,8
0,18,2.4444444444444446,2
99,19,4.363636363636363,1
9,18,1.8888888888888888,5
0,21,4.583333333333333,3
0,14,4.5,5
1,19,2.6666666666666665,7
25,12,2.625,8
3,16,4.2,6
0,15,3.111111111111111,2
1,19,4.090909090909091,1
1,18,3.3,4
4,16,3.555555555555556,2
39,16,1.7142857142857142,7
29,16,3.6666666666666665,4
1,13,3.875,8
1,19,2.333333333333333,1
0,12,2.75,5
5,20,1.5555555555555556,3
2,17,2.7777777777777777,6
1,13,3.125,6
3,23,4.538461538461538,3
8,17,1.75,8
50,21,3.8333333333333335,5
1,17,3.3,1
22,16,2.6666666666666665,7
33,18,2.3,4
0,21,5.333333333333333,2
1,18,3.6,3
2,19,3.0,6
0,17,2.888888888888889,5
55,21,2.25,1
3,16,3.555555555555556,4
0,18,3.3,2
2,16,2.125,7
4,13,4.25,8
0,14,2.75,6
0,16,2.7777777777777777,3
0,20,4.090909090909091,2
0,11,1.625,8
7,19,4.6,1
0,14,2.375,7
0,16,3.888888888888889,4
5,15,2.875,5
6,15,4.363636363636363,7
0,16,3.6,5
3,17,3.909090909090909,3
5,22,2.4444444444444446,1
2,15,4.375,2
33,17,1.6666666666666667,8
4,12,4.666666666666667,6
3,14,2.375,4
2,10,2.5,8
1,14,3.555555555555556,6
1,16,3.7,1
50,17,3.8,3
3,16,4.6,4
0,14,2.0,7
1,17,4.818181818181818,2
1,14,1.7142857142857142,5
0,20,2.555555555555556,2
0,12,2.111111111111111,6
1,13,3.25,5
0,18,3.272727272727273,1
1,12,2.75,8
0,12,2.5,7
15,18,4.2,4
1,17,2.6666666666666665,3
2,16,2.625,5
0,15,2.5,4
1,15,4.3,7
1,11,3.0,6
2,20,2.6666666666666665,1
26,18,3.111111111111111,3
5,11,2.0,8
3,20,4.181818181818182,2
0,13,2.0,6
0,16,5.1,3
0,16,3.7777777777777777,4
7,17,1.875,8
2,17,2.4444444444444446,1
2,17,3.555555555555556,2
5,17,3.333333333333333,5
0,16,1.625,7
0,16,2.5,7
2,13,3.5,8
39,14,4.25,6
0,18,2.0,2
9,17,2.7,5
0,19,2.5,3
1,20,4.0,4
5,18,4.3,1
0,18,4.454545454545454,5
0,18,3.111111111111111,2
0,14,3.125,8
0,17,4.2727272727272725,3
1,15,2.555555555555556,6
6,17,2.6666666666666665,1
3,17,3.2222222222222223,7
0,16,1.875,4
42,14,2.5,6
20,16,1.5714285714285714,8
3,18,3.111111111111111,2
1,15,2.5,4
28,18,4.2,3
0,17,3.555555555555556,5
1,18,2.555555555555556,1
0,12,1.1666666666666667,7
1,18,2.6666666666666665,7
1,18,3.8,5
3,17,3.333333333333333,1
5,14,2.6666666666666665,6
3,20,4.090909090909091,3
1,17,3.2,8
4,16,3.2222222222222223,4
0,23,1.9,2
1,21,4.25,6
54,14,3.4444444444444446,1
29,15,1.1428571428571428,8
1,17,2.5,2
0,16,2.555555555555556,3
1,13,3.6,7
0,18,3.909090909090909,4
0,17,4.909090909090909,5
1,16,2.375,3
2,16,3.4,5
0,10,2.375,8
1,16,2.0,6
4,13,4.444444444444445,7
54,16,3.375,1
22,18,2.75,2
0,17,3.8,4
0,19,3.0,3
13,19,3.8181818181818175,1
5,14,2.75,8
50,18,1.5,4
0,15,2.5,7
51,15,2.5,2
21,13,3.375,5
1,15,2.75,6
10,15,2.75,5
1,13,2.875,7
0,17,2.555555555555556,3
1,12,1.75,8
0,15,3.555555555555556,4
3,16,1.875,6
5,16,3.6666666666666665,2
5,19,3.0,1
5,15,3.2222222222222223,8
0,14,3.25,3
56,22,1.1111111111111112,5
3,17,3.6666666666666665,1
4,14,3.4444444444444446,7
0,16,3.7,6
19,19,3.7,4
1,16,3.888888888888889,2
51,14,2.375,8
1,20,1.7777777777777777,6
2,19,1.25,5
0,11,4.555555555555555,7
0,18,2.0,4
5,22,4.25,2
3,20,4.090909090909091,3
50,21,3.363636363636364,1
1,17,2.2222222222222223,5
3,18,3.6,3
0,16,1.2857142857142858,7
2,19,2.9,1
1,15,2.0,4
2,14,3.111111111111111,8
1,18,1.8888888888888888,2
6,14,2.6666666666666665,6
5,19,3.1,1
1,11,3.0,8
1,19,3.2,5
7,13,2.75,7
0,17,2.4444444444444446,4
1,16,2.6666666666666665,2
1,16,3.6666666666666665,3
2,17,3.1,6
0,17,2.9,6
0,17,3.4444444444444446,4
0,22,4.636363636363637,3
1,17,2.6666666666666665,5
0,16,3.6,2
0,13,3.0,8
0,13,2.888888888888889,7
10,17,3.2,1
0,19,2.8181818181818183,4
3,15,3.0,5
1,15,1.5714285714285714,8
1,15,2.375,6
0,16,2.555555555555556,7
0,18,4.363636363636363,3
3,18,2.6666666666666665,2
2,17,3.5,1
5,18,3.4,5
11,11,3.0,7
11,16,3.25,4
3,14,2.75,8
1,19,3.0,1
1,15,4.0,6
1,17,3.0,3
1,22,2.2222222222222223,2
18,20,4.090909090909091,3
1,14,2.375,6
1,20,4.636363636363637,1
10,14,3.333333333333333,5
0,14,2.375,8
0,18,3.2222222222222223,2
0,17,1.0,7
0,15,3.5,4
1,13,2.375,7
0,16,3.0,5
0,20,2.0,3
1,17,2.555555555555556,4
1,16,3.0,6
1,15,2.555555555555556,8
23,22,3.1,1
0,16,3.555555555555556,2
21,17,3.0,4
1,14,1.4285714285714286,8
0,18,3.0,5
0,17,2.5,2
37,21,3.4545454545454546,1
4,15,1.4285714285714286,6
1,16,2.7777777777777777,3
1,15,4.555555555555555,7
0,17,4.6,5
42,16,1.7142857142857142,7
55,17,2.555555555555556,1
0,17,3.111111111111111,3
2,17,3.4444444444444446,2
0,14,2.888888888888889,8
1,13,3.7777777777777777,6
4,17,2.0,4
9,21,4.090909090909091,2
1,13,3.111111111111111,7
18,15,3.3,1
0,13,3.7,5
1,15,2.875,4
2,14,4.0,6
1,19,2.2222222222222223,3
1,11,2.875,8
30,15,1.1428571428571428,7
52,19,2.6666666666666665,3
0,13,2.7777777777777777,8
33,14,2.875,5
0,20,4.25,2
0,16,4.181818181818182,6
14,18,2.6,1
0,15,3.7777777777777777,4
57,15,2.25,4
2,15,3.888888888888889,7
3,21,4.636363636363637,1
1,17,2.555555555555556,6
1,14,2.375,8
0,18,4.1,3
0,20,3.8181818181818175,2
0,15,4.0,5
3,18,4.090909090909091,3
0,14,2.625,7
9,18,2.888888888888889,2
9,19,2.25,6
1,17,3.7777777777777777,4
3,14,2.333333333333333,8
1,16,3.375,5
2,17,5.3,1
45,19,3.4,3
1,19,1.7777777777777777,1
14,16,3.2222222222222223,7
1,17,4.0,8
38,14,1.7142857142857142,6
1,17,3.0,5
2,19,3.727272727272727,2
0,14,3.125,4
13,17,2.0,4
2,16,3.2222222222222223,3
3,14,3.6666666666666665,5
19,15,1.0,8
0,13,2.75,7
2,13,1.8571428571428568,6
8,19,4.166666666666667,1
6,14,4.125,2
12,18,4.2727272727272725,4
2,18,2.888888888888889,2
1,15,3.333333333333333,8
14,18,2.5,3
64,18,3.1,1
0,16,4.090909090909091,7
3,16,1.875,5
4,18,2.0,6
0,16,3.4,6
0,19,3.6,3
0,18,3.25,7
15,17,4.0,2
3,12,4.0,8
0,19,3.9,1
1,20,2.4444444444444446,4
8,17,2.2222222222222223,5
0,13,3.6666666666666665,8
1,12,2.0,6
1,16,3.4,4
0,11,3.0,7
9,17,2.555555555555556,3
1,14,2.7777777777777777,2
3,21,2.5,1
3,15,3.4,5
1,14,3.6666666666666665,8
1,15,3.7,6
0,16,2.0,3
0,16,3.0,5
3,17,2.7777777777777777,4
2,22,2.0,1
0,17,3.111111111111111,2
40,11,3.125,7
41,15,3.4444444444444446,5
30,14,3.125,7
0,17,2.7777777777777777,4
1,16,2.25,6
2,11,2.0,8
7,16,3.888888888888889,1
40,18,4.2,3
1,22,1.8888888888888888,2
0,15,2.2222222222222223,6
2,19,5.0,5
1,12,2.375,8
1,16,2.0,3
3,19,3.8,1
1,12,1.8888888888888888,7
1,15,2.888888888888889,2
1,15,2.375,4
1,16,3.6666666666666665,2
0,15,2.625,7
1,14,2.375,8
2,13,4.111111111111111,3
0,12,3.375,6
4,19,2.7777777777777777,1
0,14,4.0,4
0,15,2.625,5
4,19,3.9,2
17,15,1.7142857142857142,7
2,19,1.25,4
1,23,4.538461538461538,1
0,10,2.4285714285714284,8
32,17,2.0,6
1,18,2.0,3
1,16,3.333333333333333,5
3,16,2.0,4
0,17,2.9,3
18,15,1.1666666666666667,8
65,17,2.555555555555556,2
1,16,2.125,6
4,18,3.727272727272727,1
4,15,3.7,5
0,14,1.75,7
1,13,2.0,5
11,16,3.888888888888889,1
9,14,2.75,8
40,16,2.375,7
4,14,2.625,2
2,20,1.3333333333333333,3
3,12,3.0,6
0,14,2.0,4
1,20,4.363636363636363,2
1,14,2.0,8
22,16,2.625,4
4,17,3.333333333333333,3
7,24,4.166666666666667,1
2,17,2.6,5
2,13,2.6666666666666665,7
5,16,2.625,6
0,15,2.333333333333333,6
14,20,3.8181818181818175,2
10,17,2.7777777777777777,1
1,13,2.625,4
42,13,3.125,7
3,15,2.0,5
16,13,0.5,8
0,16,2.75,3
0,19,2.333333333333333,3
10,20,4.2727272727272725,2
0,16,2.2222222222222223,4
25,19,2.4444444444444446,1
50,16,0.8571428571428571,7
59,13,3.888888888888889,6
0,17,4.0,8
64,12,3.375,5
2,23,1.8888888888888888,1
3,19,2.0,6
0,15,2.75,3
0,16,1.0,8
12,15,2.875,5
40,14,2.375,7
2,13,2.7777777777777777,4
2,18,3.7,2
1,19,2.0,1
46,18,2.0,3
2,17,3.333333333333333,7
2,14,3.375,5
0,10,2.125,8
2,16,3.6,6
2,19,4.9,2
0,17,2.888888888888889,4
0,15,3.111111111111111,7
14,17,3.111111111111111,4
50,15,2.375,5
3,15,3.4,6
4,14,3.25,3
0,15,3.125,2
2,14,2.2222222222222223,8
2,23,2.363636363636364,1
6,13,3.75,8
5,18,2.4,1
0,15,3.888888888888889,5
0,16,1.8888888888888888,3
1,16,2.888888888888889,2
0,15,2.5,7
0,15,1.75,6
0,15,4.5,4
0,17,3.7777777777777777,2
42,18,3.2222222222222223,3
0,18,3.6,4
7,16,1.5714285714285714,7
24,18,3.7,5
0,17,2.2222222222222223,6
8,21,3.8333333333333335,1
1,15,1.4285714285714286,8
12,16,1.75,5
7,20,2.333333333333333,2
5,20,1.5555555555555556,4
8,14,2.75,8
54,15,2.375,7
1,15,4.444444444444445,3
51,16,3.888888888888889,6
13,18,2.6666666666666665,1
51,17,3.5,8
1,21,2.5,1
41,17,2.555555555555556,4
0,21,3.083333333333333,2
3,17,2.6666666666666665,6
1,17,4.2,5
0,12,2.2222222222222223,7
4,18,2.555555555555556,3
3,11,2.0,8
1,16,2.125,4
42,21,2.6666666666666665,1
0,13,1.875,7
12,17,4.090909090909091,2
0,17,4.0,3
1,13,4.0,6
50,13,2.75,5
1,15,3.4444444444444446,5
9,17,2.555555555555556,2
30,18,1.375,7
0,17,2.4444444444444446,6
8,14,2.7142857142857144,8
2,22,1.3333333333333333,4
5,21,4.416666666666667,1
3,16,4.4,3
9,19,3.7,3
3,15,4.0,5
0,12,2.142857142857143,8
41,15,2.25,6
4,17,2.6666666666666665,7
1,19,2.9,2
6,20,4.090909090909091,1
42,15,2.375,4
0,11,4.0,8
1,14,2.0,6
1,17,3.9,5
0,17,2.555555555555556,4
3,17,3.0,3
13,13,3.0,7
7,18,3.2,2
1,16,4.2,1
0,13,2.0,6
18,14,0.6666666666666666,8
0,14,2.125,5
1,15,2.0,7
32,18,3.636363636363636,4
0,15,5.909090909090909,3
13,16,3.555555555555556,1
2,15,2.7142857142857144,2
1,15,3.333333333333333,7
27,15,3.0,4
27,19,3.0,1
4,19,2.0,2
1,15,2.375,6
2,16,2.888888888888889,5
2,11,2.25,8
0,15,3.0,3
0,18,2.0,5
1,14,4.2,4
2,14,2.0,8
56,16,3.375,2
1,19,1.375,3
1,14,2.5,6
0,13,2.875,7
4,17,2.6666666666666665,1
1,13,2.375,6
1,14,3.0,7
1,15,3.6666666666666665,5
0,14,2.6666666666666665,8
66,16,4.0,2
4,19,4.545454545454546,3
12,16,2.6666666666666665,4
51,20,3.1,1
2,18,3.3,1
2,17,3.6666666666666665,3
0,17,3.3,2
1,17,3.6666666666666665,4
29,14,2.2857142857142856,8
0,13,3.0,5
18,13,3.0,7
0,15,3.4,6
6,15,1.625,4
5,19,3.4,3
13,15,2.142857142857143,8
1,19,2.333333333333333,1
0,15,3.6666666666666665,5
1,11,3.125,7
1,13,2.0,6
0,17,2.875,2
0,16,2.0,7
11,18,4.0,1
1,17,2.0,6
59,14,3.0,5
5,19,5.083333333333333,4
0,12,2.555555555555556,8
0,14,2.888888888888889,2
2,17,3.333333333333333,3
4,17,3.333333333333333,2
0,16,3.7777777777777777,5
0,17,2.6666666666666665,3
1,14,2.4444444444444446,7
0,16,2.0,6
0,16,2.7777777777777777,4
1,17,2.2222222222222223,8
4,15,4.444444444444445,1
65,16,2.75,1
4,17,3.333333333333333,5
6,23,1.5555555555555556,2
2,13,2.4285714285714284,8
10,17,3.7,4
1,15,1.7777777777777777,3
1,17,4.0,6
0,14,2.0,7
1,20,4.333333333333333,5
2,17,3.1,6
0,19,2.4,4
1,13,3.555555555555556,8
0,20,3.8181818181818175,3
1,19,2.6,2
1,17,3.7,7
1,18,3.0,1
9,16,3.2222222222222223,1
5,16,2.7777777777777777,3
0,14,3.0,4
52,18,2.875,2
0,15,3.111111111111111,8
0,14,2.25,7
1,13,2.875,6
1,15,1.5,5
1,18,3.4444444444444446,1
0,12,2.875,7
2,16,2.25,3
0,18,3.5,4
1,11,1.6666666666666667,8
0,15,3.0,2
4,17,3.111111111111111,5
37,13,2.625,6
0,15,2.7777777777777777,4
0,14,2.555555555555556,6
0,14,2.8,5
19,18,3.5,1
1,17,2.555555555555556,3
0,21,1.7777777777777777,2
1,8,2.125,8
2,14,2.75,7
43,16,2.555555555555556,6
1,13,3.571428571428572,4
7,19,3.0,2
0,16,2.0,7
2,18,3.4444444444444446,1
3,18,3.6,5
43,17,3.6666666666666665,3
0,15,4.4,8
0,16,3.2222222222222223,2
0,12,3.0,8
43,14,1.875,7
2,19,3.363636363636364,1
17,17,2.0,4
1,15,2.375,6
35,17,2.75,5
0,16,4.6,3
0,11,3.2857142857142856,8
1,19,4.4,1
1,21,1.7777777777777777,2
50,14,3.375,4
0,16,1.4285714285714286,7
2,18,2.7,6
6,16,4.111111111111111,3
1,19,2.4,5
0,17,3.1,4
0,13,3.6666666666666665,7
6,15,3.2222222222222223,2
14,13,4.5,5
57,23,2.7777777777777777,1
7,20,4.833333333333333,3
0,15,4.7,6
10,12,3.125,8
13,18,3.909090909090909,5
2,18,3.8181818181818175,6
0,16,2.75,4
2,15,4.222222222222222,1
0,18,2.6666666666666665,7
1,17,3.1,2
12,16,3.2222222222222223,8
0,17,2.0,3
1,15,2.0,7
3,17,3.111111111111111,3
2,17,3.7,1
0,14,2.142857142857143,6
46,21,1.5555555555555556,2
1,13,2.333333333333333,8
0,17,3.4,4
1,17,3.6666666666666665,5
1,18,3.1,4
62,15,1.1428571428571428,8
1,16,2.0,5
0,16,3.111111111111111,6
0,15,3.0,7
0,16,3.0,3
1,20,3.636363636363636,1
12,22,2.363636363636364,2
0,17,3.2222222222222223,3
0,12,3.125,7
1,14,2.0,5
3,17,5.083333333333333,1
1,19,3.6,2
0,13,2.0,6
12,16,2.555555555555556,4
1,19,0.8571428571428571,8
11,18,4.1,3
0,17,2.6666666666666665,4
0,11,2.142857142857143,7
29,15,2.625,6
0,14,3.0,5
57,7,1.1666666666666667,8
1,15,3.888888888888889,2
4,21,4.0,1
11,12,3.25,7
3,15,3.555555555555556,5
1,18,2.6666666666666665,2
5,18,3.6,1
1,12,0.6666666666666666,8
8,19,3.333333333333333,3
2,16,3.7,6
20,18,2.555555555555556,4
3,15,3.2222222222222223,7
8,17,2.0,1
0,15,2.5,5
10,16,2.75,2
0,14,2.6666666666666665,6
4,15,2.7777777777777777,3
4,14,3.2222222222222223,8
0,17,4.0,4
2,21,2.4,1
1,17,3.3,6
2,17,2.2222222222222223,4
3,18,3.5454545454545454,5
0,15,3.111111111111111,7
1,15,2.555555555555556,3
1,17,3.2222222222222223,2
0,15,2.375,8
3,17,4.1,3
6,16,0.6666666666666666,8
1,14,3.888888888888889,7
0,12,3.111111111111111,6
4,18,3.8,4
54,17,4.1,5
1,18,3.7777777777777777,2
2,16,6.0,1
1,12,2.142857142857143,8
1,14,4.222222222222222,4
1,15,2.0,5
14,17,3.3,1
29,12,3.25,7
4,16,2.5,6
0,16,3.8,2
22,17,3.6666666666666665,3
7,12,2.5,7
2,20,3.6,1
7,16,3.4444444444444446,3
4,16,3.7777777777777777,4
46,18,3.7,5
1,17,3.6666666666666665,2
0,14,2.375,6
0,11,2.625,8
2,18,1.75,2
1,17,2.888888888888889,1
1,12,3.0,8
31,18,2.888888888888889,3
44,18,1.375,4
1,15,3.2222222222222223,6
4,14,3.6666666666666665,5
2,15,1.875,7
0,22,4.75,2
3,15,4.3,4
0,17,1.0,6
4,14,2.625,8
0,16,2.25,3
6,14,2.5,5
5,19,3.1,1
2,14,2.7777777777777777,7
1,17,2.6,5
0,19,4.090909090909091,4
0,17,3.8,6
1,16,2.888888888888889,1
1,16,3.375,2
0,15,2.375,8
0,19,1.375,7
0,17,3.3,3
27,20,2.888888888888889,1
1,19,3.3,2
15,14,2.125,6
1,10,2.5,8
1,21,4.076923076923077,3
1,16,3.7777777777777777,5
2,13,2.75,7
6,21,3.9,4
1,14,2.555555555555556,6
0,21,3.0,3
0,16,1.875,4
2,12,2.125,8
1,14,1.8888888888888888,5
0,18,3.7,2
0,15,3.3,7
9,18,3.6666666666666665,1
1,13,2.75,8
6,18,2.7777777777777777,7
1,18,4.3,3
2,16,4.2,4
1,16,3.6666666666666665,1
4,17,4.333333333333333,2
0,14,2.75,6
1,17,1.75,5
15,17,1.875,6
1,18,3.375,3
1,14,3.111111111111111,5
1,13,1.7777777777777777,8
1,15,3.111111111111111,7
0,18,4.090909090909091,2
6,19,2.9,4
1,18,4.545454545454546,1
1,18,2.0,4
1,17,3.2,1
1,18,4.0,3
1,15,2.5,5
0,15,3.8,8
0,13,3.333333333333333,6
1,17,2.7777777777777777,2
10,13,3.0,7
0,15,3.4444444444444446,8
20,22,3.5,1
0,15,2.75,3
13,14,2.875,7
1,16,2.7,4
1,17,4.363636363636363,5
2,18,2.2222222222222223,2
0,14,4.3,6
2,18,4.1,1
0,17,3.7,4
1,16,3.9,2
17,17,3.2,3
26,13,3.125,8
0,15,2.875,7
55,15,3.333333333333333,6
41,15,3.0,5
4,15,3.25,5
21,14,3.375,3
2,22,3.9166666666666665,1
1,14,3.6666666666666665,7
1,15,3.0,4
20,11,1.3333333333333333,8
0,12,2.555555555555556,6
0,21,3.909090909090909,2
4,18,4.2,1
0,16,3.7,3
0,16,2.25,4
0,18,3.7,2
3,16,1.75,5
1,13,3.5,7
33,15,3.125,8
10,16,2.0,6
2,16,3.5,1
6,14,2.0,5
1,16,2.0,2
2,14,2.25,7
3,18,2.125,3
0,16,2.888888888888889,4
2,14,2.5,6
0,10,2.625,8
31,19,2.9,3
6,15,1.75,7
0,17,2.0,5
1,17,3.111111111111111,2
19,14,1.75,6
3,13,3.0,4
12,13,2.0,8
2,19,2.333333333333333,1
3,13,2.0,7
1,14,2.875,8
1,14,3.25,6
27,18,3.7,3
42,18,1.75,4
0,16,2.7777777777777777,5
8,18,4.3,2
56,18,2.0,1
1,16,3.6,6
2,17,3.111111111111111,1
11,17,3.0,3
8,16,4.4,5
13,15,2.5,8
2,19,2.6666666666666665,2
0,17,2.7777777777777777,4
4,11,2.555555555555556,7
5,16,2.7777777777777777,4
0,12,3.25,8
44,16,2.25,5
2,15,1.7142857142857142,7
8,19,3.4,1
1,14,3.0,6
57,21,1.0,3
1,23,4.090909090909091,2
0,18,3.0,6
9,22,3.636363636363636,1
0,13,4.3,8
4,19,2.2222222222222223,4
14,18,1.875,2
3,18,1.8,7
44,18,2.0,5
1,21,3.272727272727273,3
0,16,1.7142857142857142,6
5,13,2.0,5
1,15,5.0,3
0,12,2.125,8
1,18,3.6,4
8,14,4.111111111111111,2
53,15,2.555555555555556,1
51,14,2.375,7
2,15,4.0,8
8,13,2.625,6
50,14,2.5,5
35,19,4.4,2
2,19,2.333333333333333,1
1,15,3.333333333333333,4
1,22,1.8,3
1,14,4.222222222222222,7
3,14,3.0,7
1,15,3.0,1
1,20,3.1,5
43,20,3.6,2
1,13,2.7777777777777777,4
0,13,2.375,8
0,15,3.2222222222222223,3
16,11,1.8571428571428568,6
0,14,2.375,8
0,19,3.5,3
1,17,4.0,5
30,15,3.0,7
1,18,4.2,1
1,18,2.9,4
50,19,2.4444444444444446,2
5,20,3.3,6
41,17,0.8571428571428571,8
30,12,2.4285714285714284,6
50,15,3.555555555555556,7
134,25,4.285714285714286,1
0,18,4.4,2
1,16,3.6,5
6,19,2.7777777777777777,3
1,16,2.75,4
5,14,2.0,5
31,14,1.0,7
0,21,3.8,4
0,20,3.555555555555556,2
2,23,4.454545454545454,1
0,15,1.75,6
5,7,2.142857142857143,8
4,20,2.555555555555556,3
2,20,3.0,2
0,17,2.9,3
30,20,1.25,7
52,18,2.4444444444444446,1
0,17,4.636363636363637,6
0,14,3.25,8
1,15,3.7,5
0,18,2.888888888888889,4
0,16,3.2,3
15,18,4.7,1
0,13,3.125,4
0,14,3.625,8
1,20,1.0,5
55,15,1.875,7
0,16,2.888888888888889,2
0,14,4.1,6
0,21,4.2,2
0,14,3.111111111111111,6
0,15,2.0,4
10,20,4.090909090909091,1
36,17,1.4285714285714286,8
0,16,3.7777777777777777,5
8,18,3.6666666666666665,3
3,15,2.625,7
0,15,2.375,8
42,13,2.142857142857143,7
38,20,4.6,1
0,15,3.333333333333333,6
1,16,3.333333333333333,2
0,15,3.7,3
3,16,3.111111111111111,5
8,17,2.5,4
1,15,2.111111111111111,4
0,19,3.9,2
44,13,4.125,3
0,13,2.555555555555556,8
52,17,3.2222222222222223,1
4,14,3.0,5
1,13,2.6666666666666665,6
1,15,1.875,7
1,13,1.5714285714285714,7
2,19,2.555555555555556,6
1,9,1.125,8
20,15,2.75,3
12,15,3.375,1
0,14,5.75,2
2,18,4.090909090909091,4
2,19,3.1,5
5,15,2.25,7
2,16,3.3,2
55,19,1.0,6
0,16,2.7777777777777777,3
5,15,2.7777777777777777,5
1,19,4.2727272727272725,1
2,17,4.545454545454546,4
19,15,3.111111111111111,8
1,17,4.6,4
0,18,4.333333333333333,6
0,15,2.7,7
1,19,3.5454545454545454,1
10,21,3.583333333333333,3
0,19,0.875,8
15,16,3.4444444444444446,5
7,15,3.4,2
18,18,4.0,1
1,12,4.5,7
1,15,2.5,5
4,13,3.0,6
0,16,5.7,3
0,14,3.333333333333333,8
0,17,4.8,2
6,21,1.0,4
6,17,2.0,1
0,16,2.7777777777777777,4
25,19,0.7142857142857143,7
2,16,3.4444444444444446,3
1,16,3.333333333333333,2
17,17,1.1428571428571428,5
37,15,2.888888888888889,6
0,13,2.625,8
5,17,2.555555555555556,1
1,19,3.3,2
5,16,2.5,5
0,18,3.6,4
0,13,3.25,8
0,18,3.727272727272727,7
1,16,2.875,3
0,13,3.0,6
0,14,2.5,7
1,12,2.625,8
50,15,2.375,5
0,18,3.7,4
2,22,2.4444444444444446,1
1,16,4.333333333333333,6
3,16,2.7777777777777777,2
50,20,3.5,3
1,18,2.8,6
2,15,3.125,1
0,19,3.3,3
28,18,1.875,4
0,18,3.1,2
4,15,4.0,7
8,16,2.6666666666666665,8
0,16,3.6666666666666665,5
1,21,4.090909090909091,2
0,16,3.111111111111111,3
0,13,1.625,8
54,16,3.2222222222222223,1
11,14,2.142857142857143,7
20,15,1.1428571428571428,5
0,17,2.555555555555556,4
39,16,1.75,6
39,15,3.4444444444444446,8
0,16,3.4444444444444446,2
25,19,0.8571428571428571,4
12,15,2.875,7
12,20,3.5,1
1,13,2.75,6
1,20,4.2,3
8,16,2.0,5
2,19,2.8181818181818183,1
0,15,2.333333333333333,4
39,14,3.125,7
12,13,3.4444444444444446,8
1,16,1.875,5
0,19,3.7,2
1,15,2.5,6
5,16,2.555555555555556,3
0,13,2.4444444444444446,8
0,16,3.0,3
1,15,4.545454545454546,7
1,15,2.125,5
0,13,3.7777777777777777,4
1,13,2.875,6
2,23,4.583333333333333,1
0,17,2.6666666666666665,2
0,17,3.3,4
4,17,2.888888888888889,1
1,15,1.1428571428571428,8
4,15,1.875,6
0,16,2.555555555555556,2
2,14,4.888888888888889,5
23,17,3.555555555555556,7
3,16,4.4,3
1,24,4.916666666666667,2
0,26,3.0,3
0,17,2.888888888888889,4
35,13,3.0,7
0,15,2.4444444444444446,6
21,14,2.142857142857143,8
2,19,1.5,5
11,19,3.3,1
0,16,3.111111111111111,4
8,20,3.5,3
9,15,1.1428571428571428,8
10,26,4.571428571428571,1
62,15,5.0,2
0,17,1.7777777777777777,6
1,16,2.555555555555556,5
33,15,3.0,7
12,12,3.4444444444444446,8
3,20,3.363636363636364,1
1,16,2.555555555555556,6
1,21,4.363636363636363,2
1,16,3.0,3
45,22,1.6666666666666667,4
2,17,1.75,5
2,11,2.4285714285714284,7
2,15,4.25,4
3,14,3.111111111111111,5
1,16,1.25,6
1,15,3.555555555555556,3
24,22,4.090909090909091,2
5,11,3.375,8
2,18,4.2,1
1,14,3.555555555555556,7
0,17,4.8,4
2,17,3.6,3
6,20,3.5,1
0,17,2.0,2
1,12,2.7142857142857144,5
0,20,0.5714285714285714,8
0,11,3.6666666666666665,7
3,15,2.5,6
7,14,3.6666666666666665,7
1,8,3.6666666666666665,3
3,20,3.090909090909091,1
18,18,1.5,5
0,20,4.909090909090909,2
3,16,2.7777777777777777,4
0,14,1.1666666666666667,8
3,14,2.6,6
6,15,3.111111111111111,2
0,17,2.375,4
2,22,5.416666666666667,1
1,14,2.333333333333333,8
42,15,2.375,5
28,16,2.0,6
1,16,1.125,7
0,16,3.4444444444444446,3
6,17,3.1,3
49,13,2.4285714285714284,7
7,16,4.6,4
0,11,3.0,8
0,15,3.4444444444444446,2
10,16,3.4444444444444446,6
41,21,3.1,1
21,18,3.7,5
1,20,2.888888888888889,1
0,18,3.9,5
52,15,2.375,7
0,15,2.0,6
1,17,4.2,4
0,16,2.888888888888889,2
1,12,2.875,8
0,15,2.888888888888889,3
32,15,3.625,2
17,19,2.0,7
0,15,3.7,4
33,14,1.125,8
0,15,3.0,3
8,15,3.4444444444444446,1
0,15,2.375,5
27,16,1.5714285714285714,6
4,17,2.6666666666666665,3
0,13,2.5,7
2,15,1.1666666666666667,6
1,16,3.375,2
0,16,3.111111111111111,5
11,20,3.5454545454545454,1
13,18,3.7,4
0,11,2.375,8
3,16,3.25,6
1,19,3.8,3
1,15,3.0,4
0,13,4.375,7
11,19,3.125,1
2,13,2.375,5
0,16,3.4,8
0,22,1.7777777777777777,2
0,13,1.5714285714285714,5
1,12,2.0,7
1,16,2.25,6
0,15,2.875,4
17,18,1.25,3
0,12,1.6666666666666667,8
2,19,3.6,1
7,18,3.7,2
60,16,3.8,2
0,18,2.4,6
3,13,3.875,5
2,14,2.875,7
1,21,3.909090909090909,1
0,16,2.125,8
38,14,2.875,4
1,20,3.111111111111111,3
0,14,2.0,8
0,17,3.6666666666666665,5
10,15,3.9,4
4,18,1.5,1
10,13,2.888888888888889,3
3,19,2.5,2
1,14,3.111111111111111,6
1,13,3.125,7
6,16,3.4444444444444446,6
3,16,1.1428571428571428,8
2,20,4.0,4
60,20,4.2,1
1,14,2.888888888888889,5
2,17,4.444444444444445,3
1,15,1.625,7
1,19,2.888888888888889,2
3,12,2.0,8
4,15,2.375,7
7,17,3.7,2
3,18,3.0,5
3,17,3.2222222222222223,3
3,18,3.8,6
4,15,5.1,4
7,18,3.4,1
76,16,1.375,7
1,21,3.6,3
2,18,2.7777777777777777,1
1,18,1.5,8
0,15,3.111111111111111,5
2,15,3.555555555555556,4
0,15,3.888888888888889,2
1,16,1.875,6
0,14,2.625,6
1,14,3.25,5
4,16,4.4,1
24,16,2.625,4
0,9,2.625,8
1,24,1.4,3
3,19,3.2,2
10,17,1.75,7
3,15,2.4444444444444446,7
1,14,2.333333333333333,4
0,13,2.4444444444444446,8
6,15,3.25,5
66,16,2.7777777777777777,1
0,18,3.8,3
1,11,2.857142857142857,6
9,17,1.875,2
0,17,2.888888888888889,2
20,16,1.4285714285714286,8
1,15,3.2222222222222223,3
0,16,1.4285714285714286,5
61,20,3.2,1
0,15,3.0,6
1,17,2.111111111111111,4
0,17,2.6666666666666665,7
0,14,4.3,6
4,15,3.2222222222222223,3
2,17,2.6666666666666665,5
10,14,2.0,8
0,14,2.75,7
0,20,1.7777777777777777,4
8,17,3.333333333333333,1
6,19,2.7777777777777777,2
0,14,2.555555555555556,6
3,18,3.6,4
1,19,2.8181818181818183,1
2,16,2.636363636363636,8
0,19,0.625,3
0,18,2.555555555555556,2
3,15,3.625,5
9,18,3.0,7
3,15,3.3,7
2,15,2.125,8
3,16,3.3,1
0,17,1.5555555555555556,5
4,19,1.375,3
1,16,2.375,6
12,19,4.363636363636363,4
44,19,2.7777777777777777,2
3,18,2.4,8
1,19,2.888888888888889,1
22,14,3.333333333333333,3
0,17,3.3,4
0,16,3.111111111111111,7
5,19,3.5,2
1,20,1.0,6
0,14,4.444444444444445,5
38,17,1.25,6
1,15,2.7777777777777777,7
1,17,4.363636363636363,4
0,14,2.0,8
43,16,2.333333333333333,1
0,16,2.75,3
0,15,1.875,2
2,20,2.6666666666666665,5
2,21,4.2727272727272725,3
0,14,3.0,7
0,20,4.6,2
2,16,2.555555555555556,6
1,15,2.25,8
2,15,2.7777777777777777,5
0,19,3.6,4
1,20,3.2,1
3,16,2.4444444444444446,4
6,19,2.2222222222222223,1
41,16,3.111111111111111,3
1,18,3.0,5
9,14,2.625,7
3,14,3.375,8
0,15,4.0,2
0,18,3.0,6
12,18,2.0,1
1,18,3.636363636363636,6
1,14,3.125,7
2,14,2.875,8
1,16,3.111111111111111,3
1,15,3.0,5
0,15,3.4,4
0,23,2.333333333333333,2
4,14,4.888888888888889,3
1,12,2.0,7
37,15,4.181818181818182,1
1,14,3.25,6
22,16,3.0,2
1,12,3.125,8
28,16,2.625,4
3,17,2.7777777777777777,5
1,19,3.6,1
10,16,4.0,4
0,13,2.375,8
0,21,3.636363636363636,2
0,21,2.888888888888889,3
3,13,2.888888888888889,7
0,14,3.5,5
13,14,3.875,6
0,13,2.4285714285714284,6
1,14,2.888888888888889,7
42,19,3.6,3
1,17,2.0,5
24,17,3.0,8
2,19,3.7,2
1,16,3.0,4
1,18,3.909090909090909,1
2,15,2.6666666666666665,5
4,16,3.3,6
26,19,5.0,3
0,13,1.5714285714285714,7
1,20,3.363636363636364,2
2,19,3.1,1
0,20,2.7,4
19,16,1.7142857142857142,8
1,18,2.8,3
0,14,2.875,5
21,11,3.375,8
5,17,3.888888888888889,6
1,14,2.7,7
4,18,2.375,4
1,18,3.1,2
5,20,3.909090909090909,1
1,13,3.6666666666666665,8
0,16,3.555555555555556,1
3,15,3.111111111111111,7
5,18,1.6666666666666667,5
1,20,3.9166666666666665,3
3,15,3.6666666666666665,4
27,15,0.8571428571428571,6
0,23,4.636363636363637,2
1,16,3.272727272727273,7
0,16,1.875,8
1,20,3.7,2
3,16,3.375,3
1,17,3.7,5
5,13,2.0,4
20,15,5.0,6
4,18,3.3,1
51,19,1.875,1
0,15,3.888888888888889,5
2,15,3.333333333333333,7
1,16,2.375,4
1,16,1.5,3
4,13,1.75,8
2,14,3.6666666666666665,6
1,17,4.0,2
1,13,4.888888888888889,2
36,15,3.0,7
0,22,2.6,3
0,15,2.0,4
15,17,1.875,5
2,17,3.2,1
0,18,2.4,8
1,13,3.125,6
0,20,3.8181818181818175,5
0,19,1.7777777777777777,7
0,18,3.1,3
0,14,2.75,6
1,17,3.0,1
0,16,4.545454545454546,2
2,17,2.75,4
0,17,3.8,8
13,21,2.2222222222222223,1
0,13,2.0,8
1,15,3.6666666666666665,5
22,22,4.636363636363637,2
4,13,3.125,4
0,20,3.1,3
12,16,2.875,6
0,14,1.875,7
7,19,2.888888888888889,5
31,14,3.25,4
4,16,3.4444444444444446,1
1,17,3.4,2
2,13,2.75,7
1,17,3.6666666666666665,3
0,13,1.5714285714285714,8
0,17,4.1,6
36,19,4.3,1
2,13,4.666666666666667,4
2,17,2.6666666666666665,2
0,18,3.0,5
24,14,3.125,7
0,17,5.0,3
3,15,3.7777777777777777,6
0,13,2.625,8
44,19,1.125,4
30,16,2.375,7
1,15,3.7,5
12,20,4.2,1
6,14,1.4285714285714286,8
1,14,3.125,3
1,13,2.375,6
1,18,4.090909090909091,2
0,15,2.2222222222222223,4
1,18,2.5,2
44,15,2.2222222222222223,6
1,19,3.5,1
1,12,2.2857142857142856,8
0,17,3.7,3
22,17,1.5,7
0,16,3.2222222222222223,5
2,18,3.7,1
1,15,3.0,3
0,20,1.6666666666666667,2
1,14,2.0,6
40,15,4.888888888888889,4
27,14,3.125,7
0,18,0.4285714285714285,8
1,16,2.7777777777777777,5
61,9,0.2,8
3,12,4.125,5
1,14,4.25,6
1,6,6.5,2
2,18,4.666666666666667,1
0,13,3.375,7
0,18,4.4,3
1,17,3.5,4
0,20,3.363636363636364,5
3,15,4.777777777777778,3
0,16,2.375,6
2,20,3.4,1
0,18,1.5555555555555556,4
0,11,3.125,8
0,14,2.75,7
0,20,4.545454545454546,2
2,19,3.0,1
50,14,3.0,4
1,20,3.0,2
0,16,2.555555555555556,5
1,14,1.6666666666666667,7
0,9,3.75,6
20,17,2.7777777777777777,3
4,9,2.625,8
0,16,3.125,6
0,17,3.0,3
0,17,2.75,4
0,15,3.9,5
2,20,1.125,1
0,17,3.7,7
0,17,3.4444444444444446,2
0,12,2.6666666666666665,8
1,14,3.0,4
45,19,2.333333333333333,1
7,15,1.625,2
0,13,2.625,7
0,13,3.5,6
2,13,2.625,8
0,14,1.75,3
1,14,3.2222222222222223,5
41,17,1.875,3
4,18,4.2,5
3,15,1.4285714285714286,7
10,17,1.25,6
4,18,4.0,1
8,12,1.875,8
11,19,2.8,2
6,16,3.111111111111111,4
4,15,3.8,6
32,14,3.125,1
1,14,3.125,3
25,12,2.75,7
3,15,3.555555555555556,2
30,15,3.6,5
0,13,1.875,8
1,16,3.3,4
0,19,3.0,2
2,20,2.4444444444444446,4
38,15,2.875,7
1,17,0.8571428571428571,5
1,14,4.111111111111111,6
0,15,3.0,3
0,16,3.0,8
50,15,3.8,1
3,11,2.0,8
4,21,4.416666666666667,5
1,20,4.090909090909091,1
1,20,4.0,4
7,19,3.111111111111111,2
1,15,1.75,6
0,17,2.0,7
0,15,4.5,3
4,13,2.125,8
2,20,3.5,2
5,21,3.5454545454545454,1
2,16,3.0,7
2,18,1.6666666666666667,6
1,17,3.1,4
5,18,3.7,5
5,19,2.7777777777777777,3
21,13,2.625,8
10,19,4.2,2
8,15,3.0,4
4,16,4.4,1
1,19,2.7,3
0,16,2.2222222222222223,5
0,15,2.6666666666666665,7
0,15,1.2857142857142858,6
0,12,2.625,7
1,15,3.4444444444444446,4
29,12,1.7142857142857142,8
0,12,2.875,5
1,12,3.125,6
74,16,2.7777777777777777,1
0,19,3.5,2
4,17,2.555555555555556,3
14,16,2.375,6
1,14,3.555555555555556,7
5,19,3.4,2
0,13,2.5,8
1,18,3.0,4
18,22,3.636363636363636,1
1,17,3.0,5
1,17,1.1111111111111112,3
0,13,2.7777777777777777,6
0,15,2.111111111111111,3
0,18,3.4,2
1,19,4.25,4
2,17,2.4,7
0,15,2.7777777777777777,8
1,15,3.1,1
0,15,2.8,5
0,18,4.090909090909091,3
0,13,2.555555555555556,5
1,13,2.625,8
0,13,2.7777777777777777,4
0,13,4.111111111111111,7
0,14,2.25,2
1,16,3.0,6
32,20,1.7777777777777777,1
2,17,3.8,1
0,16,2.625,6
1,16,3.2222222222222223,5
0,20,3.5,2
0,17,3.0,7
1,12,2.375,8
1,16,2.0,4
2,21,2.4444444444444446,3
0,15,2.6666666666666665,8
7,14,2.75,3
0,16,4.1,5
1,12,3.25,7
0,23,3.8181818181818175,2
1,16,2.333333333333333,4
1,14,3.0,6
54,19,3.4,1
15,19,2.0,5
0,14,2.888888888888889,6
0,16,1.875,7
0,17,1.875,3
1,16,3.2222222222222223,2
12,10,2.0,8
4,17,3.375,4
12,18,4.6,1
2,14,1.875,6
0,14,2.875,4
3,15,2.0,7
2,20,1.0,3
0,11,1.6666666666666667,8
51,15,2.4444444444444446,1
2,15,2.2222222222222223,5
0,15,4.8,2
0,19,4.636363636363637,4
0,16,2.888888888888889,5
1,15,4.1,3
23,17,2.142857142857143,7
0,17,4.1,2
0,16,2.5,6
0,12,2.875,8
2,16,3.9,1
50,16,4.0,3
0,16,1.0,6
3,12,2.375,4
18,17,1.7142857142857142,8
0,19,4.636363636363637,2
1,13,3.0,7
18,14,3.0,5
2,14,4.111111111111111,1
38,13,1.7142857142857142,7
10,16,2.625,3
3,20,3.7,6
0,17,2.888888888888889,4
3,17,4.181818181818182,1
0,15,2.0,8
32,19,2.555555555555556,5
0,17,3.333333333333333,2
0,14,3.125,6
1,13,3.125,7
1,17,3.6,3
1,15,1.875,8
1,15,3.555555555555556,1
0,19,1.0,5
0,16,4.0,4
0,20,1.5,2
0,15,2.375,7
1,14,0.5,8
1,16,3.333333333333333,5
2,17,4.4,6
0,18,3.3,3
53,18,4.1,2
1,16,4.6,4
44,18,4.1,1
1,15,2.7777777777777777,5
2,21,3.1818181818181817,2
10,15,3.0,3
0,18,3.6,4
1,15,1.875,7
1,17,4.818181818181818,8
0,18,3.727272727272727,6
2,17,3.0,1
0,15,3.9,5
0,15,3.111111111111111,4
24,14,3.5,8
25,13,2.0,7
1,17,2.7777777777777777,1
24,21,1.75,2
34,18,1.6666666666666667,3
0,13,2.2222222222222223,6
0,16,3.333333333333333,4
27,17,1.8888888888888888,6
0,13,4.444444444444445,7
2,15,3.111111111111111,5
7,17,2.7777777777777777,2
1,13,2.75,8
1,17,3.625,1
0,18,2.0,3
0,14,3.333333333333333,5
0,16,1.1428571428571428,4
20,15,2.0,8
0,14,2.375,6
7,13,2.75,7
1,18,1.0,3
1,18,3.2222222222222223,1
8,18,4.545454545454546,2
25,20,3.6,1
0,15,2.0,7
41,13,1.5714285714285714,8
1,17,2.625,2
0,15,3.4444444444444446,6
14,16,3.6,4
35,18,1.125,5
19,18,2.875,3
0,14,2.375,6
0,15,2.111111111111111,2
1,11,2.5,8
1,14,4.111111111111111,4
1,15,3.2222222222222223,1
0,12,3.0,7
1,14,1.75,5
0,17,1.6666666666666667,3
0,17,5.0,4
6,12,2.5,8
5,24,2.8,2
1,16,4.0,5
1,20,3.6,1
3,15,2.0,6
52,14,1.0,7
4,16,4.2,3
1,14,3.555555555555556,3
0,14,3.888888888888889,4
3,14,3.888888888888889,6
1,12,3.5,5
3,17,2.5,7
61,15,2.5,8
1,20,3.1,1
4,16,3.555555555555556,2
0,18,2.0,3
30,18,3.2,5
1,12,2.2857142857142856,8
4,20,3.8,1
3,16,1.8888888888888888,7
1,16,4.8,2
0,18,3.111111111111111,4
1,14,2.5,6
0,17,3.5,4
31,14,3.125,5
0,19,1.375,7
1,17,1.375,3
0,16,2.0,8
1,15,3.4444444444444446,1
0,23,4.076923076923077,2
26,16,2.25,6
0,15,5.111111111111111,2
0,17,3.0,3
0,9,1.6666666666666667,8
1,13,2.75,7
2,18,4.727272727272728,1
29,20,1.625,6
0,18,1.0,4
0,15,2.5,5
1,18,2.7,3
8,20,2.333333333333333,2
51,14,3.25,4
2,14,2.7777777777777777,7
1,13,3.7777777777777777,5
1,16,0.8571428571428571,8
1,16,3.2222222222222223,1
0,13,2.888888888888889,6
8,18,2.4444444444444446,1
0,12,1.5714285714285714,8
1,16,2.25,6
1,17,3.888888888888889,5
0,18,2.6,4
2,17,3.7,3
16,13,2.0,7
0,20,4.363636363636363,2
2,14,3.0,7
1,19,1.375,6
2,16,2.7777777777777777,5
1,16,3.111111111111111,3
1,18,4.636363636363637,8
0,18,3.3,2
1,17,3.6,1
2,17,2.4444444444444446,4
4,19,3.636363636363636,8
0,19,2.6,4
12,21,4.076923076923077,1
1,19,3.363636363636364,3
1,16,2.2,6
0,19,3.4166666666666665,5
0,18,2.4545454545454546,7
5,22,3.8461538461538463,2
0,15,2.0,7
1,15,2.0,6
1,19,4.363636363636363,3
51,16,1.75,8
1,18,1.875,1
0,14,2.4444444444444446,5
1,15,2.4444444444444446,4
2,15,2.555555555555556,2
0,16,4.2,2
0,16,4.0,5
19,17,4.6,4
0,15,4.8,3
36,16,2.333333333333333,6
22,17,4.2,7
1,17,3.0,1
1,11,2.2857142857142856,8
0,20,1.25,4
1,17,3.8,6
1,17,2.0,3
1,12,2.625,8
4,12,3.0,7
3,17,4.0,1
0,16,3.7,2
46,15,2.625,5
3,17,3.0,6
1,15,1.25,8
1,18,3.333333333333333,1
2,17,2.9,5
0,16,3.0,7
36,17,3.0,4
1,18,2.7,3
2,24,4.153846153846154,2
8,17,1.7272727272727273,1
53,16,2.125,8
4,17,2.7777777777777777,3
0,18,2.5,7
9,19,4.0,2
2,15,2.888888888888889,6
3,18,3.5,5
4,16,4.8,4
52,15,4.0,3
0,13,3.2222222222222223,7
0,14,2.875,5
1,19,4.090909090909091,1
11,13,4.555555555555555,6
1,15,4.333333333333333,2
1,13,3.0,8
0,17,4.4,4
0,15,1.7142857142857142,6
1,13,3.25,3
0,12,2.142857142857143,8
11,12,2.857142857142857,7
3,22,2.2,1
1,14,3.111111111111111,5
1,15,3.7777777777777777,4
14,19,1.875,2
1,23,4.076923076923077,1
1,20,3.6666666666666665,4
19,15,2.555555555555556,5
1,15,3.6,6
1,16,3.0,7
1,18,2.636363636363636,8
0,18,2.6,3
12,25,1.5454545454545454,2
1,13,3.25,8
7,21,2.6666666666666665,2
0,15,2.2857142857142856,6
2,16,3.0,1
0,15,3.333333333333333,3
0,17,3.0,5
0,18,3.8,4
6,16,4.9,7
0,19,3.8181818181818175,7
40,18,1.75,8
1,18,4.545454545454546,6
33,21,2.555555555555556,2
0,20,4.090909090909091,3
1,16,3.2222222222222223,1
57,18,3.2222222222222223,5
1,16,3.0,4
0,15,4.416666666666667,6
1,11,4.0,5
2,17,4.555555555555555,1
29,16,1.125,4
1,17,4.1,2
4,18,3.4,7
1,14,4.5,3
21,13,1.3333333333333333,8
0,12,3.125,8
0,15,2.0,2
1,22,0.875,3
10,17,1.0,7
5,20,3.9,1
0,14,2.7777777777777777,4
0,15,3.333333333333333,5
5,16,3.111111111111111,6
0,17,3.7,3
0,16,3.7,5
0,18,3.6666666666666665,2
2,15,3.7,1
28,18,1.0,7
1,13,3.555555555555556,6
1,19,2.555555555555556,4
0,12,3.875,8
0,12,3.0,8
1,15,2.7,2
1,14,1.7142857142857142,7
3,16,1.875,6
1,20,3.636363636363636,3
10,16,5.111111111111111,1
2,15,1.2857142857142858,5
1,18,3.7,4
6,19,3.5,5
0,18,3.4,2
6,17,3.333333333333333,1
1,16,3.111111111111111,6
4,17,3.2222222222222223,4
3,13,5.888888888888889,3
45,14,2.0,8
4,14,3.875,7
1,13,2.6666666666666665,5
3,14,2.375,7
0,19,3.7,3
2,19,1.6666666666666667,1
1,17,2.25,4
1,14,1.75,8
1,14,3.4444444444444446,6
3,16,3.6,2
7,7,6.75,2
0,16,2.25,8
0,16,2.7777777777777777,5
1,18,2.888888888888889,3
0,17,2.0,6
3,14,3.0,7
2,18,3.1,1
0,19,3.5454545454545454,4
1,15,2.7142857142857144,7
57,12,2.125,8
0,19,4.454545454545454,5
1,18,2.6666666666666665,4
2,16,4.1,6
1,22,4.583333333333333,1
32,21,2.2222222222222223,2
0,17,3.8,3
1,17,3.1,4
2,15,2.25,5
2,16,4.222222222222222,1
2,15,2.2222222222222223,3
0,15,3.4444444444444446,7
0,14,2.0,8
0,17,2.0,6
0,18,2.0,2
12,16,3.555555555555556,2
1,17,2.125,5
4,15,2.7777777777777777,4
20,15,3.555555555555556,8
10,15,4.0,6
1,17,4.6,3
6,18,2.2222222222222223,1
0,15,3.333333333333333,7
1,16,3.3,4
0,19,3.9,3
5,17,1.0,6
1,16,4.0,2
2,9,1.625,8
40,19,2.0,5
0,12,2.625,7
2,21,3.727272727272727,1
0,15,2.75,5
36,13,1.5714285714285714,8
1,17,4.8,2
0,17,2.6666666666666665,7
1,19,3.727272727272727,1
1,14,2.7777777777777777,6
4,18,2.4444444444444446,4
4,16,3.2222222222222223,3
0,21,1.0,5
2,16,2.0,7
51,19,3.2,2
12,19,3.0,3
1,14,3.555555555555556,6
1,14,2.25,8
1,16,3.2222222222222223,1
12,17,2.125,4
4,15,4.111111111111111,3
1,18,3.909090909090909,2
11,15,2.625,5
24,15,2.875,8
1,14,2.0,6
1,13,2.5,7
3,19,4.727272727272728,1
3,17,2.75,4
0,14,2.0,8
1,15,2.75,4
2,17,1.8,3
1,13,3.5,5
0,18,2.9,2
28,14,2.571428571428572,6
36,15,3.2222222222222223,7
2,16,3.0,1
0,13,3.25,5
0,15,3.75,4
1,14,1.5714285714285714,7
1,15,3.333333333333333,1
2,17,1.25,6
0,11,2.2222222222222223,8
0,16,3.555555555555556,2
0,16,3.7,3
31,18,2.9,4
1,12,5.444444444444445,8
4,15,2.25,6
2,17,4.727272727272728,5
24,20,3.4,1
21,17,4.0,2
36,15,4.111111111111111,3
3,18,1.75,7
49,14,2.375,7
1,17,2.888888888888889,2
0,15,3.555555555555556,6
0,20,1.625,3
0,17,2.4444444444444446,5
0,14,2.7777777777777777,4
2,16,3.0,1
0,16,2.4444444444444446,8
0,18,3.4,5
3,15,2.7777777777777777,8
1,15,4.818181818181818,7
33,19,3.3,1
2,18,3.4444444444444446,3
1,20,2.9,4
1,12,2.0,6
22,18,2.555555555555556,2
43,14,3.7777777777777777,4
1,15,2.75,1
12,20,4.4,2
22,18,1.7142857142857142,6
1,13,2.375,5
1,15,2.4285714285714284,8
39,12,1.4285714285714286,7
0,18,2.6666666666666665,3
41,16,3.111111111111111,8
32,16,2.875,3
2,19,3.0,5
19,16,1.4285714285714286,7
2,18,3.8,2
0,16,3.7,4
1,13,2.142857142857143,6
53,18,2.6666666666666665,1
0,15,3.8,6
12,19,2.6666666666666665,1
1,15,2.7,8
2,19,3.7,2
16,17,2.6666666666666665,7
0,20,1.125,5
0,21,3.0,4
50,15,3.75,3
4,17,3.7,5
1,17,2.7777777777777777,2
13,18,3.7777777777777777,1
0,17,4.7,7
19,11,2.75,6
1,15,4.0,4
1,11,3.875,8
4,15,3.0,3
7,17,2.4444444444444446,1
20,13,1.7142857142857142,8
0,16,1.5,4
1,15,2.375,3
1,15,4.0,2
0,12,3.555555555555556,6
0,12,3.125,5
1,10,2.142857142857143,7
0,15,2.75,5
0,15,3.111111111111111,7
2,17,3.7,4
22,17,3.333333333333333,2
11,19,1.875,3
30,17,0.8571428571428571,8
4,18,2.0,1
0,11,3.888888888888889,6
2,14,3.6666666666666665,4
2,15,2.5,5
34,15,3.1,8
0,15,2.0,6
0,13,2.125,7
5,22,4.2727272727272725,1
6,13,2.857142857142857,3
7,18,3.3,2
0,19,3.333333333333333,5
3,20,3.363636363636364,3
14,15,2.0,8
1,14,2.7777777777777777,4
7,16,2.75,2
10,17,2.8,1
0,17,1.1428571428571428,6
53,15,2.0,7
1,18,3.5,1
0,19,4.181818181818182,2
0,15,1.875,5
14,17,4.111111111111111,3
4,11,2.375,8
4,16,3.2222222222222223,6
1,17,1.3333333333333333,7
0,20,3.090909090909091,4
5,18,4.181818181818182,1
0,18,3.7,4
0,15,2.375,7
8,14,0.3333333333333333,8
6,16,1.75,3
0,16,3.75,2
2,20,3.333333333333333,6
8,16,2.888888888888889,5
1,18,1.75,4
3,18,3.2222222222222223,1
5,14,1.8571428571428568,5
9,19,3.7,2
137,7,2.0,8
0,13,2.875,7
1,19,3.125,3
0,16,2.7777777777777777,6
6,19,4.4,3
37,21,2.4444444444444446,2
1,21,4.083333333333333,4
1,14,2.25,7
1,14,2.6666666666666665,5
5,21,1.5555555555555556,1
7,16,2.375,6
1,12,2.125,8
47,21,2.0,2
0,15,1.75,7
0,18,3.6666666666666665,3
0,19,3.6,6
1,16,2.875,4
1,14,2.0,8
27,20,3.636363636363636,1
1,14,3.125,5
0,14,2.375,6
9,20,4.0,1
0,13,4.777777777777778,3
0,14,3.4444444444444446,5
0,12,5.0,8
0,13,2.7777777777777777,4
0,18,4.5,2
15,12,3.125,7
0,12,1.6666666666666667,8
40,17,2.5,2
7,16,4.4,5
59,15,3.125,3
31,24,4.083333333333333,1
0,11,3.125,7
1,15,3.0,6
1,17,3.3,4
1,16,3.0,6
1,16,3.7777777777777777,8
13,18,4.181818181818182,1
2,16,3.2,7
0,19,2.6,4
29,16,1.75,5
0,15,3.375,3
0,20,4.090909090909091,2
1,22,1.5555555555555556,2
1,15,4.666666666666667,4
1,15,2.111111111111111,7
22,16,0.8571428571428571,8
2,19,4.363636363636363,1
1,14,2.4444444444444446,6
1,16,2.5,5
0,14,2.75,3
4,16,4.5,8
11,20,2.4444444444444446,3
0,22,4.363636363636363,2
3,19,2.555555555555556,6
1,17,3.888888888888889,1
36,17,2.7777777777777777,4
0,13,2.5,7
0,19,4.0,5
50,17,1.375,4
9,22,3.0,3
0,15,2.5,5
0,14,2.875,7
2,25,4.75,1
1,19,3.111111111111111,2
10,14,2.125,6
0,14,3.555555555555556,8
24,16,2.4285714285714284,6
1,17,3.4545454545454546,7
1,21,4.090909090909091,1
0,17,2.888888888888889,2
1,21,1.875,3
26,12,1.0,8
0,15,3.0,5
0,17,2.4444444444444446,4
49,17,3.4444444444444446,6
0,13,2.375,7
3,15,2.7777777777777777,4
0,13,3.0,8
3,17,3.6,5
5,18,3.2222222222222223,3
1,21,1.8888888888888888,2
1,21,1.375,1
14,17,1.875,6
1,21,2.0,2
10,16,2.4444444444444446,5
1,15,3.7,4
56,25,4.083333333333333,1
0,14,2.5,8
10,15,3.2222222222222223,7
0,18,2.6666666666666665,3
1,16,1.875,4
1,16,3.111111111111111,5
0,12,2.375,8
10,14,3.125,7
10,17,3.2222222222222223,1
2,15,2.0,3
46,15,2.75,6
6,20,2.2222222222222223,2
7,16,2.4285714285714284,6
0,15,3.8,8
4,19,2.9,4
8,15,3.333333333333333,7
2,19,3.2,3
7,17,3.4,1
1,16,3.7777777777777777,2
3,15,2.0,5
45,17,1.625,4
0,13,2.625,8
1,13,2.571428571428572,5
0,13,3.125,6
36,16,2.7777777777777777,1
2,12,3.0,7
52,17,1.7777777777777777,3
1,16,3.8,2
0,15,2.0,4
0,16,2.555555555555556,6
0,17,3.3,2
7,17,3.555555555555556,1
0,13,3.555555555555556,5
0,15,2.555555555555556,7
5,12,2.4285714285714284,8
1,16,2.7777777777777777,3
19,19,3.2222222222222223,1
0,19,3.111111111111111,8
0,13,3.375,7
40,18,2.555555555555556,3
33,15,1.5714285714285714,6
5,18,1.375,4
2,16,2.25,5
84,20,1.5,2
0,15,3.2222222222222223,4
0,15,3.8,5
0,12,1.75,8
2,14,3.4,7
3,19,2.555555555555556,3
0,21,4.181818181818182,2
35,17,3.555555555555556,1
0,14,4.444444444444445,6
21,19,3.3,5
1,19,1.7777777777777777,3
1,16,3.111111111111111,4
4,21,3.2,2
0,15,3.111111111111111,7
12,19,2.4,1
52,15,2.125,8
0,16,4.0,6
51,16,1.875,4
21,20,4.2,1
54,14,2.875,5
1,19,2.2222222222222223,2
0,18,2.6666666666666665,7
0,15,3.4444444444444446,3
20,15,1.5,8
1,16,3.0,6
33,16,1.625,7
0,16,2.4444444444444446,2
34,13,2.0,8
2,16,3.4444444444444446,4
12,19,3.9,3
1,16,2.333333333333333,5
16,14,2.375,6
56,15,2.888888888888889,1
1,16,3.333333333333333,8
1,16,2.125,5
1,17,4.181818181818182,6
3,18,2.555555555555556,3
2,15,3.1,4
0,18,3.0,2
1,13,2.375,7
1,17,4.2,1
0,17,3.3,5
1,16,3.0,3
41,13,4.444444444444445,7
1,12,2.7142857142857144,8
8,20,1.0,6
0,15,2.6666666666666665,4
1,18,2.2222222222222223,1
0,18,3.8,2
0,18,2.0,4
1,17,2.6666666666666665,6
2,14,3.6666666666666665,5
50,10,3.5,8
5,20,4.909090909090909,1
0,17,3.555555555555556,2
43,16,1.1428571428571428,7
1,17,2.7777777777777777,3
10,19,4.2,3
1,18,0.75,8
0,18,2.75,2
0,17,1.375,7
0,18,4.0,5
3,19,3.9,1
1,16,3.333333333333333,4
0,19,3.5454545454545454,6
3,16,3.3,4
1,16,3.125,3
5,15,1.7142857142857142,6
0,15,4.6,5
1,16,3.333333333333333,2
1,20,2.555555555555556,1
10,14,1.7142857142857142,7
6,12,1.6666666666666667,8
1,22,3.636363636363636,2
1,18,4.0,4
5,13,3.2,7
1,21,1.6363636363636365,3
51,19,2.4,6
0,16,5.0,8
50,21,2.2,1
0,15,4.5,5
1,15,2.75,8
5,20,1.8888888888888888,3
2,18,4.833333333333333,5
1,16,1.3333333333333333,6
0,15,2.555555555555556,7
0,15,3.2222222222222223,4
7,19,4.454545454545454,1
0,18,3.9,2
1,17,3.8,2
53,16,3.625,1
1,16,2.9,5
1,10,2.2222222222222223,8
1,18,2.6,7
1,18,3.111111111111111,3
21,12,3.125,6
1,16,3.7,4
2,19,1.4444444444444444,2
20,15,2.125,8
1,16,3.0,3
16,14,2.0,5
1,14,2.75,4
2,16,2.333333333333333,1
0,15,3.7777777777777777,7
0,12,2.375,6
0,12,3.6666666666666665,6
0,13,2.4285714285714284,8
0,19,2.555555555555556,3
31,15,4.111111111111111,1
0,16,2.2222222222222223,4
1,16,3.2222222222222223,7
4,18,0.8571428571428571,5
12,23,3.8181818181818175,2
15,20,4.0,4
0,17,1.5555555555555556,6
3,16,3.1,2
0,20,3.727272727272727,3
49,15,2.555555555555556,1
0,12,3.111111111111111,8
18,12,3.2857142857142856,7
1,16,3.727272727272727,5
0,15,2.25,4
9,15,3.6666666666666665,7
1,19,2.4444444444444446,3
51,15,3.333333333333333,5
0,12,2.111111111111111,6
53,17,3.0,1
1,9,2.5,8
22,17,2.875,2
1,16,2.9,2
3,15,3.5,6
1,19,2.333333333333333,4
13,9,0.8333333333333334,8
2,17,4.8,3
5,16,3.4444444444444446,5
16,19,4.636363636363637,1
1,13,3.125,7
0,17,3.8,5
1,17,2.4444444444444446,4
4,16,4.3,6
0,16,2.6666666666666665,3
3,16,3.555555555555556,1
0,18,3.2222222222222223,2
0,12,2.555555555555556,8
59,16,2.0,7
1,15,4.555555555555555,4
3,14,2.875,7
5,19,4.1,1
2,12,2.7777777777777777,8
4,18,1.125,5
1,16,5.555555555555555,2
32,15,2.625,6
2,17,2.7777777777777777,3
9,16,3.555555555555556,4
1,14,2.111111111111111,7
2,15,3.2222222222222223,1
0,13,3.0,6
23,20,3.0,5
1,14,4.0,2
0,15,1.625,8
5,20,3.2,3
3,18,2.9,3
2,15,3.0,6
1,18,3.9,4
38,15,3.111111111111111,7
2,16,2.7777777777777777,5
21,21,3.8,1
0,17,3.0,2
7,13,2.555555555555556,8
4,15,3.6666666666666665,7
47,18,2.7777777777777777,1
1,13,3.0,4
0,16,4.636363636363637,5
0,20,2.111111111111111,2
1,15,3.888888888888889,3
0,15,3.111111111111111,6
6,15,1.8571428571428568,8
4,16,2.7777777777777777,7
51,19,1.375,5
50,13,2.0,6
0,19,4.1,2
29,18,2.4444444444444446,4
2,14,0.5714285714285714,8
2,17,4.1,1
13,15,2.25,3
0,18,2.0,6
0,21,3.75,3
20,18,1.0,5
9,15,3.4444444444444446,8
14,15,2.0,7
0,15,3.1,1
0,15,3.6666666666666665,4
1,14,3.25,7
36,13,2.625,5
1,10,2.142857142857143,8
2,20,5.0,4
12,12,2.4444444444444446,6
8,19,5.090909090909091,1
0,17,3.8,3
1,14,4.125,2
32,15,2.75,5
1,15,3.333333333333333,6
0,18,3.111111111111111,3
1,18,4.5,2
1,17,4.2,4
1,14,3.25,7
1,16,4.5,1
2,15,2.875,8
1,20,3.111111111111111,3
1,15,2.7777777777777777,2
1,19,3.1,4
2,18,3.8,5
0,16,2.2222222222222223,7
2,18,3.5,1
1,12,2.25,6
0,11,2.142857142857143,8
0,16,3.7777777777777777,4
20,21,2.0,1
11,19,3.9,2
1,20,3.7,3
0,16,2.0,6
52,14,2.375,7
0,18,4.0,5
3,13,2.5,8
0,17,3.2222222222222223,2
0,13,2.625,7
0,18,2.6,3
23,14,3.125,4
4,20,3.7,1
0,15,2.888888888888889,5
1,14,2.25,8
8,16,2.0,6
5,16,2.375,5
0,17,3.7,2
4,23,4.416666666666667,1
0,13,1.8333333333333333,7
11,11,1.8333333333333333,8
0,14,2.0,4
51,16,0.8571428571428571,6
1,17,2.375,3
3,17,2.555555555555556,5
1,14,2.875,6
1,14,2.0,4
6,20,4.090909090909091,1
0,16,2.25,3
3,14,2.0,7
1,13,2.0,8
1,20,3.090909090909091,2
31,14,3.5,5
13,15,3.375,2
1,12,3.125,7
27,17,2.625,3
11,19,2.9,1
2,14,2.888888888888889,4
6,15,3.375,8
10,13,2.142857142857143,6
0,15,3.1,6
8,19,1.875,3
0,18,3.2222222222222223,2
1,18,3.5454545454545454,4
18,17,3.0,5
5,13,2.875,7
11,15,2.75,8
5,17,4.3,1
0,13,2.555555555555556,7
1,11,1.0,5
3,16,4.4,4
2,16,2.9,6
0,15,3.375,2
27,18,3.8,1
50,18,2.75,3
0,13,2.0,8
2,14,2.75,8
6,17,3.363636363636364,1
0,13,1.4285714285714286,6
0,16,2.6666666666666665,5
0,17,1.875,3
1,18,3.0,4
0,12,3.142857142857143,7
11,15,3.125,2
0,11,1.875,7
3,19,2.0,4
1,11,2.25,8
2,17,2.6666666666666665,2
1,11,4.75,5
2,13,3.625,6
0,18,3.111111111111111,3
20,21,4.181818181818182,1
0,14,3.7777777777777777,6
33,18,3.2222222222222223,1
2,15,2.2222222222222223,7
3,12,3.7,8
14,16,2.555555555555556,4
0,18,4.1,2
2,13,1.6666666666666667,5
0,18,3.3,3
5,22,4.727272727272728,1
1,14,3.555555555555556,7
42,14,1.0,8
3,17,4.1,2
1,17,3.0,4
5,14,3.125,5
5,18,3.8,3
0,14,3.0,6
4,18,3.8,2
20,20,2.0,1
0,13,2.0,7
0,19,3.2,4
14,17,1.8571428571428568,5
2,15,3.7777777777777777,6
110,6,0.4,8
3,17,3.4,3
11,16,4.2727272727272725,5
3,13,3.0,7
2,18,2.555555555555556,3
1,11,1.3333333333333333,8
4,15,3.555555555555556,1
2,15,2.25,6
1,19,4.1,2
5,18,3.9,4
0,19,3.111111111111111,2
1,16,3.2222222222222223,3
1,16,2.125,8
5,16,2.25,7
0,14,3.375,5
39,17,3.0,1
4,20,4.0,4
0,16,2.6666666666666665,6
1,16,4.090909090909091,4
5,18,3.9,6
1,19,2.75,3
0,13,2.75,8
40,16,2.75,5
1,19,4.2,1
3,16,2.7,7
4,17,2.888888888888889,2
0,11,1.6666666666666667,7
8,17,2.0,4
0,18,3.6,5
1,10,4.111111111111111,8
47,17,0.8571428571428571,6
1,17,3.3,2
4,20,3.363636363636364,1
25,19,2.875,3
0,17,4.0,5
3,17,4.8,1
3,20,2.111111111111111,2
31,20,1.125,4
33,16,3.0,6
2,15,2.7777777777777777,7
0,19,3.7,3
2,14,3.0,8
59,22,2.333333333333333,2
0,17,3.555555555555556,7
50,17,3.0,6
1,17,4.090909090909091,5
0,16,3.2222222222222223,4
2,15,2.75,8
2,19,3.8,1
1,17,3.0,3
62,17,3.9,3
13,20,2.8181818181818183,1
3,14,3.0,4
0,13,4.333333333333333,8
62,16,3.333333333333333,5
1,13,2.75,7
0,14,2.0,6
0,19,3.636363636363636,2
1,14,2.375,6
0,12,3.125,8
23,17,2.75,5
0,17,4.4,2
11,18,3.4444444444444446,1
0,17,2.625,3
4,16,4.909090909090909,4
0,18,3.272727272727273,7
2,22,3.0,2
18,16,2.333333333333333,4
5,12,3.142857142857143,8
2,16,2.333333333333333,6
5,16,3.7,1
29,16,1.1428571428571428,7
0,18,2.7777777777777777,3
0,14,1.625,5
43,16,2.625,5
1,16,2.7777777777777777,2
0,14,1.7142857142857142,8
2,16,2.75,1
1,15,2.0,6
9,19,3.0,4
47,15,2.375,7
1,19,1.6666666666666667,3
0,16,2.7777777777777777,4
0,15,2.6666666666666665,5
2,16,3.2,3
3,15,3.5,8
4,15,2.571428571428572,6
1,17,2.4444444444444446,2
22,18,3.111111111111111,1
39,15,2.75,7
3,18,1.375,6
1,12,3.4444444444444446,3
1,15,4.0,2
1,14,2.5,8
0,13,2.142857142857143,7
0,19,3.727272727272727,5
1,17,3.3,1
5,19,2.7,4
14,20,2.888888888888889,1
0,16,3.555555555555556,3
20,18,3.6,4
1,19,2.333333333333333,2
4,15,5.0,8
1,16,2.7777777777777777,5
1,16,4.444444444444445,6
0,15,2.555555555555556,7
0,21,3.363636363636364,2
0,15,3.333333333333333,5
2,15,3.333333333333333,4
1,13,1.4285714285714286,8
1,14,2.625,7
0,14,3.333333333333333,6
0,19,2.888888888888889,3
1,17,3.333333333333333,1
25,14,2.875,7
0,16,2.7777777777777777,3
0,24,3.9166666666666665,2
1,13,4.125,5
15,15,3.4444444444444446,6
8,21,4.090909090909091,1
52,19,2.4444444444444446,4
2,13,2.375,8
1,15,3.3,1
2,13,2.0,7
13,17,3.4444444444444446,2
3,16,3.7,5
1,16,4.6,6
2,14,1.1666666666666667,8
0,18,2.8,4
4,16,1.875,3
1,21,3.909090909090909,1
0,16,3.5,7
4,17,3.6666666666666665,2
0,16,4.0,8
0,16,3.0,4
0,17,2.2222222222222223,6
1,14,3.111111111111111,3
1,17,2.0,5
2,18,3.5,4
2,16,3.555555555555556,3
4,13,3.0,5
0,16,3.6,2
13,16,3.7777777777777777,1
15,15,0.8571428571428571,7
5,14,2.625,8
0,14,2.0,6
1,18,2.0,3
0,15,1.5714285714285714,8
5,17,2.555555555555556,1
1,15,2.625,4
2,17,4.7,5
0,17,2.0,2
1,16,3.4,7
61,14,2.125,6
7,18,4.727272727272728,1
30,17,1.0,5
1,13,2.7777777777777777,6
0,17,3.333333333333333,3
1,18,3.8,4
7,19,2.0,2
1,13,2.375,7
4,12,2.75,8
1,18,2.7777777777777777,1
1,19,4.090909090909091,3
12,16,2.0,6
0,14,3.111111111111111,7
0,18,4.1,2
1,15,1.7142857142857142,5
1,12,4.0,4
0,11,2.7777777777777777,8
0,16,2.2222222222222223,2
31,16,4.0,7
0,13,2.25,8
10,15,3.0,5
16,14,2.0,6
21,14,4.125,4
1,16,3.4444444444444446,3
1,17,3.6666666666666665,1
5,19,3.8,2
6,14,4.0,6
2,15,3.2222222222222223,5
11,19,2.555555555555556,3
15,14,2.75,7
0,13,2.2857142857142856,8
6,20,3.4,4
1,18,1.875,1
1,13,3.0,8
25,16,0.8571428571428571,6
0,5,6.0,2
1,19,3.888888888888889,1
0,15,4.0,4
0,18,4.2,5
4,19,3.111111111111111,3
1,14,2.0,7
0,14,2.875,8
9,20,3.6,2
3,19,4.1,1
10,14,3.6666666666666665,7
1,18,2.0,3
0,12,3.857142857142857,5
12,15,2.375,6
1,17,3.3,4
4,16,3.5,3
15,19,4.363636363636363,4
2,21,3.727272727272727,1
0,16,2.25,6
0,23,2.4444444444444446,2
0,14,4.2,8
1,18,2.4444444444444446,5
0,14,2.5,7
1,12,4.222222222222222,6
0,12,3.0,7
1,21,4.181818181818182,3
2,18,3.6,1
1,15,2.0,5
0,20,3.363636363636364,2
1,13,0.8333333333333334,8
3,15,4.4,4
10,15,2.875,6
0,17,3.5,4
0,15,2.2222222222222223,8
0,17,1.0,5
1,16,3.7777777777777777,1
4,13,2.875,7
30,20,2.0,3
1,20,4.090909090909091,2
1,12,2.375,8
0,17,2.25,4
0,17,1.75,3
0,14,2.875,6
2,14,1.7142857142857142,7
1,17,2.4444444444444446,5
1,20,3.909090909090909,2
23,18,4.090909090909091,1
7,11,2.1666666666666665,7
1,17,3.111111111111111,2
3,18,3.727272727272727,4
20,17,3.4444444444444446,1
2,14,2.125,8
0,19,4.636363636363637,5
12,19,2.75,3
1,14,2.125,6
62,21,2.0,1
0,18,3.3,2
2,17,3.3,6
0,19,0.8571428571428571,3
3,6,6.0,4
52,15,3.125,8
1,17,4.090909090909091,5
40,16,2.888888888888889,7
1,23,4.416666666666667,2
4,17,4.444444444444445,1
1,13,2.7777777777777777,6
26,14,1.1428571428571428,5
1,15,2.75,4
0,11,3.333333333333333,7
46,19,1.25,3
1,10,1.0,8
32,16,1.75,6
0,13,2.25,8
9,20,4.363636363636363,1
3,15,1.875,7
1,17,2.8,2
51,19,1.25,4
0,13,2.75,3
39,22,1.8888888888888888,5
31,15,2.7777777777777777,3
27,12,3.0,4
0,18,4.090909090909091,2
2,14,2.375,7
0,16,3.909090909090909,5
2,20,4.090909090909091,1
20,14,2.2857142857142856,8
1,11,2.7142857142857144,6
0,15,3.9,8
6,13,3.0,7
0,18,3.7,4
0,17,3.909090909090909,6
10,17,2.125,5
46,17,2.7777777777777777,1
6,18,2.5,2
11,20,3.1,3
0,14,2.75,7
27,18,2.5,6
22,19,4.4,1
0,15,3.6,3
0,14,3.0,5
12,17,4.222222222222222,4
1,20,2.888888888888889,2
6,15,2.875,8
0,20,4.818181818181818,2
22,15,2.25,8
0,15,2.111111111111111,5
2,17,3.636363636363636,4
0,11,2.333333333333333,7
0,13,3.375,6
0,18,2.4444444444444446,3
65,17,3.555555555555556,1
1,17,3.0,1
1,16,3.111111111111111,6
0,12,3.2,7
1,19,1.5,3
5,16,3.111111111111111,5
0,15,1.875,4
1,16,3.9,2
0,13,2.0,8
3,17,2.555555555555556,2
0,17,2.9,3
2,15,2.888888888888889,4
1,16,1.25,8
2,17,3.4,6
1,17,3.5,1
1,14,3.2222222222222223,5
0,17,3.2,7
1,16,1.5,7
2,17,2.4444444444444446,6
1,14,2.888888888888889,5
16,13,3.6666666666666665,8
3,19,3.3,4
5,18,2.888888888888889,1
14,20,3.1,3
21,20,3.9,2
21,19,1.625,6
28,17,1.1428571428571428,7
1,11,2.875,8
0,17,3.0,3
0,17,2.6666666666666665,5
0,15,3.7,4
1,19,4.1,1
0,21,2.5,2
1,18,2.0,1
1,17,5.2,2
39,15,2.333333333333333,4
7,21,2.1,3
0,14,2.25,8
0,16,2.125,7
2,13,2.875,5
0,13,3.571428571428572,6
1,12,3.125,6
3,20,4.333333333333333,1
0,17,4.0,4
0,14,2.333333333333333,7
1,14,2.875,8
2,17,4.0,3
41,17,1.1428571428571428,5
1,16,3.2222222222222223,2
1,14,1.0,8
2,16,1.875,4
1,14,2.625,6
1,19,3.2,3
0,16,3.9,5
1,13,3.25,7
0,21,3.75,2
0,19,3.1,1
3,17,2.888888888888889,2
0,11,3.0,7
4,16,2.888888888888889,5
0,14,2.125,8
0,11,3.0,6
0,16,3.0,3
1,20,1.25,4
1,17,3.125,1
1,14,1.8571428571428568,8
0,15,2.555555555555556,2
59,14,4.5,4
30,14,1.7142857142857142,7
4,18,3.4444444444444446,1
6,14,2.375,6
1,19,1.7777777777777777,3
1,14,2.75,5
0,15,4.222222222222222,7
3,16,4.2,8
0,18,4.181818181818182,3
1,14,3.6666666666666665,6
1,17,3.5,1
58,16,3.4,4
0,15,3.375,2
1,18,0.8571428571428571,5
1,18,3.6,4
1,18,3.0,3
1,18,2.375,1
53,13,2.625,5
0,18,3.3,2
0,10,2.125,8
0,10,3.125,7
12,16,2.2857142857142856,6
0,12,3.375,6
1,18,1.625,3
1,21,4.416666666666667,1
0,13,1.25,8
11,13,2.0,7
0,14,2.7777777777777777,4
30,17,3.2,5
1,15,4.0,2
12,19,1.5714285714285714,1
10,18,1.875,5
41,15,2.5,4
7,16,2.0,7
1,18,1.875,2
2,14,2.25,8
4,19,4.454545454545454,3
2,14,2.0,6
0,11,2.375,8
1,14,2.888888888888889,7
1,21,4.181818181818182,1
5,17,4.4,2
1,13,2.75,6
35,16,2.125,5
1,17,3.0,3
0,19,5.25,4
2,16,2.0,5
1,20,3.1,1
10,15,2.625,7
1,18,3.7,4
28,19,3.5,2
0,13,5.888888888888889,3
1,13,2.75,6
23,15,2.5,8
0,21,3.8181818181818175,3
1,15,2.888888888888889,4
5,18,3.111111111111111,1
9,14,2.375,8
0,20,2.4444444444444446,2
30,16,2.7777777777777777,7
3,17,3.1,5
13,16,2.375,6
14,14,3.125,6
1,16,3.1,3
2,21,1.6666666666666667,1
1,17,3.7,4
1,11,1.6666666666666667,8
0,16,2.0,2
0,15,2.555555555555556,7
2,15,2.4444444444444446,5
9,19,4.909090909090909,1
1,15,3.333333333333333,7
49,14,3.125,5
0,20,3.8181818181818175,6
1,19,3.3,4
1,14,0.3333333333333333,8
8,21,3.8181818181818175,3
44,22,4.454545454545454,2
3,11,2.625,8
1,19,3.3,1
5,15,1.1428571428571428,7
7,20,3.2,4
0,16,1.75,6
0,16,3.7,5
46,21,4.1,2
5,19,2.333333333333333,3
4,10,4.25,7
2,14,2.625,6
3,15,3.2222222222222223,3
3,22,2.3,2
14,14,3.0,5
1,21,3.363636363636364,1
5,12,2.125,8
0,16,3.0,4
1,16,3.111111111111111,4
24,12,1.7142857142857142,8
0,16,3.4444444444444446,7
2,16,3.555555555555556,3
4,22,3.4545454545454546,1
1,15,2.7777777777777777,5
1,16,2.0,6
1,18,2.6666666666666665,2
0,16,1.25,8
0,18,4.545454545454546,5
1,17,3.3,3
1,14,3.6666666666666665,6
3,18,3.909090909090909,1
8,19,3.0,4
0,13,2.5,7
0,15,2.888888888888889,2
2,21,1.7777777777777777,1
0,16,4.0,5
0,15,3.333333333333333,7
63,13,3.25,6
5,16,2.7777777777777777,3
0,15,2.125,8
1,17,4.4,2
10,15,3.7,4
1,16,3.9,5
1,18,3.0,4
0,14,2.875,7
12,17,4.727272727272728,1
42,13,2.142857142857143,6
1,19,5.363636363636363,2
49,15,2.625,3
0,15,1.5,8
1,11,2.625,8
1,16,3.111111111111111,1
50,12,2.0,7
4,17,5.0,2
5,16,2.6666666666666665,4
0,17,3.9,5
3,17,3.7,6
0,15,4.1,3
1,19,3.9,2
0,9,1.6666666666666667,7
1,17,3.7,3
51,13,2.0,6
6,15,2.0,8
0,17,3.4444444444444446,5
0,16,2.0,4
11,16,3.4444444444444446,1
10,19,2.7777777777777777,1
52,15,2.2222222222222223,5
0,13,2.75,8
5,14,3.555555555555556,2
0,17,2.0,4
0,17,2.25,6
1,13,3.125,7
2,20,3.727272727272727,3
44,16,3.555555555555556,2
1,16,3.8,6
21,19,2.6,1
3,18,2.6666666666666665,5
1,15,2.7777777777777777,3
4,19,3.2,7
0,21,1.9,4
1,18,4.090909090909091,8
1,17,3.7,1
0,14,1.375,8
3,13,2.2222222222222223,7
2,15,2.888888888888889,6
5,16,2.333333333333333,4
1,17,3.7,3
1,15,3.4444444444444446,5
0,14,3.2222222222222223,2
15,18,2.6666666666666665,1
5,17,2.0,3
1,15,3.2222222222222223,2
72,18,3.7,4
35,14,3.0,8
8,17,2.4444444444444446,6
23,20,3.0,7
0,15,4.0,5
7,18,2.2222222222222223,3
12,17,3.0,1
13,15,1.7142857142857142,8
7,17,2.0,7
1,15,5.0,2
16,16,4.454545454545454,6
0,14,3.4444444444444446,5
5,15,3.0,4
0,14,2.625,6
6,15,2.125,8
5,18,4.0,3
1,13,5.222222222222222,5
1,18,2.125,1
0,17,3.1,2
3,16,2.2222222222222223,4
2,13,3.4444444444444446,7
0,20,2.111111111111111,3
0,17,1.8571428571428568,7
1,19,3.0,6
0,14,3.25,5
7,12,3.375,8
5,16,3.75,1
0,16,3.9,4
9,17,4.363636363636363,2
13,14,5.3,5
28,16,2.25,4
0,16,2.888888888888889,6
0,19,4.636363636363637,1
5,19,2.2222222222222223,2
0,18,1.375,7
4,15,2.625,8
0,17,2.555555555555556,3
1,5,6.0,2
5,22,2.8,1
27,15,1.4285714285714286,7
0,6,4.5,4
4,17,3.6666666666666665,6
1,18,2.7777777777777777,3
0,14,2.5,8
41,18,3.555555555555556,5
0,14,1.75,7
17,14,1.625,6
0,15,3.555555555555556,3
3,13,3.125,8
1,21,2.555555555555556,1
0,15,3.555555555555556,4
1,19,2.888888888888889,5
1,19,2.333333333333333,2
9,18,3.111111111111111,4
1,17,3.4,5
6,15,4.5,6
7,20,3.8,2
2,17,2.888888888888889,3
1,17,3.2,1
1,15,3.888888888888889,7
1,14,2.6666666666666665,8
8,15,2.875,7
0,18,1.875,4
33,18,0.7142857142857143,6
1,14,3.125,3
1,16,4.416666666666667,5
2,13,1.7142857142857142,8
41,16,3.7777777777777777,1
5,17,4.1,2
4,13,3.75,8
9,20,3.1,3
0,17,2.555555555555556,4
1,16,2.75,6
14,17,3.7,7
0,15,3.555555555555556,2
6,17,3.6666666666666665,1
21,19,1.4285714285714286,5
0,17,2.888888888888889,5
1,22,3.9166666666666665,1
20,22,1.875,3
32,13,2.875,8
1,19,2.6666666666666665,6
7,17,2.7777777777777777,4
0,13,3.2,7
0,18,3.8,2
1,13,2.25,6
1,14,2.888888888888889,1
1,16,1.625,5
1,17,2.555555555555556,2
0,16,4.4,3
5,15,3.0,4
0,12,1.0,8
0,13,3.25,7
0,17,2.7777777777777777,3
42,18,2.5,4
21,15,3.5,8
16,17,3.111111111111111,2
0,17,3.6,6
2,17,2.555555555555556,7
20,20,4.090909090909091,1
0,14,3.4444444444444446,5
10,19,1.875,5
0,21,3.363636363636364,2
0,15,2.375,3
24,25,4.363636363636363,1
0,14,2.875,8
0,16,2.0,6
53,15,2.5,4
8,15,3.2222222222222223,7
38,16,3.4444444444444446,8
7,17,3.111111111111111,3
0,14,2.25,7
36,17,2.555555555555556,4
53,16,3.0,5
25,17,3.4444444444444446,1
21,16,1.4285714285714286,6
0,16,3.4444444444444446,2
1,18,3.555555555555556,1
1,15,3.333333333333333,5
22,15,3.25,7
1,15,1.7142857142857142,4
1,14,2.0,8
2,13,3.5,6
40,18,1.375,3
12,21,2.5,2
1,23,1.3333333333333333,1
46,18,2.6666666666666665,5
1,12,4.333333333333333,7
1,15,1.875,8
1,17,3.6,3
1,15,2.7777777777777777,4
1,16,3.6,2
1,16,2.333333333333333,6
0,17,3.333333333333333,6
0,16,3.0,7
7,16,3.375,5
8,18,3.3,1
10,12,4.75,8
0,17,2.7777777777777777,4
0,19,2.0,2
1,17,4.666666666666667,3
1,18,3.3,2
0,16,2.375,6
0,18,4.181818181818182,4
1,17,4.2,3
1,20,2.111111111111111,1
3,15,3.0,5
23,12,2.4285714285714284,7
131,6,0.6,8
1,21,2.4,3
1,19,2.333333333333333,2
35,13,2.875,6
0,10,2.375,8
16,23,2.4444444444444446,4
0,14,3.333333333333333,7
7,18,3.7,5
2,16,2.7777777777777777,1
5,15,3.333333333333333,5
1,18,4.4,3
4,20,2.9,2
9,19,5.0,6
2,21,3.363636363636364,4
5,20,4.818181818181818,1
3,19,2.8,7
25,13,3.25,8
3,15,3.4444444444444446,6
0,16,3.333333333333333,7
30,18,3.0,3
9,16,2.75,5
0,16,2.25,4
4,16,2.875,8
53,18,1.375,1
0,18,3.2222222222222223,2
0,15,2.7777777777777777,6
4,17,1.875,7
1,16,3.888888888888889,8
2,15,2.5,5
0,19,3.6,3
6,15,3.555555555555556,4
55,16,4.555555555555555,1
0,17,2.375,2
0,17,3.6,8
2,15,2.6666666666666665,5
0,16,3.6,3
2,17,4.181818181818182,4
1,14,4.0,7
1,16,3.3,2
2,17,3.111111111111111,1
3,17,1.875,6
0,11,1.6666666666666667,7
1,16,3.111111111111111,1
3,14,2.4444444444444446,8
0,16,3.4444444444444446,2
1,14,3.125,4
2,14,2.625,6
18,17,1.875,3
7,17,1.0,5
40,16,2.375,5
12,16,3.555555555555556,4
38,16,2.125,2
2,16,1.75,8
0,15,3.6,6
10,20,1.375,3
2,17,4.4,1
1,15,2.0,7
1,15,3.7,6
1,16,3.375,2
0,16,3.0,4
13,19,3.3,1
1,14,2.0,8
0,17,2.7777777777777777,3
0,18,3.3,7
0,18,3.1818181818181817,5
2,19,3.9,2
1,20,3.5454545454545454,1
1,13,2.75,7
29,19,2.0,4
30,13,1.4285714285714286,8
4,16,3.7,3
4,21,3.8181818181818175,6
1,14,3.0,5
0,16,1.75,7
8,20,3.0,1
1,17,3.6,3
0,14,4.0,6
21,20,1.3333333333333333,5
0,13,3.333333333333333,8
41,19,2.0,4
1,19,3.333333333333333,2
1,18,2.555555555555556,3
1,14,2.875,6
0,14,2.75,2
1,18,4.4,1
0,16,3.3,4
1,15,2.6666666666666665,5
0,14,2.125,7
31,9,0.8333333333333334,8
0,14,2.625,8
1,17,2.625,4
1,20,2.0,7
1,14,1.7142857142857142,6
1,15,3.6666666666666665,2
0,16,3.375,3
0,16,3.7,5
1,19,3.555555555555556,1
1,15,3.555555555555556,2
1,16,2.888888888888889,1
5,15,4.8,3
0,15,2.4444444444444446,7
0,14,2.333333333333333,4
0,12,3.7777777777777777,8
1,15,3.375,5
2,16,3.5,6
1,15,4.5,7
1,15,2.5,6
20,13,3.0,8
1,17,3.7,4
4,17,3.111111111111111,1
3,19,3.3,5
0,18,2.75,2
1,17,3.0,3
50,10,3.0,6
1,14,1.25,8
3,21,4.090909090909091,2
0,16,2.125,5
33,19,1.875,1
0,17,3.111111111111111,3
3,15,2.888888888888889,4
0,14,3.333333333333333,7
6,18,3.5,4
0,13,3.625,7
15,12,3.25,6
0,13,3.9,8
0,15,3.4444444444444446,5
54,16,1.625,3
30,18,2.375,2
4,18,4.3,1
11,14,2.142857142857143,8
1,16,2.6666666666666665,7
1,18,2.7777777777777777,1
0,14,3.0,5
0,19,2.4,6
18,16,3.125,4
2,16,2.2222222222222223,3
19,21,3.0,2
48,14,2.625,5
8,17,2.625,7
1,17,3.2,6
11,21,2.888888888888889,4
2,17,3.0,2
1,9,1.5714285714285714,8
7,21,4.363636363636363,1
6,20,2.0,3
0,16,2.6,6
1,18,3.363636363636364,7
3,24,4.0,1
7,17,2.555555555555556,3
1,17,3.1818181818181817,5
0,14,3.2,8
5,17,2.7777777777777777,4
0,16,3.5,2
0,17,3.8,5
6,15,3.555555555555556,1
4,13,3.7777777777777777,3
29,15,1.1666666666666667,8
2,17,2.555555555555556,7
9,15,3.888888888888889,4
37,16,3.888888888888889,2
3,16,3.3,6
1,15,1.7142857142857142,7
6,20,2.333333333333333,2
7,15,2.75,4
31,15,1.7142857142857142,8
1,15,2.7777777777777777,5
1,18,1.375,6
24,17,2.6666666666666665,1
7,18,1.7777777777777777,3
5,15,1.7142857142857142,7
60,14,2.0,8
0,17,2.7777777777777777,2
1,14,3.888888888888889,6
1,18,3.0,3
41,15,2.7777777777777777,4
0,15,4.0,5
50,18,3.111111111111111,1
1,20,5.333333333333333,5
4,21,3.909090909090909,2
1,15,2.5,6
3,17,3.333333333333333,4
10,19,4.1,3
10,18,4.2,1
1,11,2.75,7
9,15,2.375,8
30,18,2.5,6
1,16,4.666666666666667,2
1,18,4.9,1
0,16,3.3,7
1,15,2.0,4
3,17,3.909090909090909,5
1,11,3.125,8
25,18,3.333333333333333,3
1,15,4.666666666666667,2
25,13,3.5,5
0,18,1.0,3
0,17,3.5454545454545454,8
0,16,4.0,7
22,16,3.111111111111111,4
69,18,3.0,1
0,16,3.555555555555556,6
1,19,2.0,1
0,16,1.0,8
30,18,4.7,4
5,15,4.0,5
1,16,4.0,2
4,15,3.333333333333333,6
3,12,3.25,7
0,20,4.636363636363637,3
7,15,3.7777777777777777,4
11,19,1.0,2
0,14,4.2727272727272725,6
0,15,3.6666666666666665,8
22,18,3.7,1
2,14,2.625,7
6,17,0.875,5
0,18,2.7777777777777777,3
0,18,3.2222222222222223,2
39,19,2.375,5
0,19,3.727272727272727,4
2,19,4.0,1
1,12,3.5,7
36,16,2.6666666666666665,6
1,15,3.111111111111111,3
4,16,3.7777777777777777,8
37,18,1.5,7
1,18,2.0,2
4,17,3.111111111111111,6
2,17,3.555555555555556,1
1,19,1.0,3
1,16,3.111111111111111,5
0,11,1.6666666666666667,8
2,18,3.9,4
4,18,4.636363636363637,3
1,15,3.25,4
40,14,1.5714285714285714,5
1,20,3.0,2
1,15,3.555555555555556,6
84,6,0.8333333333333334,8
1,10,2.888888888888889,7
2,18,2.5,1
3,15,3.0,7
0,15,3.6666666666666665,2
1,20,3.4545454545454546,6
2,17,3.2222222222222223,1
0,18,2.2222222222222223,4
1,15,3.8,8
13,15,2.6666666666666665,5
0,18,3.2,3
60,16,3.4444444444444446,4
1,15,4.0,3
1,16,3.111111111111111,7
2,14,2.375,5
23,20,3.8,2
4,17,1.0,6
24,19,4.666666666666667,1
0,14,1.0,8
14,17,2.888888888888889,4
1,15,3.2222222222222223,1
1,15,2.888888888888889,5
1,15,4.333333333333333,3
10,12,3.125,8
1,15,3.2222222222222223,2
1,16,3.555555555555556,6
1,13,4.111111111111111,7
49,16,3.9,5
0,16,2.75,3
0,13,2.111111111111111,4
20,16,2.375,6
1,16,2.0,7
0,17,2.0,8
1,17,3.3,1
1,19,3.0,2
2,19,2.8,1
1,17,3.333333333333333,6
1,16,3.0,5
30,15,3.2222222222222223,7
0,13,2.6666666666666665,8
4,22,5.25,2
70,16,3.125,4
1,17,2.333333333333333,3
4,16,3.6666666666666665,6
22,16,3.6,5
0,17,2.75,3
1,16,3.5,1
1,16,3.888888888888889,2
0,13,3.0,7
12,16,2.25,8
1,17,2.7777777777777777,4
28,14,2.375,6
0,16,2.375,7
7,17,2.625,1
23,20,1.5,4
0,15,2.375,5
0,15,2.6666666666666665,2
0,14,2.375,8
0,16,2.7777777777777777,3
0,17,4.5,3
2,16,2.555555555555556,4
0,15,3.7777777777777777,2
0,11,2.0,7
15,18,0.875,6
0,13,3.25,5
0,18,3.8,8
1,20,4.818181818181818,1
0,18,2.111111111111111,2
40,20,1.5,1
40,14,2.75,8
0,15,3.333333333333333,4
0,12,3.0,6
0,17,3.0,5
1,16,4.4,3
4,15,2.888888888888889,7
9,16,1.1428571428571428,8
1,16,2.555555555555556,6
2,16,2.2857142857142856,7
0,17,2.75,2
55,18,1.625,4
16,16,3.555555555555556,3
2,17,3.111111111111111,1
21,15,4.0,5
1,17,2.25,7
11,14,2.0,5
1,17,3.333333333333333,4
12,16,2.555555555555556,3
1,13,3.125,8
1,16,2.2222222222222223,6
0,16,4.333333333333333,2
31,17,3.6666666666666665,1
0,20,2.555555555555556,2
12,16,3.125,4
0,15,3.555555555555556,7
1,17,1.5555555555555556,5
4,16,4.222222222222222,1
2,18,2.333333333333333,3
1,12,2.625,8
21,14,1.7142857142857142,6
4,17,2.555555555555556,4
1,14,3.555555555555556,8
40,15,2.875,6
2,18,3.1,5
0,15,3.111111111111111,2
1,18,3.3,3
7,17,3.4444444444444446,1
0,18,2.0,7
3,15,3.0,7
0,16,3.8,4
1,15,4.7,6
2,21,4.416666666666667,1
1,18,3.625,2
0,19,1.5,3
1,17,2.888888888888889,5
9,15,2.4444444444444446,8
1,17,1.5,7
1,20,4.2727272727272725,2
2,18,3.6,4
4,18,3.0,1
25,18,2.75,3
2,14,2.7777777777777777,8
20,18,2.625,5
1,14,3.0,6
0,16,3.375,4
4,20,3.636363636363636,1
3,16,2.4444444444444446,6
2,17,2.555555555555556,3
0,8,1.1428571428571428,8
41,12,1.4285714285714286,7
6,20,5.0,2
3,16,2.555555555555556,5
4,14,2.333333333333333,3
1,13,4.25,5
11,18,3.111111111111111,4
32,13,1.7142857142857142,8
1,17,3.375,1
0,17,2.6666666666666665,2
0,10,4.5,7
5,16,1.0,6
0,17,2.555555555555556,3
1,13,3.625,7
3,20,2.8181818181818183,1
10,17,1.5,5
0,18,4.1,2
59,18,3.7,6
1,14,4.125,4
0,13,2.555555555555556,8
0,17,3.2,4
3,17,3.3,3
1,17,2.7777777777777777,1
3,18,3.0,6
0,16,2.111111111111111,7
1,17,2.7777777777777777,5
1,17,3.7,2
1,14,2.625,8
2,17,2.888888888888889,5
0,19,3.363636363636364,3
54,18,2.6666666666666665,2
11,17,2.0,4
0,16,2.6,6
13,16,2.0,8
6,24,2.0,1
1,14,2.7777777777777777,7
1,16,1.875,6
2,19,3.7,2
0,12,1.625,8
4,16,1.875,5
6,14,2.625,7
4,17,5.3,1
11,20,4.818181818181818,4
3,18,3.5,3
1,20,2.25,3
1,18,3.1,7
0,15,2.6666666666666665,4
1,16,1.6666666666666667,5
0,15,2.0,8
10,16,2.142857142857143,6
2,17,4.090909090909091,2
9,21,5.0,1
0,20,4.454545454545454,2
6,16,3.4444444444444446,4
0,19,3.0,5
1,17,2.625,6
0,10,2.875,8
1,15,2.111111111111111,7
5,19,3.6,1
0,17,3.6666666666666665,3
40,23,1.2222222222222223,4
46,16,2.0,3
4,17,2.0,7
22,14,3.25,5
1,15,3.333333333333333,6
11,18,4.0,2
20,18,3.8,1
0,13,2.0,8
2,17,2.5,5
20,15,1.625,7
1,18,3.1,3
35,17,1.375,6
8,18,3.4,1
0,15,3.555555555555556,4
1,15,2.5,8
2,21,2.2222222222222223,2
2,14,3.25,5
13,18,2.6,2
3,17,3.333333333333333,3
1,14,3.875,4
1,17,1.1428571428571428,7
3,19,3.1,1
2,15,3.6666666666666665,8
1,12,4.125,6
24,20,2.5,2
1,18,3.7,1
5,14,2.875,4
1,13,2.0,8
1,14,2.0,7
8,16,2.7777777777777777,5
0,17,2.5,3
11,17,3.5,6
1,16,2.5,3
34,15,1.8571428571428568,5
7,9,4.75,8
4,22,4.416666666666667,1
4,13,5.222222222222222,4
36,15,2.375,7
1,13,2.375,6
62,21,2.888888888888889,2
0,12,2.5,8
48,16,2.0,5
1,19,2.5,4
14,19,3.4444444444444446,3
3,13,3.0,7
53,16,3.555555555555556,1
12,14,3.375,2
0,17,3.111111111111111,6
10,15,3.555555555555556,8
1,20,3.5,2
3,20,3.1,1
12,14,3.333333333333333,7
2,14,3.2222222222222223,6
0,16,3.25,4
13,20,4.4,3
0,15,2.75,5
0,18,2.375,4
1,15,3.2222222222222223,7
0,15,3.0,3
4,20,2.6666666666666665,6
1,18,2.4444444444444446,1
1,13,3.125,8
0,17,2.75,2
4,18,2.0,5
1,18,3.4545454545454546,4
13,11,2.375,8
1,15,3.7777777777777777,5
23,13,4.75,1
1,16,2.75,2
1,16,2.125,7
24,16,1.7142857142857142,6
0,17,3.111111111111111,3
8,20,1.6666666666666667,4
45,13,3.4,7
0,16,2.555555555555556,6
28,18,2.4444444444444446,2
1,17,3.6,1
0,16,3.1,5
0,15,2.555555555555556,8
5,17,3.1,3
0,20,2.333333333333333,4
0,21,5.166666666666667,2
1,14,2.5,5
0,16,2.555555555555556,8
2,19,3.6,3
0,14,3.6,6
27,18,4.0,1
2,16,1.625,7
1,16,4.090909090909091,2
1,18,4.1,1
2,19,3.909090909090909,3
1,12,1.625,7
1,14,2.888888888888889,4
2,16,2.375,5
40,15,0.4285714285714285,8
1,15,2.4444444444444446,6
22,15,3.25,5
0,14,2.5,6
0,21,2.8,2
38,16,2.75,3
3,18,3.111111111111111,4
6,24,4.5,1
2,18,1.375,8
1,12,3.0,7
1,18,2.2222222222222223,6
2,14,2.0,7
7,18,4.111111111111111,3
1,16,3.0,1
1,12,2.0,8
19,16,5.2,4
0,14,3.5,2
0,15,2.0,5
25,16,3.2222222222222223,8
1,17,3.6,3
0,14,2.375,6
0,16,2.25,7
35,18,1.625,4
7,17,2.6,1
1,19,3.272727272727273,5
7,20,1.25,2
0,15,2.555555555555556,6
0,13,2.4444444444444446,2
16,17,3.333333333333333,3
24,17,3.2,1
36,15,3.875,5
0,22,3.727272727272727,7
0,14,3.7777777777777777,8
0,14,2.555555555555556,4
43,17,3.111111111111111,4
1,16,3.555555555555556,1
1,16,3.4444444444444446,3
1,15,2.6666666666666665,6
3,16,3.333333333333333,2
1,13,4.3,8
10,25,1.7777777777777777,7
0,17,4.0,5
1,15,3.0,6
1,17,3.5,5
1,19,4.6,2
0,19,4.0,3
19,14,1.1428571428571428,7
0,18,3.909090909090909,4
2,18,4.2,1
0,15,2.888888888888889,8
14,17,2.25,5
2,19,1.8888888888888888,1
0,13,2.571428571428572,7
0,10,2.75,8
0,18,4.2,2
1,18,3.7,3
0,17,0.8571428571428571,6
3,17,2.0,4
2,15,2.555555555555556,7
1,14,4.444444444444445,6
0,15,3.6666666666666665,3
2,17,2.375,1
0,16,3.555555555555556,5
7,15,2.0,8
1,20,3.5454545454545454,2
10,17,3.1,4
1,7,6.0,3
2,14,3.555555555555556,7
14,16,3.0,2
1,13,0.8333333333333334,8
0,14,3.6666666666666665,4
0,17,1.625,6
12,18,3.9,1
0,16,2.555555555555556,5
0,13,3.8,6
1,14,3.333333333333333,7
0,16,2.75,5
25,16,3.333333333333333,3
0,13,2.375,8
2,16,3.111111111111111,1
0,20,4.181818181818182,2
0,17,2.6666666666666665,4
0,13,3.111111111111111,7
19,17,1.0,6
0,20,1.4,4
4,12,2.375,8
22,18,2.6666666666666665,3
0,19,2.4,2
17,18,3.3,1
1,16,3.3,5
0,14,0.8571428571428571,8
2,13,2.333333333333333,4
1,18,2.333333333333333,2
0,16,2.0,5
0,16,4.222222222222222,3
2,19,4.636363636363637,1
0,17,3.6,6
1,14,2.5,7
1,20,2.9,1
3,20,4.0,4
1,18,3.5454545454545454,7
1,20,3.727272727272727,2
21,16,3.0,8
0,15,4.1,5
1,15,3.7,6
3,18,3.0,3
1,17,3.8,4
0,16,1.375,5
0,14,1.8888888888888888,8
8,17,4.2,2
0,14,3.4444444444444446,6
3,21,3.2,1
0,14,1.75,7
54,19,2.5,3
1,17,3.3,3
3,18,3.2,1
49,14,3.555555555555556,7
0,17,2.555555555555556,4
2,19,5.0,2
3,19,1.5,5
1,15,2.2222222222222223,6
0,12,2.375,8
1,10,1.6666666666666667,7
28,18,3.1,2
1,14,2.5,6
21,20,1.0,4
2,18,2.555555555555556,1
0,14,2.2222222222222223,8
1,14,3.0,5
3,17,2.4444444444444446,3
1,14,2.375,7
35,13,2.625,4
23,11,1.3333333333333333,8
0,18,2.7,2
0,13,2.888888888888889,6
47,18,3.111111111111111,5
2,19,3.0,1
0,15,3.25,3
1,16,0.8571428571428571,6
5,13,3.333333333333333,8
0,13,4.0,4
0,13,1.875,5
5,12,3.875,7
3,24,3.25,2
1,19,3.363636363636364,1
50,17,1.75,3
1,14,2.0,8
2,16,4.4,5
2,17,3.5,3
1,16,1.0,7
1,17,2.2222222222222223,4
8,18,3.7,2
13,15,3.6666666666666665,6
44,16,3.7,1
1,13,2.75,8
3,15,3.6666666666666665,7
0,14,2.0,5
1,22,2.0,2
0,14,3.333333333333333,4
1,17,2.6666666666666665,6
9,15,3.555555555555556,1
0,17,2.25,3
0,20,3.1,2
4,16,3.0,3
5,15,2.888888888888889,4
3,15,2.625,8
0,15,1.625,5
1,19,4.090909090909091,7
39,21,3.4166666666666665,1
53,13,2.2857142857142856,6
1,17,3.6,4
0,16,3.2222222222222223,3
0,15,2.625,6
3,18,2.0,5
1,12,2.875,7
0,14,0.8333333333333334,8
0,21,3.8,2
2,21,3.0,1
0,18,2.4444444444444446,4
5,19,4.818181818181818,6
0,15,4.0,5
4,13,2.375,8
3,23,4.333333333333333,1
0,16,3.2222222222222223,2
1,21,4.333333333333333,7
0,18,1.75,3
6,14,2.625,7
0,17,2.555555555555556,6
10,11,2.875,8
1,14,4.0,5
51,19,4.454545454545454,1
4,17,2.888888888888889,3
1,18,3.8,2
0,15,1.625,4
2,15,2.0,7
51,16,2.625,1
2,16,4.818181818181818,3
0,12,1.75,5
1,16,3.0,2
5,12,3.25,8
2,17,2.8,4
1,19,3.5,6
56,18,2.7777777777777777,1
0,18,4.363636363636363,3
0,16,2.7777777777777777,4
1,15,5.583333333333333,5
3,24,3.636363636363636,2
3,16,2.2222222222222223,6
3,14,2.2857142857142856,8
1,13,3.0,7
41,14,2.7777777777777777,3
0,11,2.625,8
1,20,1.5,4
53,12,4.666666666666667,7
0,15,2.4444444444444446,6
1,17,3.8,2
48,14,2.0,5
0,18,2.333333333333333,1
1,10,2.75,6
0,21,1.6666666666666667,1
0,14,2.875,5
1,10,2.625,8
0,17,1.875,3
0,16,2.6666666666666665,4
2,19,4.0,2
0,12,2.75,7
3,19,3.6,7
0,17,2.6666666666666665,4
1,17,3.7,6
0,18,5.5,2
7,14,1.1428571428571428,8
47,18,2.888888888888889,1
1,16,3.333333333333333,3
9,17,3.8,5
2,17,4.4,5
0,20,0.6666666666666666,7
0,16,3.6,6
11,16,3.9,8
1,18,3.2222222222222223,3
6,23,5.230769230769231,1
1,25,4.846153846153846,2
0,21,4.166666666666667,4
1,14,2.125,8
0,15,2.0,5
1,15,2.7777777777777777,4
1,18,5.1,2
4,14,3.375,6
4,16,2.333333333333333,1
9,17,3.7,3
0,12,2.875,7
1,16,2.375,6
38,16,3.0,7
2,19,3.5,3
58,18,4.1,1
3,22,4.833333333333333,2
11,15,2.6666666666666665,8
9,16,4.0,5
0,19,2.0,4
0,15,3.7,7
0,14,4.125,5
3,15,2.888888888888889,3
1,17,3.3,6
0,18,3.0,4
1,17,2.0,2
1,15,1.5,8
2,16,3.2222222222222223,1
11,17,3.8,2
0,13,2.625,6
9,16,3.111111111111111,5
2,15,2.625,8
0,16,1.7777777777777777,7
1,15,3.375,1
1,14,2.375,4
0,17,3.6,3
2,19,3.8,1
0,14,3.5,8
1,21,4.2,2
0,19,3.7,3
2,17,2.7777777777777777,5
1,14,3.555555555555556,4
0,14,2.4444444444444446,7
5,14,2.625,6
35,15,3.111111111111111,4
22,13,2.0,7
43,18,2.75,1
1,16,2.7777777777777777,5
1,8,1.6,8
0,17,4.8,3
1,20,4.4,2
3,16,2.0,6
2,17,3.0,1
0,18,3.0,2
1,19,2.0,3
30,15,2.375,6
1,16,2.9,5
0,14,4.5,8
0,15,3.5,7
3,18,5.090909090909091,4
0,14,3.7777777777777777,7
71,21,3.111111111111111,4
7,17,1.4285714285714286,5
9,17,3.0,1
0,17,3.111111111111111,3
40,16,3.4444444444444446,6
1,19,3.6,2
49,13,2.25,8
0,11,3.875,8
1,13,2.7777777777777777,4
13,19,4.3,1
0,12,3.7777777777777777,7
9,22,4.666666666666667,2
0,16,4.5,5
0,17,3.111111111111111,3
1,18,3.888888888888889,6
1,17,3.333333333333333,2
1,15,4.0,6
1,14,3.0,4
0,14,3.6666666666666665,7
6,12,1.8571428571428568,8
7,20,1.25,3
1,20,3.1818181818181817,1
1,16,3.0,5
51,15,1.625,7
7,13,4.333333333333333,8
8,19,1.125,6
24,13,3.0,5
42,15,3.555555555555556,3
1,16,2.2222222222222223,2
2,20,3.8181818181818175,1
1,14,2.875,4
6,14,3.375,4
18,17,3.8,1
0,14,4.444444444444445,6
13,14,2.375,5
5,15,3.111111111111111,7
12,21,3.8181818181818175,2
7,18,3.909090909090909,3
0,13,1.7142857142857142,8
1,16,4.1,5
2,16,2.6666666666666665,3
0,13,3.25,8
26,17,3.2,4
3,20,4.916666666666667,1
35,19,0.4285714285714285,6
0,13,4.222222222222222,7
1,15,3.4444444444444446,2
10,14,1.0,8
0,12,2.75,5
0,14,3.5,7
1,13,3.625,3
6,20,3.2,1
0,13,4.444444444444445,6
14,15,4.0,2
0,16,2.75,4
1,12,3.125,8
0,12,2.625,2
2,16,3.111111111111111,6
2,18,1.0,5
0,15,3.7,1
8,18,4.090909090909091,4
8,17,4.4,3
3,15,2.5,7
52,14,3.5,6
1,20,4.0,1
1,14,2.375,7
1,12,2.375,8
51,18,2.7777777777777777,5
2,17,3.333333333333333,3
2,20,3.0,2
0,17,3.111111111111111,4
1,18,2.8,7
42,18,1.875,4
43,16,0.5714285714285714,8
43,16,3.555555555555556,1
12,17,3.333333333333333,2
1,19,1.25,5
3,18,3.6,6
25,15,5.1,3
4,13,2.75,8
2,20,4.181818181818182,2
25,18,3.555555555555556,1
6,18,2.4444444444444446,3
6,17,2.5,5
5,19,3.6,4
0,14,2.7142857142857144,7
3,12,3.625,6
0,20,3.636363636363636,2
1,17,3.888888888888889,3
1,19,3.3,1
1,19,2.111111111111111,4
30,15,1.2857142857142858,6
1,15,3.6666666666666665,5
21,16,1.8571428571428568,8
3,12,2.0,7
8,19,2.888888888888889,3
17,18,4.111111111111111,1
0,16,3.7,7
0,16,3.333333333333333,2
0,18,3.7,5
1,18,3.727272727272727,8
2,16,1.875,6
1,14,2.375,4
33,20,3.1,1
0,13,3.125,5
0,13,2.142857142857143,7
52,14,3.125,4
2,18,1.25,6
9,18,2.625,2
4,20,4.0,3
0,16,2.2222222222222223,8
1,16,2.333333333333333,6
0,14,2.7777777777777777,5
1,20,4.363636363636363,4
0,17,2.7777777777777777,3
1,13,3.125,8
0,17,4.0,2
2,18,4.1,1
5,15,3.375,7
1,14,3.0,8
5,21,4.25,1
1,15,3.363636363636364,3
1,16,2.25,7
0,13,3.375,2
0,15,3.9,4
51,14,3.888888888888889,5
11,13,2.875,6
13,16,2.5,5
0,12,2.2857142857142856,6
11,17,4.0,4
0,16,3.9,7
1,18,3.5,1
0,15,3.111111111111111,2
0,18,2.2222222222222223,3
6,11,2.875,8
0,19,1.8888888888888888,4
0,14,2.7777777777777777,5
8,20,4.545454545454546,1
10,17,3.3,3
17,16,1.4285714285714286,8
0,14,2.875,7
54,19,3.8,2
2,16,3.9,6
0,18,2.9,3
6,20,5.583333333333333,1
1,20,2.909090909090909,4
8,14,0.6666666666666666,8
1,14,3.3,5
54,21,2.2222222222222223,2
2,15,3.125,7
0,16,2.5,6
2,18,3.2222222222222223,7
1,18,2.7777777777777777,2
0,14,2.555555555555556,6
0,16,3.7777777777777777,3
1,16,3.2222222222222223,5
11,17,3.555555555555556,1
1,13,3.375,4
3,13,3.2222222222222223,8
0,15,1.25,8
47,18,3.111111111111111,1
30,15,3.555555555555556,6
43,18,3.7,2
49,17,3.5,5
2,16,4.1,3
2,15,3.7,7
0,13,3.25,4
1,19,2.555555555555556,1
0,16,2.2222222222222223,5
29,19,1.875,6
3,14,3.125,3
5,15,2.0,7
0,16,2.0,4
3,17,3.636363636363636,8
19,19,4.7,2
2,14,4.2,4
2,18,3.0,8
23,18,1.875,2
0,18,2.4,6
0,18,2.9,5
0,13,3.0,7
6,17,3.555555555555556,1
2,20,4.090909090909091,3
3,17,2.375,4
2,18,4.0,1
3,18,4.2727272727272725,7
3,16,2.555555555555556,5
8,16,3.3,6
0,17,3.333333333333333,2
1,18,3.272727272727273,8
0,18,4.3,3
1,15,2.0,7
2,20,3.363636363636364,1
2,16,3.555555555555556,6
12,13,1.0,8
3,16,3.125,3
1,20,3.9,2
0,15,4.0,5
13,18,2.75,4
0,17,2.6666666666666665,4
0,15,4.666666666666667,6
1,14,1.25,8
3,9,4.75,7
1,14,4.111111111111111,2
2,15,4.4,1
19,19,1.75,3
2,16,4.0,5
6,19,2.888888888888889,1
0,17,3.111111111111111,5
0,17,3.0,2
31,15,1.1428571428571428,8
3,18,5.1,4
3,15,3.0,6
3,15,3.333333333333333,7
16,15,4.5,3
2,17,2.0,6
1,17,3.7,2
1,16,3.333333333333333,3
18,16,3.6666666666666665,1
0,15,2.125,5
0,14,3.333333333333333,8
42,16,2.0,7
1,20,1.8888888888888888,4
18,14,4.444444444444445,2
1,17,4.2,1
0,15,4.1,5
38,13,2.75,7
5,18,2.4444444444444446,4
51,13,2.125,6
0,15,3.2222222222222223,3
1,13,2.2857142857142856,8
41,17,0.8571428571428571,6
31,18,2.7777777777777777,2
0,16,3.4,5
0,17,4.181818181818182,4
6,21,4.545454545454546,1
27,13,3.375,7
8,15,3.2222222222222223,3
0,13,2.125,8
0,15,4.222222222222222,4
0,15,2.7777777777777777,7
1,18,3.5,1
0,17,2.9,6
0,14,2.5,3
0,16,4.454545454545454,8
1,18,2.9,2
2,18,0.7142857142857143,5
2,18,4.454545454545454,1
5,15,3.333333333333333,4
1,15,2.125,8
0,15,4.0,6
15,19,3.3,2
1,18,3.111111111111111,3
0,18,1.5,5
1,19,1.5,7
2,17,3.333333333333333,1
6,15,2.75,4
2,15,3.125,8
0,14,2.75,6
1,14,2.75,5
1,18,2.333333333333333,2
1,18,3.636363636363636,3
0,17,2.333333333333333,7
1,14,3.375,7
1,15,2.7777777777777777,1
34,14,3.0,5
4,16,2.7142857142857144,4
1,12,2.625,8
0,18,2.8,6
0,18,3.0,3
0,17,2.75,2
0,18,3.4,5
1,17,3.6,6
1,13,4.222222222222222,7
3,17,3.6,1
50,18,2.0,3
12,21,2.111111111111111,2
30,16,0.8571428571428571,8
0,16,2.4444444444444446,4
4,21,2.4,3
9,12,2.375,7
1,13,3.7777777777777777,8
2,18,1.5,5
0,16,3.4444444444444446,4
1,23,3.0,1
0,17,2.888888888888889,2
1,15,2.0,6
5,18,2.7,4
0,17,1.8888888888888888,5
2,17,2.5,7
9,18,3.5,2
0,12,2.375,8
3,17,2.8,6
2,25,1.7,1
4,21,4.461538461538462,3
1,20,2.8,2
44,16,3.2222222222222223,5
1,16,3.4444444444444446,3
6,21,2.4,4
0,15,2.375,8
2,21,3.6,1
1,15,2.7777777777777777,6
0,17,1.5,7
20,17,2.0,6
51,16,3.111111111111111,1
12,13,3.0,8
1,15,2.75,5
0,15,2.4444444444444446,2
0,10,3.5,7
1,16,3.0,3
2,15,2.375,4
2,15,3.25,8
2,16,3.333333333333333,1
0,12,3.125,6
5,20,1.25,4
2,16,2.5,3
1,15,2.7,7
0,15,2.7777777777777777,5
0,16,4.555555555555555,2
0,14,2.4444444444444446,4
3,13,3.9,8
0,13,2.6666666666666665,3
0,17,4.583333333333333,5
22,14,3.0,6
11,14,2.875,7
0,21,3.909090909090909,1
0,18,2.7777777777777777,2
1,13,2.571428571428572,7
58,14,2.25,5
54,15,2.375,6
55,13,2.875,8
1,19,3.6,1
22,15,1.1428571428571428,4
19,19,3.0,2
2,15,3.5,3
32,15,1.7142857142857142,7
6,19,3.8,1
23,16,2.2222222222222223,4
4,16,3.0,3
1,16,3.0,6
2,15,2.2222222222222223,8
1,19,4.8,2
3,15,3.1,5
1,18,3.6666666666666665,2
0,17,1.875,6
3,18,2.6666666666666665,1
1,13,4.333333333333333,5
0,12,4.0,7
0,16,2.7777777777777777,4
1,14,2.375,8
2,18,3.0,3
2,15,4.666666666666667,4
0,13,2.0,7
1,15,3.555555555555556,3
17,15,2.0,6
2,17,3.6666666666666665,1
4,23,4.666666666666667,5
0,16,3.5,8
2,20,2.9,2
4,23,1.8,1
0,16,2.555555555555556,5
0,14,2.2222222222222223,6
20,18,2.25,2
1,18,3.363636363636364,4
0,15,2.142857142857143,7
3,15,0.6666666666666666,8
0,19,5.181818181818182,3
0,19,3.4,2
3,15,2.888888888888889,3
2,18,2.2222222222222223,5
1,13,3.0,4
1,15,3.0,8
1,17,2.0,6
1,21,4.666666666666667,1
0,15,3.888888888888889,7
1,17,2.0,1
4,13,3.4444444444444446,8
18,16,1.4285714285714286,7
5,17,1.875,3
7,16,2.0,4
0,12,3.125,6
2,15,2.333333333333333,5
1,18,3.7,2
10,13,2.875,4
0,20,4.3,2
1,14,3.888888888888889,5
4,13,4.444444444444445,6
1,14,2.0,8
2,17,2.333333333333333,1
3,14,2.25,7
2,16,4.8,3
2,20,4.166666666666667,1
1,14,2.333333333333333,7
1,16,3.2222222222222223,2
0,12,3.2222222222222223,8
1,16,2.333333333333333,6
0,18,5.181818181818182,3
18,17,2.75,5
1,14,3.5,4
15,16,4.2,2
9,17,2.0,6
3,16,2.0,5
3,20,4.727272727272728,1
2,15,2.0,7
2,18,3.363636363636364,4
10,17,1.4285714285714286,8
3,17,3.888888888888889,3
26,17,1.5714285714285714,7
1,14,3.555555555555556,6
2,23,4.538461538461538,1
0,18,4.0,5
1,14,2.5,8
0,15,3.25,3
0,15,3.333333333333333,2
0,18,1.625,4
4,16,3.3,4
1,18,1.625,3
0,16,3.3,5
2,16,3.555555555555556,1
0,16,4.1,6
10,17,1.1428571428571428,7
1,13,4.333333333333333,8
1,18,3.111111111111111,2
9,22,1.7777777777777777,1
1,13,2.5,8
1,15,2.25,7
1,16,2.7777777777777777,3
12,22,3.75,2
53,15,3.6,6
6,19,2.25,4
6,16,3.333333333333333,5
9,18,1.375,7
2,15,3.555555555555556,4
1,16,2.6666666666666665,5
0,15,2.125,8
15,18,3.9,1
2,13,3.0,6
8,19,2.333333333333333,2
0,17,2.7777777777777777,3
1,17,2.7777777777777777,2
53,16,3.111111111111111,1
1,13,4.9,6
42,16,3.9,3
1,11,2.375,8
49,12,3.0,4
9,15,3.2222222222222223,5
1,15,2.0,7
1,18,3.5454545454545454,1
5,14,4.125,6
1,17,1.5,5
0,13,3.7777777777777777,7
0,17,2.555555555555556,3
1,17,4.222222222222222,2
61,15,2.125,4
23,15,2.375,8
1,20,3.363636363636364,4
8,17,3.7777777777777777,2
36,13,2.875,5
3,14,3.0,7
1,16,3.2,6
1,16,4.0,3
19,11,1.625,8
5,17,4.1,1
35,16,3.25,4
1,6,6.0,5
1,19,4.090909090909091,1
6,17,1.75,3
14,14,3.111111111111111,7
26,15,3.0,6
2,11,2.375,8
1,20,2.111111111111111,2
0,19,2.2222222222222223,4
0,21,2.9,1
1,14,3.125,7
4,18,3.5,3
0,12,2.7777777777777777,8
1,15,2.875,6
28,19,1.125,5
7,22,4.416666666666667,2
1,22,4.583333333333333,2
1,17,3.6,3
4,16,5.545454545454546,5
2,18,3.4444444444444446,1
1,14,3.0,6
1,16,2.7777777777777777,7
0,10,2.0,8
1,18,2.375,4
1,18,1.25,5
20,14,1.1428571428571428,8
0,20,3.8,3
4,21,2.888888888888889,1
3,17,2.7777777777777777,6
24,20,2.888888888888889,2
0,14,2.375,7
0,15,3.555555555555556,4
9,16,3.111111111111111,3
7,17,3.9,2
1,13,2.875,7
46,20,3.3,1
19,15,2.0,4
53,17,3.6,5
1,12,2.375,8
0,11,2.75,6
1,15,3.6666666666666665,7
21,20,4.1,1
45,18,3.2222222222222223,6
1,13,2.888888888888889,4
0,14,3.4444444444444446,5
0,18,2.555555555555556,3
13,19,3.7,2
1,15,2.888888888888889,8
52,16,1.75,6
1,15,3.75,3
1,13,3.0,8
0,14,2.25,5
2,18,3.7,1
0,20,3.5454545454545454,4
12,14,2.7777777777777777,7
0,16,2.888888888888889,2
5,18,3.8181818181818175,3
0,13,2.375,8
51,14,3.7777777777777777,6
0,18,2.8,2
0,16,1.5555555555555556,7
0,17,1.625,4
34,18,1.5,5
0,20,5.416666666666667,1
0,10,3.5,8
2,12,2.75,6
10,14,1.8571428571428568,5
9,19,4.583333333333333,2
4,15,3.111111111111111,7
46,22,3.909090909090909,1
2,14,3.7777777777777777,3
1,18,2.125,4
4,19,4.3,3
1,19,1.625,1
1,17,4.0,4
1,13,2.5,7
8,14,4.444444444444445,6
7,14,3.0,5
0,21,4.583333333333333,2
18,12,2.888888888888889,8
2,20,2.888888888888889,1
0,16,3.111111111111111,4
3,15,3.111111111111111,7
0,17,3.4,6
1,20,4.6,2
0,18,3.4,8
1,14,3.555555555555556,5
34,16,3.6666666666666665,3
33,15,3.6666666666666665,6
4,16,1.4285714285714286,5
4,19,3.4444444444444446,1
2,14,2.2222222222222223,8
40,15,4.888888888888889,4
0,16,2.0,3
43,18,3.333333333333333,7
0,17,1.7142857142857142,2
2,18,2.9,1
0,12,2.888888888888889,8
21,20,1.8888888888888888,7
13,17,1.7777777777777777,2
33,16,3.3,4
0,15,3.4,3
0,15,3.0,6
0,19,3.5454545454545454,5
12,15,3.25,6
0,15,2.571428571428572,2
1,15,2.7777777777777777,4
2,17,2.8,5
0,16,4.636363636363637,3
23,14,2.0,8
3,19,1.375,1
0,18,3.6,7
0,17,3.0,2
40,14,3.625,4
0,16,2.125,7
6,18,3.4444444444444446,1
8,12,2.0,8
0,17,3.2,5
3,17,4.636363636363637,3
1,14,2.25,6
1,15,3.555555555555556,5
31,15,2.375,7
0,11,3.5,8
4,17,2.75,4
0,15,1.75,6
1,15,3.555555555555556,3
1,17,2.25,2
41,20,3.1,1
1,16,2.888888888888889,4
2,20,3.2,1
3,16,2.4444444444444446,3
6,19,1.25,5
1,16,2.5,8
1,15,3.2,6
0,15,1.5,7
7,21,3.4545454545454546,2
8,17,5.1,4
0,16,4.5,6
2,16,2.7777777777777777,5
6,18,3.0,3
3,17,1.75,7
3,13,2.2857142857142856,8
2,23,3.1818181818181817,2
9,18,1.7777777777777777,1
1,13,2.375,7
0,15,2.375,8
6,16,3.111111111111111,4
5,16,2.25,3
43,16,3.125,1
0,15,1.625,6
1,13,3.125,5
6,21,2.375,2
1,16,3.2222222222222223,2
1,12,1.6666666666666667,7
19,16,2.0,6
0,14,4.2727272727272725,4
5,21,3.5,1
1,17,2.25,3
27,17,1.875,5
1,15,2.375,8
2,18,2.0,7
1,14,3.4444444444444446,4
6,15,3.125,6
0,20,2.4444444444444446,2
1,15,2.555555555555556,3
0,14,1.4285714285714286,8
1,12,3.3,5
16,22,3.4,1
1,17,4.1,2
30,17,4.4,1
3,13,3.6666666666666665,7
3,16,3.111111111111111,5
1,15,3.555555555555556,4
1,18,2.6666666666666665,3
1,12,2.625,8
0,15,2.375,6
0,17,3.4,8
70,18,4.0,3
12,18,1.25,5
8,21,1.875,2
1,15,3.6666666666666665,7
0,15,2.111111111111111,4
0,15,2.875,6
6,20,1.4444444444444444,1
0,15,2.8,6
2,15,3.125,7
5,13,2.571428571428572,5
53,15,3.5,1
52,17,3.7,3
2,13,1.0,8
1,18,3.7,4
1,17,4.1,2
3,18,3.6,5
0,21,4.166666666666667,2
0,17,3.4,4
2,20,3.6,1
11,18,2.375,7
0,18,3.2222222222222223,3
3,16,4.181818181818182,6
10,12,2.75,8
1,19,2.2,5
0,15,3.0,3
1,15,2.5,6
2,18,3.0,2
0,14,4.0,7
1,18,3.0,4
4,19,3.4,1
0,13,3.0,8
4,15,2.875,4
9,14,2.0,7
4,20,2.1,5
1,14,3.25,6
4,19,2.7,1
3,21,4.666666666666667,2
3,15,4.1,8
0,17,3.4444444444444446,3
2,16,3.111111111111111,1
11,17,2.75,4
1,18,3.4,5
8,18,2.0,3
1,12,1.625,8
1,12,2.875,7
1,17,3.5,6
0,16,3.7,2
0,15,2.0,5
2,15,3.4444444444444446,4
6,13,4.111111111111111,8
1,15,3.888888888888889,2
0,14,3.0,7
7,16,1.5,3
1,15,2.625,6
1,20,4.363636363636363,1
21,12,1.6666666666666667,8
3,20,3.5,2
8,12,1.6666666666666667,7
0,15,3.9,5
0,15,4.0,6
0,17,5.7,4
7,20,2.555555555555556,1
7,19,3.4444444444444446,3
29,16,3.25,2
1,19,2.5,1
12,19,3.6,4
0,10,1.0,8
0,12,2.625,7
0,12,3.0,6
1,21,1.4444444444444444,3
0,14,2.5,5
0,16,5.0,5
0,14,3.2222222222222223,7
40,15,3.0,3
1,17,3.4,6
0,18,2.7777777777777777,2
11,18,1.5714285714285714,4
0,13,2.0,8
2,19,3.2222222222222223,1
0,17,3.333333333333333,5
0,16,3.2222222222222223,2
0,13,2.75,8
1,18,4.1,4
1,14,1.0,7
6,20,2.6666666666666665,3
0,16,1.375,6
5,21,3.2,1
0,14,1.5714285714285714,8
1,14,2.555555555555556,5
2,17,4.1,3
0,17,2.4444444444444446,4
53,11,2.75,7
4,18,2.2222222222222223,1
0,14,3.1,6
42,18,2.875,2
10,14,2.375,6
0,14,2.25,5
5,20,3.2222222222222223,1
19,14,3.375,8
10,18,2.6666666666666665,2
33,18,3.4,4
13,23,4.6923076923076925,3
18,14,3.4444444444444446,7
42,14,4.0,5
1,15,2.625,6
3,20,3.6,2
2,17,3.333333333333333,3
1,13,3.333333333333333,7
0,14,3.25,4
51,18,4.6,1
1,15,2.142857142857143,8
0,15,2.6666666666666665,8
1,15,1.625,6
1,16,3.5,2
0,18,1.5,4
14,20,2.2222222222222223,1
0,16,2.7777777777777777,7
0,16,3.2,5
1,16,4.2,3
62,6,0.4,8
45,18,2.7777777777777777,2
22,17,3.8,1
0,16,2.555555555555556,3
6,17,4.636363636363637,4
1,14,2.75,7
0,13,2.25,6
50,13,2.7777777777777777,5
1,18,3.5454545454545454,5
0,19,3.2,3
4,19,3.727272727272727,2
0,15,2.75,8
3,16,3.555555555555556,7
1,18,2.8,6
4,18,2.888888888888889,4
1,20,2.2,1
0,17,2.555555555555556,6
0,13,4.111111111111111,7
1,15,4.0,5
0,17,2.875,4
1,14,2.875,8
3,19,4.090909090909091,2
1,15,3.25,3
1,16,2.6666666666666665,1
1,15,3.5454545454545454,6
0,18,2.0,3
2,17,3.7777777777777777,1
0,18,2.333333333333333,2
0,13,2.625,8
53,20,2.25,4
0,17,4.1,5
1,14,3.0,7
0,19,3.090909090909091,5
1,20,3.727272727272727,2
1,16,3.1,8
1,18,3.7,3
5,17,1.875,7
15,18,4.6,4
14,17,3.5,1
2,17,3.363636363636364,6
0,18,2.4444444444444446,3
1,11,2.0,7
0,13,2.7777777777777777,6
40,8,2.0,8
42,18,3.555555555555556,5
0,18,3.4545454545454546,4
1,21,4.416666666666667,1
30,19,2.6666666666666665,2
1,20,1.375,2
1,13,2.75,7
0,16,3.7,4
0,18,3.3,6
3,17,2.6666666666666665,5
12,13,2.25,8
1,16,3.5,3
2,17,4.666666666666667,1
23,15,3.7,8
1,13,3.25,7
0,16,3.111111111111111,3
0,16,4.916666666666667,5
0,16,3.0,4
0,16,4.0,2
1,16,3.9,6
4,18,3.9,1
7,18,4.4,2
20,11,2.555555555555556,8
36,20,4.818181818181818,3
4,14,1.0,7
0,13,2.125,6
31,12,3.375,5
23,14,3.5,4
1,21,3.4166666666666665,1
46,22,1.3333333333333333,5
1,14,3.6666666666666665,7
1,16,3.6666666666666665,2
5,22,2.7,1
6,12,4.4,8
21,15,2.4444444444444446,6
0,16,2.7777777777777777,4
0,20,4.181818181818182,3
1,10,3.0,8
21,21,3.6,1
3,17,3.111111111111111,6
18,17,3.7,4
19,12,2.142857142857143,7
49,18,4.5,2
26,15,3.888888888888889,3
1,12,3.0,5
10,15,2.375,4
1,18,2.6,1
5,15,2.111111111111111,5
12,14,1.5,8
2,12,2.1666666666666665,7
0,11,3.25,6
0,15,3.0,3
0,18,3.3,2
0,19,2.6666666666666665,2
8,14,4.25,6
30,18,3.7,1
0,17,3.111111111111111,5
1,15,3.25,4
0,12,2.875,8
0,17,2.9,3
47,15,2.75,7
52,16,3.3,7
0,13,2.0,8
0,19,2.4444444444444446,4
6,15,2.142857142857143,6
0,17,2.6,2
4,22,4.2727272727272725,3
3,14,3.888888888888889,5
2,21,3.0,1
10,20,3.9,1
0,16,2.0,5
0,16,3.2222222222222223,2
23,17,1.0,6
1,15,4.0,8
0,13,2.555555555555556,7
1,13,2.555555555555556,4
6,15,2.125,3
0,15,3.5,4
1,17,2.555555555555556,3
41,15,4.636363636363637,6
0,18,3.3,5
1,11,2.375,7
55,19,2.8,1
0,15,2.25,2
13,12,2.2857142857142856,8
51,14,4.111111111111111,2
7,16,1.875,6
1,18,3.333333333333333,7
0,15,3.0,5
1,20,3.1818181818181817,1
3,11,2.875,8
1,21,1.1111111111111112,3
0,14,3.555555555555556,4
0,21,1.5,2
3,16,3.5454545454545454,3
0,17,3.7,6
0,17,3.2,4
0,16,3.7,5
1,16,2.4444444444444446,1
0,17,4.818181818181818,7
17,14,3.2857142857142856,8
0,14,3.0,5
0,14,2.625,7
1,16,3.111111111111111,3
29,15,3.6666666666666665,6
1,19,3.7,2
8,16,2.75,4
9,14,0.8571428571428571,8
3,20,4.583333333333333,1
0,16,3.111111111111111,6
5,15,1.5714285714285714,8
0,13,2.375,7
1,16,3.8,3
0,17,1.1428571428571428,4
1,17,3.6,2
0,14,2.7777777777777777,5
2,16,2.888888888888889,1
0,17,3.111111111111111,5
3,19,2.9,3
2,20,4.090909090909091,1
1,16,5.7,2
0,18,3.7,4
20,14,2.5,7
6,12,1.6666666666666667,8
1,13,3.5,6
51,18,2.7777777777777777,1
1,21,1.3333333333333333,2
3,15,3.4,7
1,18,2.7,4
5,16,2.25,5
0,14,2.375,8
0,13,4.0,6
6,17,2.75,3
2,19,3.0,2
0,13,3.2857142857142856,5
1,14,2.4285714285714284,4
1,16,3.7777777777777777,3
34,11,3.625,7
9,13,1.6666666666666667,8
2,18,3.4,1
1,15,3.2,6
0,14,1.8888888888888888,7
1,15,1.125,6
2,20,2.4444444444444446,1
0,16,3.333333333333333,5
0,14,3.5,8
31,15,3.2222222222222223,3
4,14,3.125,4
0,15,3.888888888888889,2
2,14,2.0,3
0,13,3.5,6
60,13,2.75,5
17,14,2.625,2
0,11,1.3333333333333333,8
0,13,3.333333333333333,7
30,14,2.6666666666666665,4
5,13,2.6666666666666665,1
1,17,2.2,6
0,15,3.5,7
0,15,3.333333333333333,4
1,15,2.75,5
0,16,2.6666666666666665,8
1,15,3.0,1
3,16,2.555555555555556,3
1,23,5.416666666666667,2
2,17,2.555555555555556,4
41,14,2.625,8
33,17,1.4285714285714286,7
2,17,2.4444444444444446,5
1,18,2.6666666666666665,1
0,16,2.6666666666666665,6
3,19,2.4444444444444446,2
0,16,2.888888888888889,3
11,12,2.625,7
1,17,3.6,1
1,17,1.5,5
25,15,1.8571428571428568,8
1,17,3.333333333333333,3
0,19,1.8,4
12,15,2.0,6
1,20,4.090909090909091,2
3,14,2.888888888888889,7
42,16,2.0,4
1,21,1.3333333333333333,5
0,16,2.333333333333333,6
5,23,5.083333333333333,2
0,17,3.727272727272727,3
32,19,3.8,1
2,16,1.375,8
1,15,3.375,3
2,20,3.4166666666666665,1
0,16,2.375,7
8,18,3.6,4
13,16,2.875,8
9,16,2.25,5
4,17,3.5,2
0,14,3.888888888888889,6
1,17,3.6666666666666665,2
0,15,2.142857142857143,6
2,19,3.9,1
8,16,0.5,7
25,12,1.4285714285714286,8
0,17,2.4444444444444446,3
32,16,3.4444444444444446,5
1,14,2.0,4
0,13,4.5,6
9,17,3.111111111111111,3
4,14,3.3,5
3,12,2.75,8
0,14,5.1,4
3,21,3.5,2
0,13,2.625,7
8,17,2.555555555555556,1
2,16,3.727272727272727,7
1,15,4.111111111111111,2
13,17,1.5,5
0,17,3.3,3
1,11,2.75,8
14,18,2.555555555555556,4
49,14,2.7777777777777777,6
44,18,3.2,1
19,21,4.090909090909091,2
0,16,2.625,6
48,18,3.5,1
2,14,3.7142857142857135,7
2,20,1.5555555555555556,5
5,17,3.0,4
11,13,4.111111111111111,8
0,20,1.4444444444444444,3
1,16,2.7777777777777777,5
1,15,4.363636363636363,8
3,16,3.4444444444444446,3
1,13,4.2727272727272725,7
0,16,3.4444444444444446,2
41,15,2.375,6
4,18,3.5,4
1,22,2.2,1
1,16,3.8,3
5,17,3.8,2
0,15,3.111111111111111,5
161,8,0.8333333333333334,8
0,18,2.333333333333333,4
0,18,2.4444444444444446,7
54,18,1.5555555555555556,1
0,12,1.5,6
1,13,4.9,7
11,20,3.0,2
1,15,3.111111111111111,4
5,17,3.5,1
0,16,2.625,5
0,16,3.625,3
1,16,3.333333333333333,6
0,13,2.375,8
2,15,2.888888888888889,3
1,16,3.8,1
1,13,4.3,8
26,19,1.75,4
1,17,3.3,7
2,18,2.6666666666666665,2
24,19,3.5,5
16,14,2.375,6
12,17,3.8,4
5,16,2.7777777777777777,1
1,16,3.7777777777777777,2
7,15,2.888888888888889,7
3,17,3.6,6
46,14,4.0,5
47,18,4.0,3
1,12,1.6666666666666667,8
7,14,2.2857142857142856,6
46,15,3.0,5
1,15,2.7777777777777777,7
9,22,3.4545454545454546,1
0,15,2.0,8
0,23,3.0,2
29,17,1.5,4
0,18,3.1818181818181817,3
19,20,1.875,4
3,14,2.125,7
1,17,4.636363636363637,3
10,12,2.333333333333333,8
0,19,3.636363636363636,5
0,14,2.888888888888889,2
28,15,2.75,1
59,15,3.2222222222222223,6
2,13,3.111111111111111,8
2,18,2.4444444444444446,2
13,20,3.9,1
15,17,3.0,5
32,17,3.9,3
0,14,3.125,7
2,13,4.75,6
0,16,3.111111111111111,4
0,14,2.5,6
5,18,2.4444444444444446,1
1,19,3.0,3
1,15,4.0,7
21,18,3.888888888888889,5
0,18,3.6,2
34,15,2.4285714285714284,8
1,21,3.5,4
0,17,3.7,4
0,18,3.5,3
3,16,2.25,5
0,13,3.0,7
0,18,2.4,2
23,15,3.125,6
23,18,4.4,1
0,16,1.25,8
0,15,2.5,3
1,18,3.6,2
1,14,4.0,7
0,17,4.3,5
34,13,2.571428571428572,8
6,14,2.375,6
3,15,2.888888888888889,1
11,15,4.0,4
0,15,2.7777777777777777,2
3,21,3.636363636363636,1
0,13,2.75,8
1,15,2.0,7
1,18,3.9,3
1,16,3.7,6
0,15,4.9,5
2,15,2.555555555555556,4
1,17,3.555555555555556,4
0,15,2.0,6
1,16,2.555555555555556,5
4,15,3.8,7
1,22,4.166666666666667,1
1,14,2.375,8
0,21,1.3333333333333333,2
0,17,4.3,3
0,19,3.7,4
6,18,5.3,1
0,19,2.0,3
50,13,2.75,7
26,17,3.7,5
0,15,1.75,8
2,20,2.5,2
0,14,2.875,6
2,20,0.875,6
1,17,3.1,4
1,14,2.125,7
22,19,1.375,2
6,17,4.4,3
0,14,2.875,5
5,17,2.0,1
1,15,4.1,8
7,13,5.222222222222222,2
51,13,2.75,5
1,15,3.6666666666666665,4
1,14,2.5,8
15,18,2.7777777777777777,1
0,20,1.7777777777777777,3
1,14,2.571428571428572,6
0,13,3.625,7
2,15,0.6666666666666666,7
4,18,1.5,3
10,17,3.6666666666666665,2
2,15,3.8,6
14,21,3.8,1
8,18,4.1,4
0,11,3.0,8
1,15,3.2222222222222223,5
3,24,1.2222222222222223,4
2,18,2.0,1
51,14,2.375,8
1,11,3.5,7
1,14,4.0,5
9,14,5.555555555555555,3
6,17,2.7777777777777777,2
1,15,3.4444444444444446,6
5,19,2.4444444444444446,2
2,18,2.6666666666666665,6
3,18,2.888888888888889,1
1,14,2.0,7
0,15,5.0,4
1,12,3.888888888888889,3
0,12,2.375,8
30,19,1.25,5
1,15,2.25,7
1,18,2.555555555555556,3
1,14,3.6666666666666665,6
0,16,3.8,5
1,21,2.888888888888889,2
1,16,4.1,8
1,15,3.0,4
4,22,3.5454545454545454,1
0,15,3.25,3
0,18,1.5555555555555556,6
7,11,2.375,8
0,17,3.111111111111111,4
0,16,2.9,5
3,19,3.4,1
0,17,2.6666666666666665,2
19,15,3.888888888888889,7
1,16,2.375,7
1,14,4.181818181818182,5
23,15,2.2857142857142856,6
1,15,3.6,8
1,16,3.7777777777777777,4
1,19,2.333333333333333,2
1,22,4.636363636363637,1
5,18,3.363636363636364,3
52,11,3.6666666666666665,8
1,20,2.8,2
1,12,2.125,7
1,14,2.4444444444444446,6
6,20,3.363636363636364,1
1,12,2.4285714285714284,5
1,21,3.5454545454545454,3
0,18,3.090909090909091,4
0,14,2.0,8
3,16,1.5,7
10,25,4.181818181818182,1
1,12,4.444444444444445,5
0,15,1.75,6
1,19,3.6666666666666665,2
30,19,3.7,3
1,17,3.0,4
2,20,5.0,1
0,15,4.888888888888889,3
0,15,4.0,7
0,12,2.75,6
1,15,2.375,8
0,18,2.555555555555556,2
0,16,4.2,4
3,17,3.8181818181818175,5
0,16,1.75,6
1,21,1.7777777777777777,1
0,12,2.375,8
1,20,1.125,2
0,19,2.4444444444444446,7
4,17,3.3,4
3,16,2.888888888888889,3
43,13,3.375,5
0,16,3.6666666666666665,3
1,13,2.625,7
41,16,5.666666666666667,2
1,18,1.125,8
1,19,2.6666666666666665,4
14,14,2.4285714285714284,6
2,18,3.5,1
0,12,3.857142857142857,5
2,17,2.2222222222222223,3
0,20,1.9,5
0,13,3.333333333333333,8
0,18,4.6,2
2,18,2.375,6
2,20,2.4444444444444446,1
5,15,2.2222222222222223,4
1,20,1.0,7
0,14,2.888888888888889,2
31,14,3.75,3
5,14,1.1428571428571428,8
7,17,2.4444444444444446,7
10,18,3.7,6
1,21,2.6666666666666665,1
1,15,3.333333333333333,5
8,17,2.875,4
51,19,3.3,1
3,18,2.111111111111111,2
6,18,1.75,5
1,16,3.1,6
7,17,3.2222222222222223,3
1,14,2.375,8
6,18,2.888888888888889,4
0,13,3.0,7
10,17,0.6666666666666666,8
0,15,3.2222222222222223,3
1,17,3.888888888888889,5
1,23,3.636363636363636,1
5,17,1.875,4
1,16,2.875,2
2,15,3.555555555555556,7
39,15,3.333333333333333,6
51,20,3.5454545454545454,1
1,16,3.0,5
1,16,3.333333333333333,6
1,18,1.75,7
2,21,3.5454545454545454,4
1,21,2.1,2
0,14,3.9,8
42,15,2.7777777777777777,3
0,18,4.1,2
5,13,2.375,8
1,16,1.5,5
2,22,4.0,1
6,18,3.111111111111111,4
1,16,2.555555555555556,3
34,15,3.2222222222222223,6
5,18,0.8571428571428571,7
0,15,2.875,4
1,20,3.4,2
29,16,1.5714285714285714,6
16,23,4.454545454545454,1
6,14,3.0,7
40,15,2.5,5
0,18,2.7777777777777777,3
1,14,2.5,8
0,17,2.7777777777777777,2
2,13,3.0,8
2,13,5.222222222222222,5
0,15,3.0,3
43,16,1.0,6
12,15,5.2,1
0,14,2.625,4
0,13,3.0,7
1,15,2.111111111111111,7
0,14,3.375,6
0,17,2.2222222222222223,2
2,16,2.9,5
10,17,3.0,3
2,15,2.25,4
15,18,2.888888888888889,1
2,11,2.875,8
0,11,3.625,7
1,13,3.25,2
1,18,3.4545454545454546,1
8,17,2.2222222222222223,6
16,16,2.2857142857142856,8
1,12,2.5,5
1,16,2.375,3
25,14,4.444444444444445,4
11,18,3.8,1
4,13,2.75,5
0,16,3.4444444444444446,7
0,17,3.3,2
1,19,4.6,3
3,13,1.6666666666666667,8
1,17,3.333333333333333,4
9,16,2.25,6
2,15,2.0,6
6,17,2.0,1
27,12,1.4285714285714286,7
49,18,3.6,2
9,17,2.25,3
31,16,2.375,5
4,15,2.555555555555556,4
2,14,4.1,8
3,18,1.75,5
33,13,2.0,8
20,18,3.8,1
1,19,3.7,4
4,17,3.375,2
1,14,3.111111111111111,6
1,18,2.0,3
2,17,3.555555555555556,7
10,22,3.363636363636364,1
0,13,1.6666666666666667,6
1,15,4.111111111111111,3
1,18,1.25,7
0,17,2.7777777777777777,2
1,14,3.0,5
0,11,4.25,8
1,17,3.2,4
2,19,2.0,3
41,13,4.111111111111111,7
1,19,2.9,4
35,19,4.2,1
2,17,4.636363636363637,5
4,15,3.2222222222222223,2
0,16,3.555555555555556,6
0,14,1.8333333333333333,8
2,18,2.7777777777777777,1
0,11,2.0,8
1,18,4.1,2
17,14,3.0,6
6,18,4.2,3
26,13,3.5,7
0,16,2.625,5
1,17,2.333333333333333,4
1,17,2.8,1
26,21,2.0,2
1,13,2.7777777777777777,8
2,14,2.875,5
0,18,3.7,3
2,12,3.125,7
0,15,2.6666666666666665,4
0,13,3.125,6
2,15,4.7,8
24,17,4.111111111111111,5
2,15,3.1,7
5,18,2.125,3
1,19,3.0,4
5,15,2.375,6
7,18,2.555555555555556,2
2,23,3.636363636363636,1
15,13,2.142857142857143,7
4,16,4.2,2
2,15,3.0,4
2,20,3.363636363636364,1
20,15,0.8571428571428571,8
0,14,2.625,5
10,14,4.5,3
0,15,4.5,6
49,16,2.375,2
1,11,3.875,8
0,14,3.125,7
56,14,2.625,4
32,19,3.5,1
1,13,4.125,3
4,16,3.4444444444444446,5
0,14,2.6666666666666665,6
6,14,3.333333333333333,7
0,16,1.5,8
1,18,3.3,3
1,17,1.7777777777777777,4
0,14,2.25,6
9,20,3.0,2
7,14,3.8,5
18,17,3.555555555555556,1
1,11,2.625,8
1,19,3.9,2
52,15,2.555555555555556,6
96,16,3.2222222222222223,1
4,14,3.111111111111111,7
0,16,2.125,5
0,17,4.4,3
2,20,2.8,4
0,16,4.4,7
0,19,1.25,3
0,15,4.222222222222222,5
0,13,3.0,8
1,13,2.375,6
1,19,3.6,2
5,16,2.0,4
3,20,4.083333333333333,1
3,14,2.375,5
23,14,3.0,6
1,15,3.111111111111111,2
3,15,3.4444444444444446,1
5,17,3.333333333333333,3
0,12,2.5,8
1,16,3.5,4
63,17,2.8,7
1,17,2.5,2
5,13,3.7,7
0,15,4.4,4
1,16,3.375,3
20,13,1.0,8
5,15,3.555555555555556,1
2,16,3.0,5
1,15,2.9,6
0,13,3.0,5
1,18,1.5,6
1,16,2.875,3
0,17,2.2222222222222223,8
13,17,3.333333333333333,4
21,21,3.5454545454545454,2
1,16,1.5,7
5,22,3.8333333333333335,1
1,11,1.7142857142857142,8
36,19,4.1,1
55,17,2.375,3
9,19,4.3,2
1,13,3.0,7
1,15,2.4444444444444446,6
1,14,2.333333333333333,4
15,17,1.8571428571428568,5
4,21,2.3,2
2,14,2.625,6
16,15,3.4444444444444446,8
4,19,3.3,3
2,14,3.333333333333333,1
0,15,4.7,7
0,16,2.888888888888889,4
0,14,2.375,5
2,18,3.5454545454545454,1
2,14,4.0,7
1,18,1.2222222222222223,8
1,16,3.6,6
2,19,4.0,2
22,19,1.625,4
2,17,3.2222222222222223,3
0,18,2.25,5
19,17,2.5,4
2,16,5.7,1
3,13,2.625,8
6,16,3.555555555555556,3
14,18,2.111111111111111,7
1,16,1.8888888888888888,5
1,20,3.4545454545454546,2
23,17,1.2857142857142858,6
47,18,2.0,3
13,19,3.333333333333333,2
2,16,2.555555555555556,1
10,17,3.6666666666666665,6
51,5,1.0,8
0,21,2.111111111111111,4
3,15,2.125,7
1,11,2.0,5
1,18,4.363636363636363,3
16,18,3.3,1
1,15,3.5,7
38,13,4.222222222222222,8
0,15,3.555555555555556,2
4,16,2.375,6
0,16,3.4444444444444446,5
4,16,3.111111111111111,4
0,19,2.125,2
10,15,2.7777777777777777,6
31,17,3.6666666666666665,7
2,15,2.7777777777777777,1
0,18,1.75,4
1,13,2.2222222222222223,8
3,20,3.5454545454545454,3
2,17,4.0,5
15,19,3.909090909090909,1
32,15,1.875,7
1,16,3.8,5
0,14,2.571428571428572,6
0,14,2.75,4
1,18,3.0,2
10,13,3.3,8
0,16,3.1,3
0,17,2.555555555555556,5
0,13,3.375,8
4,16,3.5,7
0,21,1.3333333333333333,4
7,16,3.4444444444444446,2
0,14,3.25,6
9,17,3.9,3
1,21,3.111111111111111,1
2,18,4.545454545454546,1
0,13,3.333333333333333,6
17,22,1.8888888888888888,3
2,15,2.0,7
0,15,5.222222222222222,5
1,11,3.625,8
3,17,1.875,4
1,16,2.6666666666666665,2
5,18,2.888888888888889,3
0,17,2.555555555555556,4
4,17,4.0,2
0,15,3.25,5
1,11,2.7142857142857144,8
29,12,2.571428571428572,6
1,13,3.0,7
2,18,4.0,1
1,13,2.625,7
16,18,2.0,6
30,14,2.0,3
12,17,2.2222222222222223,1
0,16,2.4444444444444446,5
1,13,2.625,4
0,15,3.555555555555556,8
23,17,3.6666666666666665,2
1,17,2.888888888888889,1
7,12,5.0,8
1,15,4.0,4
1,17,2.5,7
1,15,3.7777777777777777,2
3,17,3.4,5
0,16,1.4285714285714286,6
47,15,5.5,3
8,19,2.333333333333333,1
0,21,3.75,4
0,15,2.375,6
1,16,3.333333333333333,8
9,20,3.9,2
19,16,2.5,5
4,16,2.375,7
0,18,4.545454545454546,3
1,20,1.6,4
2,16,3.2222222222222223,1
4,19,3.4,3
0,15,3.2,8
1,15,2.375,6
42,20,2.0,5
0,19,3.0,2
0,13,3.0,7
2,17,4.4,3
1,18,3.4,1
31,16,2.625,5
2,16,3.333333333333333,8
29,13,1.8571428571428568,6
1,16,2.0,7
3,20,3.4,2
1,18,1.625,4
0,16,2.4444444444444446,5
0,12,2.75,8
2,19,4.2727272727272725,1
0,16,1.875,3
20,17,3.111111111111111,6
0,12,2.4285714285714284,7
0,12,5.5,2
0,15,2.75,4
0,19,3.4,2
6,23,4.416666666666667,1
0,15,2.333333333333333,8
3,14,3.375,7
2,16,4.3,3
32,20,1.5,4
1,13,3.75,6
4,17,3.1818181818181817,5
50,15,2.25,5
1,13,3.625,8
5,20,4.181818181818182,2
0,18,3.8,4
3,16,3.7,3
2,18,3.8,1
1,15,3.5,6
1,14,2.571428571428572,7
0,16,2.6666666666666665,5
45,15,3.0,6
1,15,2.4444444444444446,2
1,18,3.9,1
5,17,1.0,8
1,18,3.6,3
0,15,2.0,4
2,18,1.6666666666666667,7
25,15,3.0,3
1,14,4.5,7
1,17,4.0,5
2,14,4.444444444444445,8
1,18,4.090909090909091,6
0,18,3.7,4
1,19,1.75,2
4,16,3.7,1
1,18,3.8,4
0,16,1.8571428571428568,5
1,16,2.7777777777777777,3
12,20,3.0,1
4,20,2.333333333333333,2
8,16,3.6666666666666665,6
53,17,1.625,8
1,18,4.727272727272728,7
0,17,3.125,3
1,15,2.125,7
0,19,4.545454545454546,1
1,17,2.4444444444444446,2
1,14,2.75,8
43,16,2.25,5
6,17,1.375,4
6,20,3.2222222222222223,6
42,15,3.125,5
1,18,2.4444444444444446,3
0,18,3.5,4
2,19,3.0,1
6,16,3.7,2
48,14,3.125,7
1,15,2.6666666666666665,8
1,15,3.7777777777777777,6
3,19,3.9,1
37,15,3.555555555555556,6
11,16,3.111111111111111,3
3,14,3.6666666666666665,8
0,18,2.6666666666666665,2
9,15,2.555555555555556,4
11,17,3.375,5
0,14,2.75,7
2,16,3.111111111111111,1
0,15,3.0,7
5,16,3.7,5
0,16,3.0,4
0,15,2.7777777777777777,2
30,14,2.0,6
50,15,2.375,8
5,16,4.3,3
51,18,2.875,2
36,17,2.125,3
1,19,4.181818181818182,4
1,18,4.181818181818182,1
0,13,2.375,7
0,12,2.0,8
1,17,0.8571428571428571,5
1,16,2.555555555555556,6
1,14,2.7777777777777777,8
0,14,2.625,7
52,17,3.8,6
0,15,3.25,3
31,16,4.1,5
1,18,3.555555555555556,2
1,17,3.6666666666666665,4
15,17,3.5,1
5,15,4.0,3
5,16,2.625,4
1,19,4.2727272727272725,7
2,15,1.875,8
0,14,3.0,6
5,13,4.75,2
1,20,1.875,1
0,14,2.0,5
4,16,3.7,3
11,14,2.142857142857143,5
0,17,4.090909090909091,4
1,15,3.2222222222222223,6
13,21,3.5,1
5,14,2.375,7
3,13,1.8571428571428568,8
1,20,4.090909090909091,2
24,16,3.555555555555556,2
53,12,4.0,7
5,17,2.4444444444444446,6
0,18,4.0,3
3,16,2.888888888888889,4
13,14,2.875,5
2,16,3.0,1
0,13,3.375,8
0,14,2.625,8
1,17,1.4444444444444444,5
2,19,2.6666666666666665,1
2,16,3.7777777777777777,2
1,14,2.5,7
1,17,3.555555555555556,3
10,14,3.375,6
1,20,2.8,4
22,17,2.7777777777777777,1
0,16,2.0,3
1,19,1.875,2
1,13,2.555555555555556,7
16,15,2.375,8
1,19,0.8571428571428571,5
3,19,3.7,4
0,17,4.545454545454546,6
0,16,5.6,3
1,13,3.4444444444444446,7
0,15,2.2222222222222223,6
27,15,2.7777777777777777,1
1,16,2.0,2
0,18,1.875,8
2,17,4.0,4
0,17,1.875,5
15,21,2.111111111111111,1
2,17,2.5,5
3,19,2.2222222222222223,2
5,21,0.75,4
41,14,2.125,7
1,13,3.2222222222222223,6
37,18,3.6,3
3,13,2.625,8
7,18,3.0,5
16,22,4.0,2
10,15,3.25,6
51,19,4.2727272727272725,4
9,15,4.818181818181818,8
40,20,2.333333333333333,7
0,16,2.7777777777777777,3
30,21,2.333333333333333,1
0,15,4.1,7
0,19,3.3,6
1,20,3.5454545454545454,1
7,17,2.111111111111111,4
0,13,3.625,5
1,14,2.0,8
12,17,3.7,3
3,15,4.222222222222222,2
1,17,1.25,8
1,17,3.2,5
1,16,4.1,7
26,15,4.0,3
4,17,4.0,2
0,14,3.6666666666666665,6
3,16,1.875,4
3,16,3.1,1
0,15,4.222222222222222,6
0,15,2.6666666666666665,4
1,14,2.6666666666666665,7
1,21,4.583333333333333,5
1,19,4.0,2
2,17,2.4444444444444446,8
7,18,3.9,1
27,19,2.2222222222222223,3
2,20,4.363636363636363,1
1,14,3.0,8
1,19,2.9,2
32,17,3.125,6
1,18,2.555555555555556,3
1,21,3.0,5
0,15,1.8888888888888888,7
42,16,2.375,4
2,23,5.0,1
30,16,0.5,8
0,9,3.333333333333333,4
5,16,2.375,6
0,12,2.0,7
0,17,2.333333333333333,5
10,17,4.333333333333333,3
24,19,3.8,2
1,11,2.2857142857142856,8
2,17,3.4545454545454546,6
39,14,2.375,7
3,17,3.7,5
3,18,2.888888888888889,2
3,17,2.555555555555556,3
1,21,3.1,4
1,20,4.8,1
1,19,2.909090909090909,1
4,17,3.7,3
17,16,2.125,8
0,11,2.4285714285714284,6
0,15,3.333333333333333,5
0,13,2.875,4
0,21,1.6,2
0,13,2.142857142857143,7
0,16,3.555555555555556,4
0,14,3.0,8
51,16,1.5,7
3,18,3.2,6
2,17,4.0,5
7,17,2.888888888888889,2
2,15,4.555555555555555,1
1,19,4.909090909090909,3
1,13,4.0,8
3,17,3.6666666666666665,2
2,17,2.7777777777777777,1
2,18,3.6666666666666665,3
1,16,3.111111111111111,4
9,17,3.4444444444444446,6
0,14,4.4,5
1,16,2.0,7
0,15,2.625,7
0,13,1.625,6
4,14,2.625,4
51,21,2.8,1
2,23,4.0,2
2,16,3.6,3
6,13,3.111111111111111,8
0,15,3.6,5
1,17,4.9,3
2,21,4.75,6
2,16,4.111111111111111,5
0,13,2.555555555555556,8
53,19,2.5,4
1,17,3.111111111111111,1
28,19,3.2,7
0,19,3.7777777777777777,2
0,11,4.333333333333333,4
0,12,3.6666666666666665,7
0,16,3.111111111111111,2
0,15,2.875,6
1,13,3.625,5
14,16,3.4444444444444446,1
1,10,2.25,8
1,15,4.0,3
4,18,1.5555555555555556,1
39,18,3.2,2
1,16,0.8571428571428571,8
1,15,2.375,6
4,17,2.9,4
43,14,3.125,7
1,15,2.0,5
56,16,2.75,3
3,12,4.222222222222222,4
7,8,2.375,8
30,17,2.7777777777777777,2
41,20,3.8,1
1,14,2.75,5
7,10,2.4285714285714284,6
20,13,3.125,7
1,16,3.2222222222222223,3
1,16,2.5,5
2,16,3.0,4
65,17,3.5,1
1,15,2.625,7
0,20,4.636363636363637,2
31,13,4.888888888888889,3
50,14,3.0,6
3,11,2.375,8
9,14,3.75,7
1,16,4.666666666666667,3
11,22,2.6666666666666665,1
1,15,3.0,5
5,15,3.7,8
1,19,3.6,4
0,15,2.75,2
0,13,2.888888888888889,6
52,18,1.5,3
7,16,3.333333333333333,2
9,19,4.1,1
0,13,2.333333333333333,8
1,12,3.25,7
10,21,2.0,5
7,17,4.2,4
24,15,2.875,6
50,14,3.555555555555556,7
0,16,3.25,4
0,19,4.25,2
1,15,2.111111111111111,6
1,21,4.666666666666667,3
5,21,4.2,1
1,16,3.333333333333333,5
1,13,1.0,8
6,15,3.25,4
0,14,2.625,5
1,14,2.75,6
5,19,3.555555555555556,1
1,13,2.7142857142857144,7
0,16,2.5,8
1,19,4.818181818181818,2
5,20,3.7,3
2,12,2.5,7
0,11,3.571428571428572,8
3,17,2.375,6
19,19,4.416666666666667,3
0,20,2.6666666666666665,2
3,19,3.0,1
1,17,2.555555555555556,5
0,17,3.333333333333333,4
5,21,2.3,5
1,17,3.2222222222222223,1
1,22,3.4545454545454546,2
1,17,2.6666666666666665,3
17,13,2.375,8
1,15,3.4444444444444446,6
2,19,4.090909090909091,4
1,14,2.7142857142857144,7
0,12,2.75,6
1,14,2.875,3
1,19,3.9,1
1,21,4.916666666666667,2
3,15,2.555555555555556,4
3,12,3.25,7
0,14,2.5,8
4,15,3.125,5
1,15,3.555555555555556,7
0,16,1.875,5
0,10,2.7142857142857144,8
5,18,2.2222222222222223,1
0,17,3.333333333333333,4
0,18,2.0,2
1,15,3.0,3
40,15,2.375,6
1,17,2.555555555555556,8
4,22,2.888888888888889,1
1,14,2.625,6
0,17,3.7,4
3,17,4.5,3
3,20,2.2222222222222223,2
1,15,3.9,7
1,13,3.6,5
8,19,3.6,1
0,16,0.5,8
26,16,3.4444444444444446,6
6,17,2.9,4
2,15,2.7777777777777777,5
9,19,4.7,7
10,23,3.583333333333333,3
0,21,4.090909090909091,2
1,22,1.1111111111111112,3
1,19,3.6,4
1,17,2.2222222222222223,2
6,14,3.5,7
1,12,3.5,6
4,17,1.875,5
2,20,3.727272727272727,1
14,13,3.25,8
54,16,3.8181818181818175,1
22,16,4.0,6
0,16,1.7142857142857142,4
1,16,1.375,7
0,16,1.7142857142857142,3
4,17,3.2,5
49,17,2.7777777777777777,2
1,11,2.625,8
41,16,3.125,4
13,15,1.7142857142857142,8
6,18,4.6,1
0,16,4.4,3
2,14,2.888888888888889,6
0,15,3.333333333333333,2
7,17,3.2222222222222223,5
0,14,2.375,7
19,18,1.7142857142857142,6
15,16,3.25,4
9,13,2.7142857142857144,7
9,20,3.0,8
0,11,3.142857142857143,2
10,18,3.111111111111111,3
40,17,2.0,5
0,18,3.8,1
1,14,2.75,7
1,18,1.8888888888888888,5
4,15,4.5,8
0,18,2.875,6
1,17,2.2222222222222223,1
0,18,4.0,4
0,14,2.875,3
1,19,5.545454545454546,2
19,21,2.6666666666666665,1
0,16,2.888888888888889,5
0,15,3.7,7
0,14,3.125,8
0,18,2.25,3
40,16,2.75,2
0,19,3.7,4
0,13,3.111111111111111,6
2,17,2.571428571428572,3
2,17,2.7777777777777777,1
2,12,3.2222222222222223,5
51,17,2.7777777777777777,2
19,9,2.5,8
0,17,3.5,6
0,17,2.8,7
1,15,3.555555555555556,4
0,15,2.888888888888889,3
50,17,3.4444444444444446,1
12,19,4.416666666666667,2
10,18,1.7777777777777777,4
1,14,3.111111111111111,7
0,13,2.5,8
0,17,2.0,5
0,19,2.0,6
3,14,2.75,8
69,16,2.888888888888889,4
0,17,2.8,7
40,18,4.1,1
1,13,4.0,5
1,19,2.0,2
0,13,2.555555555555556,6
16,18,2.555555555555556,3
13,16,2.5,4
1,17,3.636363636363636,5
1,19,2.7777777777777777,1
0,11,2.375,8
1,15,3.2222222222222223,3
2,13,2.6666666666666665,6
1,13,2.75,7
10,15,3.555555555555556,2
4,19,2.0,4
3,18,3.5,1
51,15,2.875,7
0,16,1.6666666666666667,6
1,15,2.7777777777777777,5
1,15,3.0,3
1,12,2.375,8
7,16,4.6,2
3,19,3.3,1
1,19,4.181818181818182,4
0,16,4.8,3
1,19,3.0,5
40,17,1.875,8
0,15,2.6666666666666665,7
1,16,2.0,6
6,19,3.8,2
1,15,2.75,7
0,15,3.1,5
0,16,4.2,6
35,16,2.555555555555556,8
6,16,2.555555555555556,4
1,20,5.090909090909091,1
1,18,2.625,2
11,16,3.4444444444444446,3
1,14,3.125,6
0,21,1.9,2
0,18,3.5454545454545454,1
11,15,3.4,8
52,17,4.0,7
4,16,2.142857142857143,5
3,17,2.9,4
1,14,5.5,3
1,18,2.2222222222222223,4
1,19,2.4444444444444446,2
1,19,2.888888888888889,3
1,15,3.2222222222222223,5
1,11,2.625,7
0,14,2.375,8
4,17,3.9,6
2,16,3.0,1
1,19,4.0,2
0,15,3.111111111111111,4
1,19,2.75,5
0,17,2.333333333333333,3
0,16,1.875,6
25,18,4.9,1
31,13,2.0,8
12,15,2.0,7
0,12,3.0,7
20,14,2.875,8
1,18,4.090909090909091,2
1,13,5.222222222222222,5
2,17,1.75,4
0,15,2.9,3
11,17,3.0,1
0,11,4.5,6
0,14,2.875,7
35,13,1.6666666666666667,8
1,17,4.0,4
54,14,2.875,5
0,13,2.5,6
2,15,4.25,2
1,19,4.181818181818182,3
18,18,2.75,1
51,17,1.375,3
10,15,2.0,7
20,16,3.4444444444444446,4
0,15,1.7142857142857142,6
1,16,2.5,2
4,21,5.333333333333333,1
2,14,2.375,8
0,16,2.0,5
11,18,3.111111111111111,1
3,20,3.8181818181818175,4
0,16,3.0,3
0,19,3.555555555555556,6
3,16,2.6666666666666665,7
9,10,2.875,8
0,18,3.0,2
0,18,2.888888888888889,5
1,13,3.4,6
1,14,5.111111111111111,3
2,14,3.6666666666666665,7
0,14,5.111111111111111,4
1,14,3.2222222222222223,2
32,18,1.1428571428571428,8
0,16,4.1,5
1,22,4.363636363636363,1
4,19,4.6,3
32,19,2.6666666666666665,2
0,12,4.0,7
0,16,0.8571428571428571,8
66,16,2.6666666666666665,5
0,21,3.5,4
1,17,3.5,1
0,16,1.875,6
0,19,2.2222222222222223,1
33,15,2.75,8
51,16,2.625,3
0,19,1.875,2
22,13,3.0,6
9,14,3.2222222222222223,7
1,16,2.0,5
2,16,2.555555555555556,4
2,18,2.6666666666666665,1
0,15,4.0,8
6,16,3.625,2
31,16,1.875,5
4,15,2.8,6
2,14,2.555555555555556,7
1,16,3.6666666666666665,4
1,15,3.555555555555556,3
1,12,2.625,8
2,15,4.285714285714286,2
13,16,4.1,4
1,18,0.8571428571428571,5
1,19,4.2,3
0,12,2.888888888888889,6
0,18,3.909090909090909,7
1,16,2.5,1
0,13,3.625,5
1,19,3.888888888888889,1
0,14,3.555555555555556,4
0,15,3.555555555555556,6
1,17,4.444444444444445,3
1,12,2.75,8
0,17,3.333333333333333,2
0,14,2.0,7
1,16,2.625,4
17,14,3.0,8
1,20,1.8888888888888888,6
0,19,2.25,2
1,16,3.111111111111111,7
0,17,4.333333333333333,5
9,18,4.1,1
6,20,3.363636363636364,3
17,17,3.6,4
7,17,3.4444444444444446,2
0,16,3.111111111111111,6
1,17,4.3,3
3,14,2.75,7
0,13,2.571428571428572,8
4,13,3.75,5
2,14,2.625,1
0,17,2.7777777777777777,1
38,14,4.0,4
1,15,3.0,6
2,12,3.375,7
12,16,2.25,5
0,11,2.25,8
12,18,3.2222222222222223,2
0,16,3.0,3
2,19,3.75,2
0,16,4.111111111111111,6
0,13,2.75,7
23,17,3.3,1
9,18,4.1,3
0,14,3.333333333333333,5
2,17,2.0,8
1,16,3.0,4
1,19,5.307692307692308,5
4,17,3.0,7
28,16,3.4444444444444446,8
41,12,3.5,6
2,22,2.2222222222222223,3
1,21,3.727272727272727,2
5,14,3.0,4
9,16,2.8,1
0,14,2.555555555555556,6
14,18,3.2222222222222223,1
47,18,2.5,3
5,18,2.555555555555556,2
1,17,1.875,5
0,15,4.222222222222222,7
1,17,3.0,4
0,14,3.6666666666666665,8
0,14,1.7777777777777777,5
0,15,4.2727272727272725,8
94,4,0.0,2
2,6,6.0,1
52,13,3.0,6
11,13,3.6666666666666665,7
2,14,5.222222222222222,3
0,19,3.9,4
4,19,3.363636363636364,3
2,12,2.375,8
1,17,2.6,1
3,14,2.6666666666666665,6
24,13,2.625,7
1,15,3.888888888888889,2
1,13,3.375,4
17,18,2.125,5
0,14,2.625,7
14,15,2.875,5
1,18,3.7,4
1,13,1.7142857142857142,6
12,20,3.2222222222222223,2
3,22,1.75,1
0,16,2.375,3
22,16,3.625,8
50,14,2.5,6
0,15,2.6666666666666665,4
6,18,4.0,1
1,10,1.5714285714285714,8
1,14,2.75,7
1,19,4.0,2
49,16,3.6666666666666665,3
0,15,3.125,5
2,15,2.7777777777777777,3
3,15,3.6,6
0,15,3.111111111111111,5
1,19,3.0,1
0,16,4.4,2
0,13,2.0,8
0,19,3.3,4
1,13,2.2222222222222223,7
1,16,3.125,5
9,18,3.111111111111111,2
52,14,3.625,3
52,16,2.25,4
0,15,2.25,7
2,22,3.0,1
11,14,3.125,6
1,16,1.625,8
0,15,3.333333333333333,5
1,18,3.7,3
0,20,4.727272727272728,2
0,16,1.5,7
1,21,1.4444444444444444,4
1,16,4.2,6
0,13,3.125,8
16,21,3.909090909090909,1
14,19,2.6666666666666665,2
5,18,3.8,5
2,18,3.333333333333333,6
39,19,4.2,1
1,14,2.333333333333333,7
1,15,3.555555555555556,3
0,12,3.0,8
0,16,3.555555555555556,4
5,18,3.8,1
4,20,2.333333333333333,2
3,18,4.2727272727272725,5
0,18,3.3,4
46,18,2.25,7
49,15,3.375,6
0,15,2.0,8
1,19,2.0,3
1,15,3.6666666666666665,6
7,19,2.5,3
4,14,3.7,5
25,17,3.333333333333333,1
49,14,2.875,4
3,13,2.375,8
32,15,2.625,7
1,22,2.0,2
10,14,2.857142857142857,5
2,17,2.6666666666666665,7
31,16,3.111111111111111,4
9,19,4.2727272727272725,3
0,19,3.1,2
1,17,3.111111111111111,1
37,14,2.375,8
2,13,4.3,6
50,18,2.555555555555556,3
3,17,2.125,5
11,20,3.3,4
3,15,2.888888888888889,1
3,14,4.0,2
0,18,3.0,6
1,13,2.625,7
1,14,2.5,8
1,14,1.7142857142857142,2
51,13,3.125,6
0,13,3.125,8
13,15,2.0,5
3,16,4.111111111111111,4
0,14,2.0,7
21,16,2.888888888888889,3
1,17,2.7777777777777777,1
23,15,2.571428571428572,8
1,21,3.363636363636364,1
0,13,3.6666666666666665,7
13,6,6.0,2
7,16,4.818181818181818,6
0,17,2.2222222222222223,3
0,17,3.2222222222222223,4
1,16,3.111111111111111,5
53,18,3.727272727272727,1
0,18,2.75,4
2,16,3.111111111111111,3
1,16,3.2222222222222223,7
0,15,2.7777777777777777,5
10,14,2.375,8
8,18,2.125,2
19,13,1.5714285714285714,6
8,17,2.333333333333333,2
4,17,4.6,5
1,15,2.7777777777777777,8
2,17,4.3,3
0,16,2.888888888888889,4
1,16,3.3,7
51,19,2.111111111111111,1
41,17,3.111111111111111,6
1,14,1.8571428571428568,6
0,17,2.111111111111111,4
8,16,1.875,7
8,17,3.2,3
2,20,3.6,1
0,13,1.4285714285714286,8
0,14,3.555555555555556,5
0,18,3.4444444444444446,2
1,14,2.333333333333333,8
45,17,2.75,5
0,14,2.75,6
2,18,4.0,1
4,16,2.25,2
54,15,3.2222222222222223,3
1,17,2.75,4
3,13,3.0,7
3,16,3.333333333333333,4
1,18,1.375,5
2,12,2.2222222222222223,8
55,13,2.875,7
1,7,6.0,2
5,17,2.7777777777777777,6
1,22,4.583333333333333,3
5,20,3.6666666666666665,1
1,13,1.625,8
6,18,3.7,3
1,14,4.555555555555555,4
1,14,2.888888888888889,6
10,15,1.75,7
1,14,4.666666666666667,1
59,19,5.2727272727272725,2
3,17,2.25,5
0,11,2.2857142857142856,8
0,14,3.7777777777777777,3
0,15,4.5,4
1,20,3.7,1
0,14,2.7777777777777777,7
6,16,2.75,6
1,18,3.4444444444444446,2
9,15,3.7777777777777777,5
1,16,2.375,4
0,11,4.333333333333333,8
4,13,3.6,7
0,18,3.9,3
1,21,3.0,1
44,11,2.5,6
0,18,2.5,5
0,18,3.2222222222222223,2
6,12,2.142857142857143,8
1,13,2.4285714285714284,6
1,16,3.111111111111111,1
6,13,3.75,5
0,16,3.4444444444444446,7
1,15,4.125,3
0,18,4.2,2
1,19,3.1,4
6,15,2.625,3
70,3,1.0,8
1,18,2.4444444444444446,2
0,14,3.555555555555556,6
42,13,2.0,7
5,18,2.888888888888889,5
0,16,2.6666666666666665,4
5,17,2.9,1
0,16,4.0,2
1,17,3.333333333333333,1
25,13,3.571428571428572,7
1,18,4.818181818181818,3
1,15,4.6,5
44,17,0.5714285714285714,6
27,17,2.625,4
3,12,2.625,8
0,23,4.75,1
20,16,4.0,5
0,22,0.6666666666666666,6
0,14,2.857142857142857,7
1,15,5.5,4
1,17,3.727272727272727,2
49,20,1.8888888888888888,3
3,17,2.125,8
12,15,2.875,5
1,19,2.6666666666666665,2
55,18,3.9,4
0,14,1.875,8
0,17,2.6666666666666665,3
0,15,2.375,6
13,13,2.0,7
1,17,3.555555555555556,1
13,22,3.9166666666666665,1
1,15,2.625,7
2,16,4.4,2
1,15,2.0,3
1,14,3.0,8
4,17,1.875,4
1,14,1.5555555555555556,6
0,16,2.2222222222222223,5
1,18,4.1,1
40,16,2.888888888888889,5
18,16,2.75,7
0,15,3.555555555555556,3
34,19,3.111111111111111,4
28,19,3.7,2
1,13,3.111111111111111,8
1,16,3.0,6
0,14,4.2,6
4,19,3.0,1
14,14,5.1,4
0,19,4.363636363636363,3
1,14,2.625,7
1,15,3.0,8
1,17,2.7777777777777777,2
1,14,3.0,5
3,17,2.111111111111111,5
1,16,3.2222222222222223,2
1,17,3.333333333333333,3
0,14,1.1428571428571428,7
1,19,3.7,4
26,15,2.7777777777777777,1
1,12,4.7,8
0,13,2.7777777777777777,6
0,12,3.125,8
8,15,4.3,4
1,15,2.6666666666666665,6
2,14,2.555555555555556,7
6,18,3.909090909090909,2
1,16,3.111111111111111,5
2,18,1.8888888888888888,1
14,17,4.4,3
1,18,3.5454545454545454,4
0,17,3.0,3
10,18,3.0,1
0,12,3.571428571428572,8
48,15,3.111111111111111,6
0,14,4.444444444444445,5
1,18,2.555555555555556,2
45,16,0.8571428571428571,7
3,13,1.7142857142857142,7
1,15,2.0,8
0,17,1.75,6
0,19,3.4,2
1,16,4.8,4
0,14,3.111111111111111,5
1,20,3.272727272727273,3
6,15,3.555555555555556,1
0,17,3.7,3
4,16,3.0,6
0,23,3.333333333333333,2
2,17,3.727272727272727,1
1,17,2.5,8
1,21,4.0,4
0,19,2.833333333333333,5
0,18,1.4444444444444444,7
3,20,2.909090909090909,7
0,15,1.1428571428571428,6
0,12,3.0,8
9,17,3.75,2
0,17,2.7,1
0,15,3.7777777777777777,3
0,16,2.875,4
1,16,2.0,5
0,14,4.222222222222222,5
0,14,2.555555555555556,8
1,20,4.2727272727272725,3
3,16,0.8333333333333334,7
44,19,0.8571428571428571,6
4,18,2.2222222222222223,4
6,16,3.555555555555556,1
3,15,2.5,2
0,15,3.125,7
52,17,2.75,2
0,18,4.2,3
12,16,1.1428571428571428,6
4,17,2.7777777777777777,1
5,15,3.0,8
0,15,2.375,4
0,16,3.6666666666666665,5
5,14,3.6666666666666665,8
0,14,3.333333333333333,5
1,18,3.0,1
0,15,2.375,6
0,17,2.555555555555556,2
0,15,3.4444444444444446,7
31,17,1.8888888888888888,4
0,15,3.333333333333333,3
4,15,5.5,2
1,17,3.6,5
1,14,2.0,8
1,17,4.1,6
3,18,2.9,3
49,17,1.75,7
4,18,2.6666666666666665,4
1,17,4.0,1
0,16,2.6,8
1,20,3.9,4
0,17,2.6,7
2,15,2.555555555555556,6
1,19,3.6,2
5,18,3.7,1
0,21,2.7777777777777777,3
0,19,3.2,5
0,12,2.571428571428572,8
2,18,3.909090909090909,2
0,14,3.555555555555556,4
0,17,1.125,7
0,21,4.181818181818182,3
1,18,2.9,1
55,14,2.0,6
50,16,2.555555555555556,5
4,15,3.0,4
4,22,4.181818181818182,1
21,18,2.75,2
2,18,4.090909090909091,5
3,20,1.3333333333333333,3
50,16,3.125,6
3,14,3.0,8
0,14,1.625,7
1,14,3.4444444444444446,7
1,17,3.4444444444444446,2
5,16,2.555555555555556,8
0,13,3.0,6
0,16,3.3,4
0,15,4.0,5
2,17,2.0,1
1,18,3.0,3
0,16,2.333333333333333,8
23,18,4.2,6
3,15,2.75,5
1,21,2.9,1
13,20,4.090909090909091,4
1,20,3.8181818181818175,3
4,12,3.25,7
1,17,4.5,2
2,21,3.363636363636364,1
1,18,2.7,2
1,17,3.8,4
0,14,4.5,6
0,17,1.75,8
1,13,3.555555555555556,7
0,17,3.5,5
7,18,2.333333333333333,3
2,15,2.5,4
0,10,3.2857142857142856,7
4,22,1.6666666666666667,1
5,14,4.333333333333333,5
1,19,3.1,3
3,19,3.1,2
1,13,3.4444444444444446,8
2,14,3.333333333333333,6
1,22,3.9166666666666665,1
0,19,1.8888888888888888,7
0,13,3.75,2
1,18,3.1,5
20,13,2.75,8
0,16,2.555555555555556,6
2,19,3.2,3
0,18,1.75,4
47,13,2.25,7
1,19,4.181818181818182,2
0,14,2.125,5
0,15,2.7777777777777777,3
50,14,3.6666666666666665,8
3,16,3.555555555555556,4
2,18,3.4444444444444446,1
1,14,3.0,6
0,15,2.2222222222222223,5
1,13,4.125,3
15,20,3.0,4
29,17,2.888888888888889,2
3,16,2.111111111111111,8
0,16,1.25,6
0,16,2.6,7
1,16,3.2222222222222223,1
18,14,2.2857142857142856,6
11,18,3.111111111111111,5
0,21,2.111111111111111,2
1,21,3.2,1
1,18,3.0,3
0,14,2.888888888888889,7
1,15,3.2222222222222223,4
1,15,1.0,8
1,17,3.5,3
1,12,1.5714285714285714,7
0,15,3.5,5
4,18,3.8181818181818175,2
1,17,3.5,1
14,15,3.333333333333333,8
1,17,3.7,4
0,13,2.625,6
11,18,3.5454545454545454,7
1,19,3.75,3
0,11,3.125,8
0,15,3.7,5
1,14,2.6,6
0,22,3.5454545454545454,1
1,22,3.333333333333333,2
1,20,3.8333333333333335,4
2,18,1.75,5
3,17,4.1,2
1,15,2.6666666666666665,7
30,12,4.0,8
23,15,4.0,4
27,16,4.2,3
12,20,5.090909090909091,1
1,15,2.0,6
3,23,3.9166666666666665,2
1,20,5.545454545454546,3
13,15,2.142857142857143,5
0,14,3.333333333333333,6
54,22,3.4,1
2,18,2.4545454545454546,4
3,13,2.75,8
42,14,3.333333333333333,7
11,13,2.857142857142857,8
1,16,3.7,5
2,19,3.111111111111111,1
12,15,2.875,7
46,16,3.4444444444444446,2
1,19,4.416666666666667,4
0,15,3.555555555555556,3
4,18,2.4,6
7,18,3.4444444444444446,2
31,20,2.25,3
1,18,3.1,6
1,13,3.25,8
16,21,3.9,1
0,15,4.4,4
0,17,3.4,5
49,16,2.25,7
3,16,3.0,4
0,15,3.4545454545454546,7
3,10,3.25,8
0,17,2.4444444444444446,6
12,17,3.7,2
4,16,2.555555555555556,1
1,16,3.5,5
3,14,3.111111111111111,3
1,19,2.8,2
6,16,4.444444444444445,4
3,15,3.333333333333333,7
7,14,3.333333333333333,5
10,18,2.75,3
14,23,4.333333333333333,1
4,15,2.6666666666666665,6
0,13,3.25,8
1,15,3.6666666666666665,7
33,14,2.571428571428572,6
44,18,3.333333333333333,5
29,15,2.0,8
0,14,3.25,4
1,14,3.555555555555556,2
1,15,3.333333333333333,1
2,17,1.125,3
11,14,4.444444444444445,4
1,15,2.375,8
1,16,2.0,3
2,17,2.888888888888889,6
13,13,2.6666666666666665,7
3,15,3.0,5
2,19,5.0,1
35,17,2.75,2
4,16,1.625,6
6,18,2.888888888888889,2
9,17,3.333333333333333,1
0,15,3.4,8
1,14,3.555555555555556,5
0,16,2.6666666666666665,4
1,15,4.5,3
1,17,4.75,7
9,18,1.1428571428571428,7
50,19,4.818181818181818,4
0,14,3.5,8
2,15,4.222222222222222,5
0,20,3.363636363636364,2
1,13,2.125,6
1,20,2.6,1
2,16,3.7777777777777777,3
0,15,3.375,6
6,17,3.555555555555556,1
3,16,3.4444444444444446,4
1,12,4.5,5
0,19,2.6666666666666665,2
7,16,3.0,3
0,14,2.375,8
21,15,3.0,7
21,14,3.0,4
35,17,0.8571428571428571,6
0,15,2.6666666666666665,7
67,14,3.333333333333333,8
1,13,3.875,5
1,18,3.7,1
1,19,2.0,2
0,15,2.555555555555556,3
2,15,3.2222222222222223,7
1,17,3.8,2
58,21,3.0,3
2,17,3.2,4
2,14,2.0,5
9,19,3.4,1
1,14,1.75,8
0,17,2.0,6
34,14,1.5714285714285714,5
7,21,3.8181818181818175,1
0,15,3.555555555555556,3
1,15,4.090909090909091,4
0,16,3.6666666666666665,6
0,11,3.2222222222222223,7
4,19,2.333333333333333,2
1,15,1.7142857142857142,8
0,14,3.125,8
15,14,3.0,5
0,19,3.0,4
1,20,3.6,1
2,16,3.2222222222222223,3
0,12,1.6666666666666667,7
2,14,2.875,6
1,18,3.7,2
4,14,3.7777777777777777,5
0,18,4.909090909090909,3
24,17,0.8571428571428571,6
1,11,3.875,8
0,15,3.125,2
0,13,2.75,7
15,17,2.6666666666666665,4
0,16,3.1,1
0,19,3.7,2
1,11,2.875,8
0,15,2.875,5
3,15,3.6666666666666665,3
2,14,3.8,7
12,18,1.875,1
1,15,2.25,6
1,14,2.6666666666666665,4
1,15,3.333333333333333,2
3,12,3.5,8
6,15,4.0,5
0,12,2.4285714285714284,7
3,16,3.333333333333333,4
0,15,2.75,6
7,19,5.818181818181818,1
3,15,3.125,3
0,18,2.888888888888889,3
2,17,1.4444444444444444,7
10,15,4.222222222222222,4
38,19,3.8,1
0,17,2.4444444444444446,6
2,18,2.6666666666666665,2
0,19,4.181818181818182,5
1,10,2.875,8
2,17,4.0,1
10,17,1.1428571428571428,6
4,16,3.111111111111111,2
0,19,3.0,4
4,18,4.2,3
0,16,2.888888888888889,8
0,15,3.111111111111111,5
0,18,2.2,7
3,13,3.0,8
19,16,1.8571428571428568,5
1,18,2.6666666666666665,6
18,20,4.2727272727272725,1
0,17,4.2727272727272725,7
2,20,3.7,2
9,19,4.0,4
1,19,3.5,6
0,18,5.0,2
3,19,4.2727272727272725,7
3,17,3.3,5
3,21,3.8181818181818175,3
0,17,4.727272727272728,4
5,24,4.6923076923076925,1
0,11,3.25,8
0,16,4.3,5
1,11,3.333333333333333,8
0,17,2.2,3
1,15,2.0,4
2,19,3.6,1
0,13,3.4444444444444446,6
1,15,2.7777777777777777,7
0,18,2.2222222222222223,2
34,16,3.2222222222222223,1
1,17,2.5,5
0,17,1.875,7
1,11,3.25,8
0,16,3.4,6
1,17,4.4,2
13,17,4.2,4
0,19,2.6666666666666665,3
0,17,3.727272727272727,7
0,13,3.6666666666666665,5
2,19,1.6666666666666667,3
4,10,1.875,8
6,15,1.0,6
8,14,4.222222222222222,4
0,17,4.0,2
1,17,4.8,1
3,14,3.3,5
1,18,4.727272727272728,1
1,14,2.625,4
6,18,5.0,2
4,13,3.2857142857142856,6
3,15,2.0,8
15,14,2.625,3
0,17,1.1428571428571428,7
13,17,3.4,1
1,15,2.333333333333333,6
0,13,2.7,4
0,12,2.375,7
23,14,3.125,5
20,12,3.5,8
5,16,3.555555555555556,3
1,18,2.8,2
53,14,1.875,2
11,14,2.625,1
1,14,2.125,8
1,12,2.625,7
1,15,3.2,4
0,15,2.125,5
2,19,1.25,3
1,14,4.4,6
0,17,3.9,8
2,15,1.75,4
0,16,2.555555555555556,6
20,18,2.7,5
1,16,3.333333333333333,7
1,16,4.5,2
1,20,3.6,3
2,17,2.7777777777777777,1
0,18,3.9,2
2,20,3.5,1
2,16,4.444444444444445,3
11,15,2.75,5
5,19,3.2,4
10,12,3.25,8
4,12,3.375,7
12,14,3.0,6
0,13,2.4285714285714284,8
0,13,3.7777777777777777,7
33,17,3.4444444444444446,1
0,17,2.25,6
0,22,4.636363636363637,3
0,17,1.75,5
2,22,3.5,2
0,14,3.0,4
3,14,4.0,1
0,11,4.0,8
1,17,3.1,4
28,16,2.375,6
30,14,2.375,5
0,10,2.1666666666666665,7
5,15,3.2222222222222223,2
0,19,2.25,3
1,13,2.625,4
5,11,3.857142857142857,7
1,17,3.9,5
3,20,4.181818181818182,1
6,14,3.2222222222222223,8
12,18,4.1,2
4,20,3.4545454545454546,3
31,14,2.0,6
0,15,2.6666666666666665,6
0,15,2.875,4
5,16,3.333333333333333,7
13,20,2.9,2
1,12,2.75,8
5,18,2.125,1
2,18,2.888888888888889,3
0,15,2.75,5
45,17,2.375,7
6,22,2.6,1
4,20,4.090909090909091,5
1,18,2.555555555555556,2
3,15,2.0,6
0,21,3.9,3
5,18,3.7,4
0,12,1.0,8
3,19,1.5,3
0,15,1.75,8
24,14,3.5,5
2,19,3.7,2
0,15,3.0,6
1,16,3.7777777777777777,1
13,14,3.125,7
0,17,5.1,4
12,18,4.090909090909091,2
1,15,2.857142857142857,6
5,17,4.636363636363637,4
66,19,2.555555555555556,1
1,13,6.3,3
2,13,1.7142857142857142,8
0,17,3.0,5
0,12,2.7142857142857144,7
1,17,2.333333333333333,5
0,14,3.111111111111111,6
19,18,2.25,3
1,15,4.4,4
0,14,3.888888888888889,7
34,20,4.090909090909091,2
2,15,3.555555555555556,1
0,13,3.375,8
8,15,3.375,3
1,14,3.111111111111111,8
42,14,2.875,6
2,18,3.8,1
0,17,2.4,7
0,17,2.6666666666666665,2
0,14,3.5,5
0,16,4.8,4
0,22,5.0,3
0,23,3.4545454545454546,5
0,15,2.625,2
4,15,3.7777777777777777,1
0,14,3.6,8
1,19,3.363636363636364,4
2,18,4.545454545454546,6
1,14,2.5,7
0,14,3.0,8
20,20,3.1,1
1,14,3.0,3
2,17,2.888888888888889,2
0,16,2.625,7
8,17,1.375,6
1,19,2.0,4
49,21,3.6,5
0,18,2.555555555555556,4
29,12,2.875,8
4,19,4.1,1
58,19,1.125,2
2,15,3.555555555555556,6
0,15,2.888888888888889,3
1,13,4.363636363636363,7
1,15,4.111111111111111,5
50,14,2.375,7
29,17,3.4444444444444446,3
29,13,5.25,2
2,12,3.0,8
0,18,1.625,5
0,15,2.0,4
0,12,1.75,6
6,18,3.5,1
1,17,1.125,8
1,16,4.0,3
1,15,2.7142857142857144,7
21,22,3.090909090909091,1
1,18,4.0,2
1,14,4.4,5
5,15,3.0,4
0,13,2.7777777777777777,6
1,17,3.2222222222222223,2
1,14,2.888888888888889,5
0,20,3.0,3
0,16,2.75,6
2,16,2.555555555555556,7
27,18,4.0,1
0,18,3.8,4
1,12,4.111111111111111,8
1,17,1.125,8
52,19,2.0,1
1,16,1.75,7
2,18,2.625,2
1,15,2.333333333333333,4
3,15,2.4444444444444446,3
3,16,2.6666666666666665,6
3,17,2.875,5
0,12,2.125,7
31,19,4.454545454545454,3
3,18,3.111111111111111,1
1,12,3.0,6
0,18,3.888888888888889,2
0,5,1.0,8
1,16,3.0,5
1,15,3.2222222222222223,4
0,14,3.111111111111111,5
1,19,3.3,4
1,19,2.6666666666666665,1
44,21,2.6666666666666665,3
50,13,2.0,7
0,11,2.2857142857142856,8
0,15,1.875,6
0,16,3.2222222222222223,2
1,10,2.625,7
2,17,2.4444444444444446,1
0,13,2.75,6
0,15,3.555555555555556,3
3,13,3.555555555555556,4
2,14,2.875,5
1,18,2.5,2
5,9,2.0,8
0,10,2.125,8
1,17,4.090909090909091,7
1,15,3.111111111111111,5
4,17,2.375,1
0,17,3.1,4
2,15,3.75,3
27,15,2.375,6
2,17,3.4444444444444446,2
1,16,3.2,3
25,12,2.375,8
1,20,2.2222222222222223,5
3,23,1.3333333333333333,4
8,12,1.0,7
1,18,1.375,6
10,15,3.0,1
1,18,5.090909090909091,2
1,14,2.25,8
1,14,2.5,7
0,16,4.1,3
3,13,1.7142857142857142,6
7,18,3.888888888888889,2
9,16,4.7,4
5,25,2.8181818181818183,1
31,17,1.8571428571428568,5
39,14,3.0,8
6,19,2.25,4
5,17,2.888888888888889,7
1,18,3.0,6
34,17,3.333333333333333,2
17,19,2.625,3
2,20,4.818181818181818,5
44,19,2.6666666666666665,1
2,17,3.6666666666666665,1
0,16,3.4444444444444446,2
1,17,2.75,6
14,16,1.1428571428571428,7
1,14,4.75,4
1,13,2.125,8
1,16,3.7777777777777777,5
0,16,3.4,3
33,17,3.4444444444444446,4
15,17,2.0,2
1,17,1.875,1
49,16,2.0,3
1,14,3.555555555555556,7
0,13,3.6666666666666665,6
8,14,2.125,8
0,14,2.333333333333333,5
55,16,2.6666666666666665,5
3,16,3.333333333333333,3
1,15,1.7142857142857142,8
15,13,1.6666666666666667,7
1,14,3.0,4
1,17,2.2222222222222223,2
5,23,4.25,1
40,16,0.5,6
23,15,2.0,8
50,16,3.8,3
3,24,3.909090909090909,1
0,16,2.555555555555556,6
1,13,2.7777777777777777,5
51,18,2.25,2
0,15,4.0,4
19,17,1.4285714285714286,7
3,18,3.5,2
0,16,2.888888888888889,5
16,17,3.8,7
53,14,2.625,6
0,17,4.818181818181818,8
1,16,3.2222222222222223,4
1,18,4.2,3
24,20,3.9,1
23,16,2.2222222222222223,8
40,13,3.0,4
11,22,3.3,1
26,15,2.0,6
33,17,3.555555555555556,2
0,16,4.0,3
2,13,3.2857142857142856,7
4,17,2.625,5
0,20,3.111111111111111,2
13,13,3.5,7
11,22,3.1818181818181817,1
1,17,3.6,4
0,12,2.5,8
49,16,1.25,5
5,20,2.555555555555556,3
11,13,2.571428571428572,6
0,13,3.5,5
1,17,1.75,6
1,15,2.0,7
0,19,3.6,3
2,16,3.2222222222222223,1
22,15,2.0,8
11,16,4.0,4
1,14,4.375,2
33,17,2.0,3
1,16,3.4444444444444446,2
0,16,2.125,7
2,16,4.090909090909091,6
5,17,2.7,1
12,16,1.0,8
6,15,3.5,5
30,13,3.625,4
27,17,3.2,4
7,13,3.0,6
5,18,4.3,1
0,15,4.2,3
7,19,2.333333333333333,2
1,16,1.75,5
1,13,3.7777777777777777,7
0,11,3.2857142857142856,8
0,11,3.0,8
6,15,3.111111111111111,7
0,12,3.0,5
0,20,4.545454545454546,3
1,21,4.545454545454546,2
4,13,2.625,6
34,19,3.9,1
1,15,2.625,4
1,15,3.111111111111111,5
34,14,2.5,6
1,21,1.7777777777777777,2
3,15,3.7777777777777777,4
0,14,1.5714285714285714,8
20,14,2.875,7
2,16,3.1,1
1,16,3.727272727272727,3
10,17,4.1,3
0,14,2.375,7
14,18,1.7142857142857142,6
0,16,3.555555555555556,2
1,10,3.0,8
7,17,5.0,1
0,15,2.2222222222222223,5
2,16,2.375,4
0,14,2.875,7
22,14,2.25,8
2,15,3.625,1
0,18,3.7777777777777777,3
0,15,2.7777777777777777,6
0,15,2.0,5
3,18,1.25,4
4,20,5.181818181818182,2
51,15,1.5,8
1,13,2.4285714285714284,6
4,17,3.111111111111111,5
0,17,4.416666666666667,4
14,20,1.6666666666666667,2
1,17,2.555555555555556,1
21,15,1.5,7
1,18,4.090909090909091,3
1,19,2.25,5
2,15,2.555555555555556,1
1,15,3.0,3
6,14,2.375,6
1,18,1.625,2
1,12,2.125,7
0,17,1.125,8
2,16,3.5,4
0,15,2.75,5
1,15,2.125,4
3,17,3.5,3
0,16,2.125,6
63,16,2.875,2
23,20,4.090909090909091,1
3,7,1.4285714285714286,8
0,16,3.7777777777777777,7
1,16,3.5,7
1,15,2.875,5
1,15,4.4,3
103,11,2.0,8
10,17,3.8,2
2,16,2.875,1
31,17,2.7,4
18,15,1.7142857142857142,6
1,17,1.375,7
1,15,2.888888888888889,6
0,22,3.5454545454545454,2
1,15,3.7,5
1,18,3.6,3
0,14,3.333333333333333,8
51,15,2.125,4
9,20,1.3333333333333333,1
0,16,2.875,7
2,20,3.4545454545454546,1
50,16,4.1,8
0,16,3.363636363636364,5
8,17,2.0,6
41,18,2.0,4
11,18,3.7,3
8,17,3.0,2
1,15,2.9,1
0,14,3.333333333333333,7
0,13,2.625,6
1,18,2.0,3
4,18,3.111111111111111,2
20,16,1.5714285714285714,5
1,19,4.090909090909091,4
1,14,2.875,8
0,18,4.0,6
2,19,1.7777777777777777,4
9,14,2.375,7
1,16,3.3,5
31,19,3.5,1
9,17,3.111111111111111,2
0,11,3.625,8
0,17,3.6,3
58,13,3.333333333333333,8
30,15,4.25,7
59,18,4.181818181818182,1
5,16,4.0,3
8,16,3.6,4
10,16,2.0,2
0,15,3.7,5
1,16,2.7777777777777777,6
1,16,3.111111111111111,4
45,19,1.3333333333333333,5
3,21,4.090909090909091,3
2,18,4.2,2
2,16,3.333333333333333,7
3,23,4.416666666666667,1
5,14,3.0,6
7,10,3.25,8
41,16,3.333333333333333,4
1,23,3.1,2
11,14,4.125,8
1,15,3.125,7
0,14,3.1,6
11,19,2.375,5
3,17,1.1428571428571428,3
2,18,1.75,1
1,11,4.222222222222222,8
1,22,3.7,2
2,25,2.727272727272727,1
1,17,2.875,3
0,17,1.25,5
0,13,2.555555555555556,7
0,13,2.375,6
1,15,3.2,4
21,19,2.25,3
0,13,3.0,5
1,13,1.7142857142857142,8
1,15,3.888888888888889,7
22,16,2.375,6
2,17,3.6,4
24,19,4.0,2
4,23,2.5,1
11,23,4.666666666666667,1
1,19,4.545454545454546,4
1,17,3.6,2
0,13,2.7777777777777777,8
3,14,2.25,7
8,16,3.8,5
2,15,2.555555555555556,6
40,15,3.25,3
1,13,2.375,6
21,19,3.363636363636364,1
33,15,3.888888888888889,8
0,16,3.4444444444444446,5
2,17,3.5,4
0,15,2.0,7
0,18,4.1,3
0,19,3.2,2
4,18,1.875,5
1,12,2.375,8
1,15,2.375,7
8,20,2.6666666666666665,2
4,17,3.8,1
57,16,2.0,4
0,14,3.8,3
19,15,2.375,6
7,19,2.8,1
4,15,2.555555555555556,5
1,13,3.125,6
1,12,2.75,8
43,12,3.75,7
24,21,2.4444444444444446,4
1,20,2.3,2
3,20,2.333333333333333,3
1,15,2.4444444444444446,6
1,19,1.5,4
14,16,4.0,5
4,14,3.5,8
25,18,2.7777777777777777,1
0,14,1.9,7
1,13,3.888888888888889,3
10,19,4.0,2
0,14,2.625,7
2,15,3.7,1
30,14,1.2857142857142858,5
23,12,3.571428571428572,6
26,15,2.2857142857142856,4
22,14,0.5,8
12,19,2.7,2
10,18,4.4,3
0,18,4.2,3
22,14,2.375,7
0,17,2.375,2
0,10,3.333333333333333,8
3,15,3.8,4
9,18,2.4444444444444446,6
2,17,3.4,1
0,16,1.8571428571428568,5
5,15,3.6666666666666665,8
1,17,3.4444444444444446,1
39,15,2.875,7
0,17,2.75,6
1,15,3.6666666666666665,3
21,17,3.7,4
1,15,4.111111111111111,2
0,21,2.5,5
0,19,4.454545454545454,2
0,13,2.5,8
12,19,2.888888888888889,3
1,22,4.416666666666667,1
21,15,1.4285714285714286,7
0,14,2.75,6
3,15,4.555555555555555,4
18,14,3.125,5
0,17,4.1,3
2,18,4.7,1
2,18,1.5,6
1,15,1.75,8
1,19,4.090909090909091,4
11,17,3.555555555555556,2
69,16,1.125,7
5,17,3.8,5
0,15,2.2222222222222223,4
0,17,3.7,5
1,19,3.9,1
0,16,2.875,2
1,12,2.333333333333333,8
0,18,1.875,3
40,14,3.0,6
12,16,2.0,7
0,16,1.625,7
1,11,3.0,8
1,15,3.4444444444444446,5
1,16,2.2222222222222223,1
31,16,3.0,3
1,17,1.4285714285714286,6
48,15,2.625,4
1,17,2.75,2
1,18,4.0,1
22,16,3.333333333333333,5
4,15,3.6666666666666665,4
0,15,2.333333333333333,6
48,15,2.75,2
51,17,2.888888888888889,7
1,14,2.25,8
0,19,1.7777777777777777,3
2,18,3.5454545454545454,1
20,20,1.625,7
27,15,3.125,3
1,13,2.75,2
1,19,3.727272727272727,6
2,17,1.625,5
5,16,3.0,4
3,20,2.7777777777777777,8
2,16,2.0,5
1,20,3.4,2
1,11,2.0,7
0,16,3.333333333333333,6
19,20,3.0,1
0,15,1.5555555555555556,4
0,14,2.375,8
0,18,3.9,3
0,13,2.888888888888889,7
2,14,3.0,8
1,15,2.555555555555556,4
0,12,3.375,6
1,16,3.333333333333333,3
1,18,3.8,2
0,15,2.0,5
4,18,3.0,1
2,17,3.111111111111111,2
43,18,2.6666666666666665,7
5,16,5.3,5
4,20,4.0,1
0,21,2.333333333333333,3
0,14,2.375,8
22,16,2.375,4
0,15,2.625,6
0,15,3.0,3
2,15,2.375,4
14,18,4.0,1
47,17,3.125,2
27,17,1.1428571428571428,6
0,16,3.3,5
2,15,3.111111111111111,7
3,15,2.375,8
2,15,2.2857142857142856,8
11,16,3.555555555555556,2
0,21,1.6,5
1,14,3.5,3
3,20,3.2,1
8,16,0.6666666666666666,7
20,14,2.2857142857142856,6
0,16,4.1,4
0,16,2.6666666666666665,5
1,16,3.333333333333333,6
15,19,4.2,3
5,13,2.142857142857143,7
1,17,3.4444444444444446,2
1,17,3.3,4
1,13,2.75,8
2,16,3.3,1
17,19,5.181818181818182,2
6,17,5.166666666666667,1
3,18,3.8,4
0,14,3.333333333333333,3
16,18,2.4444444444444446,5
0,16,2.5,6
31,14,2.625,8
50,14,2.6666666666666665,7
67,14,2.7777777777777777,1
0,15,3.111111111111111,6
2,15,2.6,5
1,21,1.8,2
14,18,4.454545454545454,4
1,19,3.2,3
1,17,3.6,7
0,11,3.111111111111111,8
30,16,2.888888888888889,4
3,12,4.25,8
29,14,1.8571428571428568,7
12,18,3.3,2
34,15,2.25,6
8,15,3.0,1
0,17,2.125,3
6,16,3.2222222222222223,5
8,16,3.333333333333333,2
42,14,2.375,6
33,16,2.0,5
2,19,1.875,4
1,14,4.6,3
41,18,3.333333333333333,1
50,16,2.25,7
31,13,1.3333333333333333,8
1,16,3.2,2
10,14,3.5,4
5,16,3.875,3
1,13,3.5,7
0,22,4.166666666666667,1
0,15,1.75,8
0,16,2.888888888888889,5
22,16,2.7777777777777777,6
7,17,3.333333333333333,1
0,13,3.625,6
62,17,3.0,2
30,16,4.0,7
2,18,3.0,3
1,12,2.75,8
0,20,4.090909090909091,5
6,16,2.6666666666666665,4
1,14,2.142857142857143,5
1,14,2.0,1
1,15,2.888888888888889,2
0,16,4.0,3
0,15,2.7777777777777777,6
0,13,1.7142857142857142,8
1,13,2.375,7
0,16,3.3,4
41,17,2.555555555555556,1
0,17,2.555555555555556,7
52,17,1.875,4
2,19,1.4444444444444444,5
6,15,3.333333333333333,6
4,16,3.6666666666666665,3
12,16,2.0,2
0,15,1.875,8
8,18,3.111111111111111,1
0,15,2.0,6
1,15,4.2,4
0,18,4.2,2
0,17,3.111111111111111,3
1,14,4.111111111111111,7
0,17,2.0,5
1,20,4.454545454545454,1
30,21,1.25,4
0,15,4.444444444444445,7
32,13,2.375,6
5,15,3.333333333333333,2
52,17,3.0,5
1,11,2.75,8
1,17,2.888888888888889,3
2,13,2.25,6
4,17,2.2222222222222223,1
2,20,3.8,2
33,19,3.2,3
1,14,3.875,4
1,14,2.75,8
0,15,1.75,5
5,15,2.0,7
1,15,2.888888888888889,3
3,16,2.0,7
25,19,3.333333333333333,2
0,15,2.0,6
0,15,3.25,5
0,14,2.7777777777777777,8
6,17,3.2222222222222223,4
2,17,4.4,1
0,17,3.0,8
22,15,2.75,5
10,24,3.083333333333333,1
0,14,1.7777777777777777,6
4,20,4.4,2
22,16,1.7142857142857142,3
0,16,3.9,4
0,14,2.5,7
1,15,3.111111111111111,5
1,15,3.333333333333333,3
3,15,2.7777777777777777,6
2,16,3.555555555555556,2
20,14,3.0,8
1,22,2.6,1
0,12,3.25,7
1,14,2.875,4
0,15,2.125,6
0,15,2.888888888888889,2
2,18,4.363636363636363,1
20,15,2.375,5
0,15,0.8571428571428571,8
4,15,4.222222222222222,3
31,16,3.4444444444444446,7
0,17,3.0,4
63,22,4.545454545454546,1
1,14,3.0,8
1,15,3.2222222222222223,4
3,14,2.0,7
2,18,3.9166666666666665,5
0,17,2.555555555555556,2
0,19,2.7,3
11,15,2.75,6
18,17,2.888888888888889,1
1,16,2.0,3
0,14,3.6666666666666665,5
0,14,3.6666666666666665,7
23,15,2.875,4
1,11,2.0,8
1,14,2.375,6
1,18,4.090909090909091,2
0,13,2.888888888888889,8
1,14,2.6666666666666665,3
12,15,2.5,1
1,18,2.0,4
1,14,4.111111111111111,7
6,19,2.0,2
0,16,2.333333333333333,5
1,15,3.888888888888889,6
2,13,3.125,5
2,17,2.0,4
23,18,2.111111111111111,2
1,11,2.75,8
6,13,2.0,6
0,15,2.8,7
4,16,2.4444444444444446,3
56,17,2.555555555555556,1
1,18,4.0,7
1,16,3.7,4
23,13,3.333333333333333,5
1,14,2.625,8
2,18,3.0,2
17,17,2.4444444444444446,6
0,20,3.363636363636364,3
3,20,3.6,1
1,17,2.6666666666666665,2
2,16,4.666666666666667,1
3,17,3.7,5
2,19,3.888888888888889,3
0,15,2.375,8
1,21,1.375,4
0,17,4.363636363636363,6
11,11,3.5,7
0,17,3.9,4
0,26,1.0,2
0,15,2.4,6
7,19,3.9,1
0,17,3.2,7
4,19,3.1,3
11,18,2.555555555555556,5
12,14,1.625,8
4,17,5.181818181818182,5
1,21,3.8181818181818175,4
0,15,3.125,8
1,17,4.888888888888889,2
4,14,2.375,7
3,16,2.25,6
2,19,4.0,3
23,21,2.555555555555556,1
0,19,1.875,5
2,13,2.5,6
1,16,2.7777777777777777,3
20,16,0.8571428571428571,8
10,19,4.4,1
1,17,2.888888888888889,4
1,18,3.5,2
0,15,3.9,7
28,14,2.142857142857143,5
1,21,1.4444444444444444,3
0,14,2.625,6
0,5,1.0,8
19,20,3.7,2
3,18,4.5,1
0,18,3.8181818181818175,4
5,15,1.875,7
11,23,1.9090909090909087,1
0,14,3.25,5
2,14,1.5714285714285714,7
2,13,2.7777777777777777,8
51,19,4.818181818181818,2
0,13,3.111111111111111,6
3,18,1.75,4
59,17,3.4,3
3,18,2.7777777777777777,2
39,16,2.125,8
2,17,2.6666666666666665,5
5,20,4.454545454545454,1
1,14,3.0,6
20,16,3.6666666666666665,7
5,19,2.4444444444444446,4
6,15,4.5,3
3,18,3.7,4
3,21,2.25,1
0,14,3.0,6
6,15,4.0,7
2,14,2.7777777777777777,5
1,14,3.6666666666666665,3
0,14,2.5,8
2,15,3.625,2
1,18,3.8,3
50,20,3.7,2
0,15,2.2222222222222223,8
5,15,3.5,7
1,14,5.3,5
1,16,4.0,4
2,19,2.6666666666666665,1
0,13,2.888888888888889,6
7,17,3.555555555555556,1
1,15,3.0,6
0,13,2.2857142857142856,7
1,10,4.125,8
0,13,2.4285714285714284,4
1,20,3.75,2
0,15,2.2222222222222223,5
3,15,2.7777777777777777,3
4,21,4.916666666666667,2
11,13,2.5,8
1,16,4.0,5
1,15,4.090909090909091,4
1,17,4.0,3
3,17,1.625,6
11,20,3.2,1
3,11,3.875,7
1,11,3.857142857142857,8
39,18,3.333333333333333,1
4,21,4.4,2
14,14,2.75,5
2,16,3.7,7
2,15,4.1,6
7,18,2.625,4
1,21,4.363636363636363,3
0,19,3.5,2
1,16,2.0,5
0,18,2.111111111111111,1
0,14,4.909090909090909,6
0,14,2.0,8
1,15,3.4444444444444446,3
0,15,2.555555555555556,4
1,12,4.222222222222222,7
0,16,3.333333333333333,3
1,19,4.2727272727272725,6
1,17,3.4444444444444446,4
2,20,5.0,1
0,17,1.625,7
3,15,2.0,8
0,21,2.6,2
0,20,1.2222222222222223,5
30,14,3.375,2
9,17,3.7,3
21,19,2.125,4
1,18,3.1,1
0,15,5.222222222222222,6
0,17,3.3,5
1,15,2.2222222222222223,8
1,15,2.333333333333333,7
3,15,3.5,6
0,18,1.6666666666666667,5
1,17,3.4,2
50,13,2.75,7
0,19,3.4,4
1,12,3.4545454545454546,8
7,23,4.25,1
1,17,3.4,3
0,16,3.3,6
1,17,4.1,3
2,18,3.8,2
11,18,2.9,4
0,17,3.8,8
1,16,2.625,5
43,14,2.875,1
47,16,2.0,7
10,18,1.5,8
0,18,4.636363636363637,3
22,19,2.9,1
13,17,2.875,4
7,18,3.727272727272727,2
0,15,1.625,7
1,17,1.1428571428571428,6
5,17,1.25,5
5,16,4.3,1
0,15,3.7777777777777777,6
1,18,2.4444444444444446,4
40,18,3.5,7
0,15,3.6666666666666665,8
1,17,2.6,5
0,20,3.333333333333333,3
3,16,4.4,2
46,15,3.2,1
0,13,2.0,4
2,14,2.625,6
1,15,2.25,5
0,14,1.3333333333333333,7
6,15,1.8571428571428568,2
3,15,2.888888888888889,3
3,12,3.0,8
8,17,1.375,7
1,13,3.4444444444444446,8
48,15,2.0,5
37,17,2.7777777777777777,3
0,14,3.111111111111111,6
0,17,3.6,2
11,19,3.5,4
2,19,2.7,1
11,18,2.888888888888889,1
1,19,2.6,7
30,18,0.8571428571428571,5
0,15,2.4444444444444446,6
0,18,4.6,2
0,18,4.090909090909091,3
0,15,2.8,8
21,16,3.4444444444444446,4
1,13,2.75,8
3,15,3.3,6
0,16,3.111111111111111,7
7,19,4.909090909090909,1
0,16,3.5,5
0,22,2.636363636363636,4
0,19,2.6666666666666665,2
1,18,1.7777777777777777,3
19,12,2.7777777777777777,7
0,15,2.75,5
5,19,5.636363636363637,1
0,19,3.7,3
2,14,2.7777777777777777,6
1,19,2.4,2
21,13,2.25,8
10,18,3.2222222222222223,4
3,20,3.6,5
0,19,3.1,3
0,17,0.75,6
0,15,1.2857142857142858,8
1,14,3.125,7
0,15,1.75,4
3,8,3.2,2
5,20,2.333333333333333,1
2,19,3.0,3
45,17,3.7777777777777777,2
3,20,3.636363636363636,4
3,18,4.181818181818182,1
0,14,3.125,6
1,11,3.0,8
1,14,3.5,7
0,14,2.75,5
1,17,3.4444444444444446,1
1,15,3.0,6
1,16,2.7777777777777777,5
0,17,2.0,3
6,17,3.4,8
9,12,3.875,7
0,15,3.555555555555556,4
1,20,3.9,2
43,15,3.875,4
4,13,2.75,7
0,13,3.625,8
0,18,3.9,3
1,17,3.2222222222222223,1
0,15,4.4,6
0,19,3.0,2
0,17,4.0,5
7,13,2.4285714285714284,6
0,15,2.625,4
64,15,3.7777777777777777,7
11,10,1.3333333333333333,8
24,19,3.3,1
0,14,3.111111111111111,5
0,15,3.625,2
0,18,4.4,3
23,18,2.2,1
0,16,3.4,5
0,11,2.0,8
1,19,4.454545454545454,4
2,13,3.0,6
0,18,3.7,3
39,14,4.0,7
5,17,2.25,2
3,12,2.7142857142857144,6
0,14,2.625,5
0,19,3.6,3
5,24,5.25,2
4,21,3.6,1
0,19,2.7,4
0,13,1.0,7
2,11,3.25,8
0,14,3.6666666666666665,6
27,22,4.0,1
0,12,2.875,5
5,16,3.2222222222222223,3
1,14,4.666666666666667,7
58,13,2.75,8
3,15,4.222222222222222,4
58,18,3.5,2
2,14,4.444444444444445,7
2,16,4.222222222222222,5
20,16,2.0,6
2,15,1.75,8
0,20,1.7777777777777777,3
2,17,3.6,1
0,17,3.333333333333333,2
69,16,2.25,4
1,16,3.625,1
0,13,2.5,8
0,15,2.25,6
0,15,4.8,4
27,16,3.4444444444444446,7
1,19,1.75,3
1,17,4.222222222222222,5
1,15,4.0,2
1,16,2.888888888888889,7
26,16,1.7142857142857142,8
1,13,2.4444444444444446,6
0,22,4.583333333333333,2
0,16,3.6,5
2,17,1.875,4
2,18,4.3,1
1,16,4.2,3
0,9,0.8,8
3,14,2.375,6
51,14,4.111111111111111,1
8,16,2.7777777777777777,4
1,18,3.1,5
9,9,2.625,7
1,16,2.375,2
1,18,2.5,3
1,17,3.333333333333333,4
49,15,3.4444444444444446,6
12,16,3.6666666666666665,3
1,12,2.875,8
0,11,4.0,5
4,18,4.181818181818182,2
2,17,5.454545454545454,1
0,14,3.5,7
2,18,3.4,2
2,17,2.111111111111111,6
49,11,2.375,8
0,15,3.111111111111111,7
42,16,3.125,5
7,17,2.7777777777777777,1
0,16,2.0,4
0,18,2.4444444444444446,3
1,18,4.6,3
1,17,2.5,4
1,17,3.333333333333333,6
0,13,2.875,8
6,15,2.2857142857142856,5
2,17,3.333333333333333,1
7,18,3.111111111111111,2
1,17,3.0,7
3,15,3.555555555555556,3
4,16,3.4,1
27,15,1.5714285714285714,7
0,14,3.125,4
0,22,2.636363636363636,2
0,13,2.0,6
0,16,2.333333333333333,5
0,14,2.125,8
1,15,3.6,3
19,11,2.857142857142857,7
1,16,2.9,5
16,10,3.125,8
1,17,3.6666666666666665,2
1,20,2.333333333333333,1
0,17,1.875,6
7,18,3.636363636363636,4
1,15,3.333333333333333,7
3,17,3.125,4
0,15,1.75,8
0,16,3.363636363636364,6
0,17,2.0,3
0,17,4.1,2
55,17,4.090909090909091,1
3,16,1.4285714285714286,5
10,15,2.75,7
40,18,3.0,3
2,18,3.4,1
0,14,2.5,6
1,17,4.454545454545454,5
1,17,3.4444444444444446,4
5,15,0.6666666666666666,8
1,19,3.7,2
1,15,2.333333333333333,3
0,16,1.5,8
0,14,3.7,6
2,19,3.5,2
0,14,3.333333333333333,7
62,15,3.333333333333333,1
0,13,4.0,5
0,14,2.0,4
53,21,1.0,4
0,14,2.875,8
6,17,3.5454545454545454,5
2,20,5.75,3
0,21,4.333333333333333,1
1,15,2.7777777777777777,2
1,17,2.7,7
2,13,2.888888888888889,6
0,16,2.75,6
5,15,3.4444444444444446,1
1,16,3.6666666666666665,3
51,15,3.888888888888889,7
3,18,2.555555555555556,4
0,13,3.375,5
0,20,3.4444444444444446,2
1,14,3.2,8
1,17,2.75,3
1,18,3.636363636363636,4
1,13,2.375,8
11,19,3.555555555555556,2
26,14,2.625,5
4,13,2.7777777777777777,6
0,13,4.444444444444445,7
31,17,1.7777777777777777,1
1,17,3.555555555555556,7
7,12,2.625,8
14,17,3.555555555555556,4
0,17,2.6666666666666665,6
0,18,2.75,3
3,17,3.4444444444444446,1
4,19,2.6666666666666665,5
0,18,3.111111111111111,2
0,17,3.4444444444444446,2
12,17,3.333333333333333,3
4,20,1.375,4
1,14,4.0,6
5,18,2.8,1
0,12,4.5,7
1,9,2.375,8
1,17,2.888888888888889,5
11,17,2.7777777777777777,1
0,14,3.4444444444444446,5
2,19,4.909090909090909,4
3,17,3.1,3
1,20,1.8,2
0,16,3.4,6
3,17,2.111111111111111,7
53,17,2.6666666666666665,8
2,17,2.25,3
0,14,2.375,8
13,17,3.375,2
2,18,3.8,5
2,20,2.4444444444444446,1
0,13,2.7777777777777777,4
7,16,3.2222222222222223,6
1,16,2.0,7
0,16,3.0,6
51,14,2.375,8
0,18,2.111111111111111,4
0,12,2.0,7
1,17,3.7,3
53,20,1.375,1
0,14,2.25,5
1,14,5.0,2
0,13,2.875,8
15,19,3.2,1
1,22,3.769230769230769,4
3,16,2.9,6
0,15,3.2222222222222223,7
0,20,4.2727272727272725,3
1,19,3.636363636363636,2
2,16,3.0,5
2,17,2.888888888888889,1
2,20,3.4545454545454546,2
35,21,3.909090909090909,3
5,16,3.375,4
49,14,2.0,8
0,17,3.6,7
52,14,3.6,6
0,14,3.4444444444444446,5
5,14,3.333333333333333,4
0,16,4.0,5
22,22,4.666666666666667,1
0,15,2.0,7
0,16,3.333333333333333,6
45,14,3.5,3
2,13,3.25,8
6,17,3.333333333333333,2
0,18,3.7,6
0,16,2.7777777777777777,3
0,15,2.125,8
40,19,0.7142857142857143,4
70,15,2.142857142857143,5
28,15,3.625,2
1,14,3.888888888888889,7
6,15,2.4444444444444446,1
1,22,4.909090909090909,1
0,17,2.888888888888889,2
0,13,4.3,4
1,14,2.111111111111111,8
0,15,2.25,7
0,17,2.7777777777777777,3
8,17,2.75,5
9,15,2.0,6
0,18,1.375,2
1,15,2.0,6
1,15,3.333333333333333,5
1,17,3.3,4
1,16,3.555555555555556,3
0,14,2.7777777777777777,7
24,13,1.0,8
2,21,4.0,1
0,19,1.625,3
28,14,3.875,5
2,15,3.4,8
1,17,4.111111111111111,2
1,16,2.555555555555556,7
2,20,4.090909090909091,1
3,16,3.2,6
5,20,2.2,4
6,14,3.125,5
1,17,2.4444444444444446,2
0,16,3.6,6
0,15,2.875,4
4,20,4.363636363636363,3
2,15,4.222222222222222,1
2,15,2.75,8
1,16,0.5714285714285714,7
3,17,2.7777777777777777,7
11,18,3.6666666666666665,1
1,14,3.333333333333333,5
1,17,1.5,2
1,13,2.5,6
1,15,2.6666666666666665,4
0,16,2.0,3
0,16,2.6,8
0,16,2.8,5
0,21,4.25,6
0,17,3.6666666666666665,2
0,14,2.6666666666666665,7
1,14,2.0,8
1,20,3.8181818181818175,1
1,14,2.625,4
1,16,3.4444444444444446,3
1,14,3.2222222222222223,8
1,15,3.111111111111111,4
1,18,2.1,3
30,13,3.375,6
1,17,3.888888888888889,2
1,18,4.2,1
1,14,4.0,5
1,14,3.0,7
1,19,3.909090909090909,2
0,15,2.875,7
1,17,2.5,6
5,18,1.125,5
2,18,2.7,1
2,19,3.3,3
3,17,4.0,4
1,13,2.375,8
1,19,1.3333333333333333,5
2,16,1.875,4
40,16,1.5,7
0,16,3.7777777777777777,2
2,15,3.125,6
11,19,3.909090909090909,1
50,20,2.111111111111111,3
0,14,3.111111111111111,8
50,15,2.2857142857142856,7
3,17,3.5,4
30,16,2.75,5
5,18,3.9,3
5,18,2.7,1
11,19,3.7,2
0,16,1.875,6
1,15,2.0,8
7,15,1.0,7
1,18,4.454545454545454,3
21,20,3.3,1
0,11,4.0,6
1,15,1.8571428571428568,5
25,10,2.875,8
5,21,3.1818181818181817,2
9,16,3.125,4
57,19,2.0,1
45,18,2.75,3
0,16,2.7777777777777777,4
1,14,2.0,7
5,13,3.6666666666666665,2
0,14,3.0,5
7,15,1.8888888888888888,6
3,16,2.375,8
12,13,1.0,8
3,19,1.25,4
2,19,4.818181818181818,1
35,20,3.6,3
3,14,3.7,7
0,12,3.0,6
1,15,3.2222222222222223,2
20,18,1.1428571428571428,5
1,17,3.0,4
5,19,1.5555555555555556,3
1,17,2.555555555555556,6
8,18,4.0,1
1,17,3.1,5
5,13,2.625,7
25,14,1.7142857142857142,8
0,17,3.0,2
1,19,3.9,1
0,15,2.2222222222222223,7
21,15,1.0,8
1,19,3.4,3
1,17,1.875,6
2,17,4.090909090909091,4
0,17,4.0,2
0,14,3.125,5
2,19,3.111111111111111,2
8,20,2.0,3
1,16,2.2222222222222223,4
3,18,5.9,1
0,16,3.6,5
0,15,3.5454545454545454,7
0,17,1.375,6
1,15,3.6666666666666665,8
2,15,1.5555555555555556,7
0,15,2.888888888888889,5
3,15,2.7777777777777777,8
12,20,4.5,4
0,19,3.3,2
11,20,3.7,1
0,15,4.4,6
0,18,4.2727272727272725,3
0,18,2.2222222222222223,4
1,16,3.636363636363636,6
1,16,2.7777777777777777,3
1,18,2.333333333333333,1
0,18,4.25,2
0,19,3.909090909090909,8
0,18,3.0,5
1,13,1.625,7
70,15,1.875,1
0,13,0.4,8
2,20,5.0,3
0,17,2.5,2
5,15,3.7,5
11,16,2.0,7
0,16,3.333333333333333,4
36,15,3.4444444444444446,6
17,17,3.0,2
3,15,3.111111111111111,4
1,16,2.4444444444444446,3
19,22,4.416666666666667,1
0,13,0.3333333333333333,8
1,14,2.0,5
0,14,3.1,6
1,13,2.625,7
1,10,3.375,8
72,19,2.6,1
1,19,3.4,4
7,15,3.6666666666666665,5
13,16,3.0,6
52,18,3.8,7
0,20,2.636363636363636,2
3,19,3.5454545454545454,3
0,16,3.111111111111111,3
31,22,4.454545454545454,1
54,14,3.6666666666666665,6
1,11,2.0,7
0,13,2.5,8
8,18,4.090909090909091,2
1,14,3.0,5
1,13,3.0,4
0,15,3.3,6
2,14,2.625,7
27,18,2.5,5
1,17,3.111111111111111,3
1,14,0.6666666666666666,8
19,17,3.0,2
3,16,3.7777777777777777,1
1,17,3.8,4
1,14,2.875,5
2,15,2.75,6
30,17,5.333333333333333,2
2,17,3.4,1
1,17,3.333333333333333,3
0,16,2.6666666666666665,7
63,16,2.4444444444444446,4
40,16,1.7142857142857142,8
18,16,3.7777777777777777,6
20,24,3.272727272727273,2
50,19,3.0,3
0,16,3.4,5
0,13,2.0,7
2,17,3.111111111111111,1
0,18,3.6,4
0,15,1.1428571428571428,8
1,17,3.333333333333333,5
12,17,2.333333333333333,1
3,16,3.7777777777777777,8
0,16,2.6666666666666665,3
21,18,1.375,4
6,21,1.5,2
56,13,3.125,7
2,15,2.875,6
4,17,1.875,4
0,20,3.1,3
2,19,3.4,1
0,19,3.363636363636364,2
1,16,2.555555555555556,6
2,16,4.0,8
16,16,1.375,7
1,16,3.0,5
0,10,3.875,8
2,16,2.75,3
1,17,3.7,6
1,12,4.0,5
1,14,3.8,2
0,16,3.6666666666666665,4
0,17,4.1,1
0,12,3.25,7
6,17,3.6666666666666665,1
11,18,3.4444444444444446,4
2,19,2.2222222222222223,5
0,15,3.9,7
3,15,2.333333333333333,8
54,18,2.0,2
4,17,3.8,6
0,15,3.0,3
26,18,2.555555555555556,1
0,19,3.5454545454545454,2
37,16,2.6666666666666665,6
11,14,1.0,8
30,17,3.333333333333333,4
6,18,4.25,7
0,18,4.4,3
1,17,3.4444444444444446,5
10,18,2.2222222222222223,2
0,17,1.375,6
1,15,2.2222222222222223,5
0,15,3.7,3
1,21,1.75,4
1,12,3.0,7
3,14,1.875,8
1,25,1.4,1
1,20,1.25,6
34,14,4.222222222222222,4
0,12,2.75,8
1,14,3.7,5
36,17,4.6,1
1,12,3.25,7
1,14,2.75,3
6,20,3.9,2
0,17,2.0,2
0,17,2.4,1
2,17,2.333333333333333,7
1,16,1.5,8
2,21,1.2222222222222223,4
0,17,3.7,6
1,17,2.7777777777777777,5
4,18,3.4,3
2,15,3.888888888888889,5
0,17,3.8,3
0,15,4.0,2
2,17,1.75,8
0,13,3.25,7
1,19,3.333333333333333,4
0,18,3.6,6
1,18,4.4,1
5,17,3.1,3
0,15,3.25,5
1,15,2.0,6
5,16,4.416666666666667,1
1,14,2.375,7
1,18,1.375,8
34,17,2.75,2
0,16,4.111111111111111,4
40,17,2.0,7
0,17,2.875,2
39,19,3.0,1
1,15,2.375,6
1,18,3.5,4
0,14,3.125,3
0,18,1.875,5
2,15,2.111111111111111,8
1,13,3.555555555555556,5
30,20,4.090909090909091,4
20,16,2.555555555555556,8
4,19,3.5454545454545454,1
21,13,2.142857142857143,7
10,15,2.875,6
40,19,1.875,2
1,15,3.555555555555556,3
0,14,3.25,6
0,17,2.555555555555556,5
18,13,1.4285714285714286,8
1,15,3.2222222222222223,2
17,16,3.0,4
9,19,2.6666666666666665,3
0,12,1.6666666666666667,7
12,16,2.888888888888889,1
1,16,3.9,7
2,15,3.6666666666666665,6
5,18,4.363636363636363,4
6,22,3.4545454545454546,1
4,20,1.5,5
1,18,2.7,2
3,17,3.9,3
7,16,2.625,8
53,16,3.2222222222222223,1
0,15,2.5,6
1,13,3.125,7
0,17,3.7,5
64,12,2.375,8
0,14,2.75,4
41,15,4.0,3
1,18,4.636363636363637,2
0,15,2.6666666666666665,4
0,12,3.375,6
10,15,3.2222222222222223,7
1,14,3.0,5
0,16,3.0,3
0,15,3.555555555555556,2
1,14,3.4,8
5,17,3.0,1
