game_length,gold_left,last_round,players_eliminated,time_eliminated,total_damage_to_players
2240.7236328125,40,28,1,1676.47705078125,61
2240.7236328125,0,21,0,1216.5638427734375,15
2240.7236328125,4,27,0,1608.7337646484375,47
2240.7236328125,0,33,1,1934.66357421875,94
2240.7236328125,1,26,0,1548.25830078125,46
2240.7236328125,64,38,1,2227.556396484375,183
2240.7236328125,13,38,2,2227.556396484375,152
2240.7236328125,2,34,2,2003.998046875,124
2268.46044921875,3,26,0,1558.9542236328125,31
2268.46044921875,0,30,1,1790.383056640625,85
2268.46044921875,4,38,3,2255.3291015625,198
2268.46044921875,0,28,0,1697.030029296875,65
2268.46044921875,1,34,0,2035.9725341796875,81
2268.46044921875,1,37,3,2188.5634765625,118
2268.46044921875,0,28,0,1698.1815185546875,69
2268.46044921875,20,38,1,2255.3291015625,141
2023.641357421875,0,27,1,1546.1083984375,59
2023.641357421875,1,30,0,1712.0496826171875,76
2023.641357421875,42,33,1,1881.8834228515625,105
2023.641357421875,1,30,0,1713.501708984375,77
2023.641357421875,0,26,0,1487.432373046875,51
2023.641357421875,1,35,3,2010.47314453125,197
2023.641357421875,34,35,2,2010.47314453125,132
2023.641357421875,1,28,0,1610.7666015625,72
2378.227783203125,51,33,1,1970.009521484375,74
2378.227783203125,3,26,0,1555.2509765625,40
2378.227783203125,0,31,0,1872.40966796875,67
2378.227783203125,4,30,0,1818.4617919921875,69
2378.227783203125,61,38,1,2271.766845703125,133
2378.227783203125,6,30,0,1802.8902587890625,67
2378.227783203125,59,40,2,2365.70703125,165
2378.227783203125,5,40,3,2365.70703125,207
2152.689453125,25,35,3,2139.51904296875,215
2152.689453125,0,27,0,1657.1636962890625,50
2152.689453125,0,28,0,1732.547607421875,66
2152.689453125,27,33,0,1996.0511474609373,112
2152.689453125,0,35,3,2139.51904296875,127
2152.689453125,1,27,0,1657.6644287109375,39
2152.689453125,0,30,1,1821.0709228515625,78
2152.689453125,1,31,0,1886.4503173828125,100
2195.19677734375,0,35,2,2091.775634765625,109
2195.19677734375,1,33,0,1962.03564453125,98
2195.19677734375,3,37,2,2182.028076171875,149
2195.19677734375,6,35,0,2095.180419921875,121
2195.19677734375,19,30,0,1788.9661865234375,71
2195.19677734375,2,37,3,2182.028076171875,170
2195.19677734375,0,26,0,1551.2498779296875,36
2195.19677734375,33,28,0,1685.9671630859375,63
2063.623046875,1,35,2,2051.107177734375,160
2063.623046875,1,27,0,1607.57958984375,45
2063.623046875,0,30,1,1771.5838623046875,86
2063.623046875,2,28,1,1664.405517578125,52
2063.623046875,1,35,2,2051.107177734375,152
2063.623046875,1,30,0,1761.7647705078125,87
2063.623046875,30,33,0,1932.8892822265625,111
2063.623046875,0,34,0,1990.07958984375,122
2344.896484375,1,40,1,2330.326904296875,169
2344.896484375,1,40,2,2331.728759765625,174
2344.896484375,0,33,1,1955.795166015625,98
2344.896484375,1,26,0,1583.5633544921875,30
2344.896484375,0,31,1,1864.362060546875,88
2344.896484375,1,37,1,2181.188232421875,148
2344.896484375,1,31,0,1862.6097412109373,80
2344.896484375,1,27,0,1597.35986328125,40
2118.58642578125,59,35,2,2105.416259765625,152
2118.58642578125,2,35,0,2104.765380859375,129
2118.58642578125,0,28,0,1758.45556640625,64
2118.58642578125,2,27,0,1691.796142578125,42
2118.58642578125,0,28,0,1754.4915771484375,41
2118.58642578125,1,34,0,2090.4697265625,107
2118.58642578125,1,35,0,2105.416259765625,114
2118.58642578125,1,35,1,2102.412109375,129
2416.9873046875,54,41,4,2404.319580078125,196
2416.9873046875,0,31,1,1878.00244140625,99
2416.9873046875,1,38,0,2244.539306640625,132
2416.9873046875,19,41,1,2404.319580078125,169
2416.9873046875,0,28,0,1711.8818359375,35
2416.9873046875,1,24,0,1480.384033203125,34
2416.9873046875,0,30,0,1814.2081298828125,78
2416.9873046875,4,31,1,1879.30419921875,90
1977.794921875,0,26,0,1475.265869140625,31
1977.794921875,1,34,0,1904.6180419921875,127
1977.794921875,7,28,0,1606.20849609375,63
1977.794921875,2,28,0,1600.7513427734375,62
1977.794921875,5,34,1,1907.421630859375,136
1977.794921875,5,35,2,1964.9774169921875,134
1977.794921875,4,27,0,1537.7840576171875,53
1977.794921875,4,35,4,1964.9774169921875,191
2207.0146484375,0,30,0,1718.337890625,61
2207.0146484375,3,28,0,1622.221435546875,52
2207.0146484375,51,39,3,2194.840576171875,188
2207.0146484375,1,35,0,2011.6214599609373,130
2207.0146484375,39,39,3,2194.840576171875,141
2207.0146484375,2,28,0,1621.770751953125,64
2207.0146484375,13,30,0,1712.02978515625,81
2207.0146484375,32,31,0,1777.36865234375,91
2098.0712890625,5,30,1,1744.2535400390625,85
2098.0712890625,20,26,0,1510.7679443359375,41
2098.0712890625,0,28,0,1652.865234375,52
2098.0712890625,11,32,0,1808.0716552734373,87
2098.0712890625,1,37,4,2084.903564453125,221
2098.0712890625,1,27,0,1581.0570068359375,37
2098.0712890625,16,31,0,1803.6563720703125,76
2098.0712890625,19,37,1,2084.903564453125,162
2044.079345703125,10,35,3,2030.911376953125,189
2044.079345703125,0,27,0,1574.635986328125,49
2044.079345703125,14,35,0,2030.911376953125,125
2044.079345703125,3,35,2,2020.5975341796875,120
2044.079345703125,4,28,0,1642.7972412109375,64
2044.079345703125,2,27,0,1581.0445556640625,55
2044.079345703125,0,34,1,1964.7779541015625,129
2044.079345703125,0,28,0,1640.2437744140625,67
2349.04248046875,2,41,1,2335.861572265625,174
2349.04248046875,2,26,0,1461.1876220703125,48
2349.04248046875,12,41,3,2335.210693359375,196
2349.04248046875,1,26,0,1465.04296875,43
2349.04248046875,30,26,0,1465.2432861328125,44
2349.04248046875,0,34,1,1937.7884521484373,122
2349.04248046875,1,33,1,1875.2598876953125,62
2349.04248046875,3,41,1,2330.654052734375,161
2127.451416015625,0,31,0,1756.3087158203125,86
2127.451416015625,1,27,0,1524.709716796875,29
2127.451416015625,11,33,1,1846.9630126953125,88
2127.451416015625,0,35,1,1975.0213623046875,161
2127.451416015625,1,31,0,1755.1070556640625,81
2127.451416015625,3,28,0,1583.1234130859375,65
2127.451416015625,2,38,3,2114.28369140625,174
2127.451416015625,3,38,2,2112.43115234375,158
2112.243896484375,0,27,0,1651.000732421875,53
2112.243896484375,19,34,0,2099.07666015625,119
2112.243896484375,0,31,0,1900.247314453125,74
2112.243896484375,1,34,1,2079.64990234375,143
2112.243896484375,18,31,1,1899.145751953125,114
2112.243896484375,6,34,2,2099.07666015625,151
2112.243896484375,5,28,1,1719.7708740234375,43
2112.243896484375,0,27,0,1648.0399169921875,45
2138.5546875,1,37,2,2125.386474609375,229
2138.5546875,1,28,0,1672.48828125,65
2138.5546875,1,27,0,1593.9781494140625,54
2138.5546875,11,34,1,1982.4117431640625,108
2138.5546875,2,37,2,2125.386474609375,143
2138.5546875,2,31,1,1824.984619140625,106
2138.5546875,1,26,0,1540.9833984375,30
2138.5546875,11,23,0,1342.9058837890625,20
2073.968994140625,1,30,0,1769.3604736328125,58
2073.968994140625,0,35,1,2051.97802734375,136
2073.968994140625,11,27,0,1610.9693603515625,48
2073.968994140625,0,34,0,1993.825927734375,110
2073.968994140625,1,26,0,1547.0147705078125,37
2073.968994140625,1,33,0,1926.2952880859373,101
2073.968994140625,4,36,3,2060.787841796875,159
2073.968994140625,28,36,1,2060.787841796875,141
2118.4599609375,1,24,0,1425.2672119140625,26
2118.4599609375,1,27,0,1595.2645263671875,58
2118.4599609375,0,37,2,2105.527587890625,141
2118.4599609375,32,37,2,2105.527587890625,162
2118.4599609375,32,35,0,2073.51806640625,124
2118.4599609375,0,30,0,1754.5938720703125,60
2118.4599609375,1,33,0,1923.579345703125,93
2118.4599609375,11,34,0,2001.2086181640625,107
2073.868408203125,6,35,2,2055.84375,124
2073.868408203125,0,30,0,1737.65283203125,68
2073.868408203125,51,35,1,2060.7001953125,182
2073.868408203125,0,31,1,1819.661865234375,84
2073.868408203125,4,31,0,1823.51708984375,72
2073.868408203125,1,27,0,1556.980224609375,52
2073.868408203125,51,33,0,1927.475341796875,94
2073.868408203125,38,35,1,2056.89501953125,113
2162.0703125,16,37,1,2148.900634765625,132
2162.0703125,0,28,0,1670.2657470703125,46
2162.0703125,0,31,0,1837.6185302734373,91
2162.0703125,13,26,0,1525.582763671875,33
2162.0703125,19,31,1,1831.50927734375,80
2162.0703125,12,37,4,2148.900634765625,208
2162.0703125,68,34,1,1999.700439453125,115
2162.0703125,1,28,0,1663.1064453125,64
2130.949951171875,38,28,0,1581.1009521484375,76
2130.949951171875,14,38,4,2117.737060546875,205
2130.949951171875,1,27,0,1511.0296630859375,45
2130.949951171875,10,31,0,1748.8951416015625,77
2130.949951171875,1,27,0,1517.6744384765625,48
2130.949951171875,2,38,3,2117.737060546875,174
2130.949951171875,17,30,0,1674.2978515625,90
2130.949951171875,0,31,0,1743.7877197265625,94
2171.91015625,2,37,3,2158.7421875,167
2171.91015625,0,37,3,2158.7421875,161
2171.91015625,4,27,0,1608.6982421875,39
2171.91015625,1,31,0,1831.107421875,80
2171.91015625,12,33,0,1946.3321533203125,106
2171.91015625,0,33,0,1929.15576171875,101
2171.91015625,5,35,0,2078.18994140625,117
2171.91015625,9,23,0,1345.78759765625,20
2347.40087890625,4,38,2,2226.838134765625,126
2347.40087890625,2,30,0,1764.6129150390625,82
2347.40087890625,20,26,0,1528.2958984375,35
2347.40087890625,1,31,1,1829.123291015625,97
2347.40087890625,1,35,0,2058.8564453125,126
2347.40087890625,0,28,0,1665.512939453125,56
2347.40087890625,7,40,4,2334.423828125,194
2347.40087890625,1,40,1,2330.568603515625,142
2206.376953125,0,35,0,2031.0394287109373,128
2206.376953125,0,28,0,1633.72900390625,71
2206.376953125,5,26,0,1492.5830078125,50
2206.376953125,63,38,5,2193.191650390625,176
2206.376953125,11,34,1,1970.8297119140625,74
2206.376953125,1,38,1,2193.191650390625,148
2206.376953125,0,35,0,2040.10205078125,154
2206.376953125,0,31,0,1786.330810546875,84
2199.224853515625,2,40,3,2186.056884765625,214
2199.224853515625,1,28,0,1591.583740234375,69
2199.224853515625,1,27,0,1529.734130859375,53
2199.224853515625,19,40,0,2186.056884765625,170
2199.224853515625,1,31,0,1741.46142578125,65
2199.224853515625,1,33,1,1841.181640625,95
2199.224853515625,0,34,2,1898.4298095703125,121
2199.224853515625,3,24,0,1354.19970703125,20
2091.87548828125,1,24,0,1423.6112060546875,20
2091.87548828125,7,31,0,1828.4217529296875,71
2091.87548828125,45,33,1,1937.10400390625,94
2091.87548828125,2,34,2,2008.23583984375,119
2091.87548828125,34,35,4,2078.70703125,187
2091.87548828125,4,28,0,1666.2718505859375,85
2091.87548828125,1,31,0,1833.0279541015625,92
2091.87548828125,3,35,0,2078.70703125,139
2141.281005859375,4,37,1,2128.113525390625,152
2141.281005859375,8,23,0,1321.8843994140625,8
2141.281005859375,2,28,0,1657.6956787109375,62
2141.281005859375,2,27,0,1584.283203125,48
2141.281005859375,3,34,1,1979.53076171875,126
2141.281005859375,23,33,1,1922.4732666015625,90
2141.281005859375,78,35,1,2049.6669921875,116
2141.281005859375,8,37,3,2128.113525390625,159
2066.465087890625,5,35,2,2054.248046875,124
2066.465087890625,52,35,1,2054.248046875,199
2066.465087890625,1,31,0,1839.244873046875,88
2066.465087890625,23,26,0,1536.189208984375,34
2066.465087890625,17,30,1,1782.5528564453125,68
2066.465087890625,0,31,0,1842.3492431640625,80
2066.465087890625,1,34,2,1991.2589111328125,103
2066.465087890625,2,27,0,1613.8118896484375,50
2141.05419921875,44,27,0,1584.2119140625,53
2141.05419921875,20,31,0,1824.15576171875,108
2141.05419921875,4,37,3,2127.885498046875,163
2141.05419921875,3,33,0,1918.17236328125,106
2141.05419921875,6,28,0,1654.3687744140625,53
2141.05419921875,0,37,3,2125.732666015625,137
2141.05419921875,51,31,0,1818.9486083984373,92
2141.05419921875,0,34,1,1978.1510009765625,128
2136.758056640625,4,27,0,1593.5341796875,54
2136.758056640625,18,30,1,1747.8995361328125,75
2136.758056640625,3,28,0,1657.4620361328125,57
2136.758056640625,3,37,1,2123.58935546875,148
2136.758056640625,1,35,1,2043.317138671875,116
2136.758056640625,34,33,0,1904.83544921875,101
2136.758056640625,1,37,3,2123.58935546875,169
2136.758056640625,0,28,0,1658.36328125,69
1990.677001953125,1,30,0,1767.389892578125,89
1990.677001953125,18,28,0,1675.7596435546875,66
1990.677001953125,28,27,0,1606.65234375,52
1990.677001953125,6,28,0,1677.26171875,82
1990.677001953125,6,31,0,1832.266845703125,90
1990.677001953125,2,34,6,1977.4744873046875,174
1990.677001953125,1,34,1,1977.4744873046875,120
1990.677001953125,0,33,0,1921.65234375,109
2123.08056640625,30,37,3,2109.909423828125,205
2123.08056640625,0,34,0,1970.9422607421875,114
2123.08056640625,10,34,1,1970.641845703125,111
2123.08056640625,7,23,0,1327.544189453125,15
2123.08056640625,1,34,1,1977.451171875,128
2123.08056640625,2,37,2,2109.909423828125,143
2123.08056640625,1,33,0,1911.221435546875,89
2123.08056640625,0,21,0,1229.749755859375,3
2264.0712890625,0,40,2,2250.35205078125,136
2264.0712890625,0,30,0,1716.2911376953125,70
2264.0712890625,1,31,0,1800.5589599609375,85
2264.0712890625,4,28,0,1621.0869140625,53
2264.0712890625,1,40,3,2251.503662109375,184
2264.0712890625,1,33,0,1896.248046875,91
2264.0712890625,0,35,1,2026.781494140625,135
2264.0712890625,0,30,0,1720.897216796875,64
2224.41943359375,0,24,0,1424.243896484375,34
2224.41943359375,4,30,0,1757.085205078125,60
2224.41943359375,11,38,3,2211.25244140625,145
2224.41943359375,1,34,1,1984.886962890625,95
2224.41943359375,2,34,0,1992.0474853515625,90
2224.41943359375,13,38,3,2211.25244140625,177
2224.41943359375,1,30,0,1751.17333984375,75
2224.41943359375,11,37,0,2147.56005859375,130
2226.367431640625,1,38,3,2213.800537109375,198
2226.367431640625,0,24,0,1433.359619140625,29
2226.367431640625,0,37,4,2154.8017578125,158
2226.367431640625,1,34,0,1993.9000244140625,101
2226.367431640625,0,28,1,1669.1607666015625,90
2226.367431640625,1,26,0,1537.2266845703125,38
2226.367431640625,4,38,0,2213.800537109375,120
2226.367431640625,3,34,0,2005.9161376953125,91
2234.525390625,1,38,3,2220.46435546875,168
2234.525390625,4,30,0,1785.7393798828125,83
2234.525390625,53,28,0,1688.5584716796875,77
2234.525390625,2,35,2,2062.836181640625,159
2234.525390625,2,24,0,1453.758056640625,32
2234.525390625,3,30,0,1786.6405029296875,72
2234.525390625,13,23,0,1338.2041015625,20
2234.525390625,4,38,1,2221.357421875,190
2497.44921875,1,31,0,1908.994873046875,103
2497.44921875,0,30,1,1844.521484375,73
2497.44921875,2,42,4,2484.277099609375,231
2497.44921875,1,42,2,2482.875244140625,199
2497.44921875,0,28,0,1737.34228515625,33
2497.44921875,35,24,0,1492.7646484375,29
2497.44921875,4,34,1,2065.989013671875,100
2497.44921875,1,31,0,1906.091064453125,73
2274.272216796875,14,28,0,1718.3614501953125,48
2274.272216796875,0,38,2,2261.09716796875,144
2274.272216796875,0,33,0,1994.6976318359373,106
2274.272216796875,3,37,0,2206.39697265625,134
2274.272216796875,1,28,0,1720.5693359375,60
2274.272216796875,2,38,5,2261.09716796875,183
2274.272216796875,1,34,0,2056.81640625,102
2274.272216796875,5,31,0,1885.6795654296875,90
2065.05517578125,0,33,0,1893.014892578125,99
2065.05517578125,4,33,0,1916.29541015625,94
2065.05517578125,1,34,1,1975.9044189453125,121
2065.05517578125,0,28,0,1640.6337890625,49
2065.05517578125,7,24,0,1403.6514892578125,25
2065.05517578125,2,35,1,2052.739013671875,127
2065.05517578125,2,35,3,2052.739013671875,176
2065.05517578125,2,33,1,1897.520751953125,100
2023.3011474609373,1,31,0,1784.3472900390625,103
2023.3011474609373,0,33,1,1882.17138671875,102
2023.3011474609373,1,35,2,2010.132568359375,143
2023.3011474609373,1,30,0,1726.2779541015625,70
2023.3011474609373,48,35,1,2010.132568359375,176
2023.3011474609373,11,27,0,1558.59521484375,50
2023.3011474609373,1,24,0,1348.3507080078125,32
2023.3011474609373,1,31,0,1784.547607421875,86
2117.244384765625,13,33,0,1897.365234375,108
2117.244384765625,0,35,2,2027.704345703125,125
2117.244384765625,1,31,0,1795.9512939453125,76
2117.244384765625,43,37,2,2104.0712890625,147
2117.244384765625,0,37,2,2104.0712890625,158
2117.244384765625,1,35,1,2020.8446044921875,106
2117.244384765625,6,21,0,1189.6925048828125,21
2117.244384765625,1,34,0,1966.9388427734373,82
2160.684814453125,1,35,1,2012.353759765625,116
2160.684814453125,0,34,2,1953.7349853515625,93
2160.684814453125,3,35,0,2013.0047607421875,127
2160.684814453125,0,30,0,1726.08642578125,76
2160.684814453125,24,28,0,1626.4444580078125,47
2160.684814453125,2,38,3,2148.067626953125,189
2160.684814453125,1,38,1,2148.067626953125,163
2160.684814453125,1,24,0,1394.3778076171875,16
1952.1800537109373,0,31,1,1789.3258056640625,103
1952.1800537109373,1,30,0,1730.28369140625,50
1952.1800537109373,1,26,0,1473.0894775390625,68
1952.1800537109373,1,28,0,1635.927978515625,82
1952.1800537109373,2,34,2,1939.011962890625,140
1952.1800537109373,0,34,3,1939.011962890625,125
1952.1800537109373,0,31,0,1784.669189453125,102
1952.1800537109373,0,28,0,1633.21044921875,79
2201.08544921875,31,36,1,2134.195068359375,115
2201.08544921875,6,37,0,2188.067626953125,121
2201.08544921875,0,27,0,1604.5806884765625,50
2201.08544921875,13,37,2,2188.067626953125,185
2201.08544921875,1,28,0,1684.751953125,53
2201.08544921875,38,28,1,1683.5504150390625,59
2201.08544921875,2,30,0,1779.7418212890625,84
2201.08544921875,1,31,1,1806.8057861328125,83
2096.41943359375,2,30,0,1712.1715087890625,79
2096.41943359375,34,30,0,1719.4813232421875,77
2096.41943359375,2,27,0,1553.539306640625,62
2096.41943359375,6,28,0,1619.418212890625,59
2096.41943359375,0,27,0,1558.1973876953125,60
2096.41943359375,2,37,3,2083.2509765625,163
2096.41943359375,2,37,2,2083.2509765625,194
2096.41943359375,0,31,0,1775.1888427734375,92
2115.818603515625,1,31,0,1801.728515625,101
2115.818603515625,10,33,1,1913.1204833984373,107
2115.818603515625,17,28,0,1626.075927734375,63
2115.818603515625,40,31,0,1795.720703125,106
2115.818603515625,2,37,5,2102.651123046875,173
2115.818603515625,1,31,0,1794.0966796875,77
2115.818603515625,0,37,2,2102.651123046875,125
2115.818603515625,4,27,0,1549.6051025390625,55
2160.35400390625,1,28,0,1620.2979736328125,53
2160.35400390625,2,27,0,1560.907470703125,56
2160.35400390625,50,23,0,1301.3900146484375,15
2160.35400390625,0,34,2,1947.789306640625,130
2160.35400390625,4,23,0,1305.6966552734375,20
2160.35400390625,2,34,1,1947.4888916015625,113
2160.35400390625,29,38,4,2147.17919921875,239
2160.35400390625,1,38,1,2147.17919921875,169
2180.32177734375,1,30,0,1744.9732666015625,69
2180.32177734375,0,33,0,1920.48046875,100
2180.32177734375,0,38,2,2166.6533203125,142
2180.32177734375,0,33,1,1923.33447265625,102
2180.32177734375,1,33,0,1925.036865234375,111
2180.32177734375,1,38,4,2167.404296875,180
2180.32177734375,3,30,0,1751.968994140625,78
2180.32177734375,1,30,0,1750.8175048828125,73
2112.242431640625,1,30,0,1828.89697265625,76
2112.242431640625,6,35,2,2099.082763671875,138
2112.242431640625,3,28,0,1710.3985595703125,61
2112.242431640625,0,34,3,2095.019775390625,127
2112.242431640625,9,35,0,2099.082763671875,148
2112.242431640625,0,30,1,1824.79150390625,83
2112.242431640625,0,28,0,1728.973388671875,81
2112.242431640625,1,33,0,2013.465087890625,86
1969.7252197265625,4,33,1,1899.92138671875,115
1969.7252197265625,1,33,0,1884.8466796875,101
1969.7252197265625,31,34,1,1956.556884765625,178
1969.7252197265625,10,28,2,1646.753662109375,63
1969.7252197265625,0,34,2,1956.556884765625,145
1969.7252197265625,6,27,0,1581.986328125,49
1969.7252197265625,1,28,0,1652.8621826171875,67
1969.7252197265625,24,26,0,1522.6361083984375,42
2014.7115478515625,0,31,0,1828.466796875,93
2014.7115478515625,0,30,1,1773.5224609375,80
2014.7115478515625,57,34,1,2001.5286865234373,140
2014.7115478515625,29,33,1,1948.8460693359373,124
2014.7115478515625,0,28,0,1645.1015625,65
2014.7115478515625,1,34,2,2001.5286865234373,154
2014.7115478515625,1,31,0,1845.9906005859373,87
2014.7115478515625,0,27,0,1592.939697265625,45
2134.220947265625,2,35,1,2044.126220703125,115
2134.220947265625,1,37,1,2121.05224609375,137
2134.220947265625,50,28,0,1651.2708740234375,62
2134.220947265625,0,26,0,1524.7811279296875,37
2134.220947265625,0,28,0,1659.7872314453125,55
2134.220947265625,32,37,3,2121.05224609375,199
2134.220947265625,3,34,2,1971.4674072265625,111
2134.220947265625,4,31,1,1811.37451171875,92
2012.609130859375,24,31,0,1791.04052734375,70
2012.609130859375,0,26,0,1495.1236572265625,40
2012.609130859375,1,33,1,1887.2001953125,91
2012.609130859375,52,35,3,1999.4405517578125,182
2012.609130859375,1,33,0,1885.498046875,69
2012.609130859375,51,33,0,1886.1488037109373,103
2012.609130859375,49,34,1,1945.1571044921875,103
2012.609130859375,9,35,1,1999.4405517578125,116
2139.018310546875,0,31,0,1873.016845703125,92
2139.018310546875,52,35,5,2125.85009765625,181
2139.018310546875,0,35,1,2125.85009765625,142
2139.018310546875,1,33,1,1978.7587890625,103
2139.018310546875,0,34,0,2062.295654296875,100
2139.018310546875,0,31,0,1879.6260986328125,82
2139.018310546875,1,27,0,1617.042724609375,52
2139.018310546875,2,30,0,1797.22509765625,68
1957.480712890625,80,35,2,1944.2996826171875,83
1957.480712890625,1,30,0,1678.5831298828125,78
1957.480712890625,0,34,1,1881.0440673828125,137
1957.480712890625,0,35,0,1944.2996826171875,146
1957.480712890625,15,28,0,1602.63623046875,80
1957.480712890625,0,31,0,1739.0406494140625,107
1957.480712890625,0,30,0,1690.411376953125,88
1957.480712890625,2,33,0,1802.1063232421875,104
2338.8505859375,1,40,3,2325.682861328125,187
2338.8505859375,1,30,1,1775.1524658203125,79
2338.8505859375,1,38,1,2226.613037109375,137
2338.8505859375,32,33,0,1944.603759765625,80
2338.8505859375,51,30,0,1767.7296142578125,51
2338.8505859375,1,34,0,2013.667236328125,115
2338.8505859375,0,26,0,1527.273681640625,43
2338.8505859375,3,40,2,2325.4326171875,153
1908.5885009765625,13,34,2,1891.4654541015625,150
1908.5885009765625,0,26,0,1448.3309326171875,40
1908.5885009765625,0,27,0,1518.62548828125,56
1908.5885009765625,1,34,3,1895.4208984375,159
1908.5885009765625,0,33,0,1825.596923828125,77
1908.5885009765625,4,33,0,1836.0611572265625,111
1908.5885009765625,1,30,0,1674.501220703125,71
1908.5885009765625,1,31,2,1733.039794921875,108
2167.552490234375,3,37,3,2155.185302734375,180
2167.552490234375,0,26,0,1529.83837890625,40
2167.552490234375,0,37,1,2155.185302734375,162
2167.552490234375,1,30,0,1773.4693603515625,64
2167.552490234375,1,23,0,1280.4833984375,47
2167.552490234375,5,31,1,1851.6082763671875,111
2167.552490234375,1,33,1,1954.000732421875,98
2167.552490234375,1,30,0,1779.1282958984375,66
2138.67236328125,8,35,0,1992.4605712890625,95
2138.67236328125,22,28,1,1603.176513671875,67
2138.67236328125,1,30,0,1694.2674560546875,62
2138.67236328125,3,31,0,1761.607666015625,89
2138.67236328125,9,33,1,1856.7613525390625,102
2138.67236328125,11,38,3,2125.50341796875,215
2138.67236328125,2,38,2,2125.50341796875,133
2138.67236328125,23,26,0,1475.2198486328125,41
2067.537109375,0,31,0,1828.344482421875,84
2067.537109375,0,28,0,1675.263427734375,81
2067.537109375,6,30,0,1774.283447265625,86
2067.537109375,20,28,0,1667.9532470703125,51
2067.537109375,1,35,4,2055.06982421875,166
2067.537109375,15,33,2,1936.372314453125,105
2067.537109375,0,33,0,1939.8271484375,108
2067.537109375,30,35,1,2055.06982421875,138
1996.9517822265625,1,35,3,1980.5794677734373,127
1996.9517822265625,35,35,2,1983.7838134765625,151
1996.9517822265625,19,28,0,1612.6834716796875,70
1996.9517822265625,0,31,0,1772.3907470703125,97
1996.9517822265625,0,31,1,1776.4461669921875,109
1996.9517822265625,1,30,0,1708.4822998046875,86
1996.9517822265625,3,30,0,1716.743896484375,82
1996.9517822265625,2,30,0,1711.43701171875,94
2194.236328125,20,26,0,1524.967529296875,41
2194.236328125,0,30,1,1745.8853759765625,88
2194.236328125,1,38,2,2181.0673828125,176
2194.236328125,0,33,0,1916.4609375,109
2194.236328125,1,38,4,2181.0673828125,183
2194.236328125,0,35,0,2042.4783935546875,126
2194.236328125,1,30,0,1749.59033203125,70
2194.236328125,25,27,0,1594.5255126953125,44
2105.16064453125,29,28,0,1661.3096923828125,47
2105.16064453125,2,26,0,1528.12255859375,37
2105.16064453125,0,34,2,2019.903564453125,132
2105.16064453125,1,31,0,1832.3404541015625,79
2105.16064453125,0,35,1,2091.99267578125,144
2105.16064453125,51,33,0,1930.4200439453125,67
2105.16064453125,4,30,1,1757.6630859375,70
2105.16064453125,6,35,4,2091.99267578125,217
1936.1458740234373,11,32,2,1922.96630859375,110
1936.1458740234373,10,24,0,1499.845947265625,20
1936.1458740234373,14,32,0,1907.387939453125,103
1936.1458740234373,53,32,1,1920.3057861328125,98
1936.1458740234373,8,32,0,1922.96630859375,136
1936.1458740234373,1,28,0,1739.1884765625,73
1936.1458740234373,6,32,1,1916.2000732421875,85
1936.1458740234373,0,31,0,1886.7021484375,88
2228.92138671875,5,31,1,1825.20849609375,96
2228.92138671875,1,31,0,1818.3992919921875,87
2228.92138671875,0,38,3,2215.760986328125,157
2228.92138671875,10,27,0,1594.750244140625,44
2228.92138671875,37,27,0,1590.9918212890625,54
2228.92138671875,1,28,0,1662.0902099609375,64
2228.92138671875,8,38,2,2215.760986328125,201
2228.92138671875,0,30,1,1746.821533203125,86
2185.25146484375,1,37,3,2172.083740234375,174
2185.25146484375,3,33,2,1950.27880859375,101
2185.25146484375,0,27,0,1610.8751220703125,46
2185.25146484375,1,34,1,2017.0118408203125,121
2185.25146484375,1,35,0,2084.9892578125,102
2185.25146484375,0,28,0,1674.318359375,50
2185.25146484375,22,31,0,1848.3289794921875,69
2185.25146484375,8,37,2,2172.083740234375,135
2140.87255859375,6,37,3,2127.7041015625,240
2140.87255859375,0,28,1,1658.251220703125,62
2140.87255859375,1,34,1,1987.61083984375,86
2140.87255859375,1,34,1,1986.2589111328125,105
2140.87255859375,1,24,1,1413.4468994140625,32
2140.87255859375,0,37,2,2127.7041015625,136
2140.87255859375,32,21,0,1187.187744140625,8
2140.87255859375,1,33,0,1920.4849853515625,96
2149.166748046875,22,28,0,1682.624755859375,63
2149.166748046875,0,24,0,1432.4344482421875,18
2149.166748046875,1,33,0,1930.802978515625,84
2149.166748046875,1,35,3,2057.771484375,131
2149.166748046875,1,31,1,1831.5228271484373,86
2149.166748046875,54,37,2,2135.99853515625,141
2149.166748046875,4,31,0,1834.72705078125,88
2149.166748046875,11,37,2,2135.99853515625,188
2225.65234375,1,35,2,1982.49609375,130
2225.65234375,3,40,4,2212.995361328125,188
2225.65234375,1,40,1,2211.54345703125,170
2225.65234375,0,27,0,1525.4713134765625,45
2225.65234375,49,28,0,1592.196533203125,41
2225.65234375,1,37,1,2061.783447265625,142
2225.65234375,3,33,1,1853.0692138671875,97
2225.65234375,0,28,0,1589.1923828125,65
1971.449462890625,6,33,2,1951.6156005859373,92
1971.449462890625,2,26,0,1524.3699951171875,46
1971.449462890625,35,30,0,1779.10205078125,78
1971.449462890625,1,30,0,1762.27783203125,71
1971.449462890625,1,27,0,1582.39208984375,56
1971.449462890625,0,28,0,1677.21240234375,56
1971.449462890625,56,34,2,1958.880126953125,180
1971.449462890625,0,34,2,1958.880126953125,119
2078.091796875,1,30,0,1780.503173828125,79
2078.091796875,2,35,1,2064.924560546875,126
2078.091796875,3,31,1,1843.0963134765625,78
2078.091796875,0,35,1,2061.8203125,102
2078.091796875,1,34,1,2004.046142578125,111
2078.091796875,1,35,1,2063.522705078125,126
2078.091796875,0,34,1,2001.442626953125,120
2078.091796875,40,28,0,1670.4794921875,69
2295.114990234375,10,30,0,1698.140869140625,77
2295.114990234375,0,42,3,2281.932373046875,204
2295.114990234375,42,33,1,1868.7313232421875,94
2295.114990234375,10,26,0,1477.25146484375,51
2295.114990234375,40,35,1,1980.8712158203125,128
2295.114990234375,4,42,1,2281.932373046875,198
2295.114990234375,10,30,2,1705.6622314453125,80
2295.114990234375,0,27,0,1547.85888671875,51
1800.3790283203125,17,32,2,1787.2047119140625,123
1800.3790283203125,6,32,1,1787.2047119140625,166
1800.3790283203125,0,28,0,1610.8521728515625,51
1800.3790283203125,0,31,1,1758.756591796875,97
1800.3790283203125,25,32,0,1784.0003662109375,99
1800.3790283203125,1,30,0,1694.313232421875,79
1800.3790283203125,1,31,0,1753.900146484375,89
1800.3790283203125,1,27,0,1537.14208984375,60
2135.790771484375,1,33,0,1934.614013671875,63
2135.790771484375,1,33,1,1938.5693359375,102
2135.790771484375,51,31,0,1837.1895751953125,84
2135.790771484375,2,24,0,1422.17578125,28
2135.790771484375,11,37,4,2122.723388671875,197
2135.790771484375,48,34,0,1996.9686279296875,102
2135.790771484375,1,31,0,1834.285888671875,76
2135.790771484375,0,37,2,2122.723388671875,116
2021.86572265625,0,31,0,1711.0947265625,84
2021.86572265625,41,24,0,1299.50634765625,33
2021.86572265625,53,35,2,1929.2252197265625,153
2021.86572265625,2,37,1,2008.8472900390625,158
2021.86572265625,41,28,0,1559.4844970703125,43
2021.86572265625,2,37,3,2009.247802734375,165
2021.86572265625,1,35,0,1930.3768310546875,104
2021.86572265625,22,27,0,1501.617919921875,44
2177.915283203125,20,33,1,1893.8082275390625,112
2177.915283203125,19,38,3,2164.7470703125,175
2177.915283203125,0,38,1,2163.144775390625,148
2177.915283203125,0,35,1,2031.11474609375,122
2177.915283203125,0,28,0,1637.271728515625,58
2177.915283203125,19,31,1,1798.8060302734375,91
2177.915283203125,3,28,0,1646.2838134765625,58
2177.915283203125,3,30,0,1732.5867919921875,82
2163.888427734375,2,37,0,2081.58935546875,154
2163.888427734375,6,30,1,1725.798583984375,71
2163.888427734375,0,33,0,1878.7757568359373,99
2163.888427734375,22,38,3,2150.720703125,182
2163.888427734375,1,38,1,2150.720703125,125
2163.888427734375,20,28,0,1627.1458740234375,44
2163.888427734375,1,21,0,1168.1136474609375,9
2163.888427734375,51,28,0,1627.6966552734375,52
2218.835205078125,1,27,0,1556.97705078125,50
2218.835205078125,28,28,0,1627.9202880859375,56
2218.835205078125,1,35,1,1947.598876953125,115
2218.835205078125,1,40,3,2205.667236328125,217
2218.835205078125,0,40,2,2204.7158203125,177
2218.835205078125,0,24,0,1394.2867431640625,20
2218.835205078125,0,34,0,1930.7132568359373,139
2218.835205078125,1,28,1,1620.910888671875,65
2263.7998046875,42,27,1,1678.0157470703125,47
2263.7998046875,19,31,0,1891.9456787109373,105
2263.7998046875,1,34,0,2040.5374755859373,130
2263.7998046875,17,38,2,2250.6318359375,196
2263.7998046875,0,24,0,1478.4354248046875,9
2263.7998046875,2,28,0,1746.03662109375,72
2263.7998046875,0,28,0,1748.9405517578125,65
2263.7998046875,34,38,2,2250.6318359375,185
2250.4306640625,26,38,3,2237.241943359375,192
2250.4306640625,1,33,1,1956.9560546875,105
2250.4306640625,35,33,0,1953.90185546875,110
2250.4306640625,1,28,0,1697.8214111328125,65
2250.4306640625,9,38,2,2237.241943359375,169
2250.4306640625,1,30,1,1785.312744140625,71
2250.4306640625,28,30,0,1791.7911376953125,78
2250.4306640625,7,26,0,1565.079833984375,40
2177.53369140625,1,33,0,1930.504150390625,103
2177.53369140625,1,27,0,1585.400390625,48
2177.53369140625,0,31,0,1822.3070068359373,86
2177.53369140625,0,34,1,2009.783203125,95
2177.53369140625,1,37,3,2164.36572265625,142
2177.53369140625,2,34,1,1992.4593505859373,109
2177.53369140625,0,33,0,1924.796142578125,98
2177.53369140625,2,37,2,2162.91357421875,129
1954.7734375,15,33,2,1941.585693359375,156
1954.7734375,1,30,0,1782.37158203125,86
1954.7734375,3,31,0,1843.0223388671875,95
1954.7734375,1,28,0,1681.6295166015625,57
1954.7734375,0,31,2,1845.67578125,100
1954.7734375,0,28,0,1685.2955322265625,64
1954.7734375,3,33,1,1938.928466796875,131
1954.7734375,1,33,0,1940.130126953125,116
2207.60302734375,1,37,2,2194.43505859375,202
2207.60302734375,15,28,1,1736.4473876953125,44
2207.60302734375,22,31,0,1904.81396484375,103
2207.60302734375,6,37,1,2194.43505859375,143
2207.60302734375,2,23,0,1387.709716796875,15
2207.60302734375,0,33,2,1994.6942138671875,104
2207.60302734375,10,27,0,1669.947021484375,37
2207.60302734375,1,31,0,1894.889404296875,83
2113.64013671875,6,37,2,2100.464599609375,146
2113.64013671875,40,31,0,1812.4283447265625,70
2113.64013671875,2,24,0,1424.4930419921875,28
2113.64013671875,6,37,3,2100.464599609375,206
2113.64013671875,3,30,1,1741.3314208984375,61
2113.64013671875,0,34,0,1973.541015625,117
2113.64013671875,13,34,1,1970.7373046875,99
2113.64013671875,1,30,0,1755.856689453125,70
1976.22314453125,0,33,0,1849.743896484375,108
1976.22314453125,1,30,0,1694.9486083984375,69
1976.22314453125,43,31,0,1753.8388671875,94
1976.22314453125,0,23,0,1258.5369873046875,19
1976.22314453125,2,33,1,1851.7467041015625,107
1976.22314453125,0,26,0,1460.5826416015625,37
1976.22314453125,5,35,3,1963.050048828125,141
1976.22314453125,1,35,3,1963.050048828125,206
2044.381103515625,0,33,0,1898.909423828125,96
2044.381103515625,1,27,0,1592.1356201171875,38
2044.381103515625,29,28,0,1651.007568359375,73
2044.381103515625,0,28,1,1653.611083984375,44
2044.381103515625,8,36,2,2031.2081298828125,176
2044.381103515625,1,35,2,2015.4093017578125,128
2044.381103515625,18,36,1,2031.2081298828125,142
2044.381103515625,78,34,0,1939.9390869140625,102
2193.760009765625,3,30,0,1693.5611572265625,84
2193.760009765625,3,30,0,1690.306640625,88
2193.760009765625,28,27,0,1533.9166259765625,50
2193.760009765625,1,28,0,1597.2471923828125,61
2193.760009765625,2,28,0,1602.2149658203125,62
2193.760009765625,5,40,3,2181.443359375,194
2193.760009765625,4,31,2,1754.470458984375,102
2193.760009765625,12,40,1,2180.2919921875,175
2292.8642578125,1,30,0,1783.960693359375,74
2292.8642578125,0,27,0,1646.545654296875,42
2292.8642578125,4,38,3,2279.696533203125,170
2292.8642578125,1,34,1,2046.5399169921875,116
2292.8642578125,27,27,0,1653.255126953125,58
2292.8642578125,1,38,1,2277.9443359375,133
2292.8642578125,9,37,0,2221.27587890625,113
2292.8642578125,2,35,1,2112.0234375,123
2034.53369140625,0,35,2,2021.3662109375,121
2034.53369140625,41,26,0,1483.594482421875,40
2034.53369140625,1,33,1,1888.7724609375,90
2034.53369140625,0,28,0,1622.35595703125,63
2034.53369140625,0,31,1,1789.4847412109375,99
2034.53369140625,11,27,0,1557.7572021484375,59
2034.53369140625,11,35,3,2021.3662109375,229
2034.53369140625,34,33,0,1891.1256103515625,88
2178.92138671875,13,30,0,1734.93603515625,76
2178.92138671875,1,38,2,2165.751220703125,192
2178.92138671875,0,34,0,1971.2608642578125,101
2178.92138671875,1,24,0,1400.12646484375,24
2178.92138671875,12,30,0,1749.60498046875,69
2178.92138671875,0,31,2,1817.398193359375,83
2178.92138671875,30,33,1,1912.36181640625,104
2178.92138671875,0,38,2,2165.751220703125,141
1990.10009765625,37,28,0,1603.34521484375,75
1990.10009765625,17,28,0,1614.8603515625,71
1990.10009765625,1,30,0,1703.59521484375,80
1990.10009765625,0,28,0,1607.1502685546875,65
1990.10009765625,0,33,1,1862.9410400390625,107
1990.10009765625,4,35,1,1976.9820556640625,149
1990.10009765625,35,33,1,1865.3443603515625,116
1990.10009765625,1,35,4,1976.9820556640625,156
2105.778076171875,53,35,2,2092.561279296875,190
2105.778076171875,13,24,0,1434.0465087890625,31
2105.778076171875,23,28,0,1685.2569580078125,53
2105.778076171875,0,34,1,2024.86865234375,118
2105.778076171875,0,28,0,1685.006591796875,59
2105.778076171875,2,34,1,2025.0189208984373,80
2105.778076171875,0,35,1,2092.561279296875,114
2105.778076171875,1,34,1,2020.5430908203125,125
2129.861083984375,3,38,0,2115.54150390625,140
2129.861083984375,24,26,0,1480.325439453125,38
2129.861083984375,5,33,0,1844.3184814453125,105
2129.861083984375,1,38,3,2114.99072265625,137
2129.861083984375,2,26,0,1480.7259521484375,36
2129.861083984375,15,28,0,1603.38427734375,44
2129.861083984375,21,38,2,2116.693115234375,195
2129.861083984375,0,35,1,1971.15576171875,125
2085.56787109375,1,31,0,1782.59130859375,81
2085.56787109375,1,33,0,1876.8980712890625,102
2085.56787109375,2,37,1,2072.39990234375,190
2085.56787109375,3,31,0,1782.3409423828125,81
2085.56787109375,64,27,0,1564.8553466796875,44
2085.56787109375,0,26,0,1475.186767578125,32
2085.56787109375,0,35,2,2000.3739013671875,117
2085.56787109375,4,37,3,2072.39990234375,160
2357.790283203125,8,40,0,2343.971435546875,159
2357.790283203125,2,33,1,1960.9180908203125,73
2357.790283203125,1,31,1,1851.6617431640625,86
2357.790283203125,0,27,0,1619.712646484375,31
2357.790283203125,0,37,2,2184.3779296875,157
2357.790283203125,0,34,1,2028.718017578125,104
2357.790283203125,1,40,2,2345.02294921875,195
2357.790283203125,1,26,0,1551.3050537109375,31
2072.520263671875,4,37,4,2059.953369140625,155
2072.520263671875,0,27,0,1488.7230224609375,35
2072.520263671875,0,30,0,1664.8125,64
2072.520263671875,47,31,0,1720.0753173828125,85
2072.520263671875,0,31,0,1732.8419189453125,104
2072.520263671875,0,37,2,2058.751708984375,162
2072.520263671875,1,37,1,2055.146728515625,121
2072.520263671875,0,34,0,1901.8082275390625,93
2268.28662109375,2,34,1,1970.4447021484373,131
2268.28662109375,0,24,0,1400.478271484375,21
2268.28662109375,1,30,0,1756.9224853515625,73
2268.28662109375,0,30,0,1749.8126220703125,62
2268.28662109375,1,31,1,1819.379150390625,93
2268.28662109375,6,40,1,2253.766845703125,166
2268.28662109375,0,30,0,1750.4134521484375,78
2268.28662109375,9,40,3,2255.11865234375,185
2115.58251953125,30,26,0,1519.84326171875,40
2115.58251953125,1,37,4,2102.414306640625,172
2115.58251953125,5,35,1,2029.7874755859373,133
2115.58251953125,2,31,0,1808.19140625,87
2115.58251953125,0,31,0,1823.8626708984373,105
2115.58251953125,1,31,0,1809.9437255859373,90
2115.58251953125,1,37,1,2100.51806640625,140
2115.58251953125,2,21,0,1218.4493408203125,10
2220.34033203125,3,30,1,1761.5113525390625,74
2220.34033203125,0,34,1,2010.4151611328125,125
2220.34033203125,1,38,2,2208.023193359375,186
2220.34033203125,3,24,0,1420.097412109375,32
2220.34033203125,1,28,0,1660.9747314453125,57
2220.34033203125,0,35,0,2078.03759765625,113
2220.34033203125,0,31,0,1840.6900634765625,60
2220.34033203125,1,38,3,2204.86865234375,167
2229.05615234375,1,37,2,2215.88134765625,158
2229.05615234375,30,35,0,2135.607421875,114
2229.05615234375,0,31,0,1878.8525390625,74
2229.05615234375,1,34,0,2063.859130859375,100
2229.05615234375,0,33,0,1999.71142578125,87
2229.05615234375,0,35,1,2129.79736328125,117
2229.05615234375,1,37,4,2215.88134765625,148
2229.05615234375,38,30,0,1819.3519287109373,68
2248.7470703125,0,40,1,2233.72705078125,172
2248.7470703125,31,31,0,1781.016845703125,85
2248.7470703125,18,27,0,1563.6129150390625,47
2248.7470703125,6,31,0,1780.0155029296875,72
2248.7470703125,0,34,1,1939.2177734375,127
2248.7470703125,2,40,4,2235.57958984375,200
2248.7470703125,31,26,0,1506.257080078125,30
2248.7470703125,28,33,0,1872.8245849609373,92
2258.422607421875,2,23,0,1295.8883056640625,16
2258.422607421875,0,38,1,2152.095703125,127
2258.422607421875,5,27,0,1555.555908203125,52
2258.422607421875,1,40,2,2244.653076171875,172
2258.422607421875,1,34,1,1944.7999267578125,84
2258.422607421875,0,38,0,2150.7939453125,157
2258.422607421875,1,40,3,2245.25390625,185
2258.422607421875,0,27,0,1556.1065673828125,35
1965.88671875,14,30,0,1695.947998046875,67
1965.88671875,0,26,0,1446.2926025390625,27
1965.88671875,5,30,0,1699.803466796875,78
1965.88671875,1,35,4,1953.469482421875,204
1965.88671875,0,30,0,1699.7532958984375,98
1965.88671875,0,23,0,1246.59326171875,39
1965.88671875,0,35,1,1953.469482421875,122
1965.88671875,0,28,0,1605.1546630859375,78
2271.719970703125,9,28,0,1609.6846923828125,52
2271.719970703125,2,41,3,2259.602783203125,201
2271.719970703125,0,34,1,1918.09423828125,104
2271.719970703125,0,34,1,1915.090087890625,99
2271.719970703125,0,28,0,1607.581787109375,57
2271.719970703125,0,41,1,2259.001953125,194
2271.719970703125,0,31,1,1759.015380859375,75
2271.719970703125,0,28,0,1608.032470703125,54
1955.3580322265625,1,33,2,1885.359619140625,114
1955.3580322265625,1,27,0,1563.4117431640625,57
1955.3580322265625,0,27,0,1571.3262939453125,64
1955.3580322265625,0,34,2,1941.7393798828125,133
1955.3580322265625,0,30,0,1732.4803466796875,87
1955.3580322265625,0,33,1,1884.908935546875,125
1955.3580322265625,1,31,0,1791.2972412109375,103
1955.3580322265625,4,34,2,1942.1900634765625,154
2118.491455078125,1,28,0,1586.7286376953125,70
2118.491455078125,1,28,0,1577.9652099609375,70
2118.491455078125,2,30,0,1677.2926025390625,77
2118.491455078125,0,31,1,1740.02392578125,81
2118.491455078125,6,38,1,2105.310546875,180
2118.491455078125,2,38,3,2105.310546875,160
2118.491455078125,1,27,0,1512.3533935546875,44
2118.491455078125,0,37,2,2053.0009765625,126
2052.33203125,1,34,0,1983.008544921875,141
2052.33203125,2,35,2,2039.1640625,158
2052.33203125,0,35,2,2039.1640625,156
2052.33203125,4,26,0,1498.85498046875,39
2052.33203125,1,30,2,1725.906005859375,103
2052.33203125,27,33,1,1902.2855224609373,107
2052.33203125,0,28,0,1627.8665771484375,79
2052.33203125,16,26,0,1505.2705078125,36
2186.059814453125,2,30,0,1805.6749267578125,65
2186.059814453125,2,34,0,2033.2059326171875,97
2186.059814453125,0,33,0,1965.3184814453125,85
2186.059814453125,0,31,0,1874.81298828125,93
2186.059814453125,0,35,1,2098.447265625,109
2186.059814453125,1,37,4,2172.89306640625,174
2186.059814453125,1,37,2,2172.89306640625,143
2186.059814453125,4,21,0,1262.5277099609375,9
2158.2138671875,5,30,0,1744.618408203125,83
2158.2138671875,0,34,2,2016.8336181640625,126
2158.2138671875,1,30,0,1738.6680908203125,68
2158.2138671875,1,28,0,1652.19677734375,58
2158.2138671875,4,31,1,1826.56884765625,91
2158.2138671875,0,37,1,2145.546142578125,151
2158.2138671875,0,28,0,1650.494384765625,59
2158.2138671875,2,37,3,2145.546142578125,180
2272.586669921875,4,40,1,2258.266845703125,177
2272.586669921875,2,34,0,1962.8101806640625,92
2272.586669921875,3,28,0,1635.4100341796875,57
2272.586669921875,0,30,0,1737.4344482421875,73
2272.586669921875,50,26,0,1500.92138671875,33
2272.586669921875,5,40,2,2259.919189453125,186
2272.586669921875,3,30,0,1730.124755859375,74
2272.586669921875,0,35,3,2018.4326171875,131
2093.830078125,0,31,1,1876.89892578125,91
2093.830078125,1,28,0,1717.0771484375,64
2093.830078125,37,34,2,2080.661376953125,183
2093.830078125,3,33,0,2020.0577392578125,121
2093.830078125,0,27,0,1635.411376953125,47
2093.830078125,0,31,0,1892.278564453125,73
2093.830078125,5,34,2,2080.661376953125,121
2093.830078125,24,33,2,2007.6910400390625,103
2148.43212890625,1,27,0,1661.67724609375,58
2148.43212890625,0,36,0,2135.255859375,140
2148.43212890625,0,35,1,2118.779052734375,114
2148.43212890625,31,27,0,1659.8748779296875,39
2148.43212890625,2,34,1,2064.525634765625,119
2148.43212890625,0,28,1,1732.976318359375,58
2148.43212890625,54,36,2,2135.255859375,173
2148.43212890625,1,31,1,1886.7520751953125,85
2011.7305908203125,2,27,0,1549.0732421875,58
2011.7305908203125,6,35,1,1998.5628662109373,151
2011.7305908203125,3,30,0,1713.43701171875,88
2011.7305908203125,0,35,2,1997.005615234375,137
2011.7305908203125,3,30,0,1710.1702880859375,74
2011.7305908203125,12,33,1,1876.8841552734373,127
2011.7305908203125,0,30,0,1705.2310791015625,86
2011.7305908203125,1,34,2,1938.6207275390625,99
2343.927734375,0,31,1,1772.2833251953125,77
2343.927734375,5,21,0,1169.0811767578125,19
2343.927734375,3,24,0,1402.1148681640625,30
2343.927734375,6,42,4,2330.758544921875,241
2343.927734375,0,35,0,1988.0980224609373,114
2343.927734375,1,24,0,1399.9619140625,20
2343.927734375,13,35,0,1983.9422607421875,118
2343.927734375,1,42,1,2328.805908203125,192
2062.073486328125,0,27,0,1582.7008056640625,43
2062.073486328125,2,31,0,1839.5230712890625,79
2062.073486328125,1,30,0,1760.041748046875,66
2062.073486328125,12,33,1,1929.2332763671875,119
2062.073486328125,0,35,2,2048.45361328125,154
2062.073486328125,1,31,0,1835.6678466796875,87
2062.073486328125,5,33,1,1942.4515380859373,107
2062.073486328125,1,35,2,2048.904296875,163
2024.224609375,1,28,0,1638.5733642578125,57
2024.224609375,10,31,1,1805.808349609375,91
2024.224609375,36,28,0,1635.66943359375,43
2024.224609375,52,30,0,1725.3443603515625,81
2024.224609375,1,35,4,2011.0565185546875,206
2024.224609375,1,35,1,2011.0565185546875,115
2024.224609375,0,33,0,1905.348876953125,91
2024.224609375,0,33,1,1903.9354248046875,97
2190.578857421875,1,38,1,2177.410888671875,141
2190.578857421875,27,30,1,1748.79833984375,74
2190.578857421875,1,30,0,1748.948486328125,78
2190.578857421875,2,38,2,2177.410888671875,163
2190.578857421875,2,34,1,1964.3597412109373,117
2190.578857421875,71,23,0,1312.7822265625,16
2190.578857421875,1,35,1,2032.3143310546875,143
2190.578857421875,0,28,0,1641.9161376953125,64
2187.80810546875,4,35,1,2070.112548828125,121
2187.80810546875,4,30,1,1788.344482421875,85
2187.80810546875,0,30,0,1780.333251953125,78
2187.80810546875,0,24,0,1438.3780517578125,22
2187.80810546875,1,34,1,2006.7828369140625,112
2187.80810546875,25,38,1,2175.642333984375,172
2187.80810546875,24,38,2,2175.642333984375,154
2187.80810546875,0,31,0,1845.7249755859373,84
2360.919921875,14,28,0,1710.8292236328125,58
2360.919921875,1,41,2,2347.747802734375,148
2360.919921875,30,26,0,1559.9998779296875,37
2360.919921875,2,41,4,2347.747802734375,232
2360.919921875,1,23,0,1333.8787841796875,19
2360.919921875,23,28,0,1695.9930419921875,68
2360.919921875,0,37,1,2145.37939453125,156
2360.919921875,1,33,1,1951.3956298828125,103
2190.26904296875,13,31,0,1840.0855712890625,83
2190.26904296875,8,24,0,1433.901611328125,27
2190.26904296875,1,35,0,2099.107421875,131
2190.26904296875,1,37,2,2177.100830078125,143
2190.26904296875,0,27,0,1607.989013671875,45
2190.26904296875,1,37,3,2177.100830078125,164
2190.26904296875,2,33,1,1954.635498046875,94
2190.26904296875,29,34,1,2031.325439453125,125
2106.48095703125,24,33,1,1885.7156982421875,108
2106.48095703125,7,23,0,1286.384033203125,16
2106.48095703125,4,37,3,2093.41357421875,168
2106.48095703125,36,31,0,1789.01220703125,75
2106.48095703125,0,35,1,2014.03125,120
2106.48095703125,1,37,2,2093.41357421875,117
2106.48095703125,1,33,0,1884.814453125,79
2106.48095703125,1,33,0,1883.462646484375,94
2103.421630859375,24,27,0,1611.7552490234375,38
2103.421630859375,1,33,0,1955.1270751953125,94
2103.421630859375,40,34,1,2025.9490966796875,112
2103.421630859375,5,35,2,2090.404052734375,169
2103.421630859375,42,34,1,2021.193359375,107
2103.421630859375,31,30,1,1780.0467529296875,67
2103.421630859375,5,26,0,1533.53173828125,35
2103.421630859375,1,35,2,2090.404052734375,127
2278.192138671875,0,40,1,2265.024169921875,150
2278.192138671875,7,30,0,1690.163330078125,89
2278.192138671875,0,30,0,1691.9658203125,65
2278.192138671875,0,37,1,2103.322998046875,132
2278.192138671875,13,28,0,1583.9947509765625,56
2278.192138671875,0,33,1,1871.5528564453125,86
2278.192138671875,5,40,3,2265.024169921875,190
2278.192138671875,23,24,0,1364.8524169921875,32
1931.841064453125,0,28,0,1665.22119140625,92
1931.841064453125,1,33,2,1918.8232421875,158
1931.841064453125,1,31,1,1819.703857421875,100
1931.841064453125,1,27,0,1594.0985107421875,54
1931.841064453125,1,31,0,1828.415771484375,108
1931.841064453125,2,33,1,1918.8232421875,104
1931.841064453125,1,28,0,1652.06982421875,69
1931.841064453125,13,30,1,1759.49169921875,95
2072.5478515625,6,31,2,1718.17529296875,90
2072.5478515625,1,38,3,2060.48095703125,180
2072.5478515625,4,30,0,1660.8074951171875,71
2072.5478515625,0,38,1,2059.37939453125,162
2072.5478515625,0,33,0,1809.8243408203125,116
2072.5478515625,3,33,1,1810.4752197265625,118
2072.5478515625,4,21,0,1147.80712890625,11
2072.5478515625,0,28,0,1570.5826416015625,47
2187.485595703125,0,37,1,2171.263427734375,143
2187.485595703125,1,33,2,1962.1607666015625,100
2187.485595703125,1,27,0,1616.9619140625,59
2187.485595703125,13,28,0,1688.5775146484375,68
2187.485595703125,10,33,0,1968.7198486328125,113
2187.485595703125,1,37,3,2174.36767578125,165
2187.485595703125,39,31,0,1866.88134765625,83
2187.485595703125,9,28,0,1683.470458984375,64
2240.40673828125,0,30,0,1770.4202880859375,72
2240.40673828125,0,33,0,1947.14599609375,94
2240.40673828125,1,28,0,1674.801025390625,65
2240.40673828125,4,38,4,2227.825439453125,155
2240.40673828125,2,38,1,2227.825439453125,155
2240.40673828125,5,37,2,2169.55712890625,153
2240.40673828125,50,31,0,1844.41796875,70
2240.40673828125,7,30,0,1777.279541015625,68
2202.533935546875,7,27,0,1643.430908203125,40
2202.533935546875,44,30,1,1810.0833740234373,73
2202.533935546875,1,28,0,1711.1151123046875,61
2202.533935546875,0,35,0,2113.3583984375,109
2202.533935546875,8,37,1,2189.361328125,136
2202.533935546875,4,24,0,1484.228271484375,28
2202.533935546875,1,34,1,2047.4547119140625,105
2202.533935546875,51,37,3,2189.361328125,211
1938.944091796875,51,28,0,1605.605224609375,71
1938.944091796875,1,33,0,1864.6229248046875,99
1938.944091796875,49,33,1,1871.2344970703125,99
1938.944091796875,1,34,2,1926.4371337890625,125
1938.944091796875,24,31,0,1769.925537109375,77
1938.944091796875,0,30,0,1705.5152587890625,84
1938.944091796875,0,30,0,1707.267578125,81
1938.944091796875,84,34,3,1926.4371337890625,171
2148.445068359375,51,28,0,1616.780517578125,69
2148.445068359375,3,30,0,1711.28076171875,74
2148.445068359375,1,27,0,1537.201171875,55
2148.445068359375,9,38,2,2135.2734375,198
2148.445068359375,0,38,1,2135.2734375,140
2148.445068359375,1,33,0,1871.5863037109373,85
2148.445068359375,1,34,2,1929.5986328125,122
2148.445068359375,1,28,0,1616.9307861328125,62
2071.439453125,11,28,1,1601.9825439453125,64
2071.439453125,7,35,2,1978.99951171875,115
2071.439453125,0,34,0,1917.4788818359373,117
2071.439453125,0,37,1,2058.26025390625,118
2071.439453125,0,34,0,1917.9295654296875,97
2071.439453125,2,20,0,1103.31494140625,0
2071.439453125,52,37,1,2058.26025390625,179
2071.439453125,2,30,1,1698.8731689453125,76
2361.318359375,0,26,0,1563.2979736328125,26
2361.318359375,1,28,0,1687.7896728515625,62
2361.318359375,0,31,0,1838.603759765625,84
2361.318359375,21,28,0,1688.0399169921875,74
2361.318359375,7,30,1,1776.8897705078125,85
2361.318359375,1,26,0,1564.2994384765625,49
2361.318359375,35,41,4,2348.80126953125,196
2361.318359375,1,41,2,2348.80126953125,238
2282.862548828125,5,33,0,1893.784912109375,101
2282.862548828125,1,34,0,1961.417724609375,126
2282.862548828125,1,34,0,1956.7615966796875,100
2282.862548828125,1,40,3,2264.838134765625,151
2282.862548828125,50,28,0,1643.327392578125,60
2282.862548828125,0,26,0,1501.417724609375,37
2282.862548828125,0,28,0,1639.52197265625,89
2282.862548828125,1,40,4,2269.69482421875,203
1995.1468505859373,0,30,0,1703.5255126953125,78
1995.1468505859373,4,26,0,1484.415771484375,35
1995.1468505859373,0,28,0,1615.7459716796875,56
1995.1468505859373,20,35,3,1982.429443359375,142
1995.1468505859373,1,30,0,1719.747802734375,68
1995.1468505859373,3,35,4,1982.429443359375,191
1995.1468505859373,1,33,1,1871.21533203125,98
1995.1468505859373,0,34,0,1923.2613525390625,101
2126.360107421875,59,37,1,2053.638671875,144
2126.360107421875,25,28,0,1603.9638671875,61
2126.360107421875,3,27,0,1547.0125732421875,38
2126.360107421875,2,38,2,2108.635986328125,168
2126.360107421875,1,27,0,1548.764892578125,45
2126.360107421875,2,38,1,2113.1923828125,194
2126.360107421875,3,27,0,1545.9111328125,57
2126.360107421875,0,34,1,1915.45068359375,116
2369.947998046875,1,33,0,1939.8316650390625,92
2369.947998046875,1,41,1,2357.080078125,146
2369.947998046875,0,31,0,1841.96142578125,72
2369.947998046875,1,33,0,1939.281005859375,77
2369.947998046875,2,33,0,1936.5775146484373,96
2369.947998046875,1,38,1,2204.118408203125,138
2369.947998046875,2,41,4,2357.080078125,199
2369.947998046875,0,21,0,1207.8641357421875,5
2122.403564453125,1,30,1,1683.490966796875,74
2122.403564453125,3,24,0,1363.8275146484375,14
2122.403564453125,2,33,0,1846.8946533203125,100
2122.403564453125,1,26,1,1460.4403076171875,50
2122.403564453125,0,38,3,2109.235595703125,149
2122.403564453125,1,38,1,2109.235595703125,199
2122.403564453125,1,34,1,1911.0523681640625,124
2122.403564453125,0,31,0,1743.466552734375,103
2117.99462890625,1,33,1,1908.9149169921875,103
2117.99462890625,0,23,0,1350.7545166015625,20
2117.99462890625,7,28,1,1607.7630615234375,59
2117.99462890625,2,37,2,2104.926513671875,188
2117.99462890625,0,33,1,1906.7117919921875,76
2117.99462890625,1,37,1,2104.926513671875,137
2117.99462890625,22,33,0,1905.3599853515625,95
2117.99462890625,2,27,0,1601.32275390625,50
2205.736083984375,1,28,1,1703.2281494140625,44
2205.736083984375,2,35,0,2092.414306640625,143
2205.736083984375,0,24,0,1456.0625,23
2205.736083984375,21,28,0,1714.042724609375,65
2205.736083984375,4,34,1,2036.375,137
2205.736083984375,0,38,2,2192.550048828125,186
2205.736083984375,4,23,0,1351.2730712890625,24
2205.736083984375,0,38,1,2192.550048828125,172
2319.3759765625,54,24,0,1367.678466796875,43
2319.3759765625,0,28,0,1611.7967529296875,59
2319.3759765625,0,30,0,1703.46533203125,87
2319.3759765625,0,23,0,1271.349365234375,20
2319.3759765625,1,38,0,2132.27294921875,151
2319.3759765625,13,41,3,2306.20751953125,187
2319.3759765625,5,28,1,1619.306884765625,75
2319.3759765625,27,41,3,2305.156005859375,187
1814.8907470703125,18,33,4,1802.273681640625,135
1814.8907470703125,3,33,1,1797.06689453125,111
1814.8907470703125,5,28,0,1548.3594970703125,67
1814.8907470703125,10,28,0,1545.9058837890625,72
1814.8907470703125,0,30,0,1641.8387451171875,89
1814.8907470703125,33,33,1,1800.7716064453125,139
1814.8907470703125,4,31,0,1695.788330078125,91
1814.8907470703125,61,30,0,1644.1419677734375,82
2316.5712890625,7,40,2,2303.404541015625,205
2316.5712890625,0,30,0,1773.1361083984375,79
2316.5712890625,0,28,0,1686.8240966796875,65
2316.5712890625,1,27,0,1620.662353515625,50
2316.5712890625,1,28,0,1681.6673583984375,52
2316.5712890625,2,31,1,1836.4632568359373,101
2316.5712890625,0,27,0,1608.6092529296875,52
2316.5712890625,1,40,3,2301.902587890625,201
2128.525634765625,2,37,3,2116.109375,202
2128.525634765625,0,28,0,1667.5418701171875,78
2128.525634765625,1,37,2,2114.857666015625,169
2128.525634765625,51,34,1,1968.96337890625,122
2128.525634765625,2,26,0,1540.3619384765625,50
2128.525634765625,41,34,1,1976.0726318359373,128
2128.525634765625,0,26,0,1546.36962890625,45
2128.525634765625,5,26,0,1538.8599853515625,46
2446.821044921875,0,28,0,1769.8753662109375,60
2446.821044921875,1,40,2,2433.653076171875,172
2446.821044921875,0,30,1,1884.4908447265625,82
2446.821044921875,3,31,1,1939.46337890625,64
2446.821044921875,0,31,1,1968.55224609375,77
2446.821044921875,6,40,3,2433.653076171875,238
2446.821044921875,1,26,0,1601.7979736328125,46
2446.821044921875,0,28,0,1761.0955810546875,62
2025.900390625,5,31,0,1845.62255859375,84
2025.900390625,11,27,0,1611.1524658203125,45
2025.900390625,7,27,0,1611.452880859375,57
2025.900390625,12,33,0,1946.10693359375,104
2025.900390625,1,34,1,2010.829833984375,115
2025.900390625,1,34,4,2013.533447265625,164
2025.900390625,3,34,1,2008.37646484375,127
2025.900390625,1,28,0,1686.669921875,76
2273.706787109375,0,28,0,1692.9736328125,58
2273.706787109375,0,35,0,2113.888671875,120
2273.706787109375,0,35,0,2125.90673828125,125
2273.706787109375,3,38,2,2261.239013671875,176
2273.706787109375,1,33,1,1970.180419921875,89
2273.706787109375,4,38,3,2261.239013671875,148
2273.706787109375,21,27,0,1623.6778564453125,44
2273.706787109375,0,28,0,1696.0279541015625,54
2146.65185546875,2,33,0,1864.8936767578125,88
2146.65185546875,0,38,3,2133.63427734375,174
2146.65185546875,0,34,1,1926.6064453125,108
2146.65185546875,1,23,0,1270.857666015625,25
2146.65185546875,18,38,1,2133.63427734375,159
2146.65185546875,1,31,0,1762.494384765625,81
2146.65185546875,0,31,0,1773.7095947265625,86
2146.65185546875,0,28,0,1570.6248779296875,64
2240.058837890625,1,27,0,1556.7789306640625,53
2240.058837890625,3,30,0,1720.645263671875,52
2240.058837890625,3,35,3,1999.925537109375,120
2240.058837890625,2,40,1,2226.937255859375,204
2240.058837890625,1,26,0,1497.0029296875,32
2240.058837890625,39,33,1,1879.3480224609373,97
2240.058837890625,0,31,0,1782.7218017578125,68
2240.058837890625,3,40,1,2226.937255859375,167
2302.493896484375,0,24,0,1447.267578125,37
2302.493896484375,14,40,2,2289.325927734375,177
2302.493896484375,1,40,1,2288.172607421875,158
2302.493896484375,12,35,0,2052.589599609375,132
2302.493896484375,1,27,0,1614.753662109375,51
2302.493896484375,35,35,2,2057.646484375,124
2302.493896484375,1,33,1,1936.5321044921875,96
2302.493896484375,0,27,0,1620.160888671875,54
2196.641357421875,0,28,0,1689.2215576171875,65
2196.641357421875,2,28,0,1692.676025390625,62
2196.641357421875,0,34,1,2027.4649658203125,110
2196.641357421875,1,37,1,2183.473388671875,139
2196.641357421875,0,35,2,2093.0302734375,118
2196.641357421875,1,37,2,2183.473388671875,155
2196.641357421875,11,34,0,2025.51220703125,107
2196.641357421875,51,28,0,1695.12939453125,70
2150.038330078125,3,38,2,2137.421875,176
2150.038330078125,2,34,1,1931.2489013671875,99
2150.038330078125,0,30,0,1703.9114990234375,66
2150.038330078125,0,38,1,2137.421875,165
2150.038330078125,4,28,1,1611.1324462890625,63
2150.038330078125,34,30,0,1699.4056396484375,91
2150.038330078125,2,24,0,1394.6004638671875,18
2150.038330078125,2,35,1,1994.8592529296875,136
2186.333251953125,3,27,0,1557.603271484375,54
2186.333251953125,44,26,0,1490.3421630859375,34
2186.333251953125,3,23,0,1277.701416015625,19
2186.333251953125,1,37,0,2121.35107421875,150
2186.333251953125,17,38,1,2173.165283203125,155
2186.333251953125,37,28,1,1626.810791015625,67
2186.333251953125,6,38,5,2173.165283203125,186
2186.333251953125,1,33,0,1887.8822021484373,117
2130.958740234375,34,28,0,1642.5435791015625,61
2130.958740234375,2,31,1,1800.158203125,65
2130.958740234375,9,30,0,1727.87646484375,77
2130.958740234375,28,26,0,1502.0499267578125,50
2130.958740234375,0,35,1,2036.0252685546875,131
2130.958740234375,0,30,0,1726.8751220703125,79
2130.958740234375,1,37,2,2117.791015625,178
2130.958740234375,1,37,3,2117.791015625,141
2111.95849609375,10,34,2,1962.5831298828125,130
2111.95849609375,20,24,0,1389.71484375,27
2111.95849609375,39,31,0,1799.1953125,85
2111.95849609375,1,21,0,1164.4354248046875,9
2111.95849609375,28,33,1,1889.39599609375,110
2111.95849609375,2,37,4,2098.7548828125,201
2111.95849609375,5,37,1,2098.7548828125,144
2111.95849609375,1,34,0,1970.2933349609373,117
2227.528564453125,3,30,0,1782.324951171875,71
2227.528564453125,11,30,0,1789.6846923828125,71
2227.528564453125,31,31,1,1853.5577392578125,79
2227.528564453125,0,28,0,1668.990234375,50
2227.528564453125,1,35,1,2073.752197265625,143
2227.528564453125,2,38,3,2214.821044921875,184
2227.528564453125,9,38,1,2214.821044921875,150
2227.528564453125,5,30,0,1783.02587890625,66
2388.429931640625,1,30,0,1781.9110107421875,70
2388.429931640625,2,41,1,2373.8525390625,173
2388.429931640625,3,26,0,1554.76806640625,30
2388.429931640625,48,33,0,1940.18896484375,111
2388.429931640625,15,41,4,2375.25439453125,195
2388.429931640625,0,28,1,1687.498779296875,60
2388.429931640625,0,23,0,1361.6981201171875,26
2388.429931640625,14,38,2,2220.64208984375,150
2296.87841796875,5,40,1,2283.711181640625,146
2296.87841796875,3,28,0,1646.7633056640625,69
2296.87841796875,0,31,1,1815.5277099609373,90
2296.87841796875,29,37,1,2134.5986328125,142
2296.87841796875,1,30,0,1748.9710693359375,68
2296.87841796875,1,31,0,1818.53173828125,82
2296.87841796875,1,27,0,1586.716796875,54
2296.87841796875,2,40,5,2283.711181640625,176
2248.0390625,27,30,0,1730.640625,66
2248.0390625,14,28,0,1634.758544921875,69
2248.0390625,2,34,0,1961.7567138671875,117
2248.0390625,1,23,0,1308.8531494140625,19
2248.0390625,50,34,1,1954.3470458984373,99
2248.0390625,52,40,4,2234.84326171875,238
2248.0390625,0,24,0,1396.230224609375,22
2248.0390625,1,40,2,2234.84326171875,177
2195.474365234375,0,35,0,1951.74365234375,117
2195.474365234375,3,23,0,1262.548095703125,16
2195.474365234375,0,37,1,2040.4261474609373,130
2195.474365234375,1,40,2,2182.302978515625,169
2195.474365234375,4,27,0,1510.858154296875,40
2195.474365234375,3,35,0,1961.456787109375,98
2195.474365234375,0,31,1,1726.8983154296875,76
2195.474365234375,2,40,4,2182.302978515625,230
2178.453125,1,31,1,1849.4615478515625,82
2178.453125,40,33,1,1945.03076171875,96
2178.453125,1,37,2,2165.88427734375,186
2178.453125,0,37,3,2165.88427734375,142
2178.453125,0,30,0,1788.9808349609375,80
2178.453125,5,31,0,1854.0677490234373,84
2178.453125,1,30,0,1787.52880859375,83
2178.453125,3,33,0,1957.3975830078125,101
2120.82763671875,0,31,0,1808.5740966796875,77
2120.82763671875,1,37,3,2107.65966796875,162
2120.82763671875,2,33,0,1904.421875,85
2120.82763671875,0,37,3,2107.65966796875,139
2120.82763671875,55,35,1,1987.27978515625,134
2120.82763671875,3,34,0,1978.7652587890625,98
2120.82763671875,0,30,0,1742.7540283203125,70
2120.82763671875,0,31,0,1811.978515625,85
2203.332763671875,1,23,0,1281.331298828125,26
2203.332763671875,1,40,1,2190.16455078125,167
2203.332763671875,1,30,0,1689.270751953125,89
2203.332763671875,0,33,0,1851.8321533203125,98
2203.332763671875,54,28,0,1594.2120361328125,78
2203.332763671875,1,35,3,1969.467041015625,140
2203.332763671875,0,23,0,1276.2242431640625,26
2203.332763671875,2,40,4,2190.16455078125,215
2090.635009765625,3,34,0,1943.437744140625,115
2090.635009765625,1,31,0,1791.6385498046875,69
2090.635009765625,1,30,0,1725.178466796875,71
2090.635009765625,1,28,0,1627.0235595703125,49
2090.635009765625,1,37,2,2077.916748046875,158
2090.635009765625,0,34,1,1940.5833740234373,99
2090.635009765625,2,37,2,2077.365966796875,156
2090.635009765625,1,34,2,1940.933837890625,122
2146.71923828125,0,28,0,1668.3052978515625,58
2146.71923828125,1,30,0,1764.7266845703125,74
2146.71923828125,0,27,0,1605.2772216796875,70
2146.71923828125,1,34,1,1986.4326171875,139
2146.71923828125,2,37,4,2133.551025390625,171
2146.71923828125,5,28,0,1669.60693359375,70
2146.71923828125,0,28,0,1676.3306884765625,46
2146.71923828125,0,37,2,2130.697265625,155
2038.211181640625,1,35,3,2025.2427978515625,153
2038.211181640625,1,30,0,1745.7557373046875,56
2038.211181640625,1,26,0,1516.5440673828125,34
2038.211181640625,10,33,0,1909.8648681640625,74
2038.211181640625,45,35,2,2025.2427978515625,199
2038.211181640625,0,31,0,1811.8466796875,88
2038.211181640625,1,28,1,1644.7213134765625,67
2038.211181640625,8,34,1,1969.5147705078125,105
2108.248291015625,2,33,1,1871.503173828125,81
2108.248291015625,4,37,1,2095.02880859375,125
2108.248291015625,3,33,0,1873.505859375,73
2108.248291015625,0,21,0,1146.635009765625,25
2108.248291015625,6,37,2,2095.02880859375,163
2108.248291015625,16,28,0,1612.890625,47
2108.248291015625,3,35,1,1996.027587890625,141
2108.248291015625,18,35,1,2009.74658203125,133
2168.39404296875,13,27,0,1646.3232421875,51
2168.39404296875,10,35,1,2071.960693359375,143
2168.39404296875,30,30,1,1795.3468017578125,83
2168.39404296875,4,26,0,1582.5413818359375,47
2168.39404296875,1,37,2,2155.226318359375,176
2168.39404296875,0,33,1,1951.7215576171875,84
2168.39404296875,4,28,0,1661.7799072265625,62
2168.39404296875,1,37,0,2155.226318359375,142
2431.83984375,1,41,3,2417.76904296875,161
2431.83984375,1,26,0,1544.39404296875,43
2431.83984375,1,41,3,2419.7216796875,198
2431.83984375,5,33,0,1956.228759765625,89
2431.83984375,1,37,1,2179.103271484375,132
2431.83984375,23,33,0,1966.199951171875,100
2431.83984375,1,27,0,1623.266357421875,32
2431.83984375,12,31,0,1862.51220703125,79
2235.550537109375,40,35,1,2073.260498046875,118
2235.550537109375,3,38,3,2222.382080078125,167
2235.550537109375,0,38,1,2221.831298828125,154
2235.550537109375,1,34,1,2007.8116455078125,114
2235.550537109375,1,34,2,2008.6126708984373,106
2235.550537109375,4,33,0,1933.6192626953125,102
2235.550537109375,0,27,0,1599.0736083984375,48
2235.550537109375,0,27,0,1596.87060546875,61
2053.157958984375,1,27,0,1592.6148681640625,48
2053.157958984375,1,35,2,2039.9903564453125,197
2053.157958984375,0,30,0,1756.4971923828125,70
2053.157958984375,9,34,2,1974.614501953125,109
2053.157958984375,0,28,1,1652.8729248046875,60
2053.157958984375,0,35,1,2039.9903564453125,122
2053.157958984375,0,27,0,1582.5015869140625,52
2053.157958984375,0,34,0,1977.26806640625,110
2181.959716796875,18,31,0,1872.52099609375,73
2181.959716796875,2,34,1,2037.703857421875,102
2181.959716796875,2,31,0,1871.77001953125,76
2181.959716796875,3,33,0,1970.90576171875,89
2181.959716796875,10,28,0,1690.5164794921875,51
2181.959716796875,2,37,3,2168.792724609375,201
2181.959716796875,0,35,2,2096.212890625,125
2181.959716796875,25,37,1,2168.792724609375,120
2328.579345703125,0,33,0,1949.306396484375,96
2328.579345703125,0,40,2,2313.65673828125,154
2328.579345703125,0,33,1,1945.90185546875,97
2328.579345703125,0,24,0,1442.9549560546875,39
2328.579345703125,3,40,2,2315.4091796875,179
2328.579345703125,0,28,0,1694.111572265625,81
2328.579345703125,0,40,1,2309.95166015625,126
2328.579345703125,25,26,0,1553.6343994140625,33
2324.074462890625,45,37,2,2093.156005859375,111
2324.074462890625,2,40,1,2249.973876953125,155
2324.074462890625,4,34,0,1940.06982421875,105
2324.074462890625,6,41,1,2311.907958984375,190
2324.074462890625,0,27,0,1546.908203125,41
2324.074462890625,41,28,1,1620.046142578125,50
2324.074462890625,50,24,0,1394.3441162109375,15
2324.074462890625,1,41,2,2310.806396484375,172
2104.894775390625,1,34,2,1955.9825439453125,116
2104.894775390625,30,23,0,1322.1949462890625,17
2104.894775390625,5,37,1,2091.726806640625,175
2104.894775390625,1,37,1,2091.726806640625,147
2104.894775390625,3,31,0,1799.7352294921875,80
2104.894775390625,0,35,1,2017.61083984375,121
2104.894775390625,1,30,1,1738.7962646484375,71
2104.894775390625,0,27,0,1589.8016357421875,59
2192.0166015625,12,30,1,1742.1895751953125,77
2192.0166015625,1,31,1,1808.2449951171875,77
2192.0166015625,6,38,1,2179.29931640625,163
2192.0166015625,2,38,3,2179.29931640625,180
2192.0166015625,2,30,0,1738.8150634765625,70
2192.0166015625,0,37,0,2112.08056640625,118
2192.0166015625,4,28,0,1647.18017578125,62
2192.0166015625,9,28,0,1641.2060546875,60
2428.21826171875,40,38,1,2320.771728515625,149
2428.21826171875,1,28,0,1741.460205078125,71
2428.21826171875,4,27,0,1676.7977294921875,55
2428.21826171875,2,27,0,1684.9595947265625,46
2428.21826171875,6,40,2,2415.050048828125,168
2428.21826171875,2,30,0,1846.27685546875,59
2428.21826171875,5,31,1,1943.840576171875,94
2428.21826171875,9,40,3,2415.050048828125,175
2196.70947265625,0,38,2,2181.088134765625,166
2196.70947265625,2,38,1,2183.541259765625,163
2196.70947265625,4,27,0,1563.1549072265625,40
2196.70947265625,0,28,0,1622.5404052734375,51
2196.70947265625,1,31,1,1782.29443359375,83
2196.70947265625,4,30,0,1716.381103515625,59
2196.70947265625,0,34,0,1968.0665283203125,126
2196.70947265625,0,35,1,2040.9151611328125,126
2001.0296630859373,18,34,1,1920.9593505859373,104
2001.0296630859373,1,33,1,1854.60400390625,99
2001.0296630859373,0,28,0,1611.1900634765625,64
2001.0296630859373,8,35,1,1988.4124755859373,130
2001.0296630859373,2,35,3,1988.4124755859373,172
2001.0296630859373,22,34,2,1920.008056640625,114
2001.0296630859373,1,31,0,1755.960693359375,91
2001.0296630859373,1,26,0,1488.429443359375,46
1911.3690185546875,2,34,2,1899.202392578125,197
1911.3690185546875,8,34,0,1893.4447021484373,124
1911.3690185546875,2,33,2,1838.451171875,97
1911.3690185546875,45,28,0,1593.696533203125,70
1911.3690185546875,9,34,2,1898.1510009765625,124
1911.3690185546875,7,28,0,1601.75732421875,72
1911.3690185546875,2,23,0,1284.548095703125,11
1911.3690185546875,4,28,0,1595.2987060546875,57
2352.28125,1,33,0,1970.2364501953125,91
2352.28125,0,40,2,2339.423583984375,154
2352.28125,0,31,0,1864.7509765625,96
2352.28125,0,35,0,2096.02734375,98
2352.28125,1,30,0,1799.0462646484375,62
2352.28125,1,27,0,1639.7730712890625,46
2352.28125,0,34,1,2028.7103271484373,94
2352.28125,46,40,4,2339.423583984375,180
2168.076904296875,1,31,0,1840.69873046875,90
2168.076904296875,1,37,1,2155.86083984375,152
2168.076904296875,12,33,0,1940.5494384765625,86
2168.076904296875,0,35,2,2071.13916015625,108
2168.076904296875,23,33,1,1950.01171875,95
2168.076904296875,1,33,1,1938.29638671875,103
2168.076904296875,1,37,2,2155.86083984375,152
2168.076904296875,0,31,0,1825.2744140625,68
2101.8271484375,1,34,1,1951.8465576171875,132
2101.8271484375,35,30,0,1733.0736083984375,68
2101.8271484375,49,33,1,1895.7890625,94
2101.8271484375,1,37,3,2088.658935546875,152
2101.8271484375,1,30,0,1734.625732421875,76
2101.8271484375,30,24,0,1412.6717529296875,30
2101.8271484375,32,37,2,2088.658935546875,170
2101.8271484375,1,30,0,1746.095458984375,81
2239.82568359375,2,35,1,2074.838623046875,130
2239.82568359375,2,38,2,2226.80859375,156
2239.82568359375,0,33,1,1941.3426513671875,87
2239.82568359375,0,37,1,2163.3427734375,143
2239.82568359375,11,38,2,2226.80859375,146
2239.82568359375,1,28,0,1681.5400390625,56
2239.82568359375,10,28,0,1679.3870849609375,72
2239.82568359375,53,26,0,1521.5506591796875,36
2376.218505859375,42,37,0,2153.857177734375,115
2376.218505859375,42,26,0,1526.669921875,45
2376.218505859375,0,33,1,1943.4805908203125,88
2376.218505859375,3,41,3,2363.300048828125,222
2376.218505859375,0,41,1,2361.99853515625,186
2376.218505859375,3,33,1,1934.9188232421875,104
2376.218505859375,14,26,0,1540.0889892578125,37
2376.218505859375,1,24,0,1427.72265625,29
1928.4278564453125,0,35,1,1915.29296875,143
1928.4278564453125,0,28,0,1572.1876220703125,71
1928.4278564453125,1,35,1,1915.29296875,157
1928.4278564453125,1,27,0,1503.7796630859375,46
1928.4278564453125,28,31,0,1731.1048583984375,97
1928.4278564453125,1,34,2,1896.179443359375,111
1928.4278564453125,20,28,0,1574.1983642578125,64
1928.4278564453125,39,33,0,1830.8126220703125,94
2058.5390625,17,33,1,1925.7388916015625,113
2058.5390625,1,35,1,2045.371337890625,138
2058.5390625,1,35,3,2045.371337890625,183
2058.5390625,20,28,0,1664.817138671875,53
2058.5390625,7,26,0,1529.124755859375,32
2058.5390625,0,31,1,1814.7550048828125,65
2058.5390625,1,33,0,1920.13134765625,91
2058.5390625,30,31,0,1827.2718505859373,89
2375.022705078125,44,30,1,1818.022705078125,69
2375.022705078125,2,33,0,1981.5218505859373,106
2375.022705078125,1,33,1,1978.8563232421875,100
2375.022705078125,2,34,0,2049.4013671875,85
2375.022705078125,30,28,0,1721.0172119140625,62
2375.022705078125,15,40,3,2361.854248046875,179
2375.022705078125,4,40,2,2357.698486328125,159
2375.022705078125,0,30,0,1813.3541259765625,73
2128.490234375,34,37,0,2115.422119140625,143
2128.490234375,62,37,2,2104.4072265625,143
2128.490234375,23,28,1,1692.64404296875,58
2128.490234375,49,26,0,1555.4066162109375,26
2128.490234375,0,37,0,2115.422119140625,179
2128.490234375,3,28,0,1678.1654052734375,57
2128.490234375,21,34,1,2006.097412109375,102
2128.490234375,0,30,0,1779.8990478515625,51
2329.330322265625,1,24,0,1408.0228271484375,33
2329.330322265625,0,34,1,1960.226806640625,87
2329.330322265625,0,38,1,2202.357421875,152
2329.330322265625,1,41,3,2316.40966796875,191
2329.330322265625,0,26,0,1514.71728515625,43
2329.330322265625,2,33,0,1899.7100830078125,95
2329.330322265625,1,27,0,1575.8951416015625,46
2329.330322265625,1,41,1,2316.40966796875,151
2204.302001953125,1,34,0,2041.7186279296875,90
2204.302001953125,0,34,1,2043.52099609375,124
2204.302001953125,0,37,1,2191.879638671875,151
2204.302001953125,0,31,1,1873.5313720703125,100
2204.302001953125,1,37,3,2191.879638671875,142
2204.302001953125,20,20,0,1079.2489013671875,7
2204.302001953125,0,34,0,2035.206787109375,95
2204.302001953125,2,30,0,1797.0224609375,70
2309.817626953125,0,27,0,1592.236572265625,42
2309.817626953125,2,40,2,2296.650634765625,190
2309.817626953125,1,37,0,2129.877197265625,150
2309.817626953125,3,33,1,1923.19384765625,86
2309.817626953125,8,28,0,1657.2462158203125,51
2309.817626953125,2,28,0,1653.441162109375,59
2309.817626953125,1,40,1,2292.645263671875,160
2309.817626953125,0,34,2,1987.1947021484373,107
2290.256591796875,1,26,0,1581.626220703125,31
2290.256591796875,2,40,3,2277.0888671875,187
2290.256591796875,3,30,0,1749.525146484375,115
2290.256591796875,1,29,0,1721.65185546875,62
2290.256591796875,9,27,0,1640.3731689453125,37
2290.256591796875,0,40,0,2277.0888671875,138
2290.256591796875,3,34,2,1999.9307861328125,118
2290.256591796875,50,28,0,1707.2557373046875,68
2123.552001953125,1,38,1,2110.384033203125,138
2123.552001953125,2,38,3,2110.384033203125,225
2123.552001953125,35,26,0,1474.610595703125,50
2123.552001953125,1,31,0,1715.7686767578125,104
2123.552001953125,23,28,1,1608.950439453125,62
2123.552001953125,15,30,0,1705.7275390625,72
2123.552001953125,1,34,1,1917.4608154296875,102
2123.552001953125,19,20,0,1099.5086669921875,0
2174.605224609375,1,35,1,2085.56005859375,136
2174.605224609375,4,35,0,2085.56005859375,125
2174.605224609375,1,37,3,2162.22802734375,138
2174.605224609375,0,30,0,1766.8983154296875,81
2174.605224609375,0,27,0,1601.4364013671875,48
2174.605224609375,2,31,1,1836.238037109375,88
2174.605224609375,1,37,1,2162.22802734375,166
2174.605224609375,0,30,0,1780.5810546875,72
2279.3466796875,0,40,1,2264.9775390625,131
2279.3466796875,0,30,0,1744.525634765625,62
2279.3466796875,1,31,0,1815.11474609375,88
2279.3466796875,4,37,2,2117.012451171875,117
2279.3466796875,1,40,3,2266.57958984375,177
2279.3466796875,25,28,0,1650.5364990234375,53
2279.3466796875,1,34,1,1969.2088623046875,106
2279.3466796875,26,34,0,1969.7596435546875,98
2121.83203125,7,38,2,2107.66259765625,152
2121.83203125,5,26,0,1463.1136474609375,37
2121.83203125,0,26,0,1474.716552734375,33
2121.83203125,1,28,0,1558.5167236328125,52
2121.83203125,1,33,0,1846.0223388671875,103
2121.83203125,14,38,1,2104.50830078125,152
2121.83203125,5,38,2,2109.16455078125,160
2121.83203125,1,37,1,2044.5316162109373,146
2000.3189697265625,0,30,0,1693.3291015625,71
2000.3189697265625,53,33,0,1865.307373046875,109
2000.3189697265625,0,27,0,1540.4942626953125,51
2000.3189697265625,0,35,1,1987.0955810546875,140
2000.3189697265625,1,34,1,1928.1285400390625,137
2000.3189697265625,0,31,0,1769.0751953125,89
2000.3189697265625,11,30,0,1691.326416015625,60
2000.3189697265625,5,35,3,1987.1456298828125,152
2223.93603515625,12,31,0,1815.6402587890625,95
2223.93603515625,11,34,0,1973.4361572265625,109
2223.93603515625,0,33,1,1926.837890625,111
2223.93603515625,0,33,0,1920.572265625,107
2223.93603515625,1,38,2,2210.768310546875,169
2223.93603515625,0,27,0,1596.6185302734375,28
2223.93603515625,0,38,3,2210.768310546875,167
2223.93603515625,3,24,0,1418.430419921875,22
2218.395751953125,41,38,2,2205.2275390625,172
2218.395751953125,28,34,2,1994.484619140625,105
2218.395751953125,1,20,0,1127.6629638671875,14
2218.395751953125,1,28,0,1676.1138916015625,67
2218.395751953125,1,35,1,2067.737548828125,86
2218.395751953125,1,33,0,1925.84765625,98
2218.395751953125,0,38,1,2205.2275390625,151
2218.395751953125,0,28,0,1640.4482421875,51
2001.580078125,1,30,0,1688.09619140625,60
2001.580078125,2,35,3,1988.4117431640625,185
2001.580078125,15,30,0,1690.9501953125,66
2001.580078125,0,35,0,1988.4117431640625,105
2001.580078125,1,33,1,1853.2877197265625,128
2001.580078125,4,31,1,1754.4468994140625,78
2001.580078125,2,34,2,1922.773681640625,112
2001.580078125,1,27,0,1531.4307861328125,48
2227.3466796875,0,34,0,2020.1456298828125,89
2227.3466796875,0,28,0,1680.8446044921875,56
2227.3466796875,1,34,0,2017.79248046875,86
2227.3466796875,3,30,0,1773.7220458984375,75
2227.3466796875,0,38,3,2214.274658203125,168
2227.3466796875,1,38,1,2214.274658203125,196
2227.3466796875,0,33,1,1944.612548828125,79
2227.3466796875,2,27,0,1612.6878662109375,37
2309.529541015625,1,27,0,1611.31103515625,57
2309.529541015625,0,30,0,1777.186279296875,70
2309.529541015625,15,40,1,2297.0400390625,176
2309.529541015625,2,33,2,1946.3377685546875,111
2309.529541015625,5,40,2,2295.838623046875,171
2309.529541015625,1,34,0,2010.323974609375,98
2309.529541015625,1,30,0,1781.093505859375,61
2309.529541015625,1,33,1,1934.2777099609373,79
2047.2835693359373,3,21,0,1275.5321044921875,17
2047.2835693359373,9,27,1,1660.915771484375,61
2047.2835693359373,29,34,0,2034.9161376953125,122
2047.2835693359373,53,30,0,1822.151123046875,68
2047.2835693359373,1,30,0,1810.4840087890625,89
2047.2835693359373,53,33,1,1976.24462890625,111
2047.2835693359373,14,34,3,2034.9161376953125,181
2047.2835693359373,0,27,0,1653.75244140625,59
2157.647216796875,1,30,0,1822.84375,71
2157.647216796875,3,28,0,1722.495849609375,61
2157.647216796875,0,34,1,2048.64404296875,132
2157.647216796875,0,31,1,1860.8428955078125,90
2157.647216796875,1,31,0,1892.2464599609373,100
2157.647216796875,32,37,1,2145.60986328125,122
2157.647216796875,0,27,0,1659.8563232421875,43
2157.647216796875,4,37,0,2145.60986328125,163
2118.42333984375,2,37,2,2106.306884765625,175
2118.42333984375,0,31,0,1801.5047607421875,95
2118.42333984375,6,26,0,1505.3677978515625,45
2118.42333984375,1,31,0,1806.6614990234373,96
2118.42333984375,0,31,1,1806.31103515625,98
2118.42333984375,1,37,2,2105.005126953125,172
2118.42333984375,1,30,0,1734.063232421875,66
2118.42333984375,29,28,1,1649.862548828125,58
2034.892578125,4,34,2,2021.7210693359373,133
2034.892578125,0,24,0,1416.751220703125,33
2034.892578125,22,32,1,1887.5916748046875,102
2034.892578125,2,34,2,2021.7210693359373,197
2034.892578125,0,30,0,1757.195068359375,85
2034.892578125,40,27,0,1602.0628662109375,59
2034.892578125,0,31,1,1833.7989501953125,99
2034.892578125,1,30,0,1763.75390625,78
1898.901611328125,1,31,1,1787.8978271484375,120
1898.901611328125,9,32,0,1792.432373046875,111
1898.901611328125,0,34,3,1886.8751220703125,130
1898.901611328125,3,28,0,1632.2236328125,64
1898.901611328125,2,30,0,1716.0386962890625,88
1898.901611328125,50,30,0,1722.898193359375,80
1898.901611328125,1,34,1,1886.8751220703125,128
1898.901611328125,20,28,0,1629.5198974609375,63
2113.265380859375,0,31,1,1800.7396240234375,87
2113.265380859375,4,34,1,1961.2149658203125,131
2113.265380859375,1,21,0,1177.389892578125,0
2113.265380859375,2,34,2,1970.6749267578125,106
2113.265380859375,2,27,0,1577.427734375,36
2113.265380859375,1,31,0,1812.6636962890625,92
2113.265380859375,26,37,2,2100.089599609375,200
2113.265380859375,0,37,1,2100.089599609375,148
2078.57373046875,1,34,0,1938.1588134765625,118
2078.57373046875,1,26,0,1472.835693359375,25
2078.57373046875,2,28,0,1621.684814453125,48
2078.57373046875,1,28,0,1621.73486328125,53
2078.57373046875,23,31,1,1779.0518798828125,84
2078.57373046875,6,37,1,2065.400146484375,158
2078.57373046875,1,37,3,2065.400146484375,214
2078.57373046875,1,27,0,1564.6964111328125,66
1964.4285888671875,22,31,0,1796.7193603515625,102
1964.4285888671875,0,31,0,1797.019775390625,84
1964.4285888671875,39,34,3,1951.3587646484373,113
1964.4285888671875,0,31,0,1799.9237060546875,74
1964.4285888671875,40,30,0,1730.52880859375,79
1964.4285888671875,1,34,3,1951.3587646484373,172
1964.4285888671875,1,27,0,1551.466064453125,59
1964.4285888671875,3,33,1,1887.961181640625,102
1988.9114990234373,5,31,0,1754.7957763671875,90
1988.9114990234373,1,31,0,1747.03515625,100
1988.9114990234373,0,35,3,1975.73046875,127
1988.9114990234373,5,35,1,1975.73046875,156
1988.9114990234373,0,34,1,1916.9617919921875,110
1988.9114990234373,1,27,0,1539.448486328125,49
1988.9114990234373,0,33,2,1853.0296630859373,119
1988.9114990234373,0,27,0,1528.883544921875,44
1997.0863037109373,0,34,1,1969.4434814453125,113
1997.0863037109373,1,31,1,1798.3740234375,95
1997.0863037109373,1,28,0,1641.732177734375,67
1997.0863037109373,1,34,1,1982.415283203125,132
1997.0863037109373,1,34,3,1983.917236328125,146
1997.0863037109373,0,28,0,1629.163330078125,62
1997.0863037109373,37,30,0,1728.0179443359375,80
1997.0863037109373,10,33,0,1909.321044921875,123
2295.31591796875,1,27,0,1577.4490966796875,40
2295.31591796875,4,33,0,1914.62890625,98
2295.31591796875,2,28,0,1656.781005859375,70
2295.31591796875,9,31,1,1813.300048828125,84
2295.31591796875,0,40,3,2281.497314453125,168
2295.31591796875,1,33,0,1918.23388671875,103
2295.31591796875,53,28,0,1650.366455078125,67
2295.31591796875,1,40,3,2283.19970703125,187
2144.764892578125,36,33,1,1894.5347900390625,99
2144.764892578125,3,30,0,1725.8114013671875,86
2144.764892578125,0,33,0,1901.894775390625,81
2144.764892578125,50,15,0,783.7515869140625,10
2144.764892578125,5,37,2,2131.5966796875,157
2144.764892578125,3,31,0,1781.75634765625,61
2144.764892578125,1,37,2,2131.5966796875,146
2144.764892578125,53,28,0,1623.330810546875,57
2189.873046875,3,31,0,1837.2386474609373,69
2189.873046875,1,34,1,2030.7021484375,118
2189.873046875,4,33,0,1967.0927734375,104
2189.873046875,3,30,1,1781.0941162109375,69
2189.873046875,4,31,0,1842.2957763671875,71
2189.873046875,2,37,1,2177.0,172
2189.873046875,1,28,0,1666.074462890625,54
2189.873046875,1,37,3,2177.0,138
2054.1484375,0,30,0,1675.9241943359375,90
2054.1484375,0,30,0,1676.8753662109375,57
2054.1484375,13,37,1,2040.9805908203125,121
2054.1484375,0,35,2,1963.3438720703125,143
2054.1484375,0,31,0,1734.2803955078125,94
2054.1484375,1,30,0,1677.976806640625,69
2054.1484375,0,37,3,2039.779052734375,147
2054.1484375,0,31,1,1735.48193359375,94
2306.879150390625,60,34,3,1933.707763671875,128
2306.879150390625,0,33,1,1877.9124755859373,109
2306.879150390625,1,30,0,1720.7674560546875,74
2306.879150390625,6,41,2,2293.71142578125,191
2306.879150390625,0,37,0,2076.08203125,106
2306.879150390625,0,41,2,2293.561279296875,175
2306.879150390625,8,27,0,1571.337646484375,44
2306.879150390625,1,27,0,1567.031982421875,43
2251.446533203125,1,38,2,2238.278564453125,139
2251.446533203125,1,37,2,2180.970458984375,137
2251.446533203125,0,38,4,2237.076904296875,163
2251.446533203125,1,26,0,1567.9207763671875,53
2251.446533203125,3,31,0,1858.9453125,99
2251.446533203125,50,30,1,1792.1749267578125,77
2251.446533203125,31,28,0,1701.0755615234375,73
2251.446533203125,1,30,0,1802.9893798828125,84
2404.8994140625,3,31,0,1840.3079833984373,89
2404.8994140625,1,35,2,2066.7373046875,103
2404.8994140625,0,37,1,2161.21875,128
2404.8994140625,19,21,0,1194.0048828125,10
2404.8994140625,2,41,4,2391.726806640625,246
2404.8994140625,1,27,0,1587.3836669921875,40
2404.8994140625,0,24,0,1408.9510498046875,20
2404.8994140625,1,41,0,2391.726806640625,145
2290.092529296875,0,35,2,2051.796630859375,146
2290.092529296875,8,40,2,2277.251220703125,172
2290.092529296875,0,27,0,1588.6397705078125,57
2290.092529296875,1,24,0,1403.5557861328125,24
2290.092529296875,53,31,0,1835.5413818359373,82
2290.092529296875,1,40,2,2277.251220703125,182
2290.092529296875,10,28,0,1660.419189453125,67
2290.092529296875,0,31,0,1825.377685546875,91
2012.057861328125,0,30,0,1782.8155517578125,69
2012.057861328125,0,30,0,1773.9530029296875,75
2012.057861328125,1,33,2,1937.77880859375,103
2012.057861328125,1,27,0,1618.5279541015625,55
2012.057861328125,9,34,2,1998.8612060546875,110
2012.057861328125,0,28,0,1691.358642578125,66
2012.057861328125,23,30,0,1787.1717529296875,84
2012.057861328125,23,34,3,1998.8612060546875,190
1925.388427734375,0,28,0,1595.598388671875,52
1925.388427734375,49,34,1,1909.1668701171875,139
1925.388427734375,0,33,2,1855.441162109375,106
1925.388427734375,8,34,0,1912.0706787109373,153
1925.388427734375,0,30,0,1685.4718017578125,71
1925.388427734375,1,27,0,1529.30029296875,50
1925.388427734375,2,28,0,1602.8580322265625,63
1925.388427734375,1,34,2,1912.2208251953125,155
2121.62939453125,35,31,1,1848.464111328125,93
2121.62939453125,1,34,1,2008.4031982421875,106
2121.62939453125,10,23,0,1342.466796875,7
2121.62939453125,1,33,1,1943.957275390625,106
2121.62939453125,1,27,0,1613.0439453125,37
2121.62939453125,0,37,2,2108.431884765625,152
2121.62939453125,0,37,1,2108.431884765625,167
2121.62939453125,0,31,0,1842.255859375,75
2068.92333984375,1,30,1,1709.1893310546875,66
2068.92333984375,1,37,1,2055.00439453125,165
2068.92333984375,0,30,0,1710.1912841796875,82
2068.92333984375,10,37,2,2055.75537109375,154
2068.92333984375,0,33,0,1856.5235595703125,96
2068.92333984375,42,33,2,1857.5809326171875,131
2068.92333984375,2,26,0,1500.8734130859375,41
2068.92333984375,1,31,1,1770.5814208984375,88
2110.16064453125,2,37,3,2097.5,162
2110.16064453125,1,27,0,1555.312744140625,86
2110.16064453125,0,34,0,1956.0999755859373,113
2110.16064453125,0,37,2,2095.998046875,145
2110.16064453125,1,27,0,1557.365478515625,58
2110.16064453125,1,30,1,1725.6400146484375,87
2110.16064453125,1,26,0,1494.1807861328125,42
2110.16064453125,0,23,0,1264.2259521484375,20
2290.64990234375,1,28,1,1697.4508056640625,68
2290.64990234375,1,38,3,2278.332763671875,176
2290.64990234375,57,35,1,2118.267822265625,145
2290.64990234375,3,23,0,1333.0616455078125,18
2290.64990234375,1,31,0,1863.0390625,94
2290.64990234375,56,35,0,2111.608642578125,125
2290.64990234375,0,38,1,2276.73046875,140
2290.64990234375,2,26,1,1553.3966064453125,44
2226.7431640625,1,34,2,1985.66357421875,127
2226.7431640625,7,23,0,1352.684814453125,20
2226.7431640625,1,26,0,1549.833251953125,41
2226.7431640625,5,38,4,2213.564208984375,170
2226.7431640625,0,28,0,1675.111083984375,56
2226.7431640625,43,28,0,1677.1138916015625,51
2226.7431640625,1,38,1,2212.412841796875,153
2226.7431640625,4,37,0,2140.9345703125,178
2083.226806640625,1,27,0,1555.7921142578125,41
2083.226806640625,36,37,1,2070.06005859375,144
2083.226806640625,0,34,2,1922.80908203125,116
2083.226806640625,2,33,0,1866.03173828125,114
2083.226806640625,2,37,4,2070.06005859375,174
2083.226806640625,4,33,0,1867.53369140625,91
2083.226806640625,24,34,0,1931.620361328125,94
2083.226806640625,53,28,0,1618.2939453125,65
2171.9814453125,5,23,0,1293.6204833984375,59
2171.9814453125,1,35,1,2027.337890625,120
2171.9814453125,20,27,0,1598.6715087890625,36
2171.9814453125,1,30,1,1754.8819580078125,75
2171.9814453125,3,38,2,2157.26123046875,163
2171.9814453125,4,38,1,2158.8134765625,160
2171.9814453125,9,27,1,1589.1083984375,76
2171.9814453125,5,24,0,1412.107421875,32
2120.0322265625,0,38,0,2107.51513671875,137
2120.0322265625,2,26,0,1491.042236328125,41
2120.0322265625,6,31,0,1764.3221435546875,98
2120.0322265625,1,31,0,1763.7213134765625,87
2120.0322265625,4,35,2,1976.4344482421875,137
2120.0322265625,12,38,3,2107.51513671875,190
2120.0322265625,8,30,0,1696.3958740234375,72
2120.0322265625,30,27,1,1550.0296630859375,49
2232.301025390625,4,33,0,1941.7607421875,111
2232.301025390625,52,24,0,1421.273681640625,39
2232.301025390625,1,28,0,1659.192138671875,60
2232.301025390625,0,38,1,2219.10888671875,137
2232.301025390625,3,27,0,1595.866455078125,44
2232.301025390625,0,38,0,2211.497802734375,145
2232.301025390625,55,38,5,2219.10888671875,164
2232.301025390625,1,30,0,1759.0103759765625,84
2228.12060546875,1,37,0,2155.700927734375,139
2228.12060546875,10,27,1,1595.033203125,50
2228.12060546875,0,33,0,1931.763916015625,109
2228.12060546875,11,28,0,1675.1240234375,62
2228.12060546875,5,38,3,2214.94775390625,135
2228.12060546875,43,34,1,2006.0338134765625,129
2228.12060546875,1,27,0,1599.8568115234375,33
2228.12060546875,0,38,2,2214.94775390625,169
2299.041748046875,45,40,3,2285.873291015625,201
2299.041748046875,1,27,0,1553.649658203125,56
2299.041748046875,0,40,1,2285.773193359375,176
2299.041748046875,1,34,0,1959.36572265625,99
2299.041748046875,99,24,0,1387.26025390625,23
2299.041748046875,0,31,0,1790.869140625,100
2299.041748046875,1,28,0,1627.66552734375,56
2299.041748046875,2,38,2,2179.31787109375,123
2294.358642578125,0,30,1,1736.518310546875,68
2294.358642578125,5,27,0,1562.3548583984375,67
2294.358642578125,0,40,1,2280.940673828125,176
2294.358642578125,0,33,0,1908.1617431640625,112
2294.358642578125,1,24,0,1398.2884521484375,19
2294.358642578125,1,40,2,2281.4912109375,185
2294.358642578125,1,35,1,2038.428955078125,136
2294.358642578125,23,31,2,1797.7763671875,66
2206.6123046875,1,31,0,1851.8702392578125,82
2206.6123046875,3,31,0,1851.7200927734373,77
2206.6123046875,1,28,0,1687.67041015625,77
2206.6123046875,1,35,1,2021.4674072265625,143
2206.6123046875,12,38,3,2193.444091796875,186
2206.6123046875,0,38,1,2193.444091796875,129
2206.6123046875,0,27,0,1618.969482421875,47
2206.6123046875,0,24,0,1368.835693359375,18
2222.4921875,0,28,0,1654.3846435546875,51
2222.4921875,0,33,0,1927.121337890625,80
2222.4921875,1,33,0,1942.341552734375,109
2222.4921875,1,38,1,2206.370849609375,126
2222.4921875,0,35,1,2025.66796875,107
2222.4921875,2,38,3,2209.32470703125,175
2222.4921875,30,31,0,1829.12158203125,77
2222.4921875,0,33,1,1934.43115234375,93
2158.71484375,0,33,0,1944.7889404296875,96
2158.71484375,4,37,2,2145.546630859375,170
2158.71484375,1,34,0,2010.85107421875,111
2158.71484375,0,33,0,1942.3857421875,103
2158.71484375,1,26,0,1518.4708251953125,37
2158.71484375,1,34,1,2009.8497314453125,128
2158.71484375,0,37,3,2143.64404296875,139
2158.71484375,10,30,1,1745.889892578125,65
2039.479736328125,0,33,3,1968.7823486328125,87
2039.479736328125,3,34,1,2026.3116455078125,104
2039.479736328125,7,28,1,1687.0831298828125,66
2039.479736328125,0,26,0,1561.990966796875,48
2039.479736328125,1,34,2,2026.3116455078125,169
2039.479736328125,0,31,0,1865.1290283203125,110
2039.479736328125,32,27,0,1616.637939453125,39
2039.479736328125,1,31,0,1859.266845703125,99
2018.0875244140625,1,28,0,1631.891357421875,77
2018.0875244140625,0,21,0,1186.441162109375,14
2018.0875244140625,1,28,0,1628.236572265625,74
2018.0875244140625,3,35,4,2004.9197998046875,192
2018.0875244140625,0,34,0,1940.997314453125,113
2018.0875244140625,0,33,2,1884.0662841796875,90
2018.0875244140625,0,35,0,2004.9197998046875,129
2018.0875244140625,0,27,0,1568.46630859375,52
2179.4990234375,0,28,0,1618.4000244140625,72
2179.4990234375,3,34,1,1945.2484130859373,105
2179.4990234375,0,33,2,1872.9024658203125,109
2179.4990234375,2,38,1,2166.330810546875,156
2179.4990234375,2,26,0,1477.3934326171875,35
2179.4990234375,0,30,0,1717.8538818359375,81
2179.4990234375,3,28,0,1601.61962890625,58
2179.4990234375,1,38,2,2166.330810546875,175
2019.14453125,3,26,0,1463.7769775390625,32
2019.14453125,6,35,1,1999.8531494140625,147
2019.14453125,1,31,0,1750.841796875,88
2019.14453125,5,26,0,1471.9443359375,25
2019.14453125,2,36,2,2006.32763671875,156
2019.14453125,2,34,2,1920.48291015625,108
2019.14453125,17,31,0,1755.199462890625,79
2019.14453125,6,36,1,2006.32763671875,158
2201.465576171875,20,28,0,1716.030517578125,57
2201.465576171875,13,37,2,2188.296875,187
2201.465576171875,21,37,2,2186.34423828125,123
2201.465576171875,1,33,2,1975.915771484375,83
2201.465576171875,1,31,0,1884.8603515625,82
2201.465576171875,1,28,0,1727.9461669921875,42
2201.465576171875,0,31,0,1883.408447265625,83
2201.465576171875,0,35,1,2100.0576171875,137
2374.06005859375,0,34,0,1997.17138671875,109
2374.06005859375,0,24,0,1429.898193359375,53
2374.06005859375,1,30,1,1770.27392578125,74
2374.06005859375,2,26,0,1536.6982421875,45
2374.06005859375,0,41,3,2357.437255859375,190
2374.06005859375,8,35,0,2057.98974609375,131
2374.06005859375,11,41,3,2361.1923828125,202
2374.06005859375,1,21,0,1222.6600341796875,3
2143.83740234375,11,37,2,2130.670166015625,163
2143.83740234375,0,31,0,1843.3150634765625,98
2143.83740234375,4,33,1,1944.72119140625,107
2143.83740234375,3,34,1,2003.388916015625,87
2143.83740234375,47,28,1,1675.4581298828125,61
2143.83740234375,16,37,2,2130.670166015625,147
2143.83740234375,13,33,0,1944.771240234375,102
2143.83740234375,0,27,0,1610.546142578125,50
2064.789794921875,1,31,0,1822.89697265625,100
2064.789794921875,2,35,1,2050.97119140625,115
2064.789794921875,0,34,1,1989.1253662109373,130
2064.789794921875,1,28,0,1660.6923828125,81
2064.789794921875,0,27,0,1588.1282958984375,49
2064.789794921875,37,31,0,1821.645263671875,95
2064.789794921875,0,28,1,1647.283203125,61
2064.789794921875,41,35,2,2051.872314453125,128
1873.97021484375,4,31,0,1857.32421875,93
1873.97021484375,0,27,0,1635.9183349609375,71
1873.97021484375,1,24,0,1460.84814453125,34
1873.97021484375,21,27,0,1640.77490234375,65
1873.97021484375,0,31,1,1853.919677734375,120
1873.97021484375,1,27,0,1641.8458251953125,61
1873.97021484375,7,31,3,1860.793701171875,154
1873.97021484375,1,30,2,1784.4642333984375,92
2030.389404296875,33,31,0,1850.0263671875,90
2030.389404296875,0,28,0,1701.655029296875,69
2030.389404296875,4,33,0,1943.8804931640625,98
2030.389404296875,1,34,3,2017.321533203125,152
2030.389404296875,11,33,1,1958.1497802734373,122
2030.389404296875,52,28,0,1696.5479736328125,67
2030.389404296875,4,28,0,1684.4984130859375,71
2030.389404296875,23,34,2,2016.169921875,147
2122.016845703125,0,28,1,1701.327880859375,61
2122.016845703125,12,34,0,2049.546875,147
2122.016845703125,29,36,3,2108.8486328125,135
2122.016845703125,40,30,0,1805.8251953125,73
2122.016845703125,0,27,0,1624.2813720703125,44
2122.016845703125,0,36,0,2108.8486328125,147
2122.016845703125,1,33,1,1972.671630859375,108
2122.016845703125,1,31,0,1876.0849609375,84
2186.56982421875,16,35,0,2025.68212890625,130
2186.56982421875,4,38,3,2173.85205078125,144
2186.56982421875,1,37,3,2108.264892578125,141
2186.56982421875,0,38,2,2173.85205078125,152
2186.56982421875,1,30,0,1727.603271484375,68
2186.56982421875,1,28,0,1634.297607421875,79
2186.56982421875,2,23,0,1310.5535888671875,9
2186.56982421875,3,30,0,1729.2554931640625,88
2377.186279296875,1,33,1,1927.3648681640625,83
2377.186279296875,62,41,1,2363.369140625,192
2377.186279296875,1,41,4,2364.02001953125,226
2377.186279296875,3,28,0,1661.78662109375,53
2377.186279296875,2,26,0,1532.3509521484375,38
2377.186279296875,3,33,0,1928.2659912109373,99
2377.186279296875,1,28,0,1666.943115234375,53
2377.186279296875,1,31,0,1825.18701171875,84
1906.0897216796875,16,24,0,1379.5140380859375,19
1906.0897216796875,1,31,0,1771.4482421875,84
1906.0897216796875,22,34,1,1889.3106689453125,125
1906.0897216796875,2,30,0,1704.3968505859375,61
1906.0897216796875,5,34,0,1892.91552734375,117
1906.0897216796875,10,33,0,1879.9979248046875,103
1906.0897216796875,0,33,1,1881.8507080078125,95
1906.0897216796875,33,34,3,1892.91552734375,146
2094.375732421875,1,34,0,2020.376708984375,119
2094.375732421875,0,35,1,2080.35693359375,164
2094.375732421875,0,27,0,1605.2623291015625,62
2094.375732421875,0,35,1,2081.408203125,129
2094.375732421875,2,35,2,2081.408203125,142
2094.375732421875,1,24,0,1437.4188232421875,34
2094.375732421875,0,27,1,1602.890869140625,53
2094.375732421875,56,31,0,1865.4466552734373,84
2145.618408203125,0,37,0,2067.093017578125,140
2145.618408203125,4,38,1,2120.53369140625,166
2145.618408203125,0,23,0,1298.2930908203125,23
2145.618408203125,1,33,0,1852.21484375,92
2145.618408203125,2,38,0,2132.449951171875,148
2145.618408203125,1,23,0,1298.84375,10
2145.618408203125,1,27,1,1539.304443359375,47
2145.618408203125,11,38,3,2132.449951171875,166
1987.777099609375,9,37,2,1975.4345703125,133
1987.777099609375,3,30,0,1663.7720947265625,84
1987.777099609375,1,28,0,1568.8460693359375,69
1987.777099609375,1,34,1,1891.72119140625,129
1987.777099609375,4,34,1,1880.45556640625,106
1987.777099609375,0,27,0,1504.7840576171875,52
1987.777099609375,0,34,0,1882.658447265625,109
1987.777099609375,0,37,2,1975.4345703125,155
2164.095458984375,1,27,0,1634.7039794921875,46
2164.095458984375,20,33,0,1957.0853271484373,88
2164.095458984375,0,35,3,2074.82958984375,126
2164.095458984375,12,28,0,1696.2669677734375,73
2164.095458984375,1,28,0,1701.4737548828125,52
2164.095458984375,34,37,2,2150.92724609375,187
2164.095458984375,1,37,1,2150.92724609375,149
2164.095458984375,0,30,1,1793.1751708984375,86
2193.32861328125,0,24,0,1415.4300537109375,26
2193.32861328125,2,30,1,1744.9342041015625,87
2193.32861328125,31,27,0,1578.64404296875,38
2193.32861328125,13,39,1,2180.14404296875,177
2193.32861328125,0,33,0,1911.5162353515625,83
2193.32861328125,1,28,1,1646.56640625,63
2193.32861328125,56,39,3,2180.14404296875,186
2193.32861328125,6,37,0,2109.09228515625,136
2333.8095703125,0,40,1,2320.6416015625,151
2333.8095703125,0,30,1,1815.4974365234373,87
2333.8095703125,5,34,0,2027.0447998046875,116
2333.8095703125,0,28,0,1707.2637939453125,45
2333.8095703125,0,26,0,1577.581298828125,41
2333.8095703125,0,38,1,2231.6298828125,144
2333.8095703125,2,28,0,1726.6444091796875,66
2333.8095703125,1,40,4,2320.6416015625,180
2286.59423828125,11,28,1,1646.62646484375,79
2286.59423828125,1,30,0,1739.748779296875,66
2286.59423828125,1,30,0,1736.9449462890625,71
2286.59423828125,17,26,0,1507.8214111328125,49
2286.59423828125,2,40,4,2273.42626953125,206
2286.59423828125,1,28,0,1636.662353515625,72
2286.59423828125,1,34,1,1967.881103515625,110
2286.59423828125,1,40,1,2270.2216796875,158
2132.775146484375,2,35,1,2119.585205078125,130
2132.775146484375,65,35,4,2119.585205078125,174
2132.775146484375,0,28,0,1678.8792724609375,72
2132.775146484375,1,31,0,1865.0989990234373,87
2132.775146484375,3,34,1,2042.0357666015625,103
2132.775146484375,7,28,0,1692.756591796875,55
2132.775146484375,3,33,0,1971.451171875,90
2132.775146484375,1,34,1,2036.2779541015625,104
2202.094482421875,0,38,0,2188.919189453125,123
2202.094482421875,1,31,0,1811.1605224609373,77
2202.094482421875,1,27,0,1583.0291748046875,31
2202.094482421875,0,30,1,1740.664794921875,73
2202.094482421875,1,38,4,2188.919189453125,180
2202.094482421875,1,37,1,2127.795654296875,134
2202.094482421875,1,30,0,1741.7166748046875,79
2202.094482421875,1,33,0,1906.841552734375,110
2167.651123046875,0,31,0,1813.9051513671875,77
2167.651123046875,3,28,1,1667.273681640625,56
2167.651123046875,1,37,3,2154.4833984375,191
2167.651123046875,34,31,0,1819.67333984375,97
2167.651123046875,2,37,2,2154.4833984375,124
2167.651123046875,1,33,1,1924.5198974609373,105
2167.651123046875,1,33,0,1918.9105224609373,103
2167.651123046875,0,27,0,1599.5438232421875,57
1970.6275634765625,2,30,1,1728.2655029296875,82
1970.6275634765625,1,26,0,1500.039794921875,40
1970.6275634765625,13,34,1,1957.4595947265625,174
1970.6275634765625,0,27,0,1562.4300537109375,49
1970.6275634765625,0,31,1,1786.885498046875,88
1970.6275634765625,1,33,1,1880.9310302734373,104
1970.6275634765625,31,34,2,1957.4595947265625,119
1970.6275634765625,1,31,1,1790.4403076171875,83
2140.7568359375,1,33,0,1870.5623779296875,115
2140.7568359375,0,23,0,1285.7647705078125,12
2140.7568359375,4,26,0,1483.7242431640625,34
2140.7568359375,0,33,0,1872.414794921875,100
2140.7568359375,1,35,1,1996.38623046875,106
2140.7568359375,0,38,1,2127.589111328125,140
2140.7568359375,1,31,1,1765.9378662109375,76
2140.7568359375,69,38,4,2127.589111328125,214
2112.1845703125,1,37,1,2098.978515625,129
2112.1845703125,1,27,0,1596.6556396484375,45
2112.1845703125,94,37,3,2098.978515625,184
2112.1845703125,24,28,0,1668.4132080078125,59
2112.1845703125,1,28,1,1667.9124755859375,71
2112.1845703125,6,34,0,1998.71240234375,120
2112.1845703125,39,34,0,2008.42578125,109
2112.1845703125,0,33,0,1936.003173828125,103
2197.072021484375,0,30,1,1744.7418212890625,88
2197.072021484375,1,30,1,1757.7137451171875,65
2197.072021484375,1,27,0,1597.8109130859375,52
2197.072021484375,1,31,0,1812.680419921875,108
2197.072021484375,1,27,0,1585.5784912109375,41
2197.072021484375,16,38,1,2183.903564453125,174
2197.072021484375,1,37,1,2125.76904296875,142
2197.072021484375,0,38,3,2182.2021484375,166
2444.140380859375,8,42,4,2430.97216796875,246
2444.140380859375,2,21,0,1239.471435546875,10
2444.140380859375,1,33,0,1943.1240234375,99
2444.140380859375,6,42,4,2429.520263671875,197
2444.140380859375,0,37,1,2174.77392578125,126
2444.140380859375,0,23,0,1343.361328125,12
2444.140380859375,1,27,0,1622.8709716796875,55
2444.140380859375,1,35,0,2084.046875,126
2265.699951171875,1,38,2,2252.530517578125,167
2265.699951171875,2,38,3,2252.530517578125,202
2265.699951171875,0,35,1,2107.137939453125,106
2265.699951171875,1,26,0,1569.4219970703125,31
2265.699951171875,21,30,0,1803.9609375,52
2265.699951171875,40,35,1,2102.531494140625,101
2265.699951171875,1,30,0,1809.267822265625,69
2265.699951171875,8,31,1,1885.34375,92
2300.0205078125,0,37,1,2142.353271484375,136
2300.0205078125,0,27,1,1620.7169189453125,45
2300.0205078125,0,28,0,1691.6861572265625,49
2300.0205078125,0,33,0,1945.9273681640625,98
2300.0205078125,0,35,0,2060.18017578125,109
2300.0205078125,0,40,1,2285.300048828125,158
2300.0205078125,1,24,0,1452.6763916015625,21
2300.0205078125,1,40,3,2286.852294921875,202
2160.140869140625,0,34,0,1995.8828125,95
2160.140869140625,1,37,4,2147.7236328125,166
2160.140869140625,50,37,2,2147.07275390625,167
2160.140869140625,51,33,0,1924.6214599609373,103
2160.140869140625,5,34,0,1995.431884765625,111
2160.140869140625,1,35,1,2069.85205078125,124
2160.140869140625,1,26,0,1530.4290771484375,37
2160.140869140625,1,27,0,1604.44482421875,61
2096.13916015625,1,37,3,2082.969970703125,228
2096.13916015625,0,23,0,1282.9267578125,14
2096.13916015625,3,34,1,1942.8782958984373,104
2096.13916015625,1,35,2,2003.2109375,108
2096.13916015625,0,30,1,1721.3135986328125,79
2096.13916015625,10,28,0,1635.0125732421875,65
2096.13916015625,0,37,1,2082.969970703125,107
2096.13916015625,2,31,0,1780.10302734375,83
2347.317626953125,0,33,0,1970.7880859375,85
2347.317626953125,0,27,0,1644.2978515625,46
2347.317626953125,13,40,3,2334.152587890625,230
2347.317626953125,0,28,0,1705.003173828125,55
2347.317626953125,1,24,0,1452.5963134765625,3
2347.317626953125,5,40,1,2334.152587890625,140
2347.317626953125,1,37,2,2148.174560546875,126
2347.317626953125,0,34,0,2043.7203369140625,110
2524.915771484375,4,41,2,2365.525390625,142
2524.915771484375,3,44,3,2511.747802734375,224
2524.915771484375,0,21,0,1202.299560546875,0
2524.915771484375,1,44,3,2511.747802734375,196
2524.915771484375,11,31,1,1820.191650390625,84
2524.915771484375,29,33,0,1922.7684326171875,67
2524.915771484375,1,30,0,1747.0980224609375,51
2524.915771484375,0,28,0,1658.2275390625,54
2282.653564453125,43,31,0,1889.0343017578125,83
2282.653564453125,0,27,0,1648.5179443359375,42
2282.653564453125,0,33,0,1990.0234375,110
2282.653564453125,40,35,1,2125.64453125,120
2282.653564453125,8,30,1,1812.226318359375,75
2282.653564453125,7,38,5,2269.485107421875,201
2282.653564453125,12,27,0,1644.2623291015625,48
2282.653564453125,2,38,1,2269.485107421875,144
2075.384765625,0,35,1,2062.211669921875,147
2075.384765625,1,28,0,1668.7327880859375,52
2075.384765625,3,30,1,1771.135009765625,70
2075.384765625,0,31,1,1831.026611328125,78
2075.384765625,1,28,0,1676.3814697265625,65
2075.384765625,2,34,2,2002.925537109375,104
2075.384765625,4,35,3,2062.211669921875,179
2075.384765625,3,34,0,2001.7740478515625,114
2089.5673828125,51,35,2,2076.400634765625,154
2089.5673828125,1,35,0,2069.09130859375,133
2089.5673828125,7,35,2,2074.898681640625,120
2089.5673828125,7,28,0,1638.1868896484375,72
2089.5673828125,26,28,0,1656.0101318359375,57
2089.5673828125,5,31,1,1836.185302734375,85
2089.5673828125,11,27,0,1580.8035888671875,60
2089.5673828125,4,34,1,1998.869873046875,119
1973.5535888671875,3,21,0,1232.8524169921875,3
1973.5535888671875,13,34,1,1960.3748779296875,204
1973.5535888671875,8,34,3,1960.3748779296875,125
1973.5535888671875,0,31,1,1841.4820556640625,74
1973.5535888671875,1,28,0,1690.7626953125,47
1973.5535888671875,28,33,1,1954.572021484375,117
1973.5535888671875,1,31,0,1855.211181640625,85
1973.5535888671875,13,28,0,1688.208984375,58
2167.259765625,1,27,0,1544.0770263671875,56
2167.259765625,18,31,0,1768.711669921875,81
2167.259765625,24,31,1,1772.917236328125,86
2167.259765625,1,38,1,2153.1904296875,149
2167.259765625,42,28,0,1604.730224609375,78
2167.259765625,20,37,1,2096.7421875,129
2167.259765625,20,33,0,1872.8736572265625,87
2167.259765625,9,38,4,2155.143310546875,171
2251.763916015625,1,38,3,2239.346923828125,193
2251.763916015625,1,23,0,1362.7520751953125,13
2251.763916015625,0,28,0,1685.31005859375,73
2251.763916015625,2,34,0,2038.6573486328125,114
2251.763916015625,2,30,0,1785.658203125,73
2251.763916015625,10,37,1,2178.5859375,132
2251.763916015625,1,30,0,1782.8997802734375,59
2251.763916015625,0,38,2,2237.94482421875,148
2064.434814453125,1,27,0,1658.97607421875,54
2064.434814453125,0,26,0,1604.106201171875,38
2064.434814453125,0,30,1,1837.4991455078125,83
2064.434814453125,1,31,0,1899.6697998046875,96
2064.434814453125,21,34,4,2052.159423828125,198
2064.434814453125,31,34,0,2052.159423828125,132
2064.434814453125,1,33,1,1993.847412109375,114
2064.434814453125,1,31,0,1893.339111328125,85
2178.54052734375,17,38,3,2165.37255859375,159
2178.54052734375,1,38,2,2165.37255859375,194
2178.54052734375,2,20,0,1115.8336181640625,0
2178.54052734375,0,37,0,2096.161865234375,153
2178.54052734375,0,26,0,1452.8836669921875,38
2178.54052734375,1,30,0,1723.559326171875,86
2178.54052734375,1,35,1,2016.83251953125,123
2178.54052734375,0,28,0,1628.905517578125,38
2319.02978515625,0,28,0,1663.7130126953125,78
2319.02978515625,2,40,2,2306.713134765625,203
2319.02978515625,42,33,0,1931.3604736328125,111
2319.02978515625,4,24,0,1433.5338134765625,21
2319.02978515625,4,21,0,1228.18896484375,4
2319.02978515625,0,34,0,1997.5487060546875,115
2319.02978515625,1,31,2,1826.7369384765625,91
2319.02978515625,2,40,2,2305.11083984375,180
2145.925537109375,3,37,1,2133.4091796875,134
2145.925537109375,2,28,0,1689.565673828125,63
2145.925537109375,0,26,0,1555.760009765625,41
2145.925537109375,0,35,2,2061.863037109375,124
2145.925537109375,30,28,0,1698.7835693359375,40
2145.925537109375,1,37,2,2133.4091796875,233
2145.925537109375,20,30,0,1784.29248046875,51
2145.925537109375,5,33,2,1936.1534423828125,100
2319.915283203125,61,28,0,1682.5673828125,63
2319.915283203125,0,40,1,2306.7470703125,162
2319.915283203125,19,31,0,1849.926513671875,92
2319.915283203125,1,27,1,1618.4361572265625,35
2319.915283203125,0,24,0,1422.3475341796875,40
2319.915283203125,3,40,3,2306.7470703125,229
2319.915283203125,0,30,0,1782.6546630859375,83
2319.915283203125,12,35,1,2074.45458984375,129
2303.045166015625,21,23,0,1294.5313720703125,11
2303.045166015625,6,33,1,1880.5377197265625,99
2303.045166015625,1,27,0,1559.9691162109375,52
2303.045166015625,2,41,3,2289.877197265625,208
2303.045166015625,0,41,2,2289.8271484375,195
2303.045166015625,0,34,0,1939.766845703125,122
2303.045166015625,1,28,0,1633.1153564453125,77
2303.045166015625,2,27,0,1570.496826171875,36
2472.65966796875,0,30,0,1819.33837890625,67
2472.65966796875,0,34,1,2072.740966796875,84
2472.65966796875,1,31,1,1889.509033203125,67
2472.65966796875,0,34,0,2068.4853515625,89
2472.65966796875,1,41,2,2459.5009765625,171
2472.65966796875,0,35,0,2139.658935546875,118
2472.65966796875,0,27,0,1633.1055908203125,50
2472.65966796875,45,41,3,2459.5009765625,193
1930.1348876953125,0,34,1,1908.9144287109373,119
1930.1348876953125,25,35,4,1916.9669189453125,160
1930.1348876953125,1,30,0,1700.2039794921875,78
1930.1348876953125,50,30,0,1700.8548583984375,83
1930.1348876953125,0,27,0,1537.260986328125,45
1930.1348876953125,9,35,1,1916.9669189453125,151
1930.1348876953125,1,28,0,1589.09326171875,57
1930.1348876953125,3,31,0,1765.0174560546875,103
2049.752197265625,0,34,2,2036.734619140625,138
2049.752197265625,24,32,0,1898.694580078125,100
2049.752197265625,12,33,0,1966.3267822265625,104
2049.752197265625,0,34,3,2034.6817626953125,117
2049.752197265625,2,27,0,1598.9456787109375,46
2049.752197265625,0,33,0,1967.5284423828125,99
2049.752197265625,1,30,0,1766.02001953125,61
2049.752197265625,1,34,0,2032.478759765625,91
1980.7291259765625,7,31,0,1772.523681640625,98
1980.7291259765625,1,30,0,1660.18408203125,94
1980.7291259765625,4,23,0,1304.0692138671875,20
1980.7291259765625,1,35,1,1967.545166015625,152
1980.7291259765625,0,23,0,1315.234375,17
1980.7291259765625,1,35,3,1967.545166015625,199
1980.7291259765625,0,33,1,1867.3211669921875,95
1980.7291259765625,3,27,0,1556.4525146484375,46
1964.1204833984373,6,33,1,1825.8956298828125,89
1964.1204833984373,2,35,3,1950.94775390625,174
1964.1204833984373,4,35,3,1950.94775390625,151
1964.1204833984373,1,31,0,1730.73876953125,107
1964.1204833984373,1,28,0,1583.81689453125,61
1964.1204833984373,1,30,0,1672.4412841796875,80
1964.1204833984373,3,34,0,1885.833740234375,120
1964.1204833984373,3,20,0,1087.7572021484375,5
2039.8162841796875,0,30,0,1681.373291015625,63
2039.8162841796875,6,27,0,1530.798095703125,57
2039.8162841796875,0,28,0,1590.79052734375,49
2039.8162841796875,57,38,1,2026.641845703125,181
2039.8162841796875,14,33,1,1838.0496826171875,108
2039.8162841796875,6,21,0,1158.7579345703125,6
2039.8162841796875,0,37,1,2018.7607421875,149
2039.8162841796875,13,38,2,2026.641845703125,152
2159.670166015625,1,34,1,1991.341796875,115
2159.670166015625,1,37,1,2145.250732421875,143
2159.670166015625,42,33,1,1901.3851318359373,100
2159.670166015625,0,24,0,1399.255859375,36
2159.670166015625,2,26,0,1505.5655517578125,40
2159.670166015625,11,31,0,1800.509033203125,91
2159.670166015625,1,37,1,2146.502197265625,150
2159.670166015625,0,37,2,2137.08935546875,152
2239.2001953125,0,24,0,1310.23486328125,21
2239.2001953125,1,34,0,1935.47265625,107
2239.2001953125,2,40,1,2224.2802734375,161
2239.2001953125,1,31,0,1780.826904296875,72
2239.2001953125,49,28,0,1571.8079833984375,50
2239.2001953125,10,30,0,1705.5479736328125,60
2239.2001953125,2,40,4,2226.032470703125,221
2239.2001953125,0,34,2,1932.9693603515625,132
2092.84228515625,8,38,2,2079.62939453125,182
2092.84228515625,1,30,0,1668.8831787109375,68
2092.84228515625,21,28,0,1584.020263671875,50
2092.84228515625,2,31,1,1733.3427734375,93
2092.84228515625,1,33,2,1826.4947509765625,113
2092.84228515625,0,28,0,1582.618408203125,57
2092.84228515625,0,30,0,1674.15771484375,79
2092.84228515625,3,38,2,2079.62939453125,170
2001.42626953125,0,35,2,1977.8895263671875,166
2001.42626953125,0,33,0,1849.2928466796875,91
2001.42626953125,7,36,1,1988.24853515625,142
2001.42626953125,1,34,0,1916.47412109375,112
2001.42626953125,1,36,1,1988.24853515625,145
2001.42626953125,0,30,1,1692.223876953125,78
2001.42626953125,0,27,1,1534.208984375,57
2001.42626953125,11,26,0,1472.3297119140625,40
1750.0989990234375,0,30,1,1677.8170166015625,73
1750.0989990234375,1,30,0,1678.6181640625,80
1750.0989990234375,0,28,0,1581.331787109375,85
1750.0989990234375,3,30,0,1675.21337890625,93
1750.0989990234375,4,31,1,1737.2811279296875,101
1750.0989990234375,31,27,0,1525.6273193359375,58
1750.0989990234375,0,28,0,1588.2041015625,70
1750.0989990234375,1,31,3,1737.2811279296875,181
2199.87744140625,2,26,0,1513.1982421875,34
2199.87744140625,3,26,0,1514.550048828125,37
2199.87744140625,3,38,3,2186.709716796875,159
2199.87744140625,1,37,0,2122.99169921875,123
2199.87744140625,21,34,0,1982.7808837890625,107
2199.87744140625,1,38,4,2186.709716796875,178
2199.87744140625,39,33,1,1912.23583984375,108
2199.87744140625,1,30,0,1744.36279296875,81
2037.3074951171875,8,27,0,1616.1776123046875,57
2037.3074951171875,0,28,0,1689.84619140625,56
2037.3074951171875,1,34,1,2019.433349609375,142
2037.3074951171875,11,31,2,1858.0147705078125,83
2037.3074951171875,1,33,0,1956.6986083984373,90
2037.3074951171875,0,34,2,2023.0382080078125,145
2037.3074951171875,41,33,0,1948.8326416015625,122
2037.3074951171875,11,34,1,2024.189697265625,122
1980.3560791015625,0,35,1,1965.6357421875,135
1980.3560791015625,6,33,1,1846.14208984375,115
1980.3560791015625,0,28,0,1598.2967529296875,77
1980.3560791015625,9,26,0,1467.6395263671875,34
1980.3560791015625,23,30,0,1693.6864013671875,76
1980.3560791015625,2,35,3,1967.1878662109373,152
1980.3560791015625,0,34,1,1906.962158203125,105
1980.3560791015625,0,34,1,1907.36279296875,132
2256.27587890625,56,34,0,2032.203857421875,116
2256.27587890625,14,38,2,2243.107666015625,173
2256.27587890625,2,31,0,1856.020751953125,82
2256.27587890625,0,30,0,1789.7373046875,69
2256.27587890625,4,37,2,2176.741943359375,124
2256.27587890625,0,27,0,1620.6805419921875,63
2256.27587890625,4,38,3,2243.107666015625,165
2256.27587890625,0,28,0,1694.1923828125,65
2207.435302734375,1,30,0,1823.5963134765625,72
2207.435302734375,1,33,1,1997.4306640625,111
2207.435302734375,1,24,0,1477.0322265625,29
2207.435302734375,2,33,1,1996.0286865234373,88
2207.435302734375,3,37,3,2194.26708984375,203
2207.435302734375,0,31,0,1886.55029296875,98
2207.435302734375,6,26,1,1591.8499755859375,44
2207.435302734375,20,37,1,2193.36572265625,150
2120.082763671875,1,31,0,1804.45751953125,111
2120.082763671875,35,24,0,1403.8104248046875,29
2120.082763671875,1,28,1,1640.696533203125,63
2120.082763671875,4,31,0,1812.2181396484373,77
2120.082763671875,10,37,2,2106.90234375,194
2120.082763671875,1,31,0,1798.85009765625,68
2120.082763671875,32,37,2,2106.90234375,145
2120.082763671875,12,35,2,2029.0242919921875,118
2157.3974609375,50,28,0,1665.7354736328125,51
2157.3974609375,2,30,0,1759.763916015625,74
2157.3974609375,0,37,2,2144.2294921875,149
2157.3974609375,3,28,0,1661.5711669921875,73
2157.3974609375,2,37,2,2144.2294921875,171
2157.3974609375,0,34,1,1995.484375,103
2157.3974609375,1,34,1,1992.2801513671875,112
2157.3974609375,0,31,1,1824.528076171875,93
2080.628662109375,0,37,1,2057.84765625,133
2080.628662109375,1,31,0,1750.7933349609375,92
2080.628662109375,1,31,0,1741.7650146484375,86
2080.628662109375,0,28,0,1586.00244140625,59
2080.628662109375,1,31,0,1752.0450439453125,83
2080.628662109375,2,37,3,2067.911376953125,153
2080.628662109375,2,23,0,1252.249755859375,12
2080.628662109375,2,37,1,2066.609619140625,167
2147.4990234375,2,35,0,2057.158935546875,124
2147.4990234375,9,21,0,1216.8089599609375,0
2147.4990234375,0,31,0,1812.078369140625,71
2147.4990234375,0,31,1,1818.3865966796875,88
2147.4990234375,15,26,0,1528.084228515625,43
2147.4990234375,0,37,1,2134.330078125,163
2147.4990234375,3,37,4,2134.330078125,177
2147.4990234375,1,33,1,1940.024169921875,136
2142.620361328125,23,27,0,1607.5474853515625,49
2142.620361328125,0,35,0,2058.641845703125,130
2142.620361328125,0,34,0,2001.088623046875,106
2142.620361328125,0,33,0,1942.842041015625,113
2142.620361328125,4,23,0,1327.55615234375,10
2142.620361328125,0,37,3,2129.44677734375,133
2142.620361328125,99,37,3,2129.44677734375,170
2142.620361328125,9,33,2,1941.8406982421875,128
2300.517578125,0,37,0,2131.995849609375,146
2300.517578125,0,33,2,1926.359619140625,86
2300.517578125,1,27,0,1606.83935546875,24
2300.517578125,25,23,0,1332.8079833984375,5
2300.517578125,3,31,0,1833.830078125,72
2300.517578125,0,41,2,2287.806396484375,183
2300.517578125,1,41,2,2287.806396484375,215
2300.517578125,1,34,0,1989.2359619140625,106
2398.359619140625,4,40,1,2385.342529296875,144
2398.359619140625,39,30,0,1830.7784423828125,65
2398.359619140625,29,34,0,2067.708251953125,78
2398.359619140625,1,24,0,1473.8104248046875,40
2398.359619140625,1,40,3,2385.342529296875,194
2398.359619140625,0,30,0,1819.0101318359373,87
2398.359619140625,5,38,2,2290.787353515625,143
2398.359619140625,2,30,1,1823.8192138671875,67
2186.73486328125,1,30,0,1761.2708740234375,89
2186.73486328125,3,35,1,2039.107666015625,122
2186.73486328125,8,27,0,1571.478515625,55
2186.73486328125,50,30,1,1748.4539794921875,85
2186.73486328125,1,38,2,2173.56689453125,147
2186.73486328125,22,30,0,1751.0574951171875,87
2186.73486328125,33,33,1,1925.09326171875,112
2186.73486328125,0,38,2,2173.56689453125,173
1901.171142578125,1,33,0,1826.10546875,85
1901.171142578125,2,30,0,1672.410400390625,76
1901.171142578125,0,31,1,1726.296875,82
1901.171142578125,55,34,3,1888.003662109375,196
1901.171142578125,3,31,0,1731.0115966796875,81
1901.171142578125,0,34,3,1888.003662109375,114
1901.171142578125,2,30,0,1670.3076171875,87
1901.171142578125,4,28,0,1574.19580078125,56
2295.17529296875,0,30,1,1761.4796142578125,80
2295.17529296875,0,38,1,2188.908935546875,150
2295.17529296875,0,40,0,2282.00732421875,155
2295.17529296875,0,20,0,1197.18408203125,0
2295.17529296875,7,40,4,2282.00732421875,194
2295.17529296875,0,26,0,1550.0050048828125,29
2295.17529296875,0,34,0,1984.8292236328125,102
2295.17529296875,5,31,0,1824.3985595703125,82
2273.67578125,6,28,0,1612.9088134765625,61
2273.67578125,0,31,0,1771.810791015625,81
2273.67578125,3,35,2,2013.254638671875,133
2273.67578125,5,40,4,2261.30859375,200
2273.67578125,2,40,1,2259.856689453125,148
2273.67578125,33,26,0,1460.7938232421875,47
2273.67578125,4,28,1,1606.5001220703125,54
2273.67578125,3,34,0,1941.6868896484373,110
2138.90771484375,2,23,0,1260.341064453125,9
2138.90771484375,1,31,2,1716.275634765625,97
2138.90771484375,1,40,1,2125.718017578125,196
2138.90771484375,50,35,1,1930.59765625,117
2138.90771484375,3,33,1,1815.6820068359373,102
2138.90771484375,0,30,0,1657.63916015625,75
2138.90771484375,1,40,1,2125.718017578125,140
2138.90771484375,1,31,0,1714.1226806640625,82
2237.67236328125,0,41,2,2224.98046875,192
2237.67236328125,0,28,0,1596.62548828125,73
2237.67236328125,1,28,1,1597.3763427734375,67
2237.67236328125,0,41,3,2224.98046875,242
2237.67236328125,1,23,0,1280.0623779296875,11
2237.67236328125,0,26,0,1485.3961181640625,32
2237.67236328125,15,33,0,1860.4625244140625,102
2237.67236328125,1,34,1,1924.953125,117
2008.2099609375,2,30,1,1707.0096435546875,80
2008.2099609375,0,30,0,1697.9473876953125,81
2008.2099609375,1,28,0,1598.3421630859375,64
2008.2099609375,1,28,0,1606.2371826171875,69
2008.2099609375,2,35,1,1995.0421142578125,174
2008.2099609375,26,35,3,1995.0421142578125,106
2008.2099609375,5,21,0,1181.6373291015625,3
2008.2099609375,3,35,1,1992.6888427734373,135
2310.388427734375,0,30,0,1759.375244140625,68
2310.388427734375,0,37,2,2142.701416015625,127
2310.388427734375,0,34,1,1996.3194580078125,116
2310.388427734375,7,26,0,1544.8013916015625,43
2310.388427734375,2,40,2,2297.220703125,201
2310.388427734375,2,40,2,2295.566650390625,153
2310.388427734375,5,30,0,1768.104736328125,78
2310.388427734375,0,27,0,1610.826416015625,56
2084.25048828125,0,30,0,1699.861083984375,74
2084.25048828125,2,26,0,1479.0355224609375,41
2084.25048828125,39,33,1,1861.522216796875,91
2084.25048828125,0,37,3,2071.080810546875,153
2084.25048828125,9,33,0,1863.9755859375,77
2084.25048828125,0,34,1,1928.7789306640625,103
2084.25048828125,1,34,1,1929.5299072265625,117
2084.25048828125,5,37,2,2071.080810546875,181
2062.20947265625,0,30,0,1753.0174560546875,69
2062.20947265625,0,35,0,2049.041259765625,154
2062.20947265625,0,26,0,1523.8682861328125,39
2062.20947265625,0,34,2,1983.843994140625,121
2062.20947265625,1,28,0,1658.088134765625,64
2062.20947265625,6,35,4,2049.041259765625,173
2062.20947265625,3,27,0,1589.3502197265625,40
2062.20947265625,0,33,0,1921.7783203125,106
2058.0244140625,42,28,0,1605.358154296875,77
2058.0244140625,20,26,0,1472.442138671875,54
2058.0244140625,3,37,2,2044.0548095703125,143
2058.0244140625,1,33,1,1849.662353515625,105
2058.0244140625,28,35,0,1970.50439453125,140
2058.0244140625,0,31,0,1749.5157470703125,80
2058.0244140625,1,37,3,2044.8560791015625,171
2058.0244140625,0,26,0,1476.0469970703125,43
2201.000244140625,1,28,1,1652.608642578125,62
2201.000244140625,1,31,0,1827.683837890625,95
2201.000244140625,3,38,2,2187.832763671875,166
2201.000244140625,5,30,0,1767.9710693359375,73
2201.000244140625,3,33,0,1930.4705810546875,97
2201.000244140625,1,24,0,1418.0128173828125,31
2201.000244140625,4,33,1,1929.5194091796875,116
2201.000244140625,0,38,1,2187.181640625,166
2010.991943359375,1,30,0,1651.9796142578125,95
2010.991943359375,54,37,3,1998.2755126953125,183
2010.991943359375,29,26,0,1449.0072021484375,32
2010.991943359375,1,37,2,1998.2755126953125,155
2010.991943359375,0,35,1,1922.014892578125,139
2010.991943359375,1,26,0,1451.009765625,16
2010.991943359375,0,35,1,1923.316650390625,124
2010.991943359375,0,31,0,1710.3560791015625,110
2322.413330078125,1,34,1,1996.6607666015625,101
2322.413330078125,2,31,0,1832.0457763671875,96
2322.413330078125,0,23,0,1316.764404296875,21
2322.413330078125,1,31,1,1831.745361328125,77
2322.413330078125,4,30,0,1765.7906494140625,50
2322.413330078125,54,40,3,2309.244873046875,209
2322.413330078125,22,40,1,2309.244873046875,166
2322.413330078125,0,33,2,1934.5467529296875,95
2037.7081298828125,0,34,2,1967.076416015625,126
2037.7081298828125,13,35,4,2024.840087890625,209
2037.7081298828125,5,27,0,1597.4593505859375,37
2037.7081298828125,50,33,0,1910.6871337890625,96
2037.7081298828125,0,27,0,1599.4620361328125,52
2037.7081298828125,51,35,0,2024.840087890625,123
2037.7081298828125,21,31,1,1807.77685546875,82
2037.7081298828125,1,28,0,1656.651611328125,64
2145.328125,10,31,0,1845.0283203125,84
2145.328125,1,28,0,1675.26220703125,41
2145.328125,0,34,2,1984.823486328125,124
2145.328125,1,21,0,1232.7933349609375,6
2145.328125,0,33,1,1942.408203125,83
2145.328125,3,31,0,1850.535888671875,95
2145.328125,5,37,0,2132.159912109375,159
2145.328125,5,37,3,2132.159912109375,170
2121.5625,5,27,0,1565.2655029296875,59
2121.5625,0,35,1,2030.511962890625,132
2121.5625,56,33,0,1915.5589599609373,91
2121.5625,3,37,3,2108.944580078125,142
2121.5625,4,30,0,1727.2391357421875,68
2121.5625,0,31,0,1792.7037353515625,105
2121.5625,19,34,0,1975.0421142578125,100
2121.5625,1,37,4,2107.2421875,145
2158.057373046875,51,27,0,1478.96630859375,53
2158.057373046875,1,30,1,1626.8082275390625,70
2158.057373046875,2,30,1,1630.763916015625,83
2158.057373046875,0,28,0,1540.9052734375,57
2158.057373046875,0,33,0,1780.883056640625,98
2158.057373046875,5,40,2,2143.636962890625,152
2158.057373046875,3,37,0,1988.0845947265625,141
2158.057373046875,50,40,3,2144.888671875,190
2069.019775390625,1,31,0,1882.073486328125,85
2069.019775390625,3,34,2,2048.632568359375,137
2069.019775390625,0,28,0,1709.712646484375,60
2069.019775390625,2,34,2,2055.849853515625,160
2069.019775390625,1,33,1,1992.410888671875,91
2069.019775390625,2,24,0,1448.08056640625,44
2069.019775390625,1,34,0,2054.690185546875,120
2069.019775390625,6,28,0,1709.912841796875,68
1928.794921875,5,34,4,1916.109619140625,180
1928.794921875,1,26,0,1482.06787109375,49
1928.794921875,1,30,1,1710.97265625,81
1928.794921875,7,27,0,1544.1416015625,70
1928.794921875,0,31,0,1775.5458984375,89
1928.794921875,1,34,2,1916.109619140625,134
1928.794921875,1,31,0,1771.490234375,94
1928.794921875,2,28,0,1604.1746826171875,59
2342.238037109375,0,28,0,1726.4400634765625,69
2342.238037109375,0,34,1,2046.186279296875,108
2342.238037109375,0,38,2,2212.5859375,157
2342.238037109375,1,34,0,2047.7384033203125,108
2342.238037109375,0,40,0,2326.6162109375,141
2342.238037109375,0,26,0,1584.8746337890625,34
2342.238037109375,0,28,0,1718.5294189453125,51
2342.238037109375,10,40,3,2329.320068359375,160
2195.52978515625,0,34,0,1959.0606689453125,114
2195.52978515625,3,31,0,1794.192138671875,74
2195.52978515625,1,24,0,1396.755615234375,27
2195.52978515625,1,30,0,1728.3968505859375,76
2195.52978515625,0,30,0,1729.8487548828125,74
2195.52978515625,0,35,1,2030.6553955078125,122
2195.52978515625,3,38,3,2182.362060546875,151
2195.52978515625,2,38,3,2182.362060546875,176
2338.839599609375,5,28,0,1670.258056640625,68
2338.839599609375,11,27,0,1589.6793212890625,65
2338.839599609375,11,34,1,1998.556396484375,118
2338.839599609375,3,27,0,1599.5419921875,45
2338.839599609375,1,40,1,2325.8232421875,178
2338.839599609375,1,28,0,1662.748291015625,52
2338.839599609375,1,38,2,2225.997802734375,145
2338.839599609375,1,40,2,2324.071044921875,140
2526.6728515625,18,41,3,2438.748779296875,178
2526.6728515625,1,28,0,1648.95361328125,46
2526.6728515625,1,42,1,2513.855224609375,206
2526.6728515625,10,30,0,1757.1824951171875,69
2526.6728515625,0,26,0,1525.023681640625,40
2526.6728515625,0,42,2,2513.855224609375,156
2526.6728515625,0,27,0,1580.6805419921875,43
2526.6728515625,0,31,0,1825.79833984375,75
2203.7412109375,1,26,0,1444.93505859375,37
2203.7412109375,0,33,1,1828.670654296875,102
2203.7412109375,0,37,1,2045.8106689453125,128
2203.7412109375,1,35,1,1959.23388671875,134
2203.7412109375,1,30,0,1657.154052734375,65
2203.7412109375,1,26,0,1445.03515625,30
2203.7412109375,23,40,3,2190.572998046875,195
2203.7412109375,0,40,0,2190.572998046875,155
2152.811767578125,21,33,0,1946.1611328125,106
2152.811767578125,1,28,0,1671.723876953125,54
2152.811767578125,0,31,0,1834.9871826171875,91
2152.811767578125,0,37,3,2139.19287109375,153
2152.811767578125,37,37,4,2139.993896484375,180
2152.811767578125,4,30,0,1760.77001953125,73
2152.811767578125,1,33,0,1939.35009765625,93
2152.811767578125,1,28,0,1669.6712646484375,82
1892.2755126953125,0,31,0,1783.7308349609375,82
1892.2755126953125,42,27,1,1562.501708984375,50
1892.2755126953125,55,33,2,1879.107177734375,194
1892.2755126953125,0,31,1,1780.225830078125,95
1892.2755126953125,2,33,1,1879.107177734375,104
1892.2755126953125,0,26,0,1502.058837890625,36
1892.2755126953125,1,29,0,1640.0374755859375,75
1892.2755126953125,4,31,0,1776.2703857421875,86
2006.8795166015625,9,35,1,1993.6907958984373,133
2006.8795166015625,1,28,0,1679.4801025390625,85
2006.8795166015625,18,35,3,1993.6907958984373,134
2006.8795166015625,0,31,0,1830.6302490234373,104
2006.8795166015625,1,31,1,1829.4287109375,109
2006.8795166015625,2,31,0,1831.78173828125,105
2006.8795166015625,1,34,1,1988.604736328125,115
2006.8795166015625,1,27,0,1628.675537109375,60
2013.80224609375,30,26,1,1488.9432373046875,24
2013.80224609375,52,34,0,1934.9478759765625,148
2013.80224609375,0,21,0,1176.777587890625,18
2013.80224609375,33,30,0,1704.5267333984375,73
2013.80224609375,0,35,2,2000.63427734375,145
2013.80224609375,0,28,0,1613.721435546875,61
2013.80224609375,14,35,4,2000.63427734375,188
2013.80224609375,0,34,0,1934.9478759765625,107
2110.822509765625,57,31,0,1731.271728515625,100
2110.822509765625,2,30,0,1675.5115966796875,69
2110.822509765625,3,38,6,2097.65673828125,195
2110.822509765625,1,30,0,1676.7633056640625,84
2110.822509765625,1,27,0,1500.0625,53
2110.822509765625,0,37,1,2033.6888427734373,106
2110.822509765625,0,38,1,2097.65673828125,148
2110.822509765625,0,30,0,1672.0069580078125,85
2137.9189453125,3,34,1,2061.13232421875,123
2137.9189453125,0,30,0,1832.5103759765625,61
2137.9189453125,9,35,1,2124.751220703125,137
2137.9189453125,9,33,0,2000.2567138671875,88
2137.9189453125,1,34,1,2064.086181640625,121
2137.9189453125,3,28,0,1723.210205078125,60
2137.9189453125,1,33,1,1994.8494873046875,97
2137.9189453125,2,35,3,2124.751220703125,172
2205.360595703125,45,34,1,2042.3299560546875,98
2205.360595703125,1,37,3,2192.17578125,190
2205.360595703125,14,30,0,1809.62158203125,77
2205.360595703125,1,27,0,1617.2901611328125,53
2205.360595703125,38,31,1,1872.284423828125,92
2205.360595703125,1,31,0,1874.4874267578125,97
2205.360595703125,2,37,2,2192.17578125,121
2205.360595703125,0,31,0,1878.9434814453125,79
1834.16796875,13,28,0,1584.44921875,72
1834.16796875,2,33,2,1815.963134765625,94
1834.16796875,3,28,0,1579.3424072265625,66
1834.16796875,19,24,0,1354.788330078125,36
1834.16796875,0,26,0,1446.0322265625,50
1834.16796875,2,27,0,1508.109375,47
1834.16796875,8,34,3,1821.529541015625,166
1834.16796875,6,34,1,1821.529541015625,113
1972.0810546875,12,33,0,1889.6524658203125,101
1972.0810546875,2,34,3,1959.1634521484373,109
1972.0810546875,1,28,0,1621.2635498046875,68
1972.0810546875,14,33,1,1896.6622314453125,106
1972.0810546875,64,34,2,1959.1634521484373,157
1972.0810546875,0,28,0,1624.9686279296875,76
1972.0810546875,3,31,1,1793.99853515625,95
1972.0810546875,4,31,0,1783.634765625,90
1946.4677734375,0,30,0,1695.444580078125,86
1946.4677734375,0,34,1,1918.243896484375,118
1946.4677734375,0,30,0,1693.64208984375,66
1946.4677734375,15,35,1,1933.2901611328125,152
1946.4677734375,3,26,0,1466.5692138671875,52
1946.4677734375,0,35,1,1933.2901611328125,136
1946.4677734375,1,31,2,1762.9947509765625,107
1946.4677734375,8,30,0,1694.0426025390625,90
2331.87451171875,0,26,0,1535.1435546875,27
2331.87451171875,1,27,0,1593.721435546875,44
2331.87451171875,1,31,0,1824.5185546875,78
2331.87451171875,0,26,0,1530.0869140625,29
2331.87451171875,9,37,1,2154.285400390625,125
2331.87451171875,1,40,1,2318.706298828125,147
2331.87451171875,3,40,3,2318.706298828125,203
2331.87451171875,3,31,2,1826.4710693359373,97
2463.249755859375,1,24,0,1431.6925048828125,16
2463.249755859375,1,30,1,1800.4171142578125,49
2463.249755859375,0,35,1,2109.1611328125,124
2463.249755859375,0,34,1,2038.044189453125,118
2463.249755859375,3,35,0,2105.906494140625,97
2463.249755859375,2,41,2,2450.081787109375,220
2463.249755859375,0,41,1,2448.37939453125,169
2463.249755859375,40,26,0,1538.0074462890625,38
2030.97119140625,41,31,0,1792.338623046875,89
2030.97119140625,30,27,0,1573.63427734375,47
2030.97119140625,0,31,2,1795.29248046875,92
2030.97119140625,1,31,0,1792.0882568359375,99
2030.97119140625,2,23,0,1311.0816650390625,20
2030.97119140625,7,35,3,2017.803466796875,159
2030.97119140625,40,34,1,1956.09423828125,148
2030.97119140625,1,35,1,2017.803466796875,117
2064.373046875,0,28,0,1679.2852783203125,74
2064.373046875,2,33,0,1928.0052490234373,80
2064.373046875,1,24,0,1448.89990234375,30
2064.373046875,1,35,1,2047.7442626953125,110
2064.373046875,3,35,3,2051.649658203125,174
2064.373046875,1,28,0,1652.5833740234375,50
2064.373046875,1,35,1,2051.649658203125,151
2064.373046875,1,33,0,1923.1453857421875,82
2109.792724609375,1,37,1,2096.629638671875,127
2109.792724609375,0,30,0,1743.7137451171875,68
2109.792724609375,1,26,0,1509.225341796875,32
2109.792724609375,2,35,1,2015.7562255859373,116
2109.792724609375,0,30,0,1743.2130126953125,90
2109.792724609375,4,37,3,2096.629638671875,176
2109.792724609375,0,33,2,1902.5628662109373,98
2109.792724609375,0,31,0,1804.0018310546875,103
2199.003173828125,4,38,2,2185.835205078125,152
2199.003173828125,17,30,0,1762.8123779296875,55
2199.003173828125,2,33,0,1928.136962890625,92
2199.003173828125,1,38,3,2185.835205078125,182
2199.003173828125,0,24,0,1412.8509521484375,19
2199.003173828125,32,33,1,1928.787841796875,95
2199.003173828125,1,34,1,1993.15380859375,121
2199.003173828125,1,33,0,1925.531494140625,96
2201.016845703125,3,33,1,1980.3662109375,112
2201.016845703125,0,34,0,2043.9609375,96
2201.016845703125,18,23,0,1343.8594970703125,19
2201.016845703125,65,37,3,2187.8486328125,143
2201.016845703125,1,31,0,1875.0338134765625,92
2201.016845703125,4,37,1,2187.8486328125,171
2201.016845703125,4,33,1,1981.4083251953125,104
2201.016845703125,0,28,0,1714.4913330078125,66
1893.2947998046875,1,28,0,1612.2314453125,61
1893.2947998046875,11,33,5,1881.1279296875,217
1893.2947998046875,9,26,0,1477.1060791015625,35
1893.2947998046875,40,27,0,1539.4248046875,62
1893.2947998046875,4,33,1,1875.5703125,104
1893.2947998046875,2,33,0,1879.92626953125,98
1893.2947998046875,3,28,0,1607.0242919921875,67
1893.2947998046875,0,30,0,1693.0433349609375,75
2166.14697265625,1,37,2,2153.6787109375,136
2166.14697265625,1,27,0,1630.1630859375,46
2166.14697265625,22,30,1,1802.5020751953125,86
2166.14697265625,4,35,1,2079.492919921875,124
2166.14697265625,7,37,1,2153.6787109375,193
2166.14697265625,2,30,0,1803.052734375,73
2166.14697265625,2,27,0,1653.096435546875,42
2166.14697265625,5,28,0,1716.255859375,67
2197.909423828125,0,30,0,1710.5902099609375,77
2197.909423828125,14,40,1,2184.740966796875,146
2197.909423828125,10,40,3,2184.740966796875,233
2197.909423828125,1,31,0,1768.0654296875,93
2197.909423828125,42,27,1,1548.1014404296875,50
2197.909423828125,3,30,0,1695.060302734375,73
2197.909423828125,16,24,0,1392.593505859375,14
2197.909423828125,0,34,1,1914.909423828125,105
1968.3851318359373,0,34,2,1948.320556640625,120
1968.3851318359373,10,35,2,1955.90576171875,118
1968.3851318359373,0,31,1,1772.739013671875,89
1968.3851318359373,25,35,0,1955.90576171875,212
1968.3851318359373,50,26,0,1503.8641357421875,31
1968.3851318359373,59,27,0,1568.5294189453125,50
1968.3851318359373,0,26,0,1505.3662109375,42
1968.3851318359373,64,28,0,1626.1153564453125,56
2075.9443359375,2,35,3,2062.77734375,178
2075.9443359375,3,31,1,1846.774658203125,82
2075.9443359375,0,34,1,2000.9306640625,117
2075.9443359375,0,27,0,1621.7962646484375,40
2075.9443359375,12,33,0,1945.3212890625,99
2075.9443359375,40,27,0,1619.6427001953125,58
2075.9443359375,2,33,1,1941.2158203125,97
2075.9443359375,2,35,0,2062.77734375,124
2046.4608154296875,1,35,4,2033.2899169921875,162
2046.4608154296875,46,34,0,1967.1317138671875,132
2046.4608154296875,2,30,0,1743.72216796875,71
2046.4608154296875,2,31,0,1808.444580078125,82
2046.4608154296875,0,23,0,1255.3321533203125,14
2046.4608154296875,2,31,0,1804.93994140625,78
2046.4608154296875,2,35,2,2033.2899169921875,149
2046.4608154296875,0,34,0,1965.0289306640625,91
1997.2103271484373,0,27,0,1591.1492919921875,44
1997.2103271484373,14,31,0,1818.617919921875,68
1997.2103271484373,50,30,1,1752.2796630859375,90
1997.2103271484373,3,28,0,1648.924560546875,71
1997.2103271484373,4,33,1,1914.7049560546875,101
1997.2103271484373,0,34,1,1984.04052734375,91
1997.2103271484373,2,24,0,1412.568603515625,22
1997.2103271484373,2,34,4,1984.04052734375,252
2153.890380859375,6,30,0,1737.54638671875,79
2153.890380859375,5,37,2,2140.722900390625,138
2153.890380859375,0,33,0,1913.449951171875,79
2153.890380859375,0,34,2,1974.54443359375,123
2153.890380859375,1,37,2,2136.617431640625,134
2153.890380859375,0,31,0,1798.3955078125,72
2153.890380859375,0,31,0,1794.5904541015625,75
2153.890380859375,0,34,1,1980.2650146484373,126
2160.29248046875,0,38,1,2146.423583984375,164
2160.29248046875,42,37,2,2084.213623046875,126
2160.29248046875,0,34,1,1951.9927978515625,102
2160.29248046875,7,30,0,1711.797607421875,73
2160.29248046875,24,31,0,1775.6937255859375,79
2160.29248046875,0,30,0,1720.2589111328125,67
2160.29248046875,8,38,3,2147.925537109375,170
2160.29248046875,1,24,0,1388.778564453125,25
2303.9638671875,12,31,0,1798.3426513671875,71
2303.9638671875,7,40,1,2287.639892578125,148
2303.9638671875,5,34,2,1970.7269287109373,126
2303.9638671875,8,27,0,1566.086669921875,41
2303.9638671875,54,28,0,1632.291259765625,64
2303.9638671875,1,35,1,2042.32666015625,131
2303.9638671875,51,31,1,1802.4483642578125,87
2303.9638671875,13,40,2,2291.14599609375,188
2228.424560546875,51,27,0,1570.9835205078125,57
2228.424560546875,1,38,1,2215.23828125,151
2228.424560546875,41,33,2,1914.5040283203125,120
2228.424560546875,0,38,3,2215.23828125,180
2228.424560546875,3,30,0,1732.426025390625,65
2228.424560546875,1,30,0,1745.5074462890625,88
2228.424560546875,0,27,0,1574.7392578125,54
2228.424560546875,4,35,1,2053.2890625,124
1997.077880859375,3,20,0,1117.6915283203125,24
1997.077880859375,1,30,0,1741.91259765625,72
1997.077880859375,42,34,2,1983.90966796875,196
1997.077880859375,0,26,0,1522.733154296875,40
1997.077880859375,12,34,1,1983.90966796875,124
1997.077880859375,0,33,1,1912.250244140625,104
1997.077880859375,1,27,0,1596.7047119140625,48
1997.077880859375,50,28,1,1656.8211669921875,59
2146.765380859375,1,31,0,1821.6497802734373,88
2146.765380859375,9,37,2,2132.446044921875,147
2146.765380859375,30,31,0,1838.376708984375,75
2146.765380859375,0,31,0,1821.0489501953125,100
2146.765380859375,8,28,0,1644.5855712890625,52
2146.765380859375,2,33,1,1942.2779541015625,98
2146.765380859375,5,37,2,2133.59765625,158
2146.765380859375,3,33,2,1950.03857421875,108
2443.837646484375,9,35,0,2127.834228515625,131
2443.837646484375,3,31,1,1900.28515625,77
2443.837646484375,0,24,0,1452.921630859375,19
2443.837646484375,41,28,0,1722.009033203125,60
2443.837646484375,4,28,0,1726.075927734375,35
2443.837646484375,1,41,3,2430.569091796875,190
2443.837646484375,6,41,2,2431.82080078125,201
2443.837646484375,42,34,0,2073.481689453125,105
2135.2236328125,0,23,0,1279.2237548828125,0
2135.2236328125,1,31,1,1763.5106201171875,80
2135.2236328125,1,33,0,1860.0567626953125,107
2135.2236328125,0,35,0,1979.85498046875,130
2135.2236328125,3,37,2,2063.125244140625,131
2135.2236328125,13,30,0,1694.085205078125,65
2135.2236328125,7,38,2,2120.453369140625,122
2135.2236328125,1,38,2,2122.956787109375,184
2060.19140625,0,30,0,1705.5654296875,85
2060.19140625,18,23,0,1272.8736572265625,18
2060.19140625,0,31,0,1760.45849609375,83
2060.19140625,1,30,0,1703.8131103515625,57
2060.19140625,32,33,0,1855.16796875,94
2060.19140625,0,35,1,1973.1328125,133
2060.19140625,13,37,4,2047.019775390625,194
2060.19140625,2,37,1,2047.019775390625,108
2145.42724609375,1,27,0,1603.0255126953125,49
2145.42724609375,27,31,1,1826.0167236328125,98
2145.42724609375,27,37,3,2133.110107421875,206
2145.42724609375,4,37,2,2133.110107421875,123
2145.42724609375,1,28,0,1666.1016845703125,61
2145.42724609375,2,30,0,1762.2655029296875,68
2145.42724609375,2,20,0,1143.4603271484375,20
2145.42724609375,0,34,1,1986.966064453125,95
2197.10986328125,0,34,1,1985.8077392578125,94
2197.10986328125,1,35,0,2048.808837890625,105
2197.10986328125,2,27,0,1597.8648681640625,47
2197.10986328125,56,38,3,2183.941650390625,136
2197.10986328125,1,35,1,2055.167724609375,132
2197.10986328125,1,30,0,1756.5418701171875,79
2197.10986328125,0,28,0,1664.9781494140625,56
2197.10986328125,4,38,2,2183.941650390625,169
2151.714599609375,1,31,0,1832.314453125,85
2151.714599609375,1,28,0,1670.9166259765625,30
2151.714599609375,1,31,0,1830.5103759765625,77
2151.714599609375,0,24,0,1351.7772216796875,20
2151.714599609375,66,38,1,2138.547119140625,159
2151.714599609375,4,32,1,1857.5828857421875,130
2151.714599609375,12,31,1,1826.75537109375,88
2151.714599609375,51,38,2,2138.547119140625,177
2079.046630859375,2,35,2,2065.878662109375,204
2079.046630859375,2,34,2,2007.6337890625,126
2079.046630859375,0,35,2,2065.878662109375,132
2079.046630859375,1,31,1,1858.7862548828125,79
2079.046630859375,29,27,0,1640.84521484375,51
2079.046630859375,0,30,0,1804.14697265625,90
2079.046630859375,18,27,0,1651.3096923828125,39
2079.046630859375,0,30,0,1802.5447998046875,67
2144.127685546875,6,28,2,1679.9835205078125,65
2144.127685546875,5,35,1,2053.715576171875,135
2144.127685546875,13,26,0,1533.371826171875,40
2144.127685546875,1,37,1,2130.939208984375,201
2144.127685546875,0,27,1,1605.2574462890625,56
2144.127685546875,1,26,0,1519.6519775390625,40
2144.127685546875,1,27,0,1575.8931884765625,49
2144.127685546875,0,37,1,2130.939208984375,153
2061.37060546875,0,27,0,1580.4654541015625,49
2061.37060546875,11,35,3,2048.653076171875,168
2061.37060546875,1,33,0,1923.542236328125,82
2061.37060546875,59,34,0,1983.57666015625,99
2061.37060546875,5,34,1,1989.4344482421875,112
2061.37060546875,0,24,0,1444.0089111328125,26
2061.37060546875,0,35,1,2048.653076171875,134
2061.37060546875,2,34,0,1981.1734619140625,105
2077.103759765625,4,37,1,2063.935546875,148
2077.103759765625,0,33,0,1865.1510009765625,77
2077.103759765625,0,34,0,1928.4083251953125,112
2077.103759765625,1,30,0,1713.2296142578125,75
2077.103759765625,0,30,0,1711.2269287109375,82
2077.103759765625,0,33,0,1871.7169189453125,97
2077.103759765625,1,27,0,1548.880615234375,52
2077.103759765625,4,37,5,2063.935546875,185
2103.59375,65,38,3,2090.426025390625,184
2103.59375,4,30,0,1683.07373046875,81
2103.59375,6,38,1,2090.426025390625,171
2103.59375,2,26,0,1479.6749267578125,39
2103.59375,10,33,2,1828.2899169921875,115
2103.59375,1,33,0,1831.143798828125,111
2103.59375,1,28,0,1598.1998291015625,71
2103.59375,0,26,0,1464.7880859375,44
2047.6053466796875,1,30,0,1755.4248046875,86
2047.6053466796875,2,27,0,1589.8985595703125,62
2047.6053466796875,0,33,1,1874.560546875,81
2047.6053466796875,1,27,0,1589.447998046875,60
2047.6053466796875,0,34,0,1969.228271484375,148
2047.6053466796875,1,35,2,2032.33349609375,155
2047.6053466796875,1,27,0,1598.7821044921875,59
2047.6053466796875,1,35,2,2035.387939453125,150
2037.277099609375,9,35,2,2024.097900390625,131
2037.277099609375,5,34,1,2013.723876953125,137
2037.277099609375,0,33,1,1957.927001953125,103
2037.277099609375,52,35,1,2024.097900390625,154
2037.277099609375,0,26,0,1538.6024169921875,43
2037.277099609375,0,27,0,1613.7686767578125,53
2037.277099609375,1,28,0,1676.0072021484375,63
2037.277099609375,1,31,1,1843.474365234375,94
2335.714599609375,1,40,3,2322.54638671875,152
2335.714599609375,0,27,0,1591.86865234375,54
2335.714599609375,2,38,2,2221.046630859375,140
2335.714599609375,0,37,1,2154.704345703125,147
2335.714599609375,1,23,0,1296.4144287109375,22
2335.714599609375,0,40,0,2318.5908203125,141
2335.714599609375,4,33,0,1924.8363037109373,109
2335.714599609375,37,28,0,1655.236328125,61
2110.8681640625,0,33,0,1896.2926025390625,114
2110.8681640625,0,30,0,1741.2890625,79
2110.8681640625,0,30,1,1733.112548828125,104
2110.8681640625,19,37,3,2097.670166015625,168
2110.8681640625,1,34,1,1959.20263671875,104
2110.8681640625,0,37,2,2097.670166015625,150
2110.8681640625,1,21,0,1216.628173828125,14
2110.8681640625,2,30,0,1741.239013671875,62
2260.91357421875,43,28,1,1637.700439453125,48
2260.91357421875,1,31,0,1780.5867919921875,92
2260.91357421875,7,40,1,2247.795166015625,182
2260.91357421875,0,27,0,1570.96533203125,46
2260.91357421875,2,40,2,2247.795166015625,197
2260.91357421875,3,31,1,1793.1541748046875,86
2260.91357421875,43,34,0,1942.232177734375,103
2260.91357421875,0,27,0,1570.4647216796875,41
2069.43115234375,0,35,2,2056.462890625,140
2069.43115234375,0,28,0,1661.104248046875,64
2069.43115234375,43,30,0,1760.033935546875,81
2069.43115234375,2,35,1,2056.462890625,183
2069.43115234375,17,33,2,1933.970458984375,78
2069.43115234375,1,31,1,1825.803955078125,76
2069.43115234375,35,33,0,1930.415771484375,93
2069.43115234375,0,34,1,1998.389892578125,120
2044.0479736328125,0,26,0,1526.23876953125,34
2044.0479736328125,1,35,3,2035.7010498046875,166
2044.0479736328125,1,35,2,2035.7010498046875,123
2044.0479736328125,50,34,1,1984.3076171875,114
2044.0479736328125,0,27,1,1593.2952880859375,53
2044.0479736328125,2,33,0,1909.6961669921875,117
2044.0479736328125,6,34,0,1975.792236328125,99
2044.0479736328125,1,33,0,1918.3079833984373,127
1955.0859375,0,34,1,1934.2215576171875,123
1955.0859375,0,27,0,1554.5191650390625,44
1955.0859375,6,35,2,1941.9034423828125,131
1955.0859375,14,33,1,1871.3446044921875,114
1955.0859375,57,35,2,1941.9034423828125,140
1955.0859375,7,34,0,1937.0753173828125,137
1955.0859375,0,30,0,1708.51513671875,62
1955.0859375,10,26,0,1487.45458984375,36
2150.115966796875,13,33,0,1877.7650146484373,115
2150.115966796875,2,30,0,1708.5380859375,55
2150.115966796875,0,33,1,1877.7650146484373,93
2150.115966796875,2,38,3,2136.947021484375,188
2150.115966796875,0,30,0,1708.337890625,59
2150.115966796875,1,38,2,2136.947021484375,126
2150.115966796875,12,28,0,1608.2432861328125,52
2150.115966796875,0,37,1,2082.22412109375,121
2138.23779296875,1,28,1,1593.858642578125,54
2138.23779296875,3,38,1,2125.019287109375,119
2138.23779296875,2,38,1,2125.0693359375,176
2138.23779296875,0,28,0,1595.5654296875,63
2138.23779296875,46,38,2,2123.86767578125,151
2138.23779296875,1,27,0,1537.603515625,55
2138.23779296875,0,31,0,1761.0174560546875,72
2138.23779296875,1,30,1,1699.4906005859375,92
2029.9415283203125,1,34,0,1877.5479736328125,97
2029.9415283203125,62,20,0,1092.3046875,8
2029.9415283203125,1,33,0,1821.52783203125,108
2029.9415283203125,0,31,0,1723.549072265625,85
2029.9415283203125,0,31,0,1724.7010498046875,70
2029.9415283203125,0,35,0,1937.8267822265625,131
2029.9415283203125,1,37,4,2016.773681640625,191
2029.9415283203125,12,37,2,2016.773681640625,113
2117.76611328125,0,37,1,2104.597900390625,128
2117.76611328125,0,27,0,1561.883056640625,54
2117.76611328125,1,30,0,1718.757568359375,80
2117.76611328125,3,37,3,2104.597900390625,193
2117.76611328125,1,37,0,2100.8427734375,146
2117.76611328125,0,28,1,1622.281005859375,67
2117.76611328125,12,31,1,1783.8109130859375,76
2117.76611328125,1,27,0,1553.9725341796875,39
2064.123291015625,11,37,0,2044.3958740234373,109
2064.123291015625,0,34,1,1904.921142578125,110
2064.123291015625,0,26,0,1464.5726318359375,33
2064.123291015625,29,31,0,1751.008544921875,78
2064.123291015625,0,34,0,1898.71240234375,72
2064.123291015625,57,16,0,849.3569946289062,13
2064.123291015625,1,37,1,2050.053955078125,125
2064.123291015625,4,37,2,2050.955078125,135
2050.672607421875,11,27,1,1565.912109375,44
2050.672607421875,3,31,0,1775.090087890625,73
2050.672607421875,1,37,0,2037.502685546875,145
2050.672607421875,5,37,4,2037.502685546875,194
2050.672607421875,1,23,0,1300.3193359375,31
2050.672607421875,8,34,1,1931.5179443359373,111
2050.672607421875,2,31,0,1782.4498291015625,98
2050.672607421875,20,33,0,1870.41796875,96
2027.9398193359373,3,28,0,1630.8685302734375,69
2027.9398193359373,8,35,4,2014.7718505859373,148
2027.9398193359373,0,33,1,1886.005126953125,107
2027.9398193359373,10,35,0,2011.0146484375,101
2027.9398193359373,0,31,0,1792.6751708984375,97
2027.9398193359373,4,35,1,2011.7176513671875,139
2027.9398193359373,4,27,0,1571.9698486328125,59
2027.9398193359373,0,34,0,1948.80712890625,132
2077.531982421875,2,37,1,2064.764404296875,175
2077.531982421875,1,31,1,1770.33544921875,90
2077.531982421875,2,33,0,1874.9996337890625,82
2077.531982421875,3,31,0,1768.432861328125,85
2077.531982421875,0,30,0,1711.4224853515625,87
2077.531982421875,1,34,1,1931.4249267578125,124
2077.531982421875,1,37,3,2064.16357421875,149
2077.531982421875,0,27,0,1551.8414306640625,47
2297.64404296875,3,37,0,2123.416259765625,155
2297.64404296875,6,26,0,1503.3778076171875,34
2297.64404296875,1,27,0,1560.8818359375,39
2297.64404296875,0,27,0,1565.553466796875,49
2297.64404296875,4,35,2,2024.334228515625,116
2297.64404296875,54,35,0,2032.8978271484373,117
2297.64404296875,1,40,4,2282.667236328125,179
2297.64404296875,2,40,3,2284.4697265625,181
2017.6781005859373,1,26,0,1493.700927734375,31
2017.6781005859373,1,33,0,1887.07861328125,81
2017.6781005859373,1,33,1,1881.3707275390625,97
2017.6781005859373,14,35,1,2004.5093994140625,176
2017.6781005859373,29,26,0,1507.4100341796875,48
2017.6781005859373,4,30,1,1725.05810546875,89
2017.6781005859373,0,35,2,2004.5093994140625,157
2017.6781005859373,22,34,1,1946.5711669921875,113
2502.322021484375,7,25,0,1400.880859375,34
2502.322021484375,2,44,1,2489.15380859375,210
2502.322021484375,7,34,1,1893.789794921875,112
2502.322021484375,4,33,1,1888.351318359375,117
2502.322021484375,46,28,0,1627.0020751953125,63
2502.322021484375,1,44,2,2484.797607421875,214
2502.322021484375,0,28,0,1619.038818359375,70
2502.322021484375,0,24,0,1389.9356689453125,30
2078.147705078125,2,37,1,2064.979736328125,153
2078.147705078125,1,37,2,2064.979736328125,189
2078.147705078125,1,26,0,1483.63818359375,50
2078.147705078125,31,33,2,1870.9625244140625,93
2078.147705078125,44,30,0,1711.157958984375,86
2078.147705078125,1,28,0,1619.44384765625,64
2078.147705078125,4,30,0,1716.9659423828125,68
2078.147705078125,2,28,0,1616.8402099609375,52
2281.55615234375,0,40,1,2268.38818359375,191
2281.55615234375,3,34,0,1972.0933837890625,110
2281.55615234375,0,28,1,1674.03857421875,49
2281.55615234375,4,27,0,1602.275146484375,42
2281.55615234375,0,34,0,1980.30615234375,111
2281.55615234375,6,30,0,1761.5185546875,75
2281.55615234375,5,40,5,2268.38818359375,217
2281.55615234375,2,27,0,1610.2041015625,52
2174.92138671875,1,33,0,1958.7154541015625,95
2174.92138671875,0,35,1,2083.725341796875,107
2174.92138671875,0,33,0,1955.010498046875,103
2174.92138671875,1,37,3,2161.753662109375,168
2174.92138671875,1,37,2,2160.752197265625,146
2174.92138671875,0,24,0,1422.773681640625,28
2174.92138671875,0,30,0,1792.5992431640625,64
2174.92138671875,0,35,1,2076.3154296875,124
2299.87841796875,27,40,3,2286.678955078125,172
2299.87841796875,1,40,2,2282.373046875,160
2299.87841796875,15,27,0,1591.114013671875,37
2299.87841796875,1,24,0,1420.7811279296875,19
2299.87841796875,1,38,2,2188.082275390625,148
2299.87841796875,1,37,0,2122.228515625,111
2299.87841796875,2,26,0,1520.536865234375,39
2299.87841796875,6,37,1,2122.88037109375,164
2041.9959716796875,1,30,0,1753.6063232421875,106
2041.9959716796875,0,34,1,1967.525146484375,136
2041.9959716796875,0,33,0,1907.8280029296875,83
2041.9959716796875,2,27,0,1595.8681640625,59
2041.9959716796875,1,31,1,1813.2811279296875,102
2041.9959716796875,0,35,2,2024.4718017578125,119
2041.9959716796875,0,28,0,1663.5198974609375,69
2041.9959716796875,9,35,3,2028.827880859375,169
2219.824951171875,1,27,0,1609.7491455078125,54
2219.824951171875,6,30,0,1769.916259765625,80
2219.824951171875,1,37,0,2145.253662109375,133
2219.824951171875,2,34,1,2002.296630859375,115
2219.824951171875,1,38,4,2206.65625,167
2219.824951171875,4,38,0,2206.65625,139
2219.824951171875,0,31,0,1846.369140625,80
2219.824951171875,1,33,1,1939.365234375,88
2235.3583984375,15,28,0,1627.2618408203125,70
2235.3583984375,1,35,0,1987.4727783203125,121
2235.3583984375,1,30,2,1715.0322265625,51
2235.3583984375,1,21,0,1196.1666259765625,8
2235.3583984375,1,26,0,1484.419189453125,20
2235.3583984375,0,40,3,2222.185791015625,187
2235.3583984375,6,34,0,1928.7049560546875,122
2235.3583984375,1,40,1,2222.185791015625,211
2186.151123046875,1,33,1,1946.7109375,88
2186.151123046875,1,37,3,2172.970458984375,214
2186.151123046875,1,34,1,2024.5606689453125,129
2186.151123046875,1,33,0,1943.7569580078125,88
2186.151123046875,0,28,0,1676.38427734375,44
2186.151123046875,0,31,1,1839.497802734375,71
2186.151123046875,1,37,2,2172.970458984375,151
2186.151123046875,10,28,0,1678.3369140625,56
2209.495361328125,0,30,0,1817.64013671875,53
2209.495361328125,20,37,3,2197.17822265625,137
2209.495361328125,0,34,0,2022.0823974609373,106
2209.495361328125,13,30,0,1829.513671875,70
2209.495361328125,1,33,0,2003.8819580078125,103
2209.495361328125,1,33,1,2002.0794677734373,113
2209.495361328125,2,37,1,2195.926513671875,144
2209.495361328125,0,30,0,1818.240966796875,75
2209.364501953125,2,38,3,2196.446533203125,165
2209.364501953125,0,34,1,1981.98388671875,118
2209.364501953125,1,38,1,2196.446533203125,139
2209.364501953125,17,35,2,2043.759033203125,120
2209.364501953125,26,26,0,1516.8148193359375,41
2209.364501953125,0,28,0,1641.1998291015625,63
2209.364501953125,55,31,0,1811.2938232421875,92
2209.364501953125,41,34,1,1971.59521484375,99
2051.625732421875,4,30,0,1761.814453125,76
2051.625732421875,21,34,0,1980.35595703125,110
2051.625732421875,2,35,4,2038.4351806640625,192
2051.625732421875,1,27,0,1601.4422607421875,48
2051.625732421875,1,33,0,1920.32568359375,106
2051.625732421875,20,26,0,1540.5333251953125,41
2051.625732421875,0,28,0,1672.3935546875,58
2051.625732421875,0,35,2,2038.4351806640625,124
2111.6171875,4,37,3,2098.4111328125,182
2111.6171875,0,33,1,1894.052978515625,115
2111.6171875,0,33,0,1900.9625244140625,103
2111.6171875,0,37,1,2098.4111328125,141
2111.6171875,3,31,1,1799.8643798828125,87
2111.6171875,1,28,1,1631.06591796875,69
2111.6171875,33,27,0,1563.7197265625,51
2111.6171875,10,30,0,1738.594970703125,71
2208.182861328125,2,37,1,2195.014892578125,181
2208.182861328125,6,33,0,1978.743408203125,82
2208.182861328125,1,37,3,2195.014892578125,124
2208.182861328125,2,28,0,1687.3468017578125,68
2208.182861328125,3,35,2,2116.243896484375,139
2208.182861328125,0,34,0,2052.105224609375,86
2208.182861328125,2,31,0,1877.022216796875,90
2208.182861328125,0,27,0,1620.561279296875,44
2157.5419921875,31,34,1,2002.06494140625,132
2157.5419921875,6,26,0,1540.1578369140625,43
2157.5419921875,0,31,0,1835.26904296875,91
2157.5419921875,1,37,2,2144.374267578125,142
2157.5419921875,19,30,1,1761.7532958984375,77
2157.5419921875,3,33,0,1936.693359375,88
2157.5419921875,12,26,0,1528.4425048828125,41
2157.5419921875,2,37,2,2144.374267578125,172
1957.0015869140625,3,28,0,1633.5577392578125,74
1957.0015869140625,1,27,0,1556.9522705078125,46
1957.0015869140625,1,31,0,1786.022705078125,82
1957.0015869140625,27,33,1,1885.1435546875,112
1957.0015869140625,42,33,1,1884.3924560546875,110
1957.0015869140625,0,31,1,1789.2769775390625,100
1957.0015869140625,8,34,1,1943.8326416015625,122
1957.0015869140625,56,34,3,1943.8326416015625,155
2024.65966796875,1,30,0,1786.53125,68
2024.65966796875,2,34,3,2011.6920166015625,168
2024.65966796875,11,34,0,2008.287353515625,125
2024.65966796875,8,30,0,1788.6842041015625,67
2024.65966796875,13,26,0,1567.551025390625,41
2024.65966796875,2,34,3,2011.6920166015625,141
2024.65966796875,0,33,0,1944.3248291015625,95
2024.65966796875,4,27,0,1635.75732421875,55
2084.42236328125,5,34,0,1885.03955078125,115
2084.42236328125,0,26,0,1459.808837890625,45
2084.42236328125,44,30,0,1670.60400390625,75
2084.42236328125,2,27,0,1510.0565185546875,53
2084.42236328125,8,38,3,2071.254638671875,217
2084.42236328125,1,30,1,1674.459228515625,76
2084.42236328125,57,34,2,1890.146484375,101
2084.42236328125,1,38,1,2071.254638671875,161
1994.7364501953125,0,30,1,1742.61279296875,75
1994.7364501953125,9,34,1,1981.567626953125,152
1994.7364501953125,0,27,0,1591.9444580078125,48
1994.7364501953125,4,33,1,1916.2813720703125,94
1994.7364501953125,14,34,1,1980.212646484375,130
1994.7364501953125,3,28,0,1654.5302734375,66
1994.7364501953125,44,33,0,1913.227294921875,97
1994.7364501953125,1,34,2,1973.002197265625,119
2242.6591796875,0,27,0,1626.5767822265625,54
2242.6591796875,5,31,1,1834.4959716796875,88
2242.6591796875,1,38,1,2214.016845703125,124
2242.6591796875,0,27,0,1606.538330078125,37
2242.6591796875,1,35,0,2061.955810546875,119
2242.6591796875,8,39,2,2229.9736328125,154
2242.6591796875,53,39,2,2229.9736328125,207
2242.6591796875,51,27,0,1613.111083984375,44
2343.506591796875,2,28,0,1651.5338134765625,52
2343.506591796875,8,31,1,1818.7154541015625,81
2343.506591796875,50,31,0,1817.7642822265625,88
2343.506591796875,35,40,3,2330.78955078125,173
2343.506591796875,2,40,1,2330.78955078125,167
2343.506591796875,1,34,1,1999.5029296875,95
2343.506591796875,1,38,1,2227.0947265625,128
2343.506591796875,1,30,0,1752.7572021484375,69
2283.9794921875,3,26,1,1496.2490234375,50
2283.9794921875,1,40,3,2270.81103515625,187
2283.9794921875,1,33,0,1902.8311767578125,82
2283.9794921875,43,40,1,2270.110107421875,172
2283.9794921875,1,35,1,2041.252685546875,106
2283.9794921875,0,24,0,1395.4024658203125,36
2283.9794921875,0,37,0,2123.603759765625,127
2283.9794921875,16,27,0,1544.082275390625,60
2115.720703125,0,27,0,1571.3944091796875,48
2115.720703125,0,35,1,2028.996337890625,123
2115.720703125,1,33,0,1897.4298095703125,120
2115.720703125,30,27,0,1572.718994140625,58
2115.720703125,1,37,2,2102.539306640625,160
2115.720703125,1,34,1,1959.1837158203125,107
2115.720703125,50,37,2,2102.539306640625,146
2115.720703125,5,30,1,1736.73486328125,83
2008.7933349609373,41,27,0,1569.1805419921875,55
2008.7933349609373,30,30,1,1734.0008544921875,76
2008.7933349609373,50,27,0,1584.601318359375,67
2008.7933349609373,134,35,3,1995.6099853515625,196
2008.7933349609373,0,35,0,1995.6099853515625,142
2008.7933349609373,1,31,0,1789.2042236328125,80
2008.7933349609373,6,34,0,1892.4541015625,100
2008.7933349609373,1,33,1,1880.9896240234373,94
2252.4599609375,5,30,1,1726.3314208984375,78
2252.4599609375,31,21,0,1190.0439453125,8
2252.4599609375,0,35,1,2012.0601806640625,107
2252.4599609375,0,40,2,2239.291748046875,159
2252.4599609375,2,40,3,2239.291748046875,178
2252.4599609375,0,27,0,1573.1239013671875,46
2252.4599609375,5,16,0,849.9647216796875,32
2252.4599609375,4,37,0,2086.020263671875,149
2148.57177734375,2,37,2,2133.652099609375,142
2148.57177734375,0,37,1,2134.403076171875,126
2148.57177734375,30,30,0,1749.275146484375,61
2148.57177734375,52,37,2,2135.905029296875,172
2148.57177734375,0,31,0,1818.32275390625,95
2148.57177734375,0,28,0,1660.169189453125,60
2148.57177734375,1,31,0,1828.185546875,71
2148.57177734375,0,34,1,1990.779052734375,108
1914.9921875,0,33,1,1901.6827392578125,94
1914.9921875,15,33,2,1901.7828369140625,178
1914.9921875,0,30,2,1752.292236328125,86
1914.9921875,0,27,0,1595.0711669921875,60
1914.9921875,1,30,0,1757.3990478515625,77
1914.9921875,55,27,0,1584.0958251953125,66
1914.9921875,0,33,0,1900.4310302734373,115
1914.9921875,0,28,0,1661.009521484375,54
2151.501953125,0,37,2,2138.334228515625,126
2151.501953125,0,28,0,1666.820556640625,69
2151.501953125,0,33,1,1934.2607421875,96
2151.501953125,10,37,2,2138.334228515625,167
2151.501953125,36,26,0,1541.2054443359375,23
2151.501953125,0,33,0,1928.4527587890625,104
2151.501953125,8,35,0,2058.80029296875,125
2151.501953125,3,28,0,1674.4912109375,64
2011.833251953125,0,27,0,1552.299072265625,48
2011.833251953125,42,28,1,1622.0535888671875,39
2011.833251953125,38,35,2,1998.6654052734373,168
2011.833251953125,0,30,0,1717.243408203125,93
2011.833251953125,1,35,2,1998.6654052734373,154
2011.833251953125,0,34,1,1941.76806640625,112
2011.833251953125,3,33,1,1880.5145263671875,109
2011.833251953125,8,34,0,1936.56103515625,118
1902.134765625,1,31,1,1770.6990966796875,109
1902.134765625,0,34,2,1889.0428466796875,107
1902.134765625,44,33,1,1876.2603759765625,94
1902.134765625,0,24,0,1388.0924072265625,39
1902.134765625,52,34,2,1889.0428466796875,164
1902.134765625,4,28,1,1625.3551025390625,63
1902.134765625,1,28,0,1629.016845703125,76
1902.134765625,1,28,0,1627.96533203125,80
2095.473388671875,1,30,0,1747.162841796875,75
2095.473388671875,2,33,0,1908.8919677734373,80
2095.473388671875,1,27,0,1563.4521484375,59
2095.473388671875,20,34,2,1969.495361328125,92
2095.473388671875,12,37,1,2082.3056640625,173
2095.473388671875,0,37,1,2082.3056640625,150
2095.473388671875,2,34,2,1941.67578125,116
2095.473388671875,2,33,0,1912.3966064453125,88
2168.13720703125,5,30,1,1811.2364501953125,70
2168.13720703125,2,37,2,2155.616943359375,134
2168.13720703125,55,31,0,1871.8946533203125,71
2168.13720703125,0,34,0,2031.885498046875,119
2168.13720703125,5,33,0,1968.8868408203125,87
2168.13720703125,1,37,4,2155.616943359375,172
2168.13720703125,2,34,0,2024.6756591796875,104
2168.13720703125,19,27,0,1634.2686767578125,52
1986.7503662109373,1,33,1,1908.901123046875,102
1986.7503662109373,0,31,0,1809.0081787109373,98
1986.7503662109373,0,31,0,1810.7606201171875,85
1986.7503662109373,1,34,2,1973.8284912109373,136
1986.7503662109373,10,33,1,1905.346435546875,110
1986.7503662109373,0,30,0,1749.5201416015625,71
1986.7503662109373,15,33,0,1906.2977294921875,98
1986.7503662109373,7,34,2,1971.6754150390625,107
2175.44970703125,18,38,2,2162.28125,181
2175.44970703125,1,28,0,1624.2105712890625,61
2175.44970703125,1,30,1,1704.9102783203125,76
2175.44970703125,4,28,0,1618.5257568359375,64
2175.44970703125,0,37,1,2092.788330078125,151
2175.44970703125,0,26,0,1477.167724609375,27
2175.44970703125,0,38,2,2162.28125,149
2175.44970703125,6,34,0,1943.1278076171875,109
2035.9112548828125,6,35,3,2022.99365234375,154
2035.9112548828125,0,34,1,1959.4730224609373,115
2035.9112548828125,25,28,1,1639.8837890625,67
2035.9112548828125,2,34,1,1962.1766357421875,112
2035.9112548828125,1,35,1,2019.889404296875,144
2035.9112548828125,17,31,0,1797.17236328125,92
2035.9112548828125,37,31,0,1804.4825439453125,101
2035.9112548828125,0,27,0,1579.9390869140625,47
2065.0546875,5,35,4,2051.88671875,182
2065.0546875,1,35,1,2051.88671875,143
2065.0546875,5,30,0,1753.5865478515625,81
2065.0546875,0,34,0,1994.425537109375,108
2065.0546875,0,26,0,1525.889404296875,41
2065.0546875,0,28,0,1653.107177734375,59
2065.0546875,1,34,1,1993.27392578125,112
2065.0546875,0,28,0,1660.0665283203125,66
2216.537841796875,0,27,0,1570.2806396484375,47
2216.537841796875,1,26,0,1498.62060546875,28
2216.537841796875,50,33,0,1922.784912109375,94
2216.537841796875,0,34,1,1991.27001953125,112
2216.537841796875,2,38,2,2203.369384765625,161
2216.537841796875,1,30,1,1733.5863037109375,76
2216.537841796875,3,38,3,2203.369384765625,139
2216.537841796875,50,37,0,2135.270263671875,143
2028.2098388671875,1,31,1,1844.8759765625,98
2028.2098388671875,2,34,4,2015.0390625,148
2028.2098388671875,0,33,0,1941.304931640625,113
2028.2098388671875,28,33,1,1955.7742919921875,95
2028.2098388671875,0,34,1,2015.0390625,117
2028.2098388671875,4,30,0,1783.4169921875,66
2028.2098388671875,8,28,0,1665.266845703125,76
2028.2098388671875,0,31,0,1838.56787109375,97
2164.20751953125,1,38,2,2151.033447265625,157
2164.20751953125,0,35,2,2016.068603515625,124
2164.20751953125,0,26,0,1497.906494140625,42
2164.20751953125,54,38,3,2151.033447265625,218
2164.20751953125,11,27,0,1570.4249267578125,50
2164.20751953125,20,28,0,1643.1121826171875,50
2164.20751953125,0,30,0,1722.596435546875,71
2164.20751953125,39,28,0,1635.35205078125,67
2069.47265625,39,26,0,1517.69091796875,48
2069.47265625,0,35,0,2055.803955078125,127
2069.47265625,25,31,0,1821.6961669921875,82
2069.47265625,12,28,0,1643.789794921875,60
2069.47265625,12,35,4,2057.0556640625,145
2069.47265625,1,28,0,1655.2552490234375,57
2069.47265625,1,35,1,2052.29931640625,124
2069.47265625,8,31,0,1831.7103271484373,89
2083.615478515625,2,34,3,2075.22216796875,192
2083.615478515625,0,28,0,1758.05615234375,77
2083.615478515625,39,27,0,1692.368896484375,63
2083.615478515625,12,24,0,1509.5374755859375,32
2083.615478515625,1,28,1,1748.2926025390625,75
2083.615478515625,0,34,1,2075.22216796875,119
2083.615478515625,1,28,0,1753.199462890625,82
2083.615478515625,5,30,2,1842.671142578125,78
2264.76806640625,0,24,0,1491.408447265625,22
2264.76806640625,0,35,2,2111.846435546875,109
2264.76806640625,1,30,1,1811.618408203125,68
2264.76806640625,1,33,0,1977.2880859375,78
2264.76806640625,0,33,0,1974.534423828125,88
2264.76806640625,1,33,0,1989.3150634765625,103
2264.76806640625,2,38,2,2251.95068359375,203
2264.76806640625,0,38,2,2251.95068359375,147
2046.099853515625,0,34,0,1967.510498046875,115
2046.099853515625,4,35,3,2033.4327392578125,149
2046.099853515625,1,28,0,1655.922119140625,53
2046.099853515625,4,30,0,1744.298828125,80
2046.099853515625,0,35,1,2031.4300537109373,133
2046.099853515625,2,34,1,1973.3682861328125,109
2046.099853515625,23,28,0,1659.1263427734375,69
2046.099853515625,3,35,2,2032.2310791015625,131
2363.208984375,1,41,2,2348.888916015625,171
2363.208984375,0,37,0,2143.18359375,141
2363.208984375,0,33,1,1930.559326171875,98
2363.208984375,35,26,0,1524.498291015625,37
2363.208984375,0,28,0,1667.90234375,58
2363.208984375,21,26,0,1515.779052734375,38
2363.208984375,2,30,1,1754.026611328125,82
2363.208984375,11,41,4,2350.04052734375,224
1866.0643310546875,0,30,0,1793.0618896484375,77
1866.0643310546875,8,31,1,1799.4779052734375,102
1866.0643310546875,9,27,0,1629.0220947265625,39
1866.0643310546875,10,32,2,1852.8636474609373,194
1866.0643310546875,62,32,2,1852.8636474609373,121
1866.0643310546875,0,28,0,1696.2845458984375,69
1866.0643310546875,1,30,0,1785.05126953125,75
1866.0643310546875,33,27,0,1636.58203125,46
2140.275634765625,12,24,0,1411.970458984375,32
2140.275634765625,3,37,3,2127.107421875,199
2140.275634765625,1,30,0,1748.41552734375,75
2140.275634765625,1,37,0,2127.107421875,130
2140.275634765625,1,37,2,2125.455078125,135
2140.275634765625,45,33,1,1911.293212890625,88
2140.275634765625,2,31,0,1808.5252685546875,62
2140.275634765625,2,27,0,1572.6278076171875,60
2027.8349609375,2,34,0,1862.8470458984373,110
2027.8349609375,3,33,0,1798.658447265625,86
2027.8349609375,1,31,0,1712.2723388671875,95
2027.8349609375,1,34,1,1866.4521484375,119
2027.8349609375,24,37,3,2014.61669921875,131
2027.8349609375,5,27,0,1494.1458740234375,47
2027.8349609375,2,37,3,2015.91845703125,157
2027.8349609375,1,31,0,1705.814208984375,70
2150.052734375,0,34,0,1946.270751953125,112
2150.052734375,2,35,1,2000.9735107421875,92
2150.052734375,6,38,3,2137.7353515625,206
2150.052734375,0,38,2,2137.7353515625,141
2150.052734375,1,33,0,1883.86328125,99
2150.052734375,0,26,0,1489.2073974609375,36
2150.052734375,0,28,0,1608.3052978515625,57
2150.052734375,3,30,1,1710.1024169921875,70
1954.3167724609373,7,25,0,1403.6767578125,52
1954.3167724609373,1,34,1,1930.380859375,123
1954.3167724609373,3,34,2,1941.1480712890625,160
1954.3167724609373,18,31,0,1779.200927734375,90
1954.3167724609373,0,34,1,1940.346923828125,147
1954.3167724609373,3,33,1,1878.7000732421875,98
1954.3167724609373,0,20,0,1131.453125,0
1954.3167724609373,3,30,0,1711.30419921875,86
2132.626220703125,6,37,1,2120.05908203125,145
2132.626220703125,0,34,0,1975.7718505859373,99
2132.626220703125,2,37,4,2120.05908203125,176
2132.626220703125,1,23,0,1304.1033935546875,21
2132.626220703125,42,33,0,1903.080078125,96
2132.626220703125,28,30,0,1739.93603515625,66
2132.626220703125,1,28,0,1654.3155517578125,50
2132.626220703125,0,34,1,1964.7064208984373,125
2039.87841796875,6,35,2,2018.9481201171875,113
2039.87841796875,49,28,0,1645.4144287109375,43
2039.87841796875,7,35,1,2018.4473876953125,135
2039.87841796875,0,24,0,1402.0570068359375,29
2039.87841796875,0,36,2,2026.7078857421875,128
2039.87841796875,10,31,0,1795.0958251953125,88
2039.87841796875,41,36,1,2026.7078857421875,176
2039.87841796875,21,34,0,1957.0882568359373,99
2124.499267578125,1,35,3,2111.330810546875,159
2124.499267578125,0,31,0,1884.28857421875,119
2124.499267578125,52,28,0,1714.365478515625,73
2124.499267578125,0,28,0,1723.8470458984375,61
2124.499267578125,1,33,2,1986.06494140625,118
2124.499267578125,0,35,1,2111.330810546875,127
2124.499267578125,1,26,0,1583.882568359375,42
2124.499267578125,0,34,1,2045.1328125,97
2016.5618896484373,32,34,2,2003.39404296875,108
2016.5618896484373,17,30,0,1782.6898193359375,81
2016.5618896484373,0,33,1,1939.7586669921875,99
2016.5618896484373,33,27,0,1612.3968505859375,59
2016.5618896484373,0,33,1,1939.2579345703125,121
2016.5618896484373,8,34,2,2003.39404296875,153
2016.5618896484373,0,33,0,1940.5096435546875,96
2016.5618896484373,27,30,0,1786.294921875,85
2240.347412109375,4,37,1,2164.7490234375,145
2240.347412109375,0,26,0,1537.8670654296875,39
2240.347412109375,2,27,0,1607.070556640625,39
2240.347412109375,1,38,1,2227.17919921875,116
2240.347412109375,0,35,1,2061.539306640625,110
2240.347412109375,11,38,3,2227.17919921875,178
2240.347412109375,13,35,1,2057.984375,131
2240.347412109375,0,24,0,1428.9251708984375,18
2270.253173828125,3,28,0,1691.3121337890625,65
2270.253173828125,1,34,2,2032.5098876953125,130
2270.253173828125,1,31,1,1845.4837646484373,79
2270.253173828125,0,28,0,1681.0001220703125,59
2270.253173828125,11,38,2,2257.531982421875,186
2270.253173828125,2,30,0,1786.7396240234375,66
2270.253173828125,0,26,0,1533.49169921875,45
2270.253173828125,0,38,1,2255.679443359375,180
2060.5615234375,0,28,0,1662.9072265625,56
2060.5615234375,1,27,0,1599.614501953125,56
2060.5615234375,1,28,0,1683.384765625,60
2060.5615234375,0,31,0,1834.031005859375,75
2060.5615234375,17,33,2,1922.912841796875,111
2060.5615234375,0,26,0,1497.9959716796875,36
2060.5615234375,2,35,3,2047.3929443359373,218
2060.5615234375,7,35,0,2047.3929443359373,129
2359.602294921875,60,40,3,2346.4345703125,148
2359.602294921875,0,28,0,1682.005126953125,66
2359.602294921875,3,30,0,1776.9130859375,76
2359.602294921875,2,28,0,1687.2623291015625,59
2359.602294921875,1,40,4,2346.4345703125,220
2359.602294921875,0,27,0,1605.2279052734375,49
2359.602294921875,38,31,0,1841.0611572265625,72
2359.602294921875,1,35,1,2095.0439453125,123
2015.005615234375,0,27,0,1597.7882080078125,61
2015.005615234375,0,30,1,1748.4935302734375,83
2015.005615234375,10,31,2,1820.274658203125,100
2015.005615234375,4,34,2,2001.8377685546875,154
2015.005615234375,10,33,0,1920.821533203125,115
2015.005615234375,3,34,2,2001.8377685546875,109
2015.005615234375,1,28,0,1664.9720458984375,70
2015.005615234375,1,28,0,1654.9757080078125,64
2287.572509765625,6,27,0,1581.946533203125,54
2287.572509765625,3,24,0,1411.4879150390625,25
2287.572509765625,2,35,0,2019.666748046875,128
2287.572509765625,60,40,3,2274.40087890625,210
2287.572509765625,1,28,0,1641.8109130859375,62
2287.572509765625,2,35,0,2005.497314453125,132
2287.572509765625,1,27,0,1568.4952392578125,31
2287.572509765625,1,40,4,2274.40087890625,195
2101.515625,3,23,0,1298.8438720703125,18
2101.515625,4,28,0,1632.4312744140625,64
2101.515625,7,37,2,2088.34765625,141
2101.515625,3,34,0,1948.976318359375,109
2101.515625,3,35,1,2014.091552734375,118
2101.515625,3,31,0,1793.0234375,89
2101.515625,4,34,1,1949.0263671875,111
2101.515625,7,37,3,2088.34765625,144
2023.3646240234373,76,28,0,1628.5628662109375,68
2023.3646240234373,1,35,0,2009.04443359375,140
2023.3646240234373,2,35,2,2010.4464111328125,143
2023.3646240234373,1,27,0,1554.40869140625,55
2023.3646240234373,0,31,0,1787.23486328125,78
2023.3646240234373,2,34,2,1940.8255615234373,117
2023.3646240234373,0,35,2,2001.1837158203125,149
2023.3646240234373,1,30,0,1718.2127685546875,55
2074.998046875,0,27,0,1513.8568115234375,49
2074.998046875,1,28,0,1580.2000732421875,60
2074.998046875,4,37,3,2062.4814453125,170
2074.998046875,24,34,0,1910.6983642578125,110
2074.998046875,0,24,0,1342.43798828125,37
2074.998046875,1,37,1,2061.07958984375,164
2074.998046875,3,37,1,2059.377197265625,157
2074.998046875,10,26,1,1449.5587158203125,47
2132.928466796875,3,27,0,1584.840576171875,58
2132.928466796875,1,31,0,1803.4141845703125,100
2132.928466796875,0,27,0,1578.2318115234375,46
2132.928466796875,6,30,0,1746.1309814453125,85
2132.928466796875,66,38,3,2119.760498046875,168
2132.928466796875,0,34,1,1969.6524658203125,116
2132.928466796875,1,28,0,1627.05908203125,73
2132.928466796875,9,38,2,2119.760498046875,158
2138.169189453125,0,38,1,2125.0009765625,146
2138.169189453125,20,26,0,1467.9915771484375,29
2138.169189453125,1,35,1,1990.6304931640625,125
2138.169189453125,0,31,0,1768.4075927734375,86
2138.169189453125,61,38,4,2125.0009765625,182
2138.169189453125,0,31,0,1775.4168701171875,69
2138.169189453125,1,31,0,1772.462890625,86
2138.169189453125,0,30,1,1699.1231689453125,68
2125.973876953125,0,31,0,1817.898681640625,70
2125.973876953125,4,34,2,1974.4813232421875,101
2125.973876953125,2,31,0,1812.341552734375,82
2125.973876953125,10,26,0,1526.6622314453125,35
2125.973876953125,0,28,0,1647.54248046875,67
2125.973876953125,0,33,1,1909.2696533203125,101
2125.973876953125,8,38,3,2112.783203125,177
2125.973876953125,6,38,1,2112.783203125,168
1955.3475341796875,0,28,0,1609.8197021484375,66
1955.3475341796875,3,31,1,1771.2882080078125,91
1955.3475341796875,1,34,4,1942.1795654296875,189
1955.3475341796875,2,27,0,1551.620361328125,51
1955.3475341796875,0,31,1,1778.1475830078125,91
1955.3475341796875,0,34,1,1942.1795654296875,143
1955.3475341796875,3,30,0,1707.7615966796875,80
1955.3475341796875,9,27,0,1538.7525634765625,55
2221.056884765625,3,30,0,1890.2108154296875,82
2221.056884765625,2,28,0,1794.2620849609375,64
2221.056884765625,3,35,3,2207.88916015625,162
2221.056884765625,0,33,0,2072.83544921875,90
2221.056884765625,4,34,1,2153.831787109375,111
2221.056884765625,1,31,0,1966.1085205078125,88
2221.056884765625,12,33,1,2083.5,108
2221.056884765625,44,35,2,2207.88916015625,124
2253.292724609375,3,26,0,1525.1890869140625,34
2253.292724609375,1,40,3,2240.121337890625,192
2253.292724609375,22,33,0,1891.4622802734373,90
2253.292724609375,0,33,1,1903.1785888671875,105
2253.292724609375,0,28,0,1638.7012939453125,57
2253.292724609375,5,40,2,2240.121337890625,172
2253.292724609375,1,31,0,1802.4342041015625,80
2253.292724609375,0,31,1,1791.6689453125,89
2150.155029296875,38,30,0,1731.61181640625,64
2150.155029296875,1,28,0,1644.9227294921875,55
2150.155029296875,1,34,1,1955.1905517578125,138
2150.155029296875,0,26,0,1504.688232421875,28
2150.155029296875,43,38,4,2136.98779296875,203
2150.155029296875,0,34,0,1954.089111328125,118
2150.155029296875,0,38,1,2136.98779296875,131
2150.155029296875,2,33,1,1897.04736328125,76
2392.3349609375,2,37,3,2205.018310546875,138
2392.3349609375,0,24,0,1455.3792724609375,23
2392.3349609375,0,40,0,2379.164306640625,156
2392.3349609375,2,28,0,1696.52734375,59
2392.3349609375,1,24,0,1444.463623046875,21
2392.3349609375,2,31,1,1850.635009765625,83
2392.3349609375,0,34,0,2043.38427734375,134
2392.3349609375,1,40,3,2379.164306640625,214
2014.4298095703125,3,31,0,1784.6898193359375,102
2014.4298095703125,6,35,2,2001.462158203125,138
2014.4298095703125,41,34,2,1943.9688720703125,127
2014.4298095703125,1,31,0,1775.7247314453125,114
2014.4298095703125,9,28,0,1620.86474609375,59
2014.4298095703125,3,28,0,1625.5709228515625,68
2014.4298095703125,0,35,1,2001.462158203125,150
2014.4298095703125,0,30,0,1716.642333984375,73
1985.5775146484373,12,34,2,1972.4091796875,141
1985.5775146484373,1,30,0,1744.43408203125,95
1985.5775146484373,1,30,0,1744.333984375,68
1985.5775146484373,2,28,0,1638.1705322265625,77
1985.5775146484373,1,33,1,1914.691162109375,118
1985.5775146484373,1,30,0,1739.7666015625,88
1985.5775146484373,0,30,0,1745.8359375,90
1985.5775146484373,0,34,3,1972.4091796875,123
2127.576171875,4,35,0,2035.1058349609373,125
2127.576171875,1,24,0,1392.7349853515625,25
2127.576171875,37,37,3,2114.40234375,174
2127.576171875,1,31,0,1804.16943359375,81
2127.576171875,22,37,3,2114.40234375,130
2127.576171875,1,24,0,1396.1396484375,23
2127.576171875,28,33,0,1905.3099365234373,100
2127.576171875,3,33,1,1906.761962890625,107
2168.2880859375,1,38,3,2155.270263671875,200
2168.2880859375,10,31,1,1769.7701416015625,90
2168.2880859375,0,27,0,1546.2386474609375,45
2168.2880859375,0,38,3,2155.270263671875,135
2168.2880859375,0,37,1,2091.597412109375,140
2168.2880859375,3,28,0,1617.310791015625,60
2168.2880859375,0,30,0,1711.708984375,52
2168.2880859375,13,28,0,1619.21337890625,74
2153.095458984375,0,28,0,1652.377685546875,63
2153.095458984375,1,28,0,1650.6427001953125,72
2153.095458984375,42,35,0,2063.148193359375,123
2153.095458984375,1,33,0,1951.143798828125,98
2153.095458984375,24,26,0,1521.0003662109375,35
2153.095458984375,2,37,2,2139.927490234375,129
2153.095458984375,1,33,1,1937.0142822265625,109
2153.095458984375,1,37,4,2139.927490234375,169
2088.91552734375,2,31,0,1745.4608154296875,75
2088.91552734375,4,28,0,1591.6968994140625,63
2088.91552734375,26,37,1,2051.845458984375,126
2088.91552734375,0,26,1,1468.5654296875,43
2088.91552734375,1,38,0,2075.727783203125,157
2088.91552734375,2,38,3,2075.727783203125,205
2088.91552734375,0,33,1,1846.238037109375,95
2088.91552734375,19,24,0,1373.67724609375,24
2331.2919921875,1,37,2,2166.39208984375,149
2331.2919921875,0,31,0,1832.31298828125,78
2331.2919921875,21,23,0,1319.2403564453125,14
2331.2919921875,5,30,0,1773.6490478515625,76
2331.2919921875,1,28,0,1676.395263671875,63
2331.2919921875,4,35,1,2080.201171875,118
2331.2919921875,1,40,2,2317.47314453125,181
2331.2919921875,5,40,3,2318.925048828125,199
2093.334716796875,1,28,0,1649.994140625,51
2093.334716796875,0,37,2,2080.156005859375,159
2093.334716796875,3,28,0,1662.8680419921875,61
2093.334716796875,5,30,0,1753.72216796875,67
2093.334716796875,1,35,1,2037.49560546875,138
2093.334716796875,3,30,0,1743.552734375,81
2093.334716796875,27,28,0,1660.91162109375,80
2093.334716796875,0,37,3,2080.156005859375,132
2063.06298828125,1,28,0,1607.875,55
2063.06298828125,0,27,0,1543.612060546875,53
2063.06298828125,1,37,0,2049.89501953125,135
2063.06298828125,3,33,0,1856.1593017578125,87
2063.06298828125,1,30,0,1691.6636962890625,70
2063.06298828125,5,30,2,1694.6177978515625,59
2063.06298828125,20,28,0,1603.268798828125,58
2063.06298828125,4,37,3,2049.89501953125,231
1895.2303466796875,51,33,2,1882.0623779296875,212
1895.2303466796875,0,31,1,1776.4140625,61
1895.2303466796875,2,28,0,1627.5281982421875,73
1895.2303466796875,1,31,1,1778.38671875,103
1895.2303466796875,1,31,1,1780.940185546875,89
1895.2303466796875,4,23,0,1297.0762939453125,23
1895.2303466796875,2,30,0,1720.87646484375,61
1895.2303466796875,1,33,2,1882.0623779296875,105
2152.37060546875,1,37,0,2135.197265625,139
2152.37060546875,36,28,0,1673.523681640625,64
2152.37060546875,0,37,0,2138.0009765625,144
2152.37060546875,0,33,0,1931.3216552734373,93
2152.37060546875,15,31,0,1831.3616943359373,84
2152.37060546875,2,37,5,2139.203125,147
2152.37060546875,0,28,0,1670.2694091796875,61
2152.37060546875,1,30,1,1767.654541015625,67
2231.8291015625,0,31,0,1857.092041015625,86
2231.8291015625,0,30,0,1794.7584228515625,70
2231.8291015625,0,34,0,2026.8880615234373,103
2231.8291015625,0,30,0,1798.36328125,80
2231.8291015625,1,38,3,2218.6376953125,173
2231.8291015625,0,38,3,2217.03564453125,160
2231.8291015625,2,33,1,1961.696533203125,96
2231.8291015625,0,28,0,1678.8751220703125,64
2160.908203125,13,40,1,2147.740234375,208
2160.908203125,0,24,0,1353.261962890625,27
2160.908203125,1,28,0,1579.04541015625,58
2160.908203125,22,40,1,2147.740234375,150
2160.908203125,4,30,0,1662.4393310546875,78
2160.908203125,0,38,3,2062.931884765625,153
2160.908203125,12,28,0,1577.2930908203125,63
2160.908203125,0,26,0,1451.123046875,36
2109.85546875,7,31,0,1824.4588623046875,71
2109.85546875,31,33,0,1918.932373046875,91
2109.85546875,4,37,3,2097.105224609375,221
2109.85546875,1,37,1,2097.105224609375,172
2109.85546875,2,27,1,1596.783935546875,50
2109.85546875,1,33,2,1918.7821044921875,106
2109.85546875,0,26,0,1535.924560546875,38
2109.85546875,0,28,0,1664.3192138671875,69
1926.3231201171875,36,34,2,1913.155029296875,175
1926.3231201171875,2,33,0,1851.6094970703125,111
1926.3231201171875,2,34,2,1913.155029296875,133
1926.3231201171875,0,33,1,1849.8570556640625,90
1926.3231201171875,24,26,0,1466.1419677734375,35
1926.3231201171875,0,34,1,1910.000732421875,101
1926.3231201171875,3,30,0,1686.869384765625,77
1926.3231201171875,0,26,0,1458.68212890625,47
2019.448974609375,44,33,0,1887.5361328125,79
2019.448974609375,30,27,0,1560.47216796875,60
2019.448974609375,1,31,0,1785.8194580078125,86
2019.448974609375,12,35,4,2006.281005859375,191
2019.448974609375,6,24,0,1405.9849853515625,33
2019.448974609375,1,34,1,1946.4935302734373,108
2019.448974609375,1,28,0,1591.503662109375,72
2019.448974609375,1,35,1,2006.281005859375,148
2208.01025390625,0,31,0,1752.1265869140625,83
2208.01025390625,1,40,1,2194.29150390625,170
2208.01025390625,44,26,0,1472.6629638671875,36
2208.01025390625,1,40,3,2194.84228515625,214
2208.01025390625,1,23,0,1281.56689453125,16
2208.01025390625,0,34,2,1907.5633544921875,112
2208.01025390625,22,24,0,1377.2027587890625,42
2208.01025390625,0,31,0,1750.7747802734375,96
2054.56640625,2,36,3,2041.396728515625,192
2054.56640625,1,35,1,2012.843017578125,134
2054.56640625,0,36,1,2041.396728515625,163
2054.56640625,1,30,0,1723.1866455078125,65
2054.56640625,40,34,1,1943.5738525390625,82
2054.56640625,27,28,0,1614.2208251953125,54
2054.56640625,0,26,0,1493.4744873046875,34
2054.56640625,1,31,1,1786.0869140625,67
2342.064208984375,61,13,0,651.3062133789062,17
2342.064208984375,3,33,0,1860.7908935546875,83
2342.064208984375,1,33,1,1850.622802734375,72
2342.064208984375,1,42,3,2327.844970703125,153
2342.064208984375,2,42,3,2328.896240234375,173
2342.064208984375,0,31,0,1753.3426513671875,69
2342.064208984375,0,41,1,2269.90673828125,160
2342.064208984375,1,35,1,1976.10986328125,90
2039.1781005859373,0,33,0,1909.6424560546875,107
2039.1781005859373,3,33,0,1903.3343505859373,127
2039.1781005859373,0,28,1,1639.526611328125,55
2039.1781005859373,2,35,3,2026.0113525390625,200
2039.1781005859373,0,33,2,1905.5372314453125,93
2039.1781005859373,0,27,0,1575.83056640625,45
2039.1781005859373,0,27,0,1569.121826171875,55
2039.1781005859373,0,35,1,2026.0113525390625,116
2359.1923828125,2,40,2,2346.374755859375,171
2359.1923828125,50,30,0,1770.9053955078125,80
2359.1923828125,1,40,2,2345.723876953125,203
2359.1923828125,0,30,0,1780.369140625,78
2359.1923828125,1,27,0,1616.6666259765625,51
2359.1923828125,0,27,0,1616.967041015625,59
2359.1923828125,20,34,1,2008.496337890625,111
2359.1923828125,4,23,0,1314.079345703125,22
2162.540771484375,0,30,0,1726.6572265625,52
2162.540771484375,0,37,0,2087.013916015625,133
2162.540771484375,0,34,1,1943.121826171875,112
2162.540771484375,0,31,2,1783.5159912109375,100
2162.540771484375,2,38,2,2149.815185546875,187
2162.540771484375,0,27,0,1564.600830078125,44
2162.540771484375,0,38,2,2149.815185546875,151
2162.540771484375,0,24,0,1395.6258544921875,32
1851.14013671875,1,30,0,1742.108642578125,73
1851.14013671875,45,32,2,1838.1156005859373,222
1851.14013671875,7,32,2,1838.1156005859373,131
1851.14013671875,0,27,0,1601.011962890625,51
1851.14013671875,0,28,0,1660.1707763671875,62
1851.14013671875,2,26,0,1534.923583984375,41
1851.14013671875,0,31,1,1831.1470947265625,77
1851.14013671875,1,28,0,1669.3333740234375,41
2233.29150390625,41,35,0,2082.972900390625,120
2233.29150390625,4,31,1,1849.37451171875,92
2233.29150390625,3,28,0,1700.662109375,54
2233.29150390625,10,28,0,1694.294921875,67
2233.29150390625,4,38,3,2220.083984375,153
2233.29150390625,8,24,0,1445.3145751953125,40
2233.29150390625,11,38,1,2216.07861328125,151
2233.29150390625,6,34,0,2015.1070556640625,116
1973.573974609375,4,30,0,1725.3548583984375,65
1973.573974609375,32,34,2,1960.406005859375,176
1973.573974609375,1,34,2,1955.69970703125,111
1973.573974609375,25,27,0,1565.4212646484375,45
1973.573974609375,3,34,1,1959.154296875,124
1973.573974609375,30,30,1,1739.023193359375,75
1973.573974609375,0,27,0,1567.5740966796875,47
1973.573974609375,1,31,0,1810.142333984375,103
2082.87744140625,0,35,2,2070.400390625,132
2082.87744140625,2,33,1,1957.6221923828125,108
2082.87744140625,38,27,1,1634.7662353515625,45
2082.87744140625,1,30,0,1803.2557373046875,68
2082.87744140625,1,28,0,1707.10009765625,48
2082.87744140625,0,34,0,2013.132080078125,119
2082.87744140625,0,26,0,1577.335693359375,40
2082.87744140625,50,35,3,2070.400390625,204
2137.734619140625,3,23,0,1334.9554443359375,24
2137.734619140625,4,34,0,1983.28662109375,114
2137.734619140625,1,37,1,2124.867431640625,165
2137.734619140625,1,35,0,2043.106201171875,128
2137.734619140625,7,37,2,2123.115966796875,148
2137.734619140625,1,28,1,1673.55224609375,77
2137.734619140625,0,27,0,1609.440185546875,31
2137.734619140625,0,37,1,2121.864013671875,123
2077.658935546875,4,23,0,1281.911865234375,18
2077.658935546875,2,35,1,2064.490478515625,142
2077.658935546875,5,35,3,2064.490478515625,176
2077.658935546875,2,28,0,1670.6951904296875,64
2077.658935546875,2,28,0,1665.6883544921875,69
2077.658935546875,1,33,0,1936.2139892578125,101
2077.658935546875,5,31,1,1827.2978515625,109
2077.658935546875,5,33,1,1930.0545654296875,83
2183.8291015625,21,26,0,1549.9400634765625,44
2183.8291015625,10,37,2,2170.21044921875,166
2183.8291015625,8,31,0,1874.811279296875,93
2183.8291015625,4,37,3,2170.6611328125,157
2183.8291015625,1,34,2,2042.0771484375,130
2183.8291015625,0,31,0,1871.8572998046875,99
2183.8291015625,0,26,0,1555.881591796875,46
2183.8291015625,0,31,0,1873.2591552734373,97
2038.5146484375,0,27,0,1539.0086669921875,34
2038.5146484375,1,31,2,1740.3427734375,106
2038.5146484375,29,27,0,1537.45654296875,45
2038.5146484375,0,28,0,1603.1766357421875,52
2038.5146484375,1,27,0,1537.005859375,39
2038.5146484375,74,37,1,2025.3470458984373,212
2038.5146484375,0,37,1,2025.3470458984373,146
2038.5146484375,4,35,1,1951.18994140625,110
2249.690185546875,14,30,1,1707.30029296875,81
2249.690185546875,1,26,0,1488.4771728515625,49
2249.690185546875,5,40,2,2235.57080078125,188
2249.690185546875,0,23,0,1287.5743408203125,29
2249.690185546875,1,33,1,1874.4273681640625,91
2249.690185546875,18,40,2,2236.52197265625,191
2249.690185546875,1,31,0,1769.3311767578125,103
2249.690185546875,1,34,0,1940.1763916015625,102
1986.05078125,0,28,0,1675.1016845703125,76
1986.05078125,0,31,1,1819.7574462890625,100
1986.05078125,0,34,1,1972.8880615234373,121
1986.05078125,1,31,1,1828.018798828125,100
1986.05078125,2,28,0,1674.9013671875,77
1986.05078125,0,28,0,1682.5159912109375,57
1986.05078125,1,34,4,1972.8880615234373,170
1986.05078125,0,30,0,1767.046875,110
1932.7623291015625,0,31,1,1820.9879150390625,108
1932.7623291015625,0,31,0,1805.7720947265625,99
1932.7623291015625,1,30,0,1736.4664306640625,90
1932.7623291015625,0,31,1,1808.556640625,72
1932.7623291015625,0,30,0,1736.8670654296875,82
1932.7623291015625,0,33,1,1919.79541015625,114
1932.7623291015625,1,30,0,1739.87109375,87
1932.7623291015625,32,33,3,1919.79541015625,168
2440.715087890625,2,42,3,2428.04736328125,187
2440.715087890625,0,30,0,1738.1229248046875,69
2440.715087890625,1,33,0,1904.53271484375,73
2440.715087890625,0,42,3,2428.04736328125,160
2440.715087890625,0,30,1,1739.9254150390625,84
2440.715087890625,1,24,0,1407.7962646484375,31
2440.715087890625,1,35,1,2028.296630859375,110
2440.715087890625,2,40,1,2302.504638671875,143
1956.2978515625,0,26,0,1497.9615478515625,48
1956.2978515625,7,33,1,1885.736083984375,84
1956.2978515625,0,31,0,1791.4449462890625,94
1956.2978515625,1,30,0,1727.5458984375,82
1956.2978515625,0,34,1,1943.1806640625,99
1956.2978515625,1,33,1,1882.33154296875,103
1956.2978515625,1,31,1,1786.638671875,99
1956.2978515625,54,34,2,1943.1806640625,185
2280.607421875,15,33,0,1910.6583251953125,106
2280.607421875,0,33,1,1914.313232421875,120
2280.607421875,0,30,0,1747.1795654296875,79
2280.607421875,0,34,1,1982.0106201171875,116
2280.607421875,1,40,1,2265.536376953125,146
2280.607421875,12,20,0,1142.841552734375,0
2280.607421875,4,34,0,1972.0625,99
2280.607421875,12,40,5,2267.43896484375,189
2023.073486328125,2,30,0,1708.763427734375,60
2023.073486328125,0,31,1,1779.00830078125,76
2023.073486328125,3,28,0,1620.81591796875,57
2023.073486328125,2,35,1,2001.515380859375,112
2023.073486328125,0,23,0,1275.4610595703125,28
2023.073486328125,51,36,2,2009.8983154296875,195
2023.073486328125,2,30,1,1705.1583251953125,90
2023.073486328125,0,36,1,2009.8983154296875,127
2106.36572265625,0,35,2,2023.0128173828125,119
2106.36572265625,0,34,0,1959.721923828125,99
2106.36572265625,1,35,1,2020.10888671875,129
2106.36572265625,23,31,0,1799.9381103515625,85
2106.36572265625,0,37,2,2093.32763671875,141
2106.36572265625,0,31,0,1805.400390625,90
2106.36572265625,0,28,0,1624.7947998046875,54
2106.36572265625,2,37,3,2093.32763671875,149
2114.4345703125,50,35,0,2025.2064208984373,102
2114.4345703125,0,28,0,1661.464599609375,70
2114.4345703125,3,30,1,1758.638916015625,77
2114.4345703125,18,27,0,1601.5391845703125,45
2114.4345703125,0,37,2,2101.261962890625,135
2114.4345703125,1,27,0,1587.7635498046875,54
2114.4345703125,18,30,1,1750.875244140625,79
2114.4345703125,2,37,3,2101.261962890625,193
2230.100830078125,38,26,0,1597.0142822265625,32
2230.100830078125,10,35,0,2140.039794921875,119
2230.100830078125,3,31,0,1904.0738525390625,105
2230.100830078125,0,34,0,2079.714599609375,108
2230.100830078125,3,37,5,2216.921142578125,193
2230.100830078125,0,23,0,1385.075927734375,10
2230.100830078125,32,34,0,2078.91357421875,109
2230.100830078125,0,37,2,2216.921142578125,135
2336.685302734375,0,31,1,1807.192626953125,84
2336.685302734375,1,30,0,1731.9267578125,70
2336.685302734375,1,37,1,2144.125732421875,132
2336.685302734375,1,26,0,1494.571044921875,41
2336.685302734375,1,40,4,2323.867431640625,161
2336.685302734375,0,34,0,1979.6043701171875,109
2336.685302734375,0,35,0,2054.587158203125,114
2336.685302734375,0,40,2,2319.057373046875,163
2013.2530517578125,0,26,0,1458.544921875,31
2013.2530517578125,1,24,0,1372.8612060546875,20
2013.2530517578125,1,33,1,1848.1107177734373,112
2013.2530517578125,2,30,0,1687.78515625,74
2013.2530517578125,0,35,0,1961.7469482421875,127
2013.2530517578125,53,37,3,2000.6654052734373,122
2013.2530517578125,1,34,1,1906.1605224609373,119
2013.2530517578125,44,37,2,2000.6654052734373,171
2083.857177734375,1,28,1,1632.16650390625,76
2083.857177734375,2,37,1,2070.989501953125,143
2083.857177734375,10,33,1,1869.787109375,108
2083.857177734375,0,31,1,1775.8489990234375,98
2083.857177734375,1,27,0,1550.5042724609375,51
2083.857177734375,1,26,0,1492.3106689453125,45
2083.857177734375,0,27,0,1552.00634765625,41
2083.857177734375,2,37,2,2070.989501953125,202
2148.08251953125,0,30,0,1761.2537841796875,80
2148.08251953125,0,34,3,1997.698974609375,128
2148.08251953125,24,26,0,1510.281494140625,40
2148.08251953125,25,27,0,1583.7838134765625,38
2148.08251953125,1,37,2,2135.165283203125,167
2148.08251953125,24,37,1,2134.26416015625,161
2148.08251953125,34,35,1,2063.993408203125,134
2148.08251953125,0,28,0,1660.287109375,73
2273.50048828125,0,34,0,1897.9429931640625,110
2273.50048828125,27,30,0,1684.5487060546875,69
2273.50048828125,0,30,0,1679.5914306640625,64
2273.50048828125,2,33,1,1841.3477783203125,78
2273.50048828125,7,41,2,2260.531494140625,163
2273.50048828125,1,26,0,1458.0091552734375,36
2273.50048828125,1,41,2,2260.531494140625,196
2273.50048828125,0,35,1,1971.5941162109373,116
2153.546142578125,0,31,0,1781.808349609375,95
2153.546142578125,0,31,2,1786.71484375,79
2153.546142578125,20,28,0,1626.2735595703125,60
2153.546142578125,0,30,0,1718.060791015625,77
2153.546142578125,7,30,0,1728.4141845703125,76
2153.546142578125,1,33,0,1895.2415771484373,86
2153.546142578125,1,38,3,2140.3779296875,177
2153.546142578125,8,38,2,2139.2763671875,170
2026.5892333984373,25,35,2,2013.4212646484373,196
2026.5892333984373,0,27,0,1523.3487548828125,44
2026.5892333984373,41,26,0,1491.137939453125,40
2026.5892333984373,1,35,1,2013.4212646484373,140
2026.5892333984373,0,27,0,1554.446044921875,41
2026.5892333984373,14,34,1,1957.6666259765625,114
2026.5892333984373,35,27,1,1566.3623046875,56
2026.5892333984373,19,34,1,1951.4052734375,137
2014.6719970703125,0,28,0,1615.7449951171875,61
2014.6719970703125,0,35,1,1998.3785400390625,157
2014.6719970703125,1,24,0,1386.0150146484375,28
2014.6719970703125,1,33,1,1876.127197265625,109
2014.6719970703125,1,35,3,2001.48291015625,156
2014.6719970703125,0,27,0,1561.223876953125,59
2014.6719970703125,1,30,1,1711.27490234375,72
2014.6719970703125,0,35,0,2001.48291015625,144
2275.3671875,0,35,0,2104.300537109375,140
2275.3671875,6,24,0,1398.1649169921875,24
2275.3671875,5,38,3,2262.1494140625,181
2275.3671875,1,28,0,1712.347900390625,66
2275.3671875,1,38,2,2263.35107421875,167
2275.3671875,3,27,0,1625.1531982421875,41
2275.3671875,52,24,0,1458.98193359375,34
2275.3671875,4,37,0,2200.44384765625,153
2206.029296875,1,35,1,2051.19482421875,137
2206.029296875,0,34,0,1989.22021484375,111
2206.029296875,3,28,0,1666.216552734375,74
2206.029296875,1,31,1,1825.0091552734373,91
2206.029296875,3,28,0,1672.7681884765625,81
2206.029296875,61,27,0,1598.845458984375,54
2206.029296875,1,38,5,2192.85888671875,185
2206.029296875,4,38,1,2192.85888671875,129
2164.1845703125,0,34,0,2013.0721435546875,113
2164.1845703125,30,33,1,1936.3675537109373,105
2164.1845703125,1,24,0,1423.118408203125,19
2164.1845703125,4,37,2,2151.01513671875,181
2164.1845703125,3,28,0,1667.1885986328125,73
2164.1845703125,1,37,1,2151.01513671875,133
2164.1845703125,0,34,2,2006.1627197265625,106
2164.1845703125,1,30,0,1757.71142578125,66
1967.0389404296875,0,33,0,1884.8897705078125,107
1967.0389404296875,31,31,1,1786.22021484375,95
1967.0389404296875,0,30,0,1720.6129150390625,70
1967.0389404296875,1,33,1,1891.0980224609373,107
1967.0389404296875,0,27,0,1537.201171875,54
1967.0389404296875,1,34,3,1954.52197265625,154
1967.0389404296875,0,34,1,1951.8182373046875,133
1967.0389404296875,26,31,1,1762.33251953125,96
2256.2177734375,0,38,3,2243.0498046875,136
2256.2177734375,0,34,1,2031.5125732421875,79
2256.2177734375,0,13,0,693.616943359375,4
2256.2177734375,1,26,0,1563.0303955078125,35
2256.2177734375,2,38,3,2243.0498046875,214
2256.2177734375,29,30,0,1792.5372314453125,65
2256.2177734375,0,31,0,1876.420166015625,66
2256.2177734375,0,31,0,1861.048828125,75
2158.543701171875,1,37,2,2143.474853515625,138
2158.543701171875,8,37,0,2137.06689453125,134
2158.543701171875,51,31,1,1823.573974609375,102
2158.543701171875,2,28,0,1663.455078125,60
2158.543701171875,1,31,1,1824.6754150390625,77
2158.543701171875,1,26,0,1524.9842529296875,33
2158.543701171875,1,37,1,2145.377197265625,160
2158.543701171875,0,28,0,1665.6578369140625,59
2368.235595703125,8,41,2,2355.067138671875,179
2368.235595703125,0,23,0,1319.828857421875,22
2368.235595703125,1,30,0,1774.48388671875,80
2368.235595703125,1,33,0,1935.2724609375,97
2368.235595703125,0,33,1,1940.4295654296875,109
2368.235595703125,2,35,3,2052.88037109375,115
2368.235595703125,16,26,0,1522.798095703125,38
2368.235595703125,0,41,1,2355.067138671875,176
2064.080810546875,2,28,0,1643.3250732421875,47
2064.080810546875,1,30,0,1748.467041015625,80
2064.080810546875,2,31,0,1809.614013671875,96
2064.080810546875,1,34,1,1984.677001953125,112
2064.080810546875,1,28,0,1650.234130859375,59
2064.080810546875,0,35,2,2051.6630859375,125
2064.080810546875,1,35,4,2051.6630859375,177
2064.080810546875,2,33,0,1920.6168212890625,106
2005.551513671875,4,26,0,1495.1083984375,57
2005.551513671875,0,30,1,1707.57421875,83
2005.551513671875,12,35,3,1992.3837890625,202
2005.551513671875,1,31,0,1733.3265380859375,87
2005.551513671875,1,27,0,1557.7535400390625,61
2005.551513671875,0,27,0,1559.355712890625,65
2005.551513671875,0,27,0,1555.250244140625,61
2005.551513671875,5,35,2,1992.3837890625,154
2140.761474609375,0,28,0,1676.503662109375,65
2140.761474609375,1,30,1,1765.183349609375,82
2140.761474609375,1,35,0,2049.62646484375,122
2140.761474609375,51,27,0,1604.0367431640625,46
2140.761474609375,1,37,3,2127.55908203125,157
2140.761474609375,0,31,1,1821.5106201171875,88
2140.761474609375,1,33,0,1920.452392578125,102
2140.761474609375,2,37,1,2127.55908203125,143
2107.038818359375,0,35,2,2093.814453125,140
2107.038818359375,0,31,0,1866.2664794921875,89
2107.038818359375,19,33,2,1970.2545166015625,82
2107.038818359375,0,34,1,2035.7513427734373,110
2107.038818359375,36,31,1,1860.959228515625,73
2107.038818359375,22,30,0,1799.666259765625,84
2107.038818359375,1,35,1,2093.814453125,175
2107.038818359375,1,26,0,1550.143310546875,36
2156.772216796875,0,35,2,1987.11376953125,114
2156.772216796875,1,31,0,1765.0506591796875,79
2156.772216796875,1,37,1,2079.83642578125,134
2156.772216796875,1,26,0,1464.174072265625,38
2156.772216796875,4,28,0,1594.65576171875,55
2156.772216796875,3,38,1,2143.594970703125,149
2156.772216796875,0,38,1,2142.54345703125,154
2156.772216796875,46,34,2,1930.533935546875,111
2169.797607421875,3,28,0,1611.2606201171875,60
2169.797607421875,1,27,0,1553.560791015625,38
2169.797607421875,1,38,4,2156.623046875,180
2169.797607421875,2,31,0,1763.3682861328125,97
2169.797607421875,0,27,0,1553.21044921875,32
2169.797607421875,36,33,0,1890.942626953125,112
2169.797607421875,1,34,2,1952.420166015625,127
2169.797607421875,2,38,1,2156.623046875,188
2258.56005859375,8,38,1,2245.39111328125,137
2258.56005859375,53,27,0,1576.7686767578125,42
2258.56005859375,4,35,2,2055.13232421875,132
2258.56005859375,0,31,0,1805.4345703125,86
2258.56005859375,9,38,2,2245.040771484375,149
2258.56005859375,2,31,0,1808.0880126953125,92
2258.56005859375,3,31,1,1812.9947509765625,74
2258.56005859375,4,33,0,1910.281005859375,94
2165.72021484375,52,35,2,2070.083984375,149
2165.72021484375,0,30,0,1781.7806396484375,70
2165.72021484375,0,30,0,1776.4735107421875,77
2165.72021484375,1,37,2,2153.047119140625,160
2165.72021484375,11,30,0,1783.0823974609375,74
2165.72021484375,1,37,2,2153.047119140625,131
2165.72021484375,1,28,0,1676.6173095703125,61
2165.72021484375,0,33,0,1937.611328125,111
2217.927001953125,0,28,0,1698.6427001953125,70
2217.927001953125,1,35,2,2112.861328125,107
2217.927001953125,0,24,0,1445.729736328125,28
2217.927001953125,11,28,1,1685.2900390625,69
2217.927001953125,3,37,1,2205.059326171875,180
2217.927001953125,1,30,0,1782.728271484375,90
2217.927001953125,1,31,1,1873.7955322265625,82
2217.927001953125,14,37,1,2205.059326171875,135
2250.1279296875,1,40,3,2237.360107421875,192
2250.1279296875,1,33,1,1867.9739990234373,101
2250.1279296875,19,31,1,1763.5098876953125,96
2250.1279296875,1,28,0,1611.3406982421875,62
2250.1279296875,1,27,0,1550.4515380859375,69
2250.1279296875,1,26,0,1487.642822265625,53
2250.1279296875,0,33,0,1867.27294921875,87
2250.1279296875,12,40,1,2233.905517578125,191
2091.89990234375,1,27,0,1579.0394287109375,41
2091.89990234375,7,37,3,2078.73193359375,149
2091.89990234375,0,30,0,1726.96728515625,72
2091.89990234375,2,37,1,2078.73193359375,181
2091.89990234375,0,34,0,1951.4281005859373,122
2091.89990234375,0,31,0,1785.8958740234375,98
2091.89990234375,0,31,2,1792.20458984375,94
2091.89990234375,6,27,0,1582.744384765625,50
2183.46435546875,0,31,0,1865.6190185546875,83
2183.46435546875,40,30,0,1785.265869140625,77
2183.46435546875,1,33,1,1962.7401123046875,89
2183.46435546875,33,37,0,2170.24853515625,130
2183.46435546875,0,35,1,2093.263427734375,139
2183.46435546875,1,37,3,2170.24853515625,162
2183.46435546875,57,33,1,1974.2060546875,80
2183.46435546875,1,34,1,2026.7454833984373,127
2091.4814453125,0,30,1,1789.9134521484375,81
2091.4814453125,1,31,0,1853.4854736328125,79
2091.4814453125,2,35,2,2078.313232421875,149
2091.4814453125,29,33,0,1949.9027099609373,102
2091.4814453125,1,35,2,2078.313232421875,146
2091.4814453125,4,28,0,1678.3067626953125,50
2091.4814453125,1,34,1,2018.7738037109373,131
2091.4814453125,21,26,0,1542.2880859375,36
1920.342041015625,0,28,0,1613.9208984375,67
1920.342041015625,0,34,1,1907.166748046875,108
1920.342041015625,1,33,2,1895.42138671875,91
1920.342041015625,10,28,0,1631.5626220703125,59
1920.342041015625,5,34,3,1907.166748046875,195
1920.342041015625,0,31,0,1788.5804443359375,84
1920.342041015625,0,30,0,1723.7607421875,81
1920.342041015625,5,28,0,1623.9517822265625,62
2137.69140625,0,35,1,2044.201416015625,119
2137.69140625,0,31,1,1801.1405029296875,92
2137.69140625,0,37,1,2124.51416015625,138
2137.69140625,2,37,3,2124.51416015625,184
2137.69140625,28,28,0,1655.3580322265625,66
2137.69140625,1,28,0,1657.5111083984375,54
2137.69140625,1,35,0,2049.658935546875,103
2137.69140625,0,26,0,1521.6856689453125,37
2130.705078125,0,27,0,1549.731689453125,38
2130.705078125,1,38,3,2117.536376953125,161
2130.705078125,1,28,0,1613.5177001953125,50
2130.705078125,3,30,1,1701.2705078125,77
2130.705078125,1,37,1,2057.22119140625,127
2130.705078125,10,38,1,2117.536376953125,195
2130.705078125,2,31,1,1764.0279541015625,73
2130.705078125,1,34,0,1908.854248046875,109
2261.352783203125,6,31,0,1813.9393310546875,78
2261.352783203125,0,40,2,2247.58349609375,160
2261.352783203125,6,40,2,2248.9853515625,196
2261.352783203125,1,30,0,1751.0343017578125,68
2261.352783203125,4,31,1,1816.792724609375,98
2261.352783203125,3,35,2,2031.4521484375,126
2261.352783203125,45,26,0,1539.6280517578125,31
2261.352783203125,4,27,0,1601.62451171875,64
2225.1513671875,1,30,0,1785.5289306640625,79
2225.1513671875,3,28,0,1700.3228759765625,54
2225.1513671875,0,37,1,2198.06494140625,146
2225.1513671875,2,37,3,2212.334228515625,141
2225.1513671875,1,31,0,1855.8118896484373,85
2225.1513671875,1,28,0,1694.31396484375,66
2225.1513671875,1,30,0,1799.851806640625,69
2225.1513671875,3,37,2,2212.283935546875,138
2211.527587890625,7,38,0,2197.258544921875,154
2211.527587890625,0,23,0,1327.7484130859375,18
2211.527587890625,0,31,1,1820.0367431640625,94
2211.527587890625,1,37,1,2149.068603515625,126
2211.527587890625,0,30,1,1755.9193115234375,75
2211.527587890625,3,26,0,1526.42041015625,47
2211.527587890625,2,38,3,2198.360107421875,215
2211.527587890625,0,33,1,1934.3779296875,92
2147.02392578125,1,28,0,1608.845703125,56
2147.02392578125,57,26,0,1484.6962890625,27
2147.02392578125,0,33,0,1863.8065185546875,114
2147.02392578125,1,34,0,1930.6270751953125,100
2147.02392578125,2,30,0,1694.5528564453125,78
2147.02392578125,1,38,2,2133.90625,167
2147.02392578125,32,38,2,2132.854736328125,149
2147.02392578125,0,37,2,2075.4453125,139
2168.31103515625,1,33,2,1939.78759765625,108
2168.31103515625,2,33,0,1951.5035400390625,82
2168.31103515625,2,37,2,2155.142822265625,157
2168.31103515625,2,37,1,2153.4404296875,106
2168.31103515625,0,30,0,1748.248291015625,71
2168.31103515625,0,27,0,1563.641845703125,46
2168.31103515625,0,30,0,1755.511474609375,75
2168.31103515625,0,37,1,2152.58935546875,163
2115.94482421875,12,37,2,2099.917724609375,138
2115.94482421875,1,31,0,1793.0494384765625,83
2115.94482421875,4,31,1,1784.3245849609375,105
2115.94482421875,20,26,0,1494.304443359375,36
2115.94482421875,10,30,0,1718.8951416015625,75
2115.94482421875,1,35,1,2018.5521240234373,121
2115.94482421875,6,37,2,2102.776611328125,174
2115.94482421875,0,28,0,1622.9583740234375,62
2282.454833984375,1,35,0,1916.1473388671875,126
2282.454833984375,0,40,1,2156.0703125,155
2282.454833984375,5,27,0,1483.3326416015625,47
2282.454833984375,1,42,1,2268.386474609375,174
2282.454833984375,2,21,0,1138.41748046875,12
2282.454833984375,40,34,0,1853.5838623046875,104
2282.454833984375,0,24,1,1323.7545166015625,24
2282.454833984375,2,42,5,2270.088623046875,216
2113.54248046875,0,31,1,1825.026123046875,88
2113.54248046875,36,27,0,1596.980712890625,49
2113.54248046875,1,37,1,2100.723388671875,120
2113.54248046875,0,27,0,1595.779052734375,56
2113.54248046875,1,37,4,2100.723388671875,203
2113.54248046875,1,28,0,1652.9111328125,72
2113.54248046875,4,33,2,1919.5030517578125,112
2113.54248046875,4,34,0,1975.7557373046875,109
2180.157470703125,0,33,2,1956.0517578125,101
2180.157470703125,2,27,0,1599.77587890625,51
2180.157470703125,51,37,2,2166.388427734375,139
2180.157470703125,12,34,0,2012.6319580078125,109
2180.157470703125,1,30,0,1775.2867431640625,75
2180.157470703125,1,26,0,1532.2236328125,40
2180.157470703125,1,37,1,2166.9892578125,159
2180.157470703125,12,33,0,1947.7906494140625,120
2259.8310546875,4,37,0,2095.5283203125,139
2259.8310546875,1,40,3,2246.161865234375,180
2259.8310546875,11,31,1,1805.6268310546875,98
2259.8310546875,24,27,0,1581.1748046875,19
2259.8310546875,1,30,0,1739.0693359375,63
2259.8310546875,1,28,0,1643.2916259765625,56
2259.8310546875,3,40,3,2246.712646484375,207
2259.8310546875,3,33,0,1898.5225830078125,86
2189.1845703125,0,26,0,1529.1929931640625,48
2189.1845703125,1,31,0,1814.80126953125,79
2189.1845703125,2,33,0,1911.617431640625,109
2189.1845703125,1,30,0,1746.257568359375,72
2189.1845703125,0,38,2,2176.0166015625,170
2189.1845703125,28,28,0,1653.781982421875,69
2189.1845703125,36,28,0,1653.4815673828125,75
2189.1845703125,2,38,4,2176.0166015625,203
2131.95849609375,0,33,0,1908.3238525390625,109
2131.95849609375,0,35,3,2034.7694091796875,123
2131.95849609375,1,27,0,1606.489501953125,44
2131.95849609375,1,37,2,2118.99072265625,191
2131.95849609375,2,28,0,1666.7388916015625,63
2131.95849609375,0,24,0,1424.17333984375,31
2131.95849609375,0,37,1,2118.99072265625,142
2131.95849609375,0,35,1,2041.37841796875,119
1875.565673828125,31,31,0,1814.6351318359373,85
1875.565673828125,1,26,0,1532.89404296875,32
1875.565673828125,4,30,1,1752.1363525390625,81
1875.565673828125,2,31,0,1815.1859130859373,77
1875.565673828125,24,32,2,1862.39208984375,170
1875.565673828125,21,32,0,1862.39208984375,98
1875.565673828125,36,32,0,1847.6253662109373,110
1875.565673828125,3,27,1,1594.31494140625,54
2096.886962890625,49,28,0,1698.9183349609375,56
2096.886962890625,1,35,1,2083.717529296875,134
2096.886962890625,0,30,0,1797.2080078125,82
2096.886962890625,0,34,1,2015.2874755859373,114
2096.886962890625,0,31,1,1856.2421875,97
2096.886962890625,0,33,0,1956.7220458984373,106
2096.886962890625,2,35,4,2083.717529296875,195
2096.886962890625,0,26,0,1579.94287109375,51
2139.828369140625,0,33,1,1864.5589599609373,93
2139.828369140625,3,27,0,1541.8875732421875,68
2139.828369140625,1,28,0,1612.68994140625,64
2139.828369140625,33,38,3,2126.658447265625,196
2139.828369140625,2,35,1,1993.066162109375,102
2139.828369140625,1,35,0,1980.697509765625,122
2139.828369140625,1,30,0,1701.8253173828125,69
2139.828369140625,22,38,1,2126.658447265625,153
2169.322998046875,43,34,2,2006.714599609375,120
2169.322998046875,1,37,4,2156.153076171875,188
2169.322998046875,12,37,1,2156.153076171875,153
2169.322998046875,22,30,0,1761.806640625,78
2169.322998046875,1,30,0,1760.4046630859375,78
2169.322998046875,1,26,0,1533.0062255859375,43
2169.322998046875,39,26,0,1524.3175048828125,36
2169.322998046875,0,35,0,2071.766845703125,126
2045.9111328125,41,27,0,1639.2008056640625,58
2045.9111328125,32,33,1,1970.3096923828125,101
2045.9111328125,2,31,1,1868.7672119140625,92
2045.9111328125,19,28,0,1699.9466552734375,59
2045.9111328125,2,34,1,2032.7320556640625,106
2045.9111328125,0,31,0,1878.133056640625,110
2045.9111328125,1,31,0,1870.0689697265625,85
2045.9111328125,53,34,4,2032.7320556640625,168
2098.5009765625,0,31,1,1849.860595703125,78
2098.5009765625,12,35,3,2085.32861328125,165
2098.5009765625,1,27,0,1612.7900390625,55
2098.5009765625,2,35,0,2085.32861328125,122
2098.5009765625,16,28,0,1682.513427734375,61
2098.5009765625,0,33,0,1962.6766357421875,98
2098.5009765625,0,33,0,1955.5166015625,101
2098.5009765625,50,34,2,2023.0673828125,113
2169.857177734375,4,31,0,1786.283203125,63
2169.857177734375,1,38,0,2156.687255859375,134
2169.857177734375,13,38,2,2156.687255859375,186
2169.857177734375,0,28,0,1633.0714111328125,82
2169.857177734375,19,30,1,1727.9427490234375,95
2169.857177734375,1,31,0,1782.778564453125,73
2169.857177734375,1,21,0,1191.304931640625,6
2169.857177734375,4,35,1,2017.284423828125,126
2118.0576171875,7,35,2,2104.8896484375,178
2118.0576171875,20,26,0,1548.102294921875,45
2118.0576171875,0,33,1,1974.423828125,104
2118.0576171875,1,34,1,2040.052978515625,125
2118.0576171875,1,35,1,2104.8896484375,122
2118.0576171875,0,30,0,1788.3154296875,85
2118.0576171875,0,30,1,1779.847900390625,77
2118.0576171875,1,27,0,1621.8121337890625,50
2198.949462890625,0,31,1,1841.3692626953125,77
2198.949462890625,0,27,0,1601.96728515625,65
2198.949462890625,2,31,0,1834.409423828125,82
2198.949462890625,22,37,4,2185.763427734375,142
2198.949462890625,11,35,1,2087.284423828125,128
2198.949462890625,30,27,0,1600.264892578125,52
2198.949462890625,4,37,1,2185.763427734375,164
2198.949462890625,0,30,0,1761.3853759765625,61
2405.986083984375,2,31,1,1833.435302734375,99
2405.986083984375,2,30,1,1767.1285400390625,78
2405.986083984375,34,24,0,1440.041015625,28
2405.986083984375,0,27,0,1614.2518310546875,41
2405.986083984375,0,26,0,1555.4705810546875,32
2405.986083984375,5,42,4,2397.72412109375,249
2405.986083984375,6,33,0,1932.0162353515625,93
2405.986083984375,7,42,1,2397.72412109375,193
2147.337158203125,0,31,1,1761.5491943359375,71
2147.337158203125,3,38,0,2124.31201171875,167
2147.337158203125,14,26,0,1498.0936279296875,33
2147.337158203125,1,33,1,1866.870849609375,97
2147.337158203125,7,39,0,2134.166259765625,142
2147.337158203125,10,39,4,2134.166259765625,160
2147.337158203125,0,28,1,1617.6949462890625,60
2147.337158203125,53,27,0,1560.4364013671875,60
2143.84619140625,1,35,3,2130.661865234375,185
2143.84619140625,0,35,2,2130.661865234375,142
2143.84619140625,0,33,0,2003.297119140625,67
2143.84619140625,14,34,0,2064.407958984375,111
2143.84619140625,4,24,0,1441.8701171875,32
2143.84619140625,4,33,1,2006.7518310546875,86
2143.84619140625,1,31,0,1910.4034423828125,92
2143.84619140625,0,34,1,2080.178955078125,125
2209.58984375,5,38,4,2196.771728515625,186
2209.58984375,0,35,0,2055.10986328125,136
2209.58984375,0,30,0,1769.80419921875,77
2209.58984375,8,23,0,1317.6285400390625,12
2209.58984375,6,37,2,2134.004638671875,121
2209.58984375,0,38,1,2196.47119140625,108
2209.58984375,2,34,0,1994.6807861328125,96
2209.58984375,8,35,1,2046.4482421875,129
2303.40625,1,35,1,2057.652587890625,137
2303.40625,3,40,3,2290.238525390625,213
2303.40625,5,27,0,1614.7784423828125,46
2303.40625,9,40,1,2288.83642578125,151
2303.40625,137,24,0,1441.2657470703125,37
2303.40625,0,26,1,1559.3424072265625,38
2303.40625,1,38,1,2198.845458984375,156
2303.40625,0,27,0,1626.6064453125,55
2438.40576171875,6,37,2,2334.377685546875,126
2438.40576171875,37,38,1,2425.238037109375,146
2438.40576171875,1,33,1,2070.032470703125,133
2438.40576171875,1,27,0,1677.067138671875,52
2438.40576171875,1,30,2,1872.0101318359373,84
2438.40576171875,5,38,2,2425.238037109375,173
2438.40576171875,7,28,0,1757.5787353515625,64
2438.40576171875,1,24,0,1483.3712158203125,34
2339.073486328125,47,40,2,2324.803955078125,151
2339.073486328125,0,28,0,1675.79296875,68
2339.073486328125,0,38,1,2230.25732421875,154
2339.073486328125,0,31,0,1840.7694091796875,95
2339.073486328125,1,34,2,2009.038330078125,87
2339.073486328125,1,26,0,1542.8770751953125,18
2339.073486328125,27,40,2,2325.9052734375,168
2339.073486328125,1,33,0,1947.0992431640625,103
2147.47900390625,0,30,0,1659.666015625,56
2147.47900390625,9,40,3,2135.006591796875,219
2147.47900390625,0,33,1,1808.4818115234373,86
2147.47900390625,0,31,2,1716.85546875,78
2147.47900390625,0,26,0,1449.049072265625,31
2147.47900390625,0,31,0,1717.15576171875,79
2147.47900390625,0,40,1,2135.006591796875,166
2147.47900390625,15,28,0,1565.297119140625,66
1967.8109130859373,0,21,0,1138.5865478515625,20
1967.8109130859373,40,35,1,1954.6424560546875,127
1967.8109130859373,7,33,0,1841.906494140625,114
1967.8109130859373,59,34,1,1902.533935546875,116
1967.8109130859373,31,35,3,1954.6424560546875,171
1967.8109130859373,0,28,0,1598.725830078125,59
1967.8109130859373,1,31,1,1742.7806396484375,84
1967.8109130859373,1,34,0,1897.8775634765625,84
2099.4853515625,1,30,0,1719.490234375,71
2099.4853515625,1,27,0,1572.0728759765625,53
2099.4853515625,13,37,2,2087.117431640625,184
2099.4853515625,2,28,0,1635.379150390625,48
2099.4853515625,0,33,1,1891.9951171875,101
2099.4853515625,29,30,1,1739.11865234375,94
2099.4853515625,0,35,2,2005.7088623046875,112
2099.4853515625,0,37,1,2087.117431640625,155
1986.969970703125,1,34,1,1973.4976806640625,114
1986.969970703125,1,33,0,1907.228759765625,98
1986.969970703125,1,28,1,1649.5943603515625,58
1986.969970703125,22,24,0,1425.7904052734375,28
1986.969970703125,2,34,3,1974.7994384765625,159
1986.969970703125,1,30,0,1747.9779052734375,66
1986.969970703125,1,33,0,1911.4931640625,106
1986.969970703125,0,34,0,1973.5477294921875,112
2185.972900390625,4,23,0,1311.145751953125,22
2185.972900390625,11,34,3,1971.0792236328125,150
2185.972900390625,0,38,2,2169.40087890625,176
2185.972900390625,3,28,0,1660.399169921875,66
2185.972900390625,1,38,1,2172.805419921875,156
2185.972900390625,36,33,0,1915.548095703125,100
2185.972900390625,0,27,0,1588.1754150390625,58
2185.972900390625,0,31,1,1809.9517822265625,91
2512.717529296875,50,33,1,1926.599365234375,105
2512.717529296875,9,41,1,2354.36669921875,151
2512.717529296875,0,28,0,1660.2506103515625,52
2512.717529296875,0,27,1,1596.651611328125,38
2512.717529296875,2,44,4,2499.548828125,254
2512.717529296875,1,44,2,2495.493408203125,204
2512.717529296875,10,28,0,1654.6927490234375,44
2512.717529296875,0,21,0,1205.3433837890625,10
2176.71435546875,24,30,0,1786.92919921875,83
2176.71435546875,1,28,0,1695.77685546875,60
2176.71435546875,1,37,4,2163.54638671875,203
2176.71435546875,0,37,2,2163.54638671875,136
2176.71435546875,1,35,1,2072.08544921875,125
2176.71435546875,26,21,0,1221.21484375,19
2176.71435546875,0,30,0,1792.0362548828125,66
2176.71435546875,0,34,0,2009.62744140625,117
2161.45458984375,49,31,0,1804.162353515625,95
2161.45458984375,0,31,0,1806.7242431640625,81
2161.45458984375,3,33,0,1914.17236328125,79
2161.45458984375,0,27,0,1571.9141845703125,44
2161.45458984375,3,33,0,1923.3348388671875,86
2161.45458984375,5,35,2,2054.00341796875,141
2161.45458984375,1,37,0,2146.833740234375,143
2161.45458984375,1,37,3,2148.28564453125,135
2065.30224609375,14,30,0,1736.822021484375,86
2065.30224609375,1,35,1,2052.463134765625,117
2065.30224609375,10,31,0,1814.927978515625,80
2065.30224609375,1,31,0,1812.0240478515625,78
2065.30224609375,56,35,5,2052.463134765625,178
2065.30224609375,0,27,0,1562.3084716796875,57
2065.30224609375,10,30,0,1736.57177734375,70
2065.30224609375,0,33,0,1908.4071044921875,111
2039.415283203125,1,30,1,1693.2783203125,88
2039.415283203125,1,28,0,1603.7347412109375,84
2039.415283203125,0,26,0,1481.652587890625,40
2039.415283203125,10,27,0,1542.7296142578125,63
2039.415283203125,10,37,3,2026.9266357421875,178
2039.415283203125,2,33,1,1843.3411865234373,107
2039.415283203125,46,27,0,1548.89697265625,62
2039.415283203125,6,37,2,2026.9266357421875,169
2188.118408203125,7,30,0,1746.809814453125,73
2188.118408203125,0,26,0,1515.1922607421875,24
2188.118408203125,4,34,0,1970.2484130859373,111
2188.118408203125,8,28,0,1645.682373046875,71
2188.118408203125,2,37,1,2118.55517578125,126
2188.118408203125,7,38,4,2174.9501953125,184
2188.118408203125,1,38,2,2174.9501953125,118
2188.118408203125,3,33,0,1909.7098388671875,95
1999.1412353515625,45,34,2,1926.535400390625,119
1999.1412353515625,0,27,0,1559.2021484375,45
1999.1412353515625,1,30,0,1711.925537109375,76
1999.1412353515625,0,30,0,1709.2220458984375,73
1999.1412353515625,36,35,4,1985.971923828125,185
1999.1412353515625,2,28,0,1624.2291259765625,69
1999.1412353515625,52,34,0,1931.842529296875,121
1999.1412353515625,1,35,1,1985.971923828125,145
2157.1669921875,0,34,2,1999.7152099609373,118
2157.1669921875,0,30,1,1767.0216064453125,65
2157.1669921875,0,37,1,2143.999267578125,155
2157.1669921875,7,37,2,2143.999267578125,146
2157.1669921875,0,33,0,1930.9337158203125,115
2157.1669921875,0,28,0,1672.866943359375,55
2157.1669921875,5,26,0,1541.5560302734375,30
2157.1669921875,1,34,1,1995.3592529296875,120
2074.079345703125,19,35,1,2060.911376953125,122
2074.079345703125,0,26,0,1513.00146484375,42
2074.079345703125,0,30,0,1732.4617919921875,77
2074.079345703125,40,35,0,2003.424560546875,150
2074.079345703125,33,30,0,1746.0213623046875,47
2074.079345703125,5,34,1,1995.5574951171875,130
2074.079345703125,2,31,0,1816.011962890625,78
2074.079345703125,84,35,3,2059.609375,154
2067.60009765625,0,31,0,1760.2138671875,81
2067.60009765625,0,30,0,1698.0064697265625,79
2067.60009765625,0,24,0,1361.22265625,27
2067.60009765625,2,27,0,1547.4884033203125,43
2067.60009765625,3,34,0,1924.1064453125,124
2067.60009765625,0,37,1,2055.08056640625,175
2067.60009765625,35,37,4,2055.08056640625,180
2067.60009765625,0,28,1,1601.6552734375,64
2234.884765625,21,33,0,1994.322021484375,90
2234.884765625,1,37,2,2220.59228515625,109
2234.884765625,1,34,2,2064.219970703125,104
2234.884765625,4,37,0,2217.78857421875,129
2234.884765625,0,31,0,1890.3341064453125,79
2234.884765625,12,37,2,2221.716796875,175
2234.884765625,52,27,0,1650.1094970703125,38
2234.884765625,0,33,0,1990.667236328125,80
2076.571533203125,51,32,0,1878.0965576171875,100
2076.571533203125,21,35,2,2063.39990234375,153
2076.571533203125,54,31,0,1861.0972900390625,65
2076.571533203125,1,35,2,2063.39990234375,145
2076.571533203125,0,28,0,1695.7681884765625,52
2076.571533203125,0,35,0,2059.5947265625,132
2076.571533203125,20,26,0,1561.9833984375,33
2076.571533203125,1,31,1,1850.075439453125,95
1938.095947265625,33,27,0,1590.1571044921875,48
1938.095947265625,0,34,0,1925.54296875,136
1938.095947265625,34,26,0,1520.7706298828125,40
1938.095947265625,2,31,1,1808.4525146484373,90
1938.095947265625,12,33,2,1900.9365234375,101
1938.095947265625,1,30,0,1746.8201904296875,84
1938.095947265625,16,28,0,1649.4373779296875,62
1938.095947265625,56,34,3,1925.54296875,162
2316.231689453125,1,27,0,1640.7762451171875,41
2316.231689453125,1,30,0,1834.591064453125,74
2316.231689453125,1,30,0,1820.514404296875,76
2316.231689453125,3,37,1,2233.53076171875,157
2316.231689453125,2,31,0,1901.7862548828125,85
2316.231689453125,0,38,0,2303.06298828125,113
2316.231689453125,1,28,0,1713.7669677734375,62
2316.231689453125,1,38,6,2303.06298828125,184
2294.14599609375,0,31,0,1785.4493408203125,82
2294.14599609375,1,34,1,1937.843505859375,115
2294.14599609375,41,27,1,1543.127685546875,27
2294.14599609375,1,24,0,1372.04150390625,21
2294.14599609375,8,28,0,1624.968994140625,56
2294.14599609375,0,33,0,1881.1485595703125,98
2294.14599609375,1,41,3,2280.977783203125,224
2294.14599609375,0,41,1,2280.977783203125,195
2232.65380859375,0,34,1,2030.04345703125,95
2232.65380859375,1,31,0,1862.3756103515625,94
2232.65380859375,2,33,0,1969.3690185546875,100
2232.65380859375,50,24,0,1475.800537109375,24
2232.65380859375,5,38,1,2219.4921875,198
2232.65380859375,0,38,3,2219.4921875,182
2232.65380859375,43,26,0,1569.7572021484375,29
2232.65380859375,1,35,2,2084.313232421875,111
2051.99072265625,10,33,3,1846.27734375,125
2051.99072265625,1,27,0,1528.6912841796875,39
2051.99072265625,0,37,1,2038.808837890625,174
2051.99072265625,0,27,0,1532.2470703125,50
2051.99072265625,0,30,0,1690.47412109375,77
2051.99072265625,3,37,3,2038.808837890625,178
2051.99072265625,1,30,0,1687.8707275390625,90
2051.99072265625,0,28,0,1599.630615234375,73
2170.65869140625,3,34,2,1958.3126220703125,129
2170.65869140625,1,37,1,2093.955322265625,133
2170.65869140625,5,28,0,1630.9686279296875,53
2170.65869140625,0,33,0,1893.1761474609373,111
2170.65869140625,1,38,1,2156.389404296875,138
2170.65869140625,1,38,3,2157.5908203125,158
2170.65869140625,10,27,0,1565.2718505859375,44
2170.65869140625,6,24,0,1392.8697509765625,29
2236.904541015625,1,40,3,2223.48583984375,185
2236.904541015625,1,34,0,1930.4976806640625,103
2236.904541015625,5,28,0,1615.4429931640625,60
2236.904541015625,1,34,1,1939.860595703125,132
2236.904541015625,51,30,1,1699.9598388671875,68
2236.904541015625,0,27,0,1546.8126220703125,55
2236.904541015625,50,40,3,2224.386962890625,186
2236.904541015625,0,31,0,1766.5367431640625,91
2260.24658203125,1,26,0,1452.6278076171875,48
2260.24658203125,5,38,1,2154.2958984375,139
2260.24658203125,2,30,0,1673.072021484375,75
2260.24658203125,1,30,1,1676.832275390625,67
2260.24658203125,0,28,1,1585.7353515625,54
2260.24658203125,0,30,0,1679.3858642578125,81
2260.24658203125,7,40,2,2247.078125,181
2260.24658203125,0,40,2,2245.0751953125,164
2039.5877685546875,1,35,0,2020.11181640625,131
2039.5877685546875,53,35,2,2026.970947265625,168
2039.5877685546875,1,30,1,1753.525146484375,86
2039.5877685546875,1,23,0,1317.8548583984375,23
2039.5877685546875,1,27,0,1599.411376953125,52
2039.5877685546875,1,35,2,2026.970947265625,128
2039.5877685546875,21,30,0,1754.6265869140625,66
2039.5877685546875,1,31,0,1810.332763671875,74
2302.72802734375,2,40,3,2289.55322265625,195
2302.72802734375,20,26,0,1541.307861328125,44
2302.72802734375,1,31,0,1828.8775634765625,97
2302.72802734375,16,28,0,1678.2550048828125,51
2302.72802734375,1,31,1,1831.130615234375,86
2302.72802734375,2,40,3,2289.55322265625,236
2302.72802734375,0,27,0,1609.9920654296875,57
2302.72802734375,0,28,0,1666.172119140625,65
2153.14990234375,0,28,0,1623.7401123046875,58
2153.14990234375,0,26,0,1484.3079833984375,32
2153.14990234375,0,34,1,1931.9041748046875,125
2153.14990234375,31,38,4,2140.13232421875,182
2153.14990234375,0,34,0,1937.1610107421875,108
2153.14990234375,1,28,0,1616.444580078125,58
2153.14990234375,4,30,0,1709.267333984375,73
2153.14990234375,12,38,2,2137.879150390625,193
2110.455322265625,15,33,0,1974.857666015625,94
2110.455322265625,0,30,0,1803.4765625,70
2110.455322265625,3,35,1,2097.29052734375,128
2110.455322265625,0,34,1,2035.26123046875,108
2110.455322265625,49,35,4,2097.29052734375,187
2110.455322265625,0,27,0,1650.6712646484375,49
2110.455322265625,18,28,0,1708.8338623046875,52
2110.455322265625,1,31,1,1883.3570556640625,87
2115.814453125,0,31,0,1814.6302490234373,68
2115.814453125,9,27,0,1601.668701171875,45
2115.814453125,1,34,1,1961.74072265625,113
2115.814453125,51,30,0,1752.7841796875,75
2115.814453125,0,28,0,1664.47998046875,69
2115.814453125,53,37,3,2102.646484375,206
2115.814453125,1,21,0,1191.8001708984375,6
2115.814453125,22,37,1,2100.7939453125,124
2217.92431640625,1,38,1,2204.202880859375,166
2217.92431640625,3,27,0,1651.7169189453125,47
2217.92431640625,1,34,2,2018.9193115234373,115
2217.92431640625,13,14,0,750.4524536132812,28
2217.92431640625,2,35,0,2073.743896484375,127
2217.92431640625,5,28,0,1710.5880126953125,56
2217.92431640625,16,38,3,2204.753662109375,153
2217.92431640625,1,26,0,1568.260498046875,22
2047.00048828125,0,30,0,1747.955078125,88
2047.00048828125,1,33,2,1908.751708984375,108
2047.00048828125,4,28,0,1656.207763671875,77
2047.00048828125,0,35,1,2032.7872314453125,120
2047.00048828125,3,35,1,2034.6397705078125,191
2047.00048828125,0,35,2,2030.5841064453125,129
2047.00048828125,0,23,0,1298.462158203125,23
2047.00048828125,59,28,0,1640.5546875,59
2411.4365234375,1,33,0,1911.023681640625,92
2411.4365234375,3,26,0,1528.0386962890625,41
2411.4365234375,5,42,3,2398.268310546875,216
2411.4365234375,2,23,0,1322.3369140625,28
2411.4365234375,4,27,0,1595.960205078125,36
2411.4365234375,1,42,3,2396.6162109375,214
2411.4365234375,32,26,0,1535.1983642578125,50
2411.4365234375,2,35,1,2035.11669921875,133
2180.65771484375,9,33,0,1893.695556640625,109
2180.65771484375,1,28,0,1621.262939453125,71
2180.65771484375,2,38,3,2167.48974609375,165
2180.65771484375,0,30,0,1713.6944580078125,73
2180.65771484375,23,31,0,1798.914306640625,85
2180.65771484375,1,38,2,2164.385498046875,147
2180.65771484375,0,28,0,1632.6279296875,53
2180.65771484375,5,37,2,2106.12646484375,122
2219.93408203125,3,37,0,2145.310302734375,155
2219.93408203125,2,27,1,1617.3651123046875,57
2219.93408203125,1,35,1,2057.546630859375,156
2219.93408203125,38,26,0,1549.1304931640625,41
2219.93408203125,2,27,0,1613.8602294921875,68
2219.93408203125,21,38,2,2206.7666015625,189
2219.93408203125,0,38,3,2206.7666015625,152
2219.93408203125,7,23,0,1332.7314453125,3
2115.45361328125,4,28,0,1596.6246337890625,53
2115.45361328125,47,38,4,2102.28564453125,200
2115.45361328125,1,31,0,1750.955322265625,83
2115.45361328125,0,30,0,1697.6177978515625,73
2115.45361328125,0,38,1,2102.28564453125,126
2115.45361328125,1,37,0,2047.4229736328125,130
2115.45361328125,0,30,1,1692.2607421875,62
2115.45361328125,6,27,0,1528.3780517578125,47
2276.059814453125,4,23,0,1374.445068359375,27
2276.059814453125,51,30,0,1835.825927734375,88
2276.059814453125,50,27,0,1646.1263427734375,43
2276.059814453125,0,38,2,2262.841552734375,182
2276.059814453125,29,31,0,1898.5330810546875,81
2276.059814453125,2,21,0,1281.3916015625,16
2276.059814453125,2,38,4,2262.8916015625,175
2276.059814453125,13,33,1,1994.6690673828125,110
2181.4189453125,0,31,0,1882.642578125,77
2181.4189453125,0,35,0,2085.203369140625,121
2181.4189453125,20,31,0,1898.264892578125,65
2181.4189453125,42,37,2,2168.2509765625,144
2181.4189453125,9,27,0,1635.838134765625,39
2181.4189453125,14,31,1,1869.5098876953125,81
2181.4189453125,0,37,1,2168.2509765625,169
2181.4189453125,0,33,1,2002.1851806640625,72
2315.825927734375,1,28,0,1701.1065673828125,66
2315.825927734375,36,31,1,1851.273681640625,94
2315.825927734375,1,24,0,1483.6357421875,30
2315.825927734375,2,35,1,2078.889404296875,106
2315.825927734375,12,30,0,1789.1357421875,63
2315.825927734375,8,40,4,2304.009765625,182
2315.825927734375,0,38,1,2179.763671875,142
2315.825927734375,1,40,1,2301.105712890625,145
2248.298828125,32,31,0,1852.4224853515625,84
2248.298828125,1,30,0,1774.9830322265625,61
2248.298828125,0,37,2,2174.103759765625,153
2248.298828125,1,38,2,2234.577880859375,176
2248.298828125,1,35,2,2078.771728515625,151
2248.298828125,1,30,0,1787.48388671875,68
2248.298828125,1,38,3,2235.128662109375,146
2248.298828125,2,28,0,1666.869140625,46
2206.28271484375,1,37,1,2134.687744140625,125
2206.28271484375,1,38,1,2192.764404296875,153
2206.28271484375,1,35,1,2049.56787109375,119
2206.28271484375,2,33,1,1921.7042236328125,100
2206.28271484375,0,27,0,1583.896240234375,45
2206.28271484375,2,38,2,2193.26513671875,183
2206.28271484375,1,28,1,1654.0211181640625,57
2206.28271484375,0,27,0,1588.001708984375,41
2076.447998046875,0,33,0,1925.722900390625,115
2076.447998046875,20,35,3,2063.2802734375,169
2076.447998046875,11,35,1,2063.2802734375,116
2076.447998046875,1,34,2,2003.18896484375,136
2076.447998046875,0,28,0,1674.8123779296875,70
2076.447998046875,52,26,0,1552.4013671875,42
2076.447998046875,0,33,0,1933.98486328125,107
2076.447998046875,3,24,0,1442.9708251953125,30
2109.818359375,0,35,2,2096.613037109375,138
2109.818359375,0,24,0,1466.468505859375,26
2109.818359375,0,34,1,2035.0172119140625,169
2109.818359375,23,31,0,1878.0618896484373,100
2109.818359375,4,35,3,2096.613037109375,160
2109.818359375,0,30,1,1798.785400390625,96
2109.818359375,1,24,0,1464.7659912109375,22
2109.818359375,8,28,0,1704.05078125,62
2176.866455078125,5,30,0,1687.458740234375,81
2176.866455078125,0,38,2,2162.746826171875,182
2176.866455078125,4,38,3,2163.99853515625,185
2176.866455078125,0,27,0,1527.7237548828125,54
2176.866455078125,11,21,0,1150.397705078125,3
2176.866455078125,0,35,1,2005.11865234375,105
2176.866455078125,51,28,0,1594.3218994140625,56
2176.866455078125,1,37,1,2094.674560546875,148
1945.0452880859373,3,28,1,1625.791015625,66
1945.0452880859373,1,27,0,1564.10595703125,59
1945.0452880859373,1,31,0,1770.195556640625,95
1945.0452880859373,6,34,1,1931.8773193359373,191
1945.0452880859373,0,33,3,1873.08642578125,101
1945.0452880859373,3,27,0,1559.54443359375,54
1945.0452880859373,1,26,0,1497.980712890625,25
1945.0452880859373,1,34,1,1931.8773193359373,131
2153.9443359375,31,31,1,1815.974609375,83
2153.9443359375,13,37,2,2140.77685546875,126
2153.9443359375,1,28,0,1647.1846923828125,55
2153.9443359375,27,34,0,1996.7098388671875,97
2153.9443359375,11,37,4,2140.77685546875,223
2153.9443359375,2,31,0,1813.4322509765625,90
2153.9443359375,6,28,0,1646.0330810546875,60
2153.9443359375,10,30,0,1735.2601318359375,64
2222.749755859375,0,30,1,1771.5831298828125,63
2222.749755859375,8,34,1,2017.84423828125,117
2222.749755859375,0,38,2,2209.572265625,150
2222.749755859375,1,33,0,1945.5755615234373,105
2222.749755859375,18,31,0,1831.0380859375,60
2222.749755859375,5,28,0,1669.462890625,56
2222.749755859375,11,26,0,1526.755126953125,36
2222.749755859375,5,38,3,2209.572265625,209
2186.230712890625,0,27,0,1558.2236328125,50
2186.230712890625,1,28,0,1624.7939453125,77
2186.230712890625,3,35,0,2031.174072265625,139
2186.230712890625,2,27,1,1565.3369140625,37
2186.230712890625,0,38,2,2173.06298828125,170
2186.230712890625,27,38,3,2173.06298828125,189
2186.230712890625,50,37,1,2113.919189453125,119
2186.230712890625,0,24,0,1389.8350830078125,18
1952.4749755859373,2,28,0,1607.3236083984375,50
1952.4749755859373,6,35,3,1939.285400390625,192
1952.4749755859373,0,30,0,1697.9569091796875,78
1952.4749755859373,0,31,1,1761.93017578125,73
1952.4749755859373,0,34,1,1926.5732421875,107
1952.4749755859373,1,33,0,1855.4862060546875,97
1952.4749755859373,0,28,0,1614.4039306640625,70
1952.4749755859373,11,35,1,1939.285400390625,106
2170.986083984375,0,24,0,1347.6141357421875,42
2170.986083984375,3,30,1,1730.33740234375,74
2170.986083984375,1,24,0,1341.2056884765625,25
2170.986083984375,2,38,0,2157.818115234375,140
2170.986083984375,1,27,0,1580.92919921875,51
2170.986083984375,2,27,0,1588.0885009765625,56
2170.986083984375,0,37,1,2097.5224609375,156
2170.986083984375,20,38,3,2157.818115234375,194
2143.715087890625,0,28,0,1643.2855224609375,66
2143.715087890625,33,38,5,2131.447509765625,186
2143.715087890625,2,26,0,1515.04541015625,28
2143.715087890625,3,24,0,1415.3282470703125,24
2143.715087890625,14,33,0,1880.8668212890625,108
2143.715087890625,0,38,1,2131.447509765625,123
2143.715087890625,2,28,0,1641.1827392578125,89
2143.715087890625,0,37,1,2079.218994140625,157
2109.266357421875,5,35,2,2096.08984375,178
2109.266357421875,1,28,0,1699.535400390625,69
2109.266357421875,42,24,0,1466.956787109375,29
2109.266357421875,3,35,0,2096.08984375,124
2109.266357421875,1,33,1,1962.30029296875,88
2109.266357421875,5,33,1,1971.2791748046875,116
2109.266357421875,5,34,2,2040.5865478515625,132
2109.266357421875,0,30,0,1789.805908203125,74
2266.203857421875,4,38,3,2253.0361328125,158
2266.203857421875,20,38,3,2253.0361328125,186
2266.203857421875,0,27,0,1636.464111328125,47
2266.203857421875,0,34,1,2031.9886474609373,93
2266.203857421875,14,30,0,1805.290283203125,85
2266.203857421875,2,30,0,1798.1307373046875,80
2266.203857421875,110,19,0,1076.792724609375,6
2266.203857421875,3,34,0,2046.0579833984373,110
2136.392333984375,11,33,0,1850.7872314453125,86
2136.392333984375,3,28,0,1604.6654052734375,62
2136.392333984375,2,37,2,2065.213134765625,114
2136.392333984375,1,22,0,1216.499267578125,20
2136.392333984375,4,38,3,2123.224853515625,181
2136.392333984375,2,31,0,1759.05615234375,85
2136.392333984375,1,38,1,2123.224853515625,132
2136.392333984375,5,35,0,1987.6453857421875,117
2131.423095703125,0,37,4,2117.654052734375,147
2131.423095703125,1,35,0,2042.6561279296875,108
2131.423095703125,1,28,0,1673.88525390625,80
2131.423095703125,5,30,0,1772.0185546875,65
2131.423095703125,0,30,0,1772.2689208984375,88
2131.423095703125,39,37,2,2118.655517578125,159
2131.423095703125,4,33,0,1924.381103515625,105
2131.423095703125,0,30,0,1764.500244140625,73
2265.6875,1,37,0,2097.821533203125,114
2265.6875,5,31,0,1795.163818359375,76
2265.6875,1,38,3,2158.035888671875,117
2265.6875,0,26,0,1505.13916015625,24
2265.6875,40,35,0,2018.82080078125,105
2265.6875,1,40,3,2253.0703125,190
2265.6875,3,30,0,1723.79638671875,52
2265.6875,4,40,2,2253.02001953125,162
2177.301513671875,0,27,0,1639.991943359375,53
2177.301513671875,8,34,0,2028.1512451171875,123
2177.301513671875,0,33,0,1953.41015625,86
2177.301513671875,1,26,0,1579.7921142578125,39
2177.301513671875,47,28,0,1706.8037109375,52
2177.301513671875,1,37,1,2164.133544921875,141
2177.301513671875,4,37,3,2164.133544921875,201
2177.301513671875,25,35,2,2089.2919921875,108
2202.208251953125,0,31,0,1822.51904296875,80
2202.208251953125,3,38,4,2189.035888671875,193
2202.208251953125,3,38,2,2189.035888671875,163
2202.208251953125,31,34,1,1993.600341796875,100
2202.208251953125,33,30,0,1741.423095703125,81
2202.208251953125,2,30,0,1740.9725341796875,69
2202.208251953125,0,35,0,2055.83154296875,114
2202.208251953125,2,26,0,1509.8681640625,41
2059.660888671875,59,37,2,2046.482421875,138
2059.660888671875,0,28,0,1607.509033203125,55
2059.660888671875,50,30,0,1694.3197021484375,69
2059.660888671875,1,33,1,1848.4720458984373,93
2059.660888671875,0,35,0,1963.1219482421875,117
2059.660888671875,2,26,0,1484.7664794921875,31
2059.660888671875,2,37,3,2046.482421875,189
2059.660888671875,1,35,1,1970.48193359375,141
1940.3209228515625,62,31,0,1782.8529052734375,99
1940.3209228515625,13,34,4,1927.1527099609373,187
1940.3209228515625,3,30,1,1721.6573486328125,82
1940.3209228515625,0,26,0,1520.1658935546875,46
1940.3209228515625,62,28,0,1640.8936767578125,74
1940.3209228515625,1,27,0,1576.347900390625,48
1940.3209228515625,0,28,0,1641.844970703125,68
1940.3209228515625,0,34,1,1927.1527099609373,142
2206.50390625,1,31,0,1799.08154296875,72
2206.50390625,0,26,0,1499.12890625,31
2206.50390625,23,35,0,2044.7093505859373,123
2206.50390625,0,38,1,2192.033935546875,137
2206.50390625,11,38,5,2193.886474609375,180
2206.50390625,0,37,0,2125.178955078125,115
2206.50390625,4,37,1,2130.686279296875,140
2206.50390625,0,28,0,1632.03955078125,54
2209.518798828125,2,38,0,2194.5478515625,139
2209.518798828125,18,33,0,1928.0010986328125,113
2209.518798828125,5,26,0,1513.7415771484375,27
2209.518798828125,2,28,0,1638.5665283203125,77
2209.518798828125,5,38,5,2196.3505859375,191
2209.518798828125,29,26,0,1506.7318115234375,40
2209.518798828125,0,35,1,2055.991943359375,138
2209.518798828125,0,30,1,1741.529541015625,83
2121.66064453125,43,33,0,1899.8896484375,77
2121.66064453125,1,37,1,2108.642333984375,148
2121.66064453125,0,24,0,1349.275146484375,25
2121.66064453125,2,37,3,2108.642333984375,160
2121.66064453125,1,31,0,1807.3509521484373,70
2121.66064453125,9,34,1,1963.4713134765625,107
2121.66064453125,47,30,0,1723.1446533203125,68
2121.66064453125,1,35,1,2032.9375,135
2056.883056640625,0,31,0,1763.296142578125,107
2056.883056640625,0,31,0,1757.3388671875,94
2056.883056640625,2,33,1,1853.1405029296875,109
2056.883056640625,3,26,0,1494.2830810546875,44
2056.883056640625,4,30,0,1700.3582763671875,77
2056.883056640625,1,37,1,2043.709228515625,132
2056.883056640625,22,37,2,2043.709228515625,205
2056.883056640625,39,27,1,1549.162841796875,43
2143.555419921875,3,28,0,1630.7830810546875,60
2143.555419921875,1,34,1,1940.96240234375,106
2143.555419921875,1,38,2,2130.387939453125,146
2143.555419921875,1,27,0,1563.27099609375,46
2143.555419921875,0,28,0,1618.462158203125,60
2143.555419921875,0,33,0,1881.1116943359373,97
2143.555419921875,1,38,4,2130.387939453125,197
2143.555419921875,5,33,1,1878.5081787109373,113
2344.42822265625,14,40,3,2332.099853515625,202
2344.42822265625,0,37,0,2178.04833984375,133
2344.42822265625,20,34,2,2017.16845703125,110
2344.42822265625,1,40,1,2332.099853515625,141
2344.42822265625,4,27,0,1584.5045166015625,52
2344.42822265625,1,31,1,1836.0904541015625,82
2344.42822265625,1,30,0,1747.901123046875,80
2344.42822265625,0,28,0,1647.4737548828125,63
2119.93115234375,0,37,1,2105.26123046875,136
2119.93115234375,0,30,0,1742.9927978515625,76
2119.93115234375,2,33,2,1902.593994140625,127
2119.93115234375,1,28,0,1654.71044921875,64
2119.93115234375,1,28,0,1644.06201171875,73
2119.93115234375,0,30,1,1751.205322265625,92
2119.93115234375,0,34,1,1977.249755859375,124
2119.93115234375,1,37,3,2106.76318359375,179
2204.23486328125,25,26,0,1508.3480224609375,42
2204.23486328125,0,34,0,1983.8231201171875,119
2204.23486328125,0,38,2,2191.06640625,150
2204.23486328125,1,30,0,1730.9454345703125,69
2204.23486328125,15,26,0,1504.83984375,51
2204.23486328125,8,38,3,2191.06640625,195
2204.23486328125,52,33,2,1901.3197021484373,119
2204.23486328125,2,24,0,1397.342041015625,28
2024.910888671875,1,34,2,2011.7431640625,169
2024.910888671875,2,28,0,1687.1993408203125,50
2024.910888671875,13,34,0,2001.529541015625,125
2024.910888671875,3,31,1,1839.1376953125,86
2024.910888671875,1,30,0,1784.11376953125,78
2024.910888671875,2,23,0,1348.5584716796875,12
2024.910888671875,0,31,0,1842.8427734375,93
2024.910888671875,4,34,1,2010.6917724609373,120
2229.3115234375,1,38,3,2216.1328125,179
2229.3115234375,0,28,0,1667.1927490234375,56
2229.3115234375,4,38,2,2216.1328125,166
2229.3115234375,0,27,0,1611.8817138671875,57
2229.3115234375,0,33,0,1936.2154541015625,89
2229.3115234375,0,31,0,1821.3914794921875,84
2229.3115234375,1,33,1,1946.429443359375,114
2229.3115234375,1,31,1,1842.4208984375,96
2184.1494140625,2,33,2,1944.7657470703125,87
2184.1494140625,2,35,1,2077.4287109375,119
2184.1494140625,4,31,0,1848.697998046875,83
2184.1494140625,0,37,1,2170.98193359375,137
2184.1494140625,13,37,2,2170.98193359375,195
2184.1494140625,15,28,0,1693.6239013671875,57
2184.1494140625,5,23,0,1336.4136962890625,16
2184.1494140625,0,28,0,1696.8280029296875,62
2029.5604248046875,1,34,1,1955.568603515625,107
2029.5604248046875,0,24,0,1355.8955078125,57
2029.5604248046875,5,35,2,2016.8935546875,135
2029.5604248046875,1,33,0,1896.383056640625,102
2029.5604248046875,2,33,0,1900.6390380859373,79
2029.5604248046875,0,35,1,2015.8421630859373,128
2029.5604248046875,1,30,0,1739.9400634765625,54
2029.5604248046875,61,31,0,1800.380859375,100
2394.30859375,7,41,4,2381.140625,221
2394.30859375,30,30,0,1770.0472412109375,70
2394.30859375,1,30,0,1776.5556640625,77
2394.30859375,0,38,1,2213.137939453125,177
2394.30859375,1,31,0,1842.23779296875,86
2394.30859375,7,41,1,2379.33837890625,154
2394.30859375,1,24,0,1450.5321044921875,22
2394.30859375,4,23,0,1348.8070068359375,17
2313.447998046875,1,40,3,2300.748779296875,194
2313.447998046875,1,38,2,2211.02685546875,175
2313.447998046875,12,28,0,1707.927734375,65
2313.447998046875,0,27,0,1646.398681640625,60
2313.447998046875,0,40,0,2300.748779296875,128
2313.447998046875,1,28,0,1700.3172607421875,44
2313.447998046875,1,31,2,1851.879150390625,75
2313.447998046875,0,24,0,1430.639892578125,55
2042.273681640625,0,34,1,2027.903564453125,141
2042.273681640625,31,27,1,1628.9619140625,64
2042.273681640625,0,26,0,1561.5211181640625,51
2042.273681640625,10,28,1,1698.718994140625,80
2042.273681640625,16,27,0,1634.4237060546875,59
2042.273681640625,21,33,0,1958.3856201171875,125
2042.273681640625,1,34,1,2020.793701171875,122
2042.273681640625,1,34,2,2029.1053466796875,143
2303.504150390625,5,40,2,2289.234619140625,163
2303.504150390625,6,30,0,1755.385009765625,76
2303.504150390625,2,34,1,1981.4561767578125,106
2303.504150390625,11,35,0,2047.91162109375,119
2303.504150390625,15,27,0,1595.5465087890625,43
2303.504150390625,0,24,0,1434.99560546875,10
2303.504150390625,6,35,1,2048.963134765625,138
2303.504150390625,1,40,3,2290.336181640625,179
2305.886962890625,1,24,0,1443.1033935546875,18
2305.886962890625,25,28,0,1684.6595458984375,55
2305.886962890625,0,41,2,2293.01611328125,222
2305.886962890625,1,41,4,2293.01611328125,225
2305.886962890625,0,31,0,1825.6861572265625,64
2305.886962890625,0,30,0,1766.196044921875,77
2305.886962890625,4,34,1,1977.967529296875,126
2305.886962890625,1,24,0,1443.7542724609375,21
2102.955078125,0,27,0,1563.9854736328125,50
2102.955078125,9,37,0,2089.78759765625,144
2102.955078125,3,37,2,2089.78759765625,152
2102.955078125,10,28,0,1628.2528076171875,54
2102.955078125,1,34,0,1947.2740478515625,113
2102.955078125,0,31,1,1789.0518798828125,77
2102.955078125,12,30,0,1718.2606201171875,69
2102.955078125,1,33,1,1856.23291015625,90
2371.21728515625,4,37,1,2064.744140625,125
2371.21728515625,15,33,0,1856.4171142578125,82
2371.21728515625,2,42,3,2358.04931640625,218
2371.21728515625,0,30,0,1692.2991943359375,72
2371.21728515625,0,42,2,2358.04931640625,207
2371.21728515625,0,26,0,1471.0750732421875,40
2371.21728515625,1,31,0,1750.866455078125,89
2371.21728515625,0,28,1,1600.8927001953125,63
2322.3671875,1,26,0,1535.9791259765625,34
2322.3671875,0,26,0,1531.07275390625,29
2322.3671875,1,38,0,2218.42626953125,140
2322.3671875,2,40,3,2310.1005859375,197
2322.3671875,1,30,0,1762.0872802734375,79
2322.3671875,0,40,3,2310.050537109375,179
2322.3671875,1,23,0,1313.65185546875,12
2322.3671875,3,34,0,1980.789794921875,117
2202.4814453125,10,31,0,1855.361328125,93
2202.4814453125,0,33,1,1993.4656982421875,124
2202.4814453125,0,27,0,1600.9759521484375,25
2202.4814453125,0,33,0,1989.109619140625,88
2202.4814453125,1,37,3,2189.313720703125,162
2202.4814453125,4,31,0,1863.7730712890625,71
2202.4814453125,30,35,0,2116.67333984375,90
2202.4814453125,1,37,3,2189.313720703125,148
2208.90380859375,1,21,0,1204.729248046875,12
2208.90380859375,0,33,1,1908.9737548828125,105
2208.90380859375,0,35,0,2049.485107421875,98
2208.90380859375,0,26,0,1533.5225830078125,47
2208.90380859375,2,24,0,1418.1737060546875,41
2208.90380859375,1,30,1,1752.525634765625,85
2208.90380859375,1,38,2,2196.33642578125,156
2208.90380859375,23,38,4,2196.33642578125,203
2214.59130859375,7,26,0,1576.0567626953125,44
2214.59130859375,1,37,1,2201.397705078125,135
2214.59130859375,3,35,0,2115.245361328125,113
2214.59130859375,20,37,6,2201.397705078125,183
2214.59130859375,2,23,0,1355.3101806640625,10
2214.59130859375,0,34,0,2057.5283203125,109
2214.59130859375,12,35,0,2122.556884765625,120
2214.59130859375,1,28,0,1724.5228271484375,72
2092.672607421875,62,34,3,2079.504150390625,167
2092.672607421875,0,34,2,2079.504150390625,119
2092.672607421875,2,30,0,1844.531494140625,83
2092.672607421875,0,33,0,2013.487548828125,87
2092.672607421875,3,33,1,1991.5982666015625,112
2092.672607421875,52,28,0,1722.796142578125,74
2092.672607421875,1,30,0,1815.8389892578125,74
2092.672607421875,40,30,0,1834.5150146484373,84
2429.708984375,1,41,1,2415.539794921875,169
2429.708984375,4,41,2,2417.34228515625,171
2429.708984375,1,27,0,1595.75146484375,52
2429.708984375,26,30,0,1755.06298828125,71
2429.708984375,1,31,0,1841.5533447265625,70
2429.708984375,0,27,0,1544.7293701171875,53
2429.708984375,46,34,1,2010.037109375,114
2429.708984375,1,16,0,840.326416015625,6
2223.55517578125,32,30,0,1842.508056640625,84
2223.55517578125,0,24,0,1502.4776611328125,25
2223.55517578125,9,37,1,2210.988037109375,151
2223.55517578125,3,26,0,1608.78369140625,42
2223.55517578125,1,37,2,2210.93798828125,178
2223.55517578125,51,33,1,2006.345458984375,111
2223.55517578125,0,34,2,2070.216064453125,108
2223.55517578125,39,31,0,1905.5341796875,109
2107.67138671875,31,34,3,1963.546142578125,136
2107.67138671875,27,31,0,1797.509521484375,94
2107.67138671875,0,37,1,2094.91162109375,148
2107.67138671875,2,27,0,1568.0311279296875,50
2107.67138671875,0,31,0,1805.97119140625,89
2107.67138671875,2,37,2,2094.91162109375,185
2107.67138671875,20,27,0,1558.4180908203125,48
2107.67138671875,1,30,0,1724.386474609375,76
2116.472900390625,0,28,0,1629.6544189453125,65
2116.472900390625,6,30,0,1732.0372314453125,63
2116.472900390625,0,31,0,1798.0894775390625,104
2116.472900390625,0,31,1,1796.7376708984375,92
2116.472900390625,10,31,0,1802.6456298828125,90
2116.472900390625,46,37,3,2103.302734375,149
2116.472900390625,6,37,3,2103.302734375,135
2116.472900390625,11,35,1,2024.6761474609373,140
2183.1787109375,0,27,0,1598.1783447265625,55
2183.1787109375,27,30,0,1749.7568359375,71
2183.1787109375,22,38,3,2170.0107421875,195
2183.1787109375,0,34,0,1969.2669677734373,102
2183.1787109375,0,31,1,1808.9091796875,107
2183.1787109375,12,34,1,1976.2763671875,99
2183.1787109375,1,38,2,2168.95947265625,166
2183.1787109375,6,26,0,1533.368896484375,39
2239.3544921875,0,38,2,2225.78515625,177
2239.3544921875,22,26,0,1549.893798828125,38
2239.3544921875,0,31,0,1850.7745361328125,92
2239.3544921875,2,33,1,1960.01806640625,103
2239.3544921875,0,28,0,1643.79638671875,62
2239.3544921875,0,30,0,1785.7711181640625,63
2239.3544921875,0,35,2,2083.0771484375,115
2239.3544921875,65,38,1,2226.83642578125,155
2071.01513671875,1,35,4,2057.847412109375,208
2071.01513671875,1,28,0,1676.254150390625,71
2071.01513671875,0,23,0,1300.3836669921875,25
2071.01513671875,1,34,1,1996.71728515625,125
2071.01513671875,5,30,0,1767.135986328125,78
2071.01513671875,0,30,0,1775.8983154296875,76
2071.01513671875,1,35,0,2057.847412109375,142
2071.01513671875,0,21,0,1245.5213623046875,14
2111.44482421875,3,35,1,2098.243896484375,107
2111.44482421875,0,34,0,2019.7808837890625,127
2111.44482421875,2,34,0,2029.794189453125,117
2111.44482421875,1,27,0,1630.2291259765625,48
2111.44482421875,2,31,1,1857.43212890625,91
2111.44482421875,1,35,4,2098.243896484375,147
2111.44482421875,1,33,0,1958.3814697265625,99
2111.44482421875,0,30,0,1789.837890625,96
2031.00341796875,1,28,0,1667.79052734375,52
2031.00341796875,2,28,0,1676.068115234375,54
2031.00341796875,1,31,1,1842.78369140625,79
2031.00341796875,16,24,0,1433.789794921875,21
2031.00341796875,3,33,1,1942.8338623046875,111
2031.00341796875,5,35,2,2018.0865478515625,200
2031.00341796875,14,33,0,1949.3184814453125,98
2031.00341796875,21,35,2,2018.0865478515625,128
2400.614013671875,21,28,0,1713.4891357421875,43
2400.614013671875,28,27,0,1635.153564453125,46
2400.614013671875,1,23,0,1363.84423828125,13
2400.614013671875,0,37,1,2179.2158203125,122
2400.614013671875,0,33,0,1957.1015625,96
2400.614013671875,0,35,0,2093.9541015625,126
2400.614013671875,1,41,2,2387.44384765625,201
2400.614013671875,0,41,5,2387.44384765625,176
2271.57421875,1,38,4,2258.39990234375,178
2271.57421875,1,38,1,2258.39990234375,152
2271.57421875,39,31,0,1852.7529296875,81
2271.57421875,7,37,0,2204.8154296875,148
2271.57421875,0,27,0,1671.62646484375,44
2271.57421875,0,27,0,1673.37890625,42
2271.57421875,2,30,1,1831.285400390625,83
2271.57421875,0,30,0,1830.3841552734373,60
2022.5955810546875,1,30,0,1699.5174560546875,69
2022.5955810546875,3,35,3,2009.42724609375,178
2022.5955810546875,0,34,1,1948.3416748046875,114
2022.5955810546875,0,28,0,1620.7763671875,73
2022.5955810546875,1,28,0,1609.8568115234375,48
2022.5955810546875,2,34,0,1947.2401123046875,106
2022.5955810546875,41,33,1,1889.1265869140625,106
2022.5955810546875,1,35,2,2009.42724609375,132
1976.58251953125,1,24,0,1320.099853515625,30
1976.58251953125,2,33,0,1878.0809326171875,92
1976.58251953125,1,30,0,1715.014404296875,86
1976.58251953125,1,35,2,1959.844970703125,138
1976.58251953125,0,31,0,1778.1058349609375,88
1976.58251953125,1,26,0,1491.136474609375,59
1976.58251953125,0,35,1,1963.9508056640625,151
1976.58251953125,0,35,0,1963.9508056640625,119
2261.20703125,3,38,2,2247.63818359375,170
2261.20703125,0,27,0,1611.1932373046875,43
2261.20703125,4,34,0,2030.99853515625,110
2261.20703125,0,27,0,1603.09716796875,46
2261.20703125,0,30,1,1772.7620849609375,63
2261.20703125,0,35,1,2088.734130859375,138
2261.20703125,1,35,0,2101.556640625,111
2261.20703125,1,38,3,2249.1904296875,172
2197.995361328125,1,24,0,1370.6029052734375,19
2197.995361328125,0,40,1,2183.589599609375,155
2197.995361328125,59,31,0,1750.393798828125,91
2197.995361328125,30,26,0,1471.70458984375,35
2197.995361328125,4,40,4,2184.791259765625,241
2197.995361328125,6,27,0,1539.10205078125,56
2197.995361328125,1,34,1,1919.06201171875,130
2197.995361328125,1,28,1,1607.5050048828125,59
2248.5400390625,0,31,1,1859.777587890625,65
2248.5400390625,3,30,0,1788.1661376953125,85
2248.5400390625,0,35,2,2090.492431640625,146
2248.5400390625,1,31,0,1858.42578125,82
2248.5400390625,1,38,3,2236.173583984375,182
2248.5400390625,58,33,0,1956.6630859375,103
2248.5400390625,0,38,3,2234.8720703125,133
2248.5400390625,1,33,1,1965.4246826171875,118
2394.365966796875,1,31,0,1851.9061279296875,95
2394.365966796875,1,35,2,2118.829345703125,130
2394.365966796875,1,40,2,2381.197998046875,165
2394.365966796875,53,30,1,1780.708251953125,73
2394.365966796875,0,40,1,2381.197998046875,161
2394.365966796875,0,19,0,1014.7719116210938,9
2394.365966796875,0,24,0,1432.0145263671875,28
2394.365966796875,12,27,0,1623.774169921875,44
2292.8916015625,0,30,0,1763.25390625,75
2292.8916015625,1,35,1,2053.029541015625,110
2292.8916015625,1,40,4,2279.723388671875,199
2292.8916015625,0,23,0,1326.2725830078125,23
2292.8916015625,11,28,0,1669.5047607421875,56
2292.8916015625,0,31,2,1824.87890625,106
2292.8916015625,30,31,0,1818.314697265625,71
2292.8916015625,1,40,0,2279.723388671875,161
2003.1669921875,12,35,1,1989.997802734375,150
2003.1669921875,10,33,1,1864.976806640625,86
2003.1669921875,41,33,0,1870.8349609375,108
2003.1669921875,7,24,0,1391.7265625,27
2003.1669921875,1,35,1,1989.997802734375,126
2003.1669921875,2,23,0,1272.1856689453125,51
2003.1669921875,4,34,1,1929.9866943359373,121
2003.1669921875,2,28,1,1609.59423828125,62
2440.20654296875,0,23,0,1302.7943115234375,18
2440.20654296875,1,27,1,1569.4071044921875,63
2440.20654296875,1,42,5,2427.03857421875,220
2440.20654296875,5,42,2,2423.383544921875,173
2440.20654296875,1,28,0,1637.4356689453125,40
2440.20654296875,35,35,0,2054.330078125,122
2440.20654296875,1,37,0,2143.24462890625,148
2440.20654296875,0,37,0,2137.48681640625,134
2187.700439453125,2,31,2,1796.6304931640625,102
2187.700439453125,1,38,1,2174.49267578125,173
2187.700439453125,10,27,0,1568.1192626953125,50
2187.700439453125,1,33,1,1899.74609375,101
2187.700439453125,28,38,3,2174.49267578125,144
2187.700439453125,0,34,0,1962.8525390625,113
2187.700439453125,1,27,0,1568.0191650390625,58
2187.700439453125,23,26,0,1509.01904296875,38
2165.690185546875,0,35,2,2077.3974609375,133
2165.690185546875,1,33,1,1960.5665283203125,112
2165.690185546875,5,37,2,2152.521240234375,161
2165.690185546875,9,27,0,1614.2921142578125,50
2165.690185546875,0,37,2,2151.970458984375,138
2165.690185546875,30,30,0,1794.7879638671875,85
2165.690185546875,3,33,0,1963.1297607421875,82
2165.690185546875,13,30,0,1794.5377197265625,75
2096.709716796875,14,31,0,1778.84912109375,85
2096.709716796875,1,37,1,2080.8876953125,136
2096.709716796875,2,37,2,2084.09228515625,146
2096.709716796875,1,34,0,1935.776123046875,89
2096.709716796875,1,27,0,1545.05810546875,67
2096.709716796875,0,37,1,2082.740478515625,141
2096.709716796875,0,28,0,1610.3944091796875,59
2096.709716796875,2,33,1,1872.8466796875,82
2171.403564453125,9,37,2,2158.43505859375,170
2171.403564453125,1,28,0,1707.2784423828125,50
2171.403564453125,49,31,1,1860.921630859375,85
2171.403564453125,0,28,0,1713.2864990234375,57
2171.403564453125,1,34,1,2021.3165283203125,103
2171.403564453125,1,21,0,1216.812255859375,19
2171.403564453125,8,35,0,2083.152587890625,138
2171.403564453125,44,37,1,2158.43505859375,124
2389.432373046875,3,21,0,1239.3704833984375,9
2389.432373046875,1,41,3,2376.263916015625,172
2389.432373046875,5,27,0,1617.281982421875,44
2389.432373046875,7,35,2,2063.732666015625,147
2389.432373046875,0,29,0,1700.302001953125,57
2389.432373046875,0,31,1,1837.3406982421875,75
2389.432373046875,46,41,1,2376.263916015625,182
2389.432373046875,5,38,0,2216.5224609375,127
2211.408447265625,4,27,0,1518.0804443359375,45
2211.408447265625,2,30,1,1679.396240234375,64
2211.408447265625,3,35,0,1965.391357421875,130
2211.408447265625,3,40,3,2198.234130859375,176
2211.408447265625,14,31,0,1746.7330322265625,72
2211.408447265625,1,40,3,2198.234130859375,205
2211.408447265625,5,21,0,1147.3038330078125,5
2211.408447265625,0,35,1,1957.4302978515625,117
2312.437744140625,1,35,1,2032.2508544921875,123
2312.437744140625,24,27,0,1566.7705078125,39
2312.437744140625,0,28,0,1635.04345703125,49
2312.437744140625,2,37,2,2122.7841796875,142
2312.437744140625,4,40,3,2299.419677734375,191
2312.437744140625,1,33,1,1894.2513427734373,80
2312.437744140625,1,30,0,1718.5684814453125,77
2312.437744140625,1,40,0,2298.418212890625,158
2169.2314453125,0,27,0,1625.4439697265625,45
2169.2314453125,0,33,1,1963.009033203125,87
2169.2314453125,1,34,0,2023.682861328125,125
2169.2314453125,1,31,1,1860.2623291015625,86
2169.2314453125,3,37,3,2156.063720703125,164
2169.2314453125,8,34,1,2018.1253662109373,129
2169.2314453125,0,30,0,1796.4251708984375,66
2169.2314453125,0,37,1,2156.063720703125,129
2138.926513671875,2,38,3,2125.94921875,165
2138.926513671875,0,33,0,1846.564208984375,90
2138.926513671875,0,30,0,1677.711669921875,67
2138.926513671875,63,31,0,1754.7974853515625,69
2138.926513671875,5,37,2,2065.09326171875,126
2138.926513671875,0,28,0,1574.5439453125,54
2138.926513671875,1,38,2,2123.69580078125,170
2138.926513671875,10,34,1,1911.1549072265625,113
2179.68896484375,1,30,0,1733.5673828125,74
2179.68896484375,1,33,0,1890.5205078125,91
2179.68896484375,0,28,0,1647.9052734375,62
2179.68896484375,12,38,3,2166.52001953125,212
2179.68896484375,42,28,1,1640.945556640625,66
2179.68896484375,1,38,3,2166.52001953125,170
2179.68896484375,49,33,0,1900.934814453125,87
2179.68896484375,0,27,0,1582.058837890625,52
2118.880859375,1,24,0,1396.538330078125,25
2118.880859375,1,37,2,2105.71240234375,164
2118.880859375,50,26,0,1491.20361328125,52
2118.880859375,4,37,1,2105.71240234375,141
2118.880859375,5,33,1,1902.651123046875,116
2118.880859375,0,31,1,1800.2679443359375,100
2118.880859375,3,28,0,1645.8740234375,76
2118.880859375,0,35,1,2025.5264892578125,126
2059.00146484375,1,38,1,2046.5220947265625,147
2059.00146484375,0,28,0,1552.634765625,73
2059.00146484375,1,35,1,1919.72705078125,138
2059.00146484375,51,28,1,1555.1883544921875,64
2059.00146484375,6,26,0,1437.8818359375,40
2059.00146484375,0,33,0,1792.3453369140625,86
2059.00146484375,0,33,0,1805.765380859375,79
2059.00146484375,11,38,3,2046.5220947265625,179
2149.942138671875,10,38,2,2137.374755859375,152
2149.942138671875,52,33,1,1861.6007080078125,121
2149.942138671875,0,27,0,1539.9822998046875,56
2149.942138671875,5,38,2,2135.67236328125,168
2149.942138671875,0,34,0,1929.89697265625,120
2149.942138671875,0,28,0,1620.1766357421875,57
2149.942138671875,1,27,0,1543.9879150390625,44
2149.942138671875,2,37,2,2073.857666015625,128
2077.20068359375,44,35,1,2064.3330078125,143
2077.20068359375,1,28,0,1697.7987060546875,60
2077.20068359375,21,35,6,2064.3330078125,201
2077.20068359375,3,30,0,1781.0513916015625,71
2077.20068359375,1,33,0,1952.758056640625,101
2077.20068359375,4,28,0,1685.240966796875,65
2077.20068359375,0,33,1,1955.966796875,116
2077.20068359375,1,27,0,1609.978759765625,59
2060.930908203125,1,34,1,2047.7630615234373,112
2060.930908203125,0,27,0,1658.0452880859375,43
2060.930908203125,3,28,1,1720.93115234375,72
2060.930908203125,2,31,0,1880.4193115234373,118
2060.930908203125,5,33,0,1983.4735107421875,112
2060.930908203125,1,34,1,2042.4559326171875,119
2060.930908203125,1,33,1,1977.092529296875,101
2060.930908203125,0,34,2,2046.3612060546875,121
2147.84326171875,15,37,1,2134.67529296875,141
2147.84326171875,5,35,1,2054.254638671875,115
2147.84326171875,1,37,2,2133.02294921875,122
2147.84326171875,72,34,0,1989.6005859375,116
2147.84326171875,35,26,0,1529.6900634765625,53
2147.84326171875,8,31,1,1820.532470703125,86
2147.84326171875,23,30,0,1751.924560546875,61
2147.84326171875,0,34,1,1985.5404052734373,111
2047.3514404296875,7,34,3,2031.078857421875,130
2047.3514404296875,12,34,2,2034.18310546875,146
2047.3514404296875,13,24,0,1452.40576171875,26
2047.3514404296875,7,28,0,1704.36474609375,72
2047.3514404296875,1,34,0,2024.4697265625,148
2047.3514404296875,16,30,0,1802.4185791015625,94
2047.3514404296875,0,31,1,1866.71240234375,84
2047.3514404296875,5,33,0,1965.0828857421875,95
2199.569091796875,0,31,0,1816.7252197265625,75
2199.569091796875,6,27,0,1574.7960205078125,58
2199.569091796875,5,35,0,2044.001220703125,116
2199.569091796875,1,33,1,1920.0008544921875,97
2199.569091796875,1,38,2,2186.651123046875,153
2199.569091796875,0,38,3,2185.09912109375,148
2199.569091796875,3,34,1,1976.003173828125,108
2199.569091796875,2,30,0,1751.2801513671875,82
2230.12939453125,0,37,1,2156.68701171875,127
2230.12939453125,0,28,0,1689.53955078125,60
2230.12939453125,1,30,1,1783.250244140625,83
2230.12939453125,0,33,2,1947.4443359375,103
2230.12939453125,7,26,0,1554.04345703125,30
2230.12939453125,5,38,2,2216.9296875,167
2230.12939453125,0,35,0,2073.28173828125,127
2230.12939453125,9,38,1,2216.829345703125,141
2115.19775390625,13,32,0,1950.545166015625,98
2115.19775390625,28,32,1,1961.5108642578125,88
2115.19775390625,0,30,0,1807.0257568359373,69
2115.19775390625,0,35,1,2102.024658203125,142
2115.19775390625,5,35,2,2102.024658203125,130
2115.19775390625,0,30,0,1821.9481201171875,52
2115.19775390625,4,27,0,1629.0638427734375,51
2115.19775390625,0,33,0,2020.97265625,103
2093.4072265625,1,38,2,2080.22314453125,189
2093.4072265625,5,38,4,2080.22314453125,266
2093.4072265625,27,26,0,1484.2080078125,30
2093.4072265625,0,30,1,1687.7562255859375,84
2093.4072265625,4,27,0,1551.81494140625,55
2093.4072265625,1,30,0,1688.957763671875,89
2093.4072265625,0,26,0,1487.4124755859375,21
2093.4072265625,41,28,1,1610.0771484375,53
2272.192138671875,0,27,0,1594.8607177734375,43
2272.192138671875,17,27,0,1603.9365234375,43
2272.192138671875,0,35,1,2096.9697265625,120
2272.192138671875,3,26,0,1538.311279296875,40
2272.192138671875,1,38,2,2258.995849609375,200
2272.192138671875,0,35,1,2094.015625,115
2272.192138671875,1,31,0,1831.5506591796875,78
2272.192138671875,1,38,3,2258.995849609375,153
1913.1658935546875,9,33,1,1841.5252685546875,113
1913.1658935546875,1,31,1,1741.7554931640625,106
1913.1658935546875,6,31,0,1736.6123046875,100
1913.1658935546875,7,34,1,1899.9979248046875,140
1913.1658935546875,2,33,1,1843.12744140625,94
1913.1658935546875,1,34,2,1899.9979248046875,148
1913.1658935546875,1,30,1,1683.9681396484375,81
1913.1658935546875,1,27,0,1514.5185546875,57
2237.295654296875,8,26,0,1557.705322265625,30
2237.295654296875,0,33,0,1965.86962890625,87
2237.295654296875,33,27,0,1623.040771484375,48
2237.295654296875,1,33,1,1962.665283203125,100
2237.295654296875,1,31,0,1866.9556884765625,90
2237.295654296875,2,23,0,1322.248291015625,18
2237.295654296875,41,38,3,2224.126708984375,229
2237.295654296875,5,38,3,2224.126708984375,173
2161.726318359375,4,26,0,1562.13916015625,45
2161.726318359375,9,37,1,2148.007568359375,134
2161.726318359375,0,35,0,2060.926025390625,119
2161.726318359375,1,28,0,1689.5382080078125,65
2161.726318359375,14,28,1,1687.3853759765625,60
2161.726318359375,0,37,0,2148.558349609375,149
2161.726318359375,6,37,2,2148.558349609375,161
2161.726318359375,21,31,1,1840.99755859375,83
2210.080322265625,0,31,0,1809.94970703125,91
2210.080322265625,1,38,3,2197.462158203125,178
2210.080322265625,20,35,1,2044.279541015625,129
2210.080322265625,32,24,0,1374.8321533203125,49
2210.080322265625,1,31,0,1800.0938720703125,100
2210.080322265625,7,33,0,1903.7457275390625,102
2210.080322265625,0,24,0,1381.7037353515625,20
2210.080322265625,0,38,1,2197.31201171875,147
2119.14794921875,1,28,0,1660.763671875,70
2119.14794921875,1,37,3,2105.9619140625,157
2119.14794921875,1,31,1,1831.235107421875,78
2119.14794921875,1,37,1,2105.9619140625,145
2119.14794921875,0,35,0,2062.643798828125,127
2119.14794921875,5,33,0,1929.2608642578125,114
2119.14794921875,0,24,0,1431.26513671875,30
2119.14794921875,0,26,0,1532.1593017578125,38
2178.115234375,0,35,2,2086.252685546875,135
2178.115234375,42,33,1,1966.50732421875,97
2178.115234375,21,27,0,1643.5994873046875,32
2178.115234375,16,37,1,2164.947509765625,141
2178.115234375,0,30,0,1808.2166748046875,65
2178.115234375,2,28,0,1713.532958984375,58
2178.115234375,20,37,3,2164.947509765625,168
2178.115234375,0,30,0,1803.499267578125,87
2079.756591796875,10,31,0,1864.5648193359373,78
2079.756591796875,0,35,0,2066.57373046875,153
2079.756591796875,0,34,1,2026.1568603515625,121
2079.756591796875,24,35,3,2066.57373046875,146
2079.756591796875,0,27,0,1626.789794921875,56
2079.756591796875,0,30,0,1783.7303466796875,61
2079.756591796875,53,31,0,1876.5821533203125,85
2079.756591796875,8,28,0,1692.257568359375,60
2193.229736328125,38,28,0,1642.831787109375,55
2193.229736328125,7,35,0,2037.855712890625,110
2193.229736328125,0,28,0,1647.946044921875,71
2193.229736328125,36,33,2,1910.7874755859373,95
2193.229736328125,53,33,0,1915.8447265625,92
2193.229736328125,25,38,3,2180.060546875,183
2193.229736328125,21,30,0,1749.59912109375,57
2193.229736328125,0,38,2,2180.060546875,167
2122.562744140625,1,37,1,2110.746826171875,167
2122.562744140625,1,33,0,1879.420166015625,75
2122.562744140625,22,30,0,1708.6396484375,72
2122.562744140625,1,33,0,1865.2093505859373,99
2122.562744140625,1,27,0,1539.4927978515625,39
2122.562744140625,2,30,0,1708.0389404296875,69
2122.562744140625,40,34,2,1960.6910400390625,126
2122.562744140625,12,37,3,2108.59375,122
2058.2978515625,1,35,3,2045.1209716796875,208
2058.2978515625,46,33,2,1909.03857421875,86
2058.2978515625,1,27,0,1583.594482421875,56
2058.2978515625,1,26,0,1517.388916015625,38
2058.2978515625,1,34,0,1979.349853515625,110
2058.2978515625,1,34,1,1986.0147705078125,101
2058.2978515625,1,35,1,2045.1209716796875,124
2058.2978515625,1,28,0,1657.5467529296875,61
2334.292724609375,0,30,0,1778.53271484375,78
2334.292724609375,0,27,0,1626.5963134765625,49
2334.292724609375,7,33,0,1935.435791015625,102
2334.292724609375,8,40,4,2321.475341796875,194
2334.292724609375,10,26,0,1554.4212646484375,24
2334.292724609375,0,34,1,2007.645263671875,118
2334.292724609375,0,40,3,2319.873291015625,169
2334.292724609375,1,37,0,2163.811767578125,141
2157.03466796875,1,37,0,2143.86669921875,154
2157.03466796875,0,31,1,1786.0499267578125,97
2157.03466796875,0,34,0,1969.8516845703125,130
2157.03466796875,1,37,1,2134.80419921875,150
2157.03466796875,1,37,3,2143.86669921875,186
2157.03466796875,3,33,1,1888.7413330078125,79
2157.03466796875,23,26,0,1465.0177001953125,43
2157.03466796875,131,20,0,1088.194091796875,11
2231.61572265625,1,37,0,2061.54345703125,141
2231.61572265625,1,40,1,2215.65869140625,177
2231.61572265625,35,28,0,1589.6529541015625,57
2231.61572265625,0,20,0,1078.11962890625,0
2231.61572265625,16,33,0,1854.228515625,86
2231.61572265625,0,26,0,1460.514892578125,41
2231.61572265625,7,30,1,1691.508056640625,108
2231.61572265625,2,40,4,2219.263671875,207
2160.59765625,5,31,0,1724.479248046875,71
2160.59765625,1,35,0,1934.137451171875,139
2160.59765625,4,40,2,2146.62890625,199
2160.59765625,9,31,0,1720.76513671875,81
2160.59765625,2,35,2,1941.14697265625,87
2160.59765625,5,40,2,2147.43017578125,183
2160.59765625,3,30,1,1660.5120849609375,77
2160.59765625,25,26,0,1443.0057373046875,33
2135.309326171875,3,28,0,1704.9376220703125,56
2135.309326171875,0,28,0,1704.2867431640625,65
2135.309326171875,30,34,1,2051.48828125,126
2135.309326171875,9,31,0,1878.035888671875,70
2135.309326171875,0,31,1,1883.8934326171875,92
2135.309326171875,4,27,0,1642.1572265625,44
2135.309326171875,53,35,3,2122.14111328125,160
2135.309326171875,0,35,1,2122.14111328125,119
2149.146728515625,0,31,0,1840.525146484375,97
2149.146728515625,4,30,0,1780.0423583984375,74
2149.146728515625,1,26,0,1547.578369140625,43
2149.146728515625,2,31,2,1836.97021484375,90
2149.146728515625,0,35,1,2056.59912109375,104
2149.146728515625,6,33,0,1937.203369140625,114
2149.146728515625,55,37,2,2135.978759765625,183
2149.146728515625,0,37,2,2135.978759765625,117
2318.000244140625,0,27,0,1624.3748779296875,52
2318.000244140625,2,31,0,1846.81689453125,73
2318.000244140625,0,35,2,2075.24658203125,130
2318.000244140625,2,33,0,1947.0040283203125,96
2318.000244140625,1,28,0,1692.2666015625,56
2318.000244140625,1,40,2,2303.73046875,164
2318.000244140625,2,40,4,2305.282470703125,178
2318.000244140625,3,30,0,1785.9300537109375,78
1995.944580078125,0,27,0,1479.565673828125,63
1995.944580078125,1,35,4,1982.770751953125,196
1995.944580078125,3,26,0,1456.7906494140625,36
1995.944580078125,0,35,1,1982.770751953125,136
1995.944580078125,1,33,0,1867.2191162109373,81
1995.944580078125,2,30,0,1697.502685546875,67
1995.944580078125,18,33,1,1859.2950439453125,110
1995.944580078125,7,31,0,1764.8929443359375,93
1928.0987548828125,40,33,1,1840.482177734375,93
1928.0987548828125,12,33,0,1837.678466796875,78
1928.0987548828125,38,34,2,1907.51953125,120
1928.0987548828125,2,27,0,1513.1875,50
1928.0987548828125,0,30,1,1691.6768798828125,78
1928.0987548828125,10,34,0,1913.72802734375,119
1928.0987548828125,2,34,1,1914.9296875,178
1928.0987548828125,1,27,0,1526.613525390625,61
2181.776123046875,1,31,0,1846.6806640625,80
2181.776123046875,1,38,1,2168.8583984375,148
2181.776123046875,0,33,1,1953.6080322265625,92
2181.776123046875,13,38,1,2168.8583984375,161
2181.776123046875,1,28,0,1685.79931640625,47
2181.776123046875,0,35,1,2022.29345703125,143
2181.776123046875,0,28,0,1690.6558837890625,55
2181.776123046875,0,31,1,1841.072998046875,73
2048.08642578125,2,35,2,2034.91845703125,147
2048.08642578125,1,35,2,2034.91845703125,151
2048.08642578125,1,28,0,1614.7513427734375,66
2048.08642578125,29,33,1,1887.754150390625,102
2048.08642578125,30,26,0,1484.0987548828125,44
2048.08642578125,4,34,0,1959.3343505859373,125
2048.08642578125,4,30,0,1706.6849365234375,67
2048.08642578125,1,31,1,1796.9364013671875,85
2252.045166015625,0,30,0,1784.19140625,64
2252.045166015625,8,38,2,2238.872314453125,169
2252.045166015625,1,38,1,2231.211669921875,169
2252.045166015625,0,31,0,1845.53125,61
2252.045166015625,21,31,1,1852.390625,67
2252.045166015625,0,27,0,1618.05126953125,37
2252.045166015625,41,37,1,2169.49072265625,130
2252.045166015625,1,38,2,2237.3701171875,132
2148.599365234375,1,34,1,2135.671630859375,91
2148.599365234375,1,30,0,1869.2569580078125,80
2148.599365234375,0,34,0,2119.894287109375,120
2148.599365234375,1,34,4,2135.671630859375,156
2148.599365234375,0,33,0,2055.0458984375,105
2148.599365234375,1,30,0,1864.52880859375,52
2148.599365234375,0,28,0,1765.7620849609375,73
2148.599365234375,31,13,0,750.0989990234375,12
2587.706298828125,0,26,0,1614.7904052734375,34
2587.706298828125,1,33,1,2072.806396484375,102
2587.706298828125,1,26,0,1635.9034423828125,33
2587.706298828125,1,28,0,1755.6279296875,47
2587.706298828125,1,42,2,2571.04052734375,212
2587.706298828125,0,40,1,2450.34716796875,129
2587.706298828125,0,33,1,2069.802490234375,93
2587.706298828125,1,42,2,2574.545166015625,173
1971.8760986328125,1,34,1,1957.4073486328125,125
1971.8760986328125,1,34,3,1958.859130859375,145
1971.8760986328125,5,34,0,1952.350830078125,111
1971.8760986328125,0,28,0,1634.1705322265625,81
1971.8760986328125,0,33,1,1895.68017578125,111
1971.8760986328125,0,24,0,1411.226806640625,33
1971.8760986328125,1,33,0,1894.3284912109373,107
1971.8760986328125,2,31,0,1796.76123046875,94
2237.430419921875,1,30,0,1831.1611328125,85
2237.430419921875,1,31,0,1895.9910888671875,62
2237.430419921875,20,26,0,1580.8450927734375,44
2237.430419921875,1,31,0,1917.821044921875,100
2237.430419921875,4,37,3,2224.261962890625,186
2237.430419921875,3,31,0,1912.01318359375,87
2237.430419921875,0,37,4,2224.261962890625,134
2237.430419921875,1,34,1,2084.447021484375,125
2092.676513671875,50,27,0,1578.258544921875,55
2092.676513671875,1,26,0,1513.8419189453125,22
2092.676513671875,3,35,2,2079.558349609375,137
2092.676513671875,0,34,1,1994.4908447265625,119
2092.676513671875,33,35,2,2079.558349609375,205
2092.676513671875,0,34,0,2007.40869140625,104
2092.676513671875,3,34,1,1994.2406005859373,113
2092.676513671875,0,27,0,1591.1998291015625,39
1962.8336181640625,6,31,0,1847.916259765625,111
1962.8336181640625,0,27,0,1631.1534423828125,57
1962.8336181640625,15,28,1,1698.75,70
1962.8336181640625,0,27,0,1638.6163330078125,59
1962.8336181640625,0,30,0,1782.9266357421875,90
1962.8336181640625,54,33,1,1948.3135986328125,111
1962.8336181640625,30,33,1,1947.2120361328125,93
1962.8336181640625,4,33,3,1949.6654052734373,166
2028.1240234375,11,26,0,1537.8333740234375,28
2028.1240234375,1,30,0,1780.8848876953125,64
2028.1240234375,1,34,3,2014.9566650390625,176
2028.1240234375,0,33,0,1939.6314697265625,78
2028.1240234375,0,33,0,1939.180908203125,106
2028.1240234375,18,33,1,1953.2994384765625,82
2028.1240234375,2,34,1,2011.451904296875,117
2028.1240234375,19,34,1,2014.9566650390625,112
2302.649169921875,48,30,0,1828.785888671875,52
2302.649169921875,8,26,0,1593.5809326171875,37
2302.649169921875,1,30,0,1830.0469970703125,76
2302.649169921875,11,31,0,1898.1141357421875,91
2302.649169921875,2,38,0,2285.876220703125,154
2302.649169921875,1,20,0,1139.713623046875,22
2302.649169921875,7,38,3,2289.93212890625,182
2302.649169921875,6,37,2,2224.7724609375,131
2055.6982421875,0,30,0,1724.6446533203125,77
2055.6982421875,1,30,0,1726.296875,70
2055.6982421875,3,35,3,2043.631103515625,135
2055.6982421875,7,34,1,1971.8033447265625,112
2055.6982421875,1,33,0,1895.686767578125,96
2055.6982421875,0,28,0,1630.7283935546875,66
2055.6982421875,5,33,0,1899.24951171875,112
2055.6982421875,0,35,2,2040.076171875,121
2077.81884765625,0,30,0,1792.078125,79
2077.81884765625,6,35,4,2064.90087890625,174
2077.81884765625,4,34,1,2005.1927490234373,126
2077.81884765625,29,23,0,1331.4268798828125,14
2077.81884765625,2,27,0,1609.6195068359375,42
2077.81884765625,9,33,1,1943.42431640625,106
2077.81884765625,37,35,1,2064.90087890625,144
2077.81884765625,3,30,0,1779.7623291015625,80
2023.33984375,1,27,0,1594.5552978515625,50
2023.33984375,6,35,1,2010.168701171875,164
2023.33984375,7,32,0,1838.63330078125,78
2023.33984375,31,26,0,1529.029052734375,31
2023.33984375,1,31,0,1832.5372314453125,79
2023.33984375,1,30,1,1755.01123046875,68
2023.33984375,24,35,3,2010.168701171875,127
2023.33984375,7,34,0,2007.2646484375,128
2054.297119140625,5,28,0,1587.9468994140625,63
2054.297119140625,60,24,0,1360.4547119140625,35
2054.297119140625,0,37,2,2037.0230712890625,145
2054.297119140625,1,31,0,1739.1727294921875,77
2054.297119140625,1,37,1,2036.6224365234373,123
2054.297119140625,41,33,0,1831.10009765625,101
2054.297119140625,0,31,0,1744.2757568359375,86
2054.297119140625,50,37,4,2041.1287841796875,183
2312.713623046875,1,33,2,1898.2501220703125,116
2312.713623046875,4,41,4,2299.54541015625,208
2312.713623046875,1,31,0,1795.7666015625,87
2312.713623046875,3,34,1,1956.6063232421875,97
2312.713623046875,10,35,0,2010.1734619140625,106
2312.713623046875,10,41,0,2299.54541015625,169
2312.713623046875,1,27,0,1580.5267333984375,59
2312.713623046875,9,23,0,1327.1478271484375,13
2291.90673828125,30,31,0,1834.47607421875,94
2291.90673828125,1,40,3,2279.1396484375,157
2291.90673828125,1,40,2,2279.1396484375,181
2291.90673828125,0,28,0,1679.780517578125,68
2291.90673828125,1,34,1,1986.966552734375,103
2291.90673828125,3,33,0,1928.94482421875,79
2291.90673828125,1,24,0,1443.7962646484375,20
2291.90673828125,25,34,0,1990.6715087890625,115
2133.110107421875,1,37,0,2120.18798828125,128
2133.110107421875,25,31,0,1802.5289306640625,94
2133.110107421875,0,34,1,1985.3458251953125,119
2133.110107421875,0,27,0,1573.7847900390625,58
2133.110107421875,0,30,0,1737.4200439453125,76
2133.110107421875,22,33,3,1922.7681884765625,108
2133.110107421875,69,37,3,2120.18798828125,182
2133.110107421875,0,31,0,1796.97119140625,77
2179.470703125,1,38,1,2166.28515625,176
2179.470703125,0,21,0,1258.5020751953125,10
2179.470703125,30,33,2,1949.2867431640625,99
2179.470703125,5,31,0,1848.610107421875,95
2179.470703125,1,38,2,2166.28515625,145
2179.470703125,4,28,1,1697.0380859375,57
2179.470703125,3,27,0,1626.45068359375,54
2179.470703125,0,35,0,2076.743896484375,109
2352.28857421875,7,34,0,2105.279052734375,85
2352.28857421875,11,38,3,2339.113525390625,150
2352.28857421875,0,30,0,1854.642578125,72
2352.28857421875,0,26,0,1603.8575439453125,30
2352.28857421875,22,38,4,2339.113525390625,220
2352.28857421875,2,26,0,1611.768310546875,38
2352.28857421875,6,30,0,1847.3802490234373,78
2352.28857421875,0,37,1,2271.370361328125,136
2271.885498046875,0,38,3,2256.008544921875,168
2271.885498046875,39,33,1,2007.2327880859373,103
2271.885498046875,0,34,0,2071.306396484375,121
2271.885498046875,2,38,3,2259.0126953125,161
2271.885498046875,1,26,0,1589.0042724609375,37
2271.885498046875,36,33,0,1996.643310546875,101
2271.885498046875,1,35,0,2127.47314453125,119
2271.885498046875,4,26,0,1599.8690185546875,30
2179.77734375,37,30,0,1781.100830078125,67
2179.77734375,1,37,2,2166.659423828125,161
2179.77734375,4,33,0,1955.9530029296875,93
2179.77734375,2,37,3,2167.560791015625,146
2179.77734375,1,35,1,2084.82861328125,104
2179.77734375,1,34,0,2023.64794921875,88
2179.77734375,0,26,0,1520.4625244140625,31
2179.77734375,2,35,1,2090.559326171875,131
2188.456787109375,4,35,0,1962.1468505859373,124
2188.456787109375,1,34,0,1906.0833740234373,102
2188.456787109375,40,31,1,1745.0567626953125,85
2188.456787109375,1,40,2,2174.4873046875,176
2188.456787109375,1,30,0,1689.6868896484375,53
2188.456787109375,84,20,0,1133.4864501953125,7
2188.456787109375,1,26,1,1440.6260986328125,48
2188.456787109375,2,40,1,2175.288330078125,196
2190.8623046875,3,28,0,1722.6297607421875,57
2190.8623046875,0,37,1,2177.693603515625,159
2190.8623046875,1,33,0,1978.77001953125,74
2190.8623046875,2,37,3,2177.693603515625,176
2190.8623046875,0,33,0,1980.7891845703125,97
2190.8623046875,1,26,0,1593.54248046875,32
2190.8623046875,13,33,0,1981.4403076171875,110
2190.8623046875,0,34,2,2038.57861328125,116
2136.31884765625,60,31,0,1766.219482421875,104
2136.31884765625,1,34,1,1972.6434326171875,119
2136.31884765625,1,26,0,1529.334716796875,35
2136.31884765625,2,29,0,1662.5418701171875,81
2136.31884765625,23,37,3,2123.15087890625,150
2136.31884765625,4,27,0,1589.3370361328125,34
2136.31884765625,24,37,0,2123.15087890625,179
2136.31884765625,0,23,0,1291.7208251953125,20
1940.531494140625,14,34,2,1923.650146484375,130
1940.531494140625,1,34,0,1927.3553466796875,160
1940.531494140625,1,33,0,1900.4444580078125,107
1940.531494140625,1,34,0,1925.953369140625,107
1940.531494140625,10,26,0,1510.62841796875,44
1940.531494140625,1,34,2,1927.3553466796875,113
1940.531494140625,1,31,0,1806.065185546875,55
1940.531494140625,1,27,0,1572.224853515625,50
2036.890380859375,49,33,0,1908.644775390625,84
2036.890380859375,0,34,2,1966.677978515625,112
2036.890380859375,0,34,0,1947.8514404296875,113
2036.890380859375,20,28,0,1669.776123046875,77
2036.890380859375,1,28,0,1644.30615234375,61
2036.890380859375,0,27,0,1594.5872802734375,43
2036.890380859375,1,35,4,2023.72216796875,155
2036.890380859375,1,35,0,2023.72216796875,124
2203.934326171875,2,40,2,2190.96630859375,181
2203.934326171875,1,30,0,1685.3563232421875,68
2203.934326171875,1,33,0,1845.390625,77
2203.934326171875,30,27,0,1535.7913818359375,51
2203.934326171875,0,24,0,1315.528564453125,22
2203.934326171875,4,40,2,2189.6142578125,167
2203.934326171875,70,33,1,1845.9913330078125,95
2203.934326171875,1,38,1,2098.489990234375,138
2138.3017578125,4,31,0,1806.7943115234373,80
2138.3017578125,22,32,1,1870.9892578125,104
2138.3017578125,0,34,1,1948.760498046875,101
2138.3017578125,1,37,3,2125.58447265625,207
2138.3017578125,1,37,0,2122.58056640625,139
2138.3017578125,0,28,0,1652.5167236328125,61
2138.3017578125,12,24,0,1425.9267578125,27
2138.3017578125,1,33,0,1927.2020263671875,94
2082.656494140625,28,30,0,1702.681884765625,82
2082.656494140625,0,28,0,1616.9002685546875,46
2082.656494140625,7,37,2,2069.48681640625,168
2082.656494140625,23,33,0,1873.6790771484373,111
2082.656494140625,0,33,0,1866.9200439453125,87
2082.656494140625,0,37,4,2067.934814453125,131
2082.656494140625,0,26,0,1466.7266845703125,39
2082.656494140625,0,35,1,1991.2684326171875,135
2356.027587890625,0,41,1,2284.7353515625,152
2356.027587890625,2,30,0,1725.6884765625,85
2356.027587890625,0,42,1,2341.906982421875,161
2356.027587890625,0,28,0,1640.29345703125,62
2356.027587890625,15,28,1,1648.4193115234375,71
2356.027587890625,0,28,0,1641.6953125,71
2356.027587890625,0,27,0,1586.1324462890625,60
2356.027587890625,1,42,4,2343.70947265625,198
2029.791259765625,0,34,3,2016.6236572265625,123
2029.791259765625,40,34,2,2016.6236572265625,147
2029.791259765625,40,28,0,1695.975830078125,74
2029.791259765625,0,33,0,1953.771484375,91
2029.791259765625,0,30,1,1789.0443115234375,89
2029.791259765625,0,31,0,1858.99560546875,93
2029.791259765625,1,33,1,1954.4222412109373,106
2029.791259765625,4,28,0,1704.450439453125,88
2250.278076171875,9,30,0,1784.1138916015625,58
2250.278076171875,1,30,0,1774.643798828125,84
2250.278076171875,2,30,0,1772.84130859375,73
2250.278076171875,0,38,0,2237.76123046875,132
2250.278076171875,55,34,1,2027.681640625,98
2250.278076171875,16,35,2,2104.25244140625,125
2250.278076171875,2,38,2,2237.76123046875,163
2250.278076171875,21,33,1,1951.1075439453125,107
1973.4246826171875,1,30,0,1702.767333984375,69
1973.4246826171875,11,30,0,1714.0106201171875,83
1973.4246826171875,1,31,1,1773.2266845703125,85
1973.4246826171875,12,33,2,1896.314697265625,93
1973.4246826171875,1,26,0,1477.5960693359375,34
1973.4246826171875,1,30,0,1709.955078125,71
1973.4246826171875,0,34,1,1960.406982421875,136
1973.4246826171875,31,34,2,1960.406982421875,163
2321.663330078125,0,38,1,2308.494873046875,150
2321.663330078125,12,34,1,2071.524169921875,103
2321.663330078125,0,28,0,1712.683837890625,52
2321.663330078125,1,33,1,1990.4456787109373,102
2321.663330078125,4,38,3,2308.494873046875,172
2321.663330078125,2,38,0,2301.535400390625,136
2321.663330078125,1,28,0,1719.7978515625,50
2321.663330078125,21,30,0,1826.780517578125,69
2206.94921875,4,33,0,1958.166015625,107
2206.94921875,1,27,0,1629.9539794921875,49
2206.94921875,40,31,0,1852.528564453125,85
2206.94921875,2,31,0,1862.6441650390625,89
2206.94921875,0,37,2,2193.9814453125,140
2206.94921875,1,35,0,2110.640625,125
2206.94921875,7,37,5,2193.9814453125,157
2206.94921875,0,28,0,1693.7989501953125,43
2214.79052734375,3,28,0,1686.1546630859375,63
2214.79052734375,0,35,1,2124.454833984375,120
2214.79052734375,1,28,0,1685.0531005859375,58
2214.79052734375,2,37,5,2202.272705078125,186
2214.79052734375,1,37,1,2202.272705078125,128
2214.79052734375,0,35,1,2129.010986328125,125
2214.79052734375,1,33,0,1967.010498046875,114
2214.79052734375,9,26,0,1522.51806640625,35
1970.447021484375,1,28,0,1594.34521484375,68
1970.447021484375,1,35,0,1957.27880859375,147
1970.447021484375,2,31,0,1771.653076171875,67
1970.447021484375,4,35,2,1957.27880859375,163
1970.447021484375,25,34,2,1939.109130859375,127
1970.447021484375,2,27,0,1534.989990234375,61
1970.447021484375,20,30,0,1685.34033203125,64
1970.447021484375,1,30,0,1689.84619140625,79
2383.019287109375,0,33,0,1972.3824462890625,102
2383.019287109375,4,40,3,2369.8515625,186
2383.019287109375,3,28,0,1704.106689453125,72
2383.019287109375,2,34,2,2054.179931640625,91
2383.019287109375,0,20,0,1127.9403076171875,19
2383.019287109375,41,23,0,1335.246337890625,16
2383.019287109375,6,40,1,2367.748779296875,165
2383.019287109375,3,33,0,1988.507568359375,99
2068.85546875,4,35,2,1978.821044921875,120
2068.85546875,1,34,0,1915.029052734375,100
2068.85546875,11,35,0,1976.768310546875,120
2068.85546875,32,23,0,1282.30224609375,17
2068.85546875,1,37,3,2055.837646484375,172
2068.85546875,0,37,2,2055.837646484375,152
2068.85546875,0,27,0,1554.552490234375,44
2068.85546875,5,28,0,1616.342041015625,71
2221.420166015625,0,37,1,2139.55029296875,138
2221.420166015625,1,30,0,1734.8128662109375,78
2221.420166015625,3,38,4,2208.24658203125,177
2221.420166015625,10,31,1,1798.2838134765625,71
2221.420166015625,0,38,2,2208.24658203125,162
2221.420166015625,59,31,0,1796.424560546875,93
2221.420166015625,1,37,0,2149.864013671875,129
2221.420166015625,0,23,0,1322.5814208984375,14
2331.71923828125,0,37,1,2111.211669921875,134
2331.71923828125,3,37,0,2107.40625,133
2331.71923828125,1,41,3,2318.6005859375,198
2331.71923828125,3,31,0,1810.4718017578125,60
2331.71923828125,0,30,0,1743.30859375,78
2331.71923828125,1,34,1,1974.9466552734373,102
2331.71923828125,1,41,3,2317.348876953125,158
2331.71923828125,1,26,0,1527.7203369140625,31
2061.22802734375,2,30,0,1763.5189208984375,70
2061.22802734375,0,35,0,2046.356689453125,109
2061.22802734375,54,35,1,2045.255126953125,140
2061.22802734375,11,31,0,1824.72705078125,87
2061.22802734375,0,30,1,1759.7637939453125,82
2061.22802734375,13,26,0,1542.498291015625,32
2061.22802734375,6,35,4,2048.05908203125,203
2061.22802734375,1,28,0,1667.489013671875,49
2201.51123046875,1,30,0,1734.88330078125,75
2201.51123046875,2,38,1,2187.04150390625,164
2201.51123046875,0,20,0,1071.6141357421875,22
2201.51123046875,4,31,1,1800.7215576171875,85
2201.51123046875,6,21,0,1202.3489990234375,0
2201.51123046875,4,38,1,2188.34326171875,180
2201.51123046875,11,33,0,1902.493896484375,91
2201.51123046875,3,37,1,2106.55517578125,152
2324.2646484375,1,37,1,2162.41845703125,137
2324.2646484375,1,27,0,1635.2833251953125,55
2324.2646484375,0,34,1,2015.607177734375,111
2324.2646484375,1,31,0,1864.24072265625,68
2324.2646484375,0,21,0,1275.7080078125,4
2324.2646484375,10,28,0,1704.380126953125,70
2324.2646484375,2,40,3,2310.94287109375,184
2324.2646484375,9,40,3,2311.543701171875,214
2372.267333984375,0,42,4,2359.09912109375,196
2372.267333984375,6,34,0,1912.7530517578125,107
2372.267333984375,0,33,0,1848.6839599609373,77
2372.267333984375,1,31,0,1746.8138427734375,78
2372.267333984375,0,21,0,1145.1082763671875,28
2372.267333984375,1,27,0,1532.007568359375,13
2372.267333984375,5,42,3,2359.09912109375,222
2372.267333984375,0,35,0,1975.290771484375,137
2072.930419921875,40,33,1,1938.5150146484373,91
2072.930419921875,46,34,1,2001.3671875,98
2072.930419921875,4,30,0,1767.115966796875,70
2072.930419921875,22,31,1,1838.2884521484373,89
2072.930419921875,1,30,0,1762.1590576171875,87
2072.930419921875,11,35,1,2060.7626953125,138
2072.930419921875,20,35,1,2060.7626953125,160
2072.930419921875,0,27,0,1600.718017578125,53
2303.412353515625,2,31,0,1970.8885498046875,72
2303.412353515625,20,30,1,1906.2711181640625,70
2303.412353515625,1,37,2,2284.2646484375,152
2303.412353515625,35,30,0,1897.7596435546875,72
2303.412353515625,8,37,2,2290.244873046875,140
2303.412353515625,0,34,0,2142.10107421875,122
2303.412353515625,1,28,0,1787.64306640625,49
2303.412353515625,2,37,1,2289.493896484375,126
2141.86767578125,2,30,1,1824.1561279296875,92
2141.86767578125,13,36,1,2128.696533203125,141
2141.86767578125,3,34,1,2059.300537109375,97
2141.86767578125,1,33,0,1990.3780517578125,75
2141.86767578125,1,30,1,1817.186767578125,72
2141.86767578125,3,36,0,2128.696533203125,171
2141.86767578125,2,24,0,1485.5465087890625,19
2141.86767578125,1,30,0,1818.6888427734373,78
2028.83984375,24,35,1,2015.6217041015625,130
2028.83984375,1,35,4,2015.6717529296875,157
2028.83984375,5,33,0,1898.7413330078125,102
2028.83984375,1,26,0,1507.9791259765625,38
2028.83984375,1,26,0,1516.3399658203125,36
2028.83984375,8,33,0,1895.036376953125,92
2028.83984375,0,34,2,1956.06787109375,121
2028.83984375,11,27,0,1590.8182373046875,61
2221.577880859375,1,34,1,1923.938232421875,122
2221.577880859375,34,31,0,1779.8665771484375,96
2221.577880859375,7,26,0,1487.4246826171875,30
2221.577880859375,4,40,2,2208.408447265625,197
2221.577880859375,4,31,1,1773.8583984375,83
2221.577880859375,36,27,0,1550.1495361328125,66
2221.577880859375,1,28,0,1618.0797119140625,64
2221.577880859375,62,40,1,2208.408447265625,152
2068.01611328125,0,26,0,1456.672607421875,36
2068.01611328125,48,31,0,1760.33544921875,97
2068.01611328125,1,33,0,1868.749267578125,107
2068.01611328125,14,33,0,1865.5950927734373,111
2068.01611328125,3,27,0,1533.4849853515625,62
2068.01611328125,53,37,5,2055.04833984375,191
2068.01611328125,12,37,3,2055.04833984375,113
2068.01611328125,0,30,0,1689.275390625,87
2340.056396484375,10,27,0,1632.9031982421875,42
2340.056396484375,1,40,3,2322.88232421875,184
2340.056396484375,3,40,3,2327.138671875,185
2340.056396484375,12,27,0,1640.76416015625,54
2340.056396484375,2,30,0,1798.2872314453125,68
2340.056396484375,0,31,0,1868.917724609375,80
2340.056396484375,13,37,1,2177.09716796875,166
2340.056396484375,0,30,1,1803.243896484375,76
2220.30859375,0,33,1,1853.787353515625,83
2220.30859375,1,30,0,1689.674072265625,77
2220.30859375,0,38,0,2115.173095703125,141
2220.30859375,4,31,0,1756.9857177734375,88
2220.30859375,1,40,2,2207.8916015625,167
2220.30859375,1,27,0,1530.924072265625,52
2220.30859375,0,40,3,2206.639892578125,157
2220.30859375,4,31,0,1752.7799072265625,74
2145.723388671875,1,34,0,1975.7886962890625,103
2145.723388671875,13,23,0,1332.6656494140625,10
2145.723388671875,1,31,2,1825.3900146484373,85
2145.723388671875,23,38,1,2132.55517578125,181
2145.723388671875,1,38,2,2132.55517578125,151
2145.723388671875,1,28,0,1660.7137451171875,49
2145.723388671875,24,30,0,1760.14599609375,74
2145.723388671875,0,37,1,2107.090087890625,110
2035.608642578125,8,33,2,1837.8310546875,123
2035.608642578125,45,28,0,1587.4073486328125,66
2035.608642578125,0,30,1,1676.662841796875,77
2035.608642578125,28,37,1,2020.487548828125,130
2035.608642578125,1,37,3,2022.440185546875,163
2035.608642578125,0,31,0,1737.345947265625,96
2035.608642578125,0,27,0,1524.9041748046875,59
2035.608642578125,5,34,0,1895.3162841796875,128
2017.7142333984373,0,34,1,1940.662109375,126
2017.7142333984373,0,35,1,2003.3447265625,155
2017.7142333984373,1,30,1,1732.6053466796875,80
2017.7142333984373,0,26,0,1510.15478515625,49
2017.7142333984373,2,35,0,1998.287841796875,120
2017.7142333984373,0,28,0,1640.52490234375,69
2017.7142333984373,27,35,3,2004.54638671875,149
2017.7142333984373,2,28,0,1630.127685546875,67
2164.1689453125,1,37,1,2146.84521484375,169
2164.1689453125,1,37,4,2151.000732421875,187
2164.1689453125,2,34,1,2008.99951171875,132
2164.1689453125,1,24,0,1460.7000732421875,36
2164.1689453125,1,34,1,2008.99951171875,128
2164.1689453125,2,30,0,1781.9351806640625,71
2164.1689453125,40,23,0,1354.49169921875,18
2164.1689453125,1,30,0,1782.5360107421875,89
2259.4169921875,22,28,0,1676.1380615234375,59
2259.4169921875,0,27,0,1622.103515625,35
2259.4169921875,0,40,1,2251.052734375,160
2259.4169921875,38,34,2,1979.997314453125,112
2259.4169921875,3,33,0,1918.447509765625,97
2259.4169921875,6,40,4,2251.052734375,255
2259.4169921875,2,24,0,1463.2935791015625,10
2259.4169921875,1,26,0,1552.4637451171875,46
2125.856201171875,1,33,0,1921.827880859375,89
2125.856201171875,2,30,1,1751.75341796875,66
2125.856201171875,7,35,2,2039.79150390625,134
2125.856201171875,1,37,3,2112.647705078125,180
2125.856201171875,1,26,0,1505.1585693359375,39
2125.856201171875,19,35,1,2037.58837890625,121
2125.856201171875,0,37,1,2112.647705078125,134
2125.856201171875,0,33,1,1920.275634765625,88
2007.7266845703125,25,28,0,1672.3365478515625,69
2007.7266845703125,1,34,2,1982.7808837890625,101
2007.7266845703125,0,30,0,1763.9744873046875,75
2007.7266845703125,0,28,0,1648.4542236328125,72
2007.7266845703125,35,33,1,1925.1048583984373,106
2007.7266845703125,7,35,1,1994.558837890625,154
2007.7266845703125,1,31,0,1828.872802734375,104
2007.7266845703125,7,35,2,1994.558837890625,119
1862.0799560546875,0,31,0,1747.842041015625,101
1862.0799560546875,0,33,1,1849.362060546875,123
1862.0799560546875,16,33,1,1812.843505859375,100
1862.0799560546875,24,33,1,1849.362060546875,168
1862.0799560546875,36,31,0,1757.4052734375,93
1862.0799560546875,0,27,1,1536.913818359375,31
1862.0799560546875,0,20,0,1107.865966796875,0
1862.0799560546875,0,31,1,1741.5831298828125,95
2013.4552001953125,43,33,1,1943.5472412109373,118
2013.4552001953125,1,34,4,2000.8377685546875,149
2013.4552001953125,1,33,0,1936.7774658203125,114
2013.4552001953125,1,31,0,1823.8507080078125,96
2013.4552001953125,3,34,1,2000.8377685546875,119
2013.4552001953125,1,24,0,1452.2833251953125,31
2013.4552001953125,10,30,0,1763.532958984375,64
2013.4552001953125,0,33,0,1947.10205078125,82
2288.926513671875,1,30,1,1839.694580078125,79
2288.926513671875,1,33,0,2020.5103759765625,87
2288.926513671875,1,38,3,2275.858642578125,156
2288.926513671875,0,37,1,2217.907958984375,142
2288.926513671875,19,28,0,1753.0142822265625,53
2288.926513671875,0,34,0,2077.418212890625,99
2288.926513671875,2,38,2,2275.858642578125,173
2288.926513671875,0,26,0,1579.627197265625,33
2133.81005859375,14,27,0,1590.0467529296875,53
2133.81005859375,2,37,2,2120.9921875,213
2133.81005859375,0,26,0,1522.7823486328125,35
2133.81005859375,0,26,0,1512.4158935546875,38
2133.81005859375,0,37,2,2120.9921875,152
2133.81005859375,1,34,2,1963.093994140625,123
2133.81005859375,0,27,0,1584.388427734375,42
2133.81005859375,3,30,1,1743.2557373046875,87
2156.834716796875,2,28,0,1608.5396728515625,78
2156.834716796875,1,30,0,1699.365966796875,80
2156.834716796875,0,37,2,2080.533935546875,123
2156.834716796875,2,38,2,2143.6669921875,160
2156.834716796875,0,33,1,1868.153564453125,112
2156.834716796875,7,27,0,1537.9908447265625,37
2156.834716796875,1,38,2,2143.21630859375,166
2156.834716796875,10,34,0,1932.7933349609373,107
2184.498779296875,1,35,0,2084.7109375,165
2184.498779296875,2,27,0,1665.0618896484375,46
2184.498779296875,14,37,1,2166.87451171875,138
2184.498779296875,1,23,0,1365.8739013671875,26
2184.498779296875,0,30,0,1810.0269775390625,79
2184.498779296875,0,28,1,1726.988037109375,62
2184.498779296875,12,37,4,2171.380859375,205
2184.498779296875,0,28,1,1731.04345703125,74
2116.251220703125,0,30,1,1706.660400390625,82
2116.251220703125,1,28,0,1623.700927734375,67
2116.251220703125,0,31,0,1767.4515380859375,68
2116.251220703125,25,35,1,1980.9544677734373,127
2116.251220703125,0,27,0,1563.9775390625,47
2116.251220703125,2,38,3,2103.083251953125,177
2116.251220703125,0,38,2,2103.083251953125,169
2116.251220703125,0,34,2,1922.9892578125,127
2313.87890625,0,26,0,1627.0296630859375,31
2313.87890625,19,27,0,1711.4964599609375,41
2313.87890625,0,31,2,1924.3992919921875,88
2313.87890625,4,24,0,1517.035888671875,31
2313.87890625,22,37,0,2235.798583984375,152
2313.87890625,0,38,0,2301.01708984375,154
2313.87890625,17,38,5,2301.01708984375,219
2313.87890625,1,27,0,1696.3258056640625,49
2140.760498046875,0,23,0,1303.1734619140625,24
2140.760498046875,2,31,1,1789.6168212890625,87
2140.760498046875,1,38,1,2127.593505859375,155
2140.760498046875,0,30,0,1734.0732421875,79
2140.760498046875,0,34,2,1938.1051025390625,107
2140.760498046875,2,38,3,2127.593505859375,182
2140.760498046875,0,30,0,1728.7662353515625,91
2140.760498046875,1,28,0,1623.7086181640625,55
2212.500244140625,1,38,3,2199.31103515625,190
2212.500244140625,3,33,0,1977.922119140625,81
2212.500244140625,1,28,0,1704.6514892578125,69
2212.500244140625,1,38,1,2199.31103515625,169
2212.500244140625,21,27,0,1628.978759765625,45
2212.500244140625,0,30,0,1787.545166015625,65
2212.500244140625,1,28,0,1691.97509765625,68
2212.500244140625,3,35,2,2102.839111328125,121
2190.364013671875,1,34,1,1952.677001953125,101
2190.364013671875,0,33,2,1888.644775390625,99
2190.364013671875,0,27,0,1555.2320556640625,42
2190.364013671875,8,38,1,2177.1962890625,147
2190.364013671875,0,30,0,1719.4443359375,90
2190.364013671875,3,38,2,2177.1962890625,162
2190.364013671875,0,28,1,1630.29638671875,50
2190.364013671875,54,37,0,2111.59765625,133
2118.284912109375,1,33,1,1916.6614990234373,102
2118.284912109375,3,37,2,2105.91796875,216
2118.284912109375,49,27,1,1584.66845703125,49
2118.284912109375,0,33,0,1900.9898681640625,118
2118.284912109375,2,37,2,2105.91796875,147
2118.284912109375,3,30,1,1750.1165771484375,70
2118.284912109375,1,28,0,1656.3197021484375,61
2118.284912109375,0,23,0,1316.95751953125,20
2239.001708984375,1,28,0,1682.26611328125,67
2239.001708984375,28,38,2,2224.782470703125,150
2239.001708984375,1,30,0,1793.698486328125,67
2239.001708984375,21,33,0,1965.629150390625,105
2239.001708984375,2,38,2,2225.833984375,189
2239.001708984375,0,27,0,1600.8773193359375,34
2239.001708984375,1,31,1,1848.45263671875,88
2239.001708984375,3,34,2,2024.1229248046875,118
2196.129638671875,1,30,0,1646.1011962890625,76
2196.129638671875,35,34,2,1881.9700927734373,116
2196.129638671875,23,26,0,1416.427001953125,35
2196.129638671875,0,40,2,2181.30908203125,188
2196.129638671875,0,31,0,1708.7996826171875,63
2196.129638671875,47,31,0,1707.948486328125,83
2196.129638671875,2,40,3,2182.961669921875,193
2196.129638671875,0,34,0,1876.0399169921875,92
2201.8388671875,1,28,0,1666.031982421875,47
2201.8388671875,5,24,0,1409.4844970703125,27
2201.8388671875,0,33,0,1928.791015625,117
2201.8388671875,0,30,0,1758.4852294921875,94
2201.8388671875,5,27,0,1603.17626953125,55
2201.8388671875,3,38,2,2188.470703125,171
2201.8388671875,1,38,2,2188.6708984375,176
2201.8388671875,50,34,3,1992.32763671875,117
2123.83203125,1,27,0,1585.8365478515625,46
2123.83203125,2,34,1,1974.9410400390625,93
2123.83203125,2,35,0,2040.6444091796875,135
2123.83203125,1,28,0,1665.7406005859375,65
2123.83203125,1,34,2,1973.388916015625,119
2123.83203125,8,37,2,2110.313232421875,156
2123.83203125,13,28,0,1663.2867431640625,56
2123.83203125,44,37,1,2111.514892578125,128
2136.219970703125,1,28,0,1663.0787353515625,58
2136.219970703125,3,28,0,1672.40966796875,54
2136.219970703125,0,30,1,1764.08984375,85
2136.219970703125,1,37,2,2120.799072265625,144
2136.219970703125,0,30,0,1772.1082763671875,87
2136.219970703125,1,28,0,1683.62451171875,71
2136.219970703125,9,37,4,2123.052001953125,172
2136.219970703125,0,35,0,2037.90966796875,116
2167.560302734375,0,38,4,2154.386962890625,164
2167.560302734375,4,34,0,1955.569091796875,114
2167.560302734375,5,34,1,1952.414794921875,104
2167.560302734375,3,26,0,1493.822021484375,44
2167.560302734375,0,30,0,1724.0284423828125,74
2167.560302734375,1,26,0,1493.3212890625,35
2167.560302734375,39,38,2,2154.386962890625,217
2167.560302734375,53,27,0,1562.0447998046875,55
2348.7421875,1,34,0,1936.722412109375,89
2348.7421875,0,35,2,1998.6060791015625,104
2348.7421875,0,28,1,1624.367919921875,68
2348.7421875,3,33,0,1881.486083984375,96
2348.7421875,1,27,0,1563.5018310546875,45
2348.7421875,0,26,0,1506.750732421875,41
2348.7421875,0,42,3,2334.231201171875,198
2348.7421875,2,42,1,2335.5830078125,210
2140.96435546875,0,33,0,1920.0634765625,116
2140.96435546875,5,28,0,1666.3582763671875,79
2140.96435546875,0,33,1,1929.176513671875,104
2140.96435546875,4,26,0,1521.0980224609375,37
2140.96435546875,3,37,5,2127.797119140625,171
2140.96435546875,0,37,1,2127.797119140625,136
2140.96435546875,1,28,0,1667.4097900390625,67
2140.96435546875,0,34,0,1982.8634033203125,100
2215.657958984375,6,30,0,1767.4595947265625,88
2215.657958984375,0,30,0,1765.1566162109375,75
2215.657958984375,10,21,0,1224.5166015625,4
2215.657958984375,1,31,1,1844.8709716796875,82
2215.657958984375,51,38,2,2202.489990234375,181
2215.657958984375,4,35,0,2069.8330078125,124
2215.657958984375,1,38,3,2202.489990234375,143
2215.657958984375,0,33,1,1940.60205078125,84
1943.1688232421875,2,26,0,1481.7755126953125,36
1943.1688232421875,51,34,3,1930.00048828125,140
1943.1688232421875,2,34,2,1915.4300537109373,168
1943.1688232421875,0,30,0,1700.184814453125,67
1943.1688232421875,1,34,1,1930.00048828125,139
1943.1688232421875,5,24,0,1372.6448974609375,29
1943.1688232421875,2,31,0,1761.5562744140625,100
1943.1688232421875,1,28,0,1609.1734619140625,62
2260.114990234375,56,40,3,2246.941162109375,196
2260.114990234375,0,38,0,2150.78515625,135
2260.114990234375,0,31,0,1782.218505859375,87
2260.114990234375,1,30,0,1720.0330810546875,85
2260.114990234375,3,40,3,2246.941162109375,158
2260.114990234375,3,30,0,1718.8314208984375,80
2260.114990234375,3,23,0,1285.361572265625,15
2260.114990234375,1,28,1,1627.308837890625,62
2000.934326171875,41,35,1,1988.6678466796875,125
2000.934326171875,0,23,0,1301.138671875,13
2000.934326171875,1,34,1,1933.1640625,114
2000.934326171875,53,26,0,1487.119140625,53
2000.934326171875,0,26,0,1488.370849609375,43
2000.934326171875,1,35,2,1987.46630859375,135
2000.934326171875,48,31,0,1774.5421142578125,87
2000.934326171875,0,35,1,1988.6678466796875,173
2277.0380859375,1,28,0,1607.5203857421875,38
2277.0380859375,0,40,2,2264.120361328125,181
2277.0380859375,0,31,0,1772.2076416015625,72
2277.0380859375,1,20,0,1106.56005859375,3
2277.0380859375,0,38,1,2159.3515625,173
2277.0380859375,0,35,1,2007.4832763671875,141
2277.0380859375,2,40,2,2260.515380859375,146
2277.0380859375,0,27,0,1539.5201416015625,44
2111.165771484375,3,30,1,1745.644287109375,59
2111.165771484375,0,34,0,1960.0550537109373,115
2111.165771484375,1,33,0,1906.482421875,96
2111.165771484375,0,37,1,2098.443115234375,136
2111.165771484375,7,24,0,1415.7218017578125,15
2111.165771484375,47,37,3,2098.443115234375,191
2111.165771484375,1,34,1,1964.5614013671875,104
2111.165771484375,9,33,1,1903.328125,97
2271.187744140625,2,30,0,1742.8028564453125,92
2271.187744140625,0,27,0,1595.7578125,53
2271.187744140625,0,30,0,1743.954345703125,73
2271.187744140625,11,27,0,1587.5279541015625,49
2271.187744140625,1,38,0,2162.345947265625,138
2271.187744140625,6,40,3,2258.019287109375,179
2271.187744140625,1,40,3,2257.568603515625,169
2271.187744140625,0,33,1,1893.1923828125,115
2223.321044921875,1,27,0,1616.0684814453125,53
2223.321044921875,0,30,0,1774.0791015625,79
2223.321044921875,1,31,1,1848.1544189453125,94
2223.321044921875,1,38,2,2206.596923828125,150
2223.321044921875,4,30,1,1779.18701171875,76
2223.321044921875,4,38,2,2210.152587890625,167
2223.321044921875,9,34,1,2003.9034423828125,124
2223.321044921875,0,28,0,1690.9183349609375,62
2027.6976318359373,1,33,1,1889.55810546875,94
2027.6976318359373,38,31,0,1787.3634033203125,89
2027.6976318359373,2,34,1,1956.767333984375,104
2027.6976318359373,58,35,3,2014.526123046875,185
2027.6976318359373,3,35,1,2014.526123046875,88
2027.6976318359373,11,27,0,1557.7939453125,52
2027.6976318359373,9,33,0,1885.953125,130
2027.6976318359373,0,33,0,1887.2548828125,105
2069.18798828125,0,30,0,1751.785888671875,61
2069.18798828125,0,31,0,1824.0340576171875,103
2069.18798828125,3,33,1,1928.7667236328125,100
2069.18798828125,1,30,0,1756.4923095703125,98
2069.18798828125,0,33,0,1928.516357421875,107
2069.18798828125,1,35,2,2056.02001953125,116
2069.18798828125,1,27,0,1573.0382080078125,43
2069.18798828125,2,35,4,2056.02001953125,163
2181.665771484375,11,38,3,2168.898193359375,133
2181.665771484375,0,31,1,1792.751953125,80
2181.665771484375,9,34,0,1960.3253173828125,106
2181.665771484375,2,27,0,1565.4970703125,45
2181.665771484375,0,28,0,1647.322998046875,57
2181.665771484375,1,38,1,2168.898193359375,165
2181.665771484375,1,35,1,2018.8948974609373,127
2181.665771484375,0,37,1,2096.3623046875,139
2335.422607421875,2,41,3,2322.905029296875,217
2335.422607421875,0,27,0,1538.4755859375,53
2335.422607421875,1,41,1,2321.35302734375,180
2335.422607421875,0,35,3,1990.3798828125,136
2335.422607421875,2,28,0,1604.6016845703125,59
2335.422607421875,1,31,1,1754.334228515625,101
2335.422607421875,0,27,0,1540.4410400390625,55
2335.422607421875,5,28,0,1605.6531982421875,65
2390.1884765625,35,34,2,1971.44189453125,120
2390.1884765625,22,23,0,1309.149658203125,19
2390.1884765625,43,41,4,2377.0205078125,186
2390.1884765625,1,31,0,1807.500244140625,96
2390.1884765625,1,20,0,1100.9110107421875,17
2390.1884765625,0,35,1,2041.8262939453125,127
2390.1884765625,1,41,1,2375.61865234375,188
2390.1884765625,3,30,0,1737.2733154296875,67
2076.31396484375,2,35,2,2063.14599609375,191
2076.31396484375,0,35,1,2063.14599609375,140
2076.31396484375,1,34,3,1999.103515625,135
2076.31396484375,30,28,0,1662.228759765625,68
2076.31396484375,1,31,1,1826.3731689453125,95
2076.31396484375,0,26,0,1540.5301513671875,22
2076.31396484375,0,26,0,1542.232421875,32
2076.31396484375,3,34,0,1985.7279052734373,130
2318.480224609375,0,26,0,1513.2115478515625,32
2318.480224609375,71,34,0,2002.1651611328125,128
2318.480224609375,7,30,0,1792.123291015625,80
2318.480224609375,9,40,3,2305.31201171875,185
2318.480224609375,0,35,2,2071.2587890625,138
2318.480224609375,40,30,1,1769.142822265625,79
2318.480224609375,1,40,1,2305.31201171875,168
2318.480224609375,49,26,0,1513.2115478515625,26
2138.977783203125,0,26,0,1472.2384033203125,37
2138.977783203125,1,31,0,1758.1409912109375,94
2138.977783203125,13,39,3,2125.799560546875,159
2138.977783203125,0,28,0,1604.7022705078125,65
2138.977783203125,9,39,1,2125.799560546875,145
2138.977783203125,0,31,1,1762.95068359375,98
2138.977783203125,0,38,1,2119.342041015625,162
2138.977783203125,1,31,0,1757.7904052734375,72
2129.9423828125,1,38,1,2116.7744140625,165
2129.9423828125,1,28,0,1625.61865234375,66
2129.9423828125,1,30,1,1715.93701171875,82
2129.9423828125,0,28,1,1621.2127685546875,64
2129.9423828125,6,24,0,1397.0592041015625,31
2129.9423828125,7,33,1,1868.79296875,104
2129.9423828125,1,38,3,2116.7744140625,203
2129.9423828125,1,28,0,1637.284423828125,64
2165.799072265625,51,26,0,1575.4913330078125,52
2165.799072265625,7,26,0,1567.830078125,40
2165.799072265625,8,27,1,1639.7203369140625,61
2165.799072265625,24,28,0,1700.8446044921875,75
2165.799072265625,42,33,0,1948.3870849609373,109
2165.799072265625,1,37,1,2152.63134765625,146
2165.799072265625,2,37,3,2152.63134765625,198
2165.799072265625,1,28,1,1695.587646484375,60
2272.50830078125,6,30,1,1732.526611328125,83
2272.50830078125,18,40,3,2259.328369140625,198
2272.50830078125,0,28,0,1646.3377685546875,57
2272.50830078125,13,30,1,1731.4251708984375,73
2272.50830078125,5,27,0,1580.02880859375,47
2272.50830078125,12,40,0,2259.328369140625,171
2272.50830078125,7,35,1,2017.2469482421875,133
2272.50830078125,0,26,0,1521.7999267578125,32
2171.283203125,1,34,1,1957.3385009765625,85
2171.283203125,2,37,2,2093.687255859375,116
2171.283203125,0,27,0,1572.190673828125,40
2171.283203125,26,35,0,2012.80712890625,126
2171.283203125,3,38,1,2158.111572265625,173
2171.283203125,35,31,0,1802.7327880859373,83
2171.283203125,0,27,0,1576.6468505859375,51
2171.283203125,1,38,4,2158.111572265625,165
2155.68896484375,10,26,0,1582.0584716796875,40
2155.68896484375,0,30,1,1792.7813720703125,62
2155.68896484375,0,27,0,1643.801513671875,46
2155.68896484375,1,35,2,2064.18896484375,136
2155.68896484375,6,37,5,2142.520751953125,217
2155.68896484375,0,27,0,1634.8345947265625,48
2155.68896484375,14,37,1,2142.520751953125,150
2155.68896484375,0,34,0,2004.0404052734373,106
1854.41259765625,1,27,0,1562.2164306640625,48
1854.41259765625,0,32,0,1841.241455078125,120
1854.41259765625,2,31,1,1798.782958984375,77
1854.41259765625,2,31,0,1808.707275390625,84
1854.41259765625,0,32,2,1841.241455078125,124
1854.41259765625,8,32,0,1834.2752685546875,125
1854.41259765625,8,32,1,1839.288818359375,120
1854.41259765625,3,30,0,1739.4544677734375,72
2119.154052734375,52,30,0,1766.495361328125,75
2119.154052734375,1,37,4,2105.986328125,195
2119.154052734375,1,28,0,1667.986572265625,58
2119.154052734375,1,23,0,1327.4183349609375,8
2119.154052734375,51,31,1,1826.796142578125,76
2119.154052734375,2,35,2,2028.495849609375,133
2119.154052734375,2,37,0,2105.986328125,123
2119.154052734375,0,34,0,1970.847412109375,99
2022.9798583984373,1,30,0,1771.6099853515625,82
2022.9798583984373,42,33,0,1949.0806884765625,114
2022.9798583984373,43,27,0,1614.57080078125,42
2022.9798583984373,43,34,2,2009.8116455078125,154
2022.9798583984373,12,34,1,2008.109375,128
2022.9798583984373,1,33,1,1939.51806640625,87
2022.9798583984373,3,33,1,1939.1676025390625,93
2022.9798583984373,25,34,1,2007.2581787109373,122
2236.346435546875,4,26,0,1482.448486328125,36
2236.346435546875,2,40,0,2223.92822265625,135
2236.346435546875,25,40,5,2223.92822265625,172
2236.346435546875,6,38,2,2128.60888671875,171
2236.346435546875,6,31,0,1766.9554443359375,86
2236.346435546875,5,33,1,1866.51025390625,99
2236.346435546875,0,27,0,1541.3751220703125,36
2236.346435546875,3,30,0,1703.8382568359375,82
2314.827392578125,0,41,1,2302.410400390625,165
2314.827392578125,1,40,0,2244.11376953125,150
2314.827392578125,1,41,4,2302.410400390625,192
2314.827392578125,1,33,1,1886.1290283203125,89
2314.827392578125,30,30,1,1725.8560791015625,68
2314.827392578125,1,31,0,1793.6243896484375,92
2314.827392578125,21,23,0,1329.6451416015625,9
2314.827392578125,3,26,0,1507.7415771484375,30
2182.335693359375,8,34,2,2018.494873046875,133
2182.335693359375,17,37,3,2169.167724609375,142
2182.335693359375,0,30,0,1780.74169921875,84
2182.335693359375,0,37,2,2167.61572265625,126
2182.335693359375,0,31,0,1849.5166015625,80
2182.335693359375,1,30,0,1780.5413818359375,79
2182.335693359375,2,30,0,1784.796875,75
2182.335693359375,1,33,1,1950.48583984375,96
2213.943115234375,33,39,3,2200.760009765625,206
2213.943115234375,0,28,0,1636.8843994140625,61
2213.943115234375,0,27,0,1581.559814453125,57
2213.943115234375,52,28,0,1639.28759765625,71
2213.943115234375,2,28,1,1662.71923828125,62
2213.943115234375,9,39,1,2200.760009765625,142
2213.943115234375,4,38,1,2192.263916015625,134
2213.943115234375,0,26,0,1503.08740234375,31
2104.78515625,1,30,1,1731.8970947265625,71
2104.78515625,0,33,0,1889.6107177734373,100
2104.78515625,1,34,1,1961.844482421875,79
2104.78515625,0,35,1,2018.8309326171875,118
2104.78515625,1,28,0,1635.3492431640625,63
2104.78515625,0,37,3,2091.61767578125,164
2104.78515625,2,37,0,2091.61767578125,148
2104.78515625,5,30,0,1734.8509521484375,68
1933.7745361328125,1,23,0,1296.833740234375,40
1933.7745361328125,5,34,3,1921.307373046875,184
1933.7745361328125,1,34,0,1919.4547119140625,111
1933.7745361328125,1,28,0,1616.83251953125,28
1933.7745361328125,0,34,0,1919.204345703125,126
1933.7745361328125,0,33,1,1858.1837158203125,94
1933.7745361328125,51,31,2,1767.6561279296875,86
1933.7745361328125,11,30,0,1710.841796875,81
2142.93115234375,13,30,0,1706.2823486328125,76
2142.93115234375,0,28,0,1607.80224609375,54
2142.93115234375,11,33,0,1865.3360595703125,85
2142.93115234375,0,27,0,1552.4873046875,45
2142.93115234375,1,38,2,2129.7626953125,184
2142.93115234375,0,38,1,2129.7626953125,178
2142.93115234375,0,35,3,1984.0252685546875,145
2142.93115234375,6,23,0,1292.0081787109375,17
2078.200439453125,0,34,1,1931.8525390625,118
2078.200439453125,0,30,1,1713.726806640625,72
2078.200439453125,8,37,3,2065.03271484375,158
2078.200439453125,10,34,0,1931.8525390625,131
2078.200439453125,17,26,0,1497.7701416015625,35
2078.200439453125,0,27,0,1553.060302734375,54
2078.200439453125,54,37,1,2063.78076171875,164
2078.200439453125,2,28,0,1623.4481201171875,71
2369.141845703125,0,35,1,2101.893798828125,128
2369.141845703125,6,40,3,2355.970458984375,199
2369.141845703125,1,34,1,2038.8828125,95
2369.141845703125,8,21,0,1264.14794921875,8
2369.141845703125,1,33,0,1971.6842041015625,81
2369.141845703125,54,40,2,2355.970458984375,187
2369.141845703125,2,27,0,1662.171142578125,46
2369.141845703125,0,30,0,1810.7711181640625,82
2157.9443359375,2,27,0,1602.766845703125,49
2157.9443359375,1,37,0,2143.924560546875,147
2157.9443359375,0,31,0,1830.239501953125,105
2157.9443359375,0,37,3,2143.2236328125,131
2157.9443359375,1,31,0,1817.3070068359373,97
2157.9443359375,11,37,3,2144.77587890625,140
2157.9443359375,1,33,0,1927.255615234375,101
2157.9443359375,3,26,0,1538.2862548828125,53
2040.3819580078125,0,26,0,1521.8067626953125,40
2040.3819580078125,47,35,2,2027.213134765625,149
2040.3819580078125,30,30,0,1744.0291748046875,77
2040.3819580078125,43,35,4,2024.6595458984373,136
2040.3819580078125,49,31,0,1811.0625,90
2040.3819580078125,2,34,0,1964.3406982421875,112
2040.3819580078125,2,28,0,1651.3057861328125,61
2040.3819580078125,0,34,0,1960.034912109375,106
2130.590087890625,1,37,2,2117.42236328125,156
2130.590087890625,0,34,1,1974.04833984375,99
2130.590087890625,29,31,1,1800.4720458984375,94
2130.590087890625,3,35,0,2040.000732421875,125
2130.590087890625,5,30,0,1738.93359375,69
2130.590087890625,0,34,0,1974.649169921875,93
2130.590087890625,3,30,0,1738.2327880859375,62
2130.590087890625,19,37,2,2115.92041015625,163
2035.040283203125,2,31,0,1796.6451416015625,91
2035.040283203125,2,28,0,1625.8660888671875,58
2035.040283203125,23,35,2,2021.872314453125,116
2035.040283203125,0,30,0,1733.41943359375,72
2035.040283203125,0,31,0,1797.8468017578125,102
2035.040283203125,0,30,0,1720.4150390625,76
2035.040283203125,6,35,3,2021.872314453125,175
2035.040283203125,2,34,2,1957.02587890625,93
1995.534423828125,3,33,0,1918.3944091796875,115
1995.534423828125,2,34,3,1982.7177734375,158
1995.534423828125,3,27,0,1584.6461181640625,52
1995.534423828125,3,31,0,1812.564697265625,104
1995.534423828125,8,28,0,1660.567626953125,64
1995.534423828125,0,34,2,1979.7530517578125,141
1995.534423828125,1,27,0,1579.0594482421875,52
1995.534423828125,0,34,1,1981.0155029296875,134
2242.62451171875,1,27,1,1526.9298095703125,50
2242.62451171875,2,41,3,2230.002197265625,241
2242.62451171875,2,28,0,1591.4169921875,64
2242.62451171875,12,24,0,1370.6485595703125,7
2242.62451171875,3,31,0,1745.2486572265625,100
2242.62451171875,1,41,2,2230.002197265625,207
2242.62451171875,0,30,0,1684.7760009765625,72
2242.62451171875,13,30,0,1686.278076171875,71
2211.42138671875,0,33,0,1937.2542724609373,90
2211.42138671875,0,33,0,1932.597900390625,78
2211.42138671875,1,24,0,1442.8118896484375,21
2211.42138671875,3,27,0,1608.1461181640625,50
2211.42138671875,1,38,2,2196.801025390625,135
2211.42138671875,2,38,4,2198.2529296875,180
2211.42138671875,19,37,2,2135.80126953125,133
2211.42138671875,2,33,0,1930.14453125,118
2195.4892578125,6,37,4,2182.3212890625,182
2195.4892578125,0,33,0,1945.309326171875,109
2195.4892578125,0,37,1,2182.3212890625,124
2195.4892578125,31,27,0,1602.33642578125,50
2195.4892578125,3,34,0,2023.453125,95
2195.4892578125,3,30,1,1761.5411376953125,80
2195.4892578125,3,28,0,1667.7198486328125,70
2195.4892578125,16,35,2,2094.4873046875,112
2282.88720703125,2,31,0,1875.889892578125,89
2282.88720703125,1,38,2,2268.317626953125,153
2282.88720703125,1,37,0,2207.88037109375,114
2282.88720703125,18,38,3,2269.719482421875,159
2282.88720703125,0,33,0,1972.326171875,82
2282.88720703125,0,26,0,1562.98876953125,43
2282.88720703125,42,27,0,1629.3525390625,52
2282.88720703125,1,35,2,2107.515869140625,133
2136.74560546875,18,37,2,2123.677490234375,142
2136.74560546875,1,37,5,2123.677490234375,192
2136.74560546875,0,31,0,1828.346923828125,97
2136.74560546875,38,28,0,1671.5218505859375,64
2136.74560546875,5,33,0,1927.7685546875,109
2136.74560546875,51,30,0,1765.84814453125,72
2136.74560546875,0,33,1,1929.6209716796875,99
2136.74560546875,1,27,0,1607.820556640625,40
2106.64404296875,41,30,0,1804.1053466796875,66
2106.64404296875,31,35,1,2093.46728515625,129
2106.64404296875,0,31,1,1877.6475830078125,104
2106.64404296875,0,33,0,1972.61328125,121
2106.64404296875,6,35,4,2093.46728515625,191
2106.64404296875,27,26,0,1544.1854248046875,42
2106.64404296875,8,34,1,2036.168212890625,117
2106.64404296875,0,24,0,1454.08203125,24
2401.566650390625,0,33,0,1949.151123046875,93
2401.566650390625,0,30,0,1772.3795166015625,70
2401.566650390625,1,41,5,2388.398681640625,186
2401.566650390625,0,30,0,1781.291259765625,94
2401.566650390625,0,33,0,1955.7100830078125,101
2401.566650390625,0,26,0,1533.0216064453125,37
2401.566650390625,1,41,3,2384.142822265625,194
2401.566650390625,2,31,0,1846.4547119140625,73
2303.2119140625,2,40,1,2290.03125,212
2303.2119140625,5,31,0,1822.1943359375,78
2303.2119140625,1,27,0,1588.90478515625,41
2303.2119140625,0,28,1,1666.1759033203125,55
2303.2119140625,15,40,2,2290.03125,190
2303.2119140625,1,34,1,1985.7655029296875,123
2303.2119140625,0,30,1,1762.092529296875,74
2303.2119140625,1,27,0,1594.9661865234375,43
2194.21240234375,2,38,2,2181.6953125,194
2194.21240234375,6,33,2,1909.27587890625,99
2194.21240234375,2,28,0,1667.2864990234375,47
2194.21240234375,0,30,0,1753.738037109375,79
2194.21240234375,1,30,0,1760.346923828125,73
2194.21240234375,1,38,1,2178.390869140625,146
2194.21240234375,1,35,1,2047.6402587890625,142
2194.21240234375,0,28,0,1656.7225341796875,58
2190.33349609375,1,31,0,1830.278564453125,91
2190.33349609375,1,37,1,2177.16552734375,154
2190.33349609375,34,33,1,1957.041259765625,108
2190.33349609375,4,33,1,1961.7978515625,112
2190.33349609375,1,27,0,1605.534423828125,40
2190.33349609375,0,31,0,1835.698974609375,59
2190.33349609375,0,35,0,2098.904052734375,123
2190.33349609375,0,37,3,2177.16552734375,127
2147.1640625,0,33,0,1936.5623779296875,82
2147.1640625,1,31,1,1836.46044921875,107
2147.1640625,1,30,0,1763.3428955078125,49
2147.1640625,3,37,2,2133.99609375,182
2147.1640625,50,35,1,2050.897705078125,129
2147.1640625,12,37,1,2133.99609375,135
2147.1640625,30,27,0,1593.881103515625,41
2147.1640625,0,34,2,1997.7672119140625,101
2291.296875,4,37,0,2132.405029296875,118
2291.296875,9,26,0,1539.3946533203125,34
2291.296875,1,24,0,1425.4866943359375,25
2291.296875,2,31,2,1837.8837890625,80
2291.296875,0,34,0,1989.760009765625,91
2291.296875,1,40,2,2278.92529296875,232
2291.296875,0,40,4,2278.92529296875,180
2291.296875,1,27,0,1600.0562744140625,37
2270.8798828125,5,35,1,2090.34375,114
2270.8798828125,0,33,0,1945.2344970703125,80
2270.8798828125,2,30,0,1772.2520751953125,30
2270.8798828125,9,38,2,2256.06005859375,168
2270.8798828125,0,23,0,1301.2860107421875,6
2270.8798828125,3,30,0,1772.5023193359375,72
2270.8798828125,2,38,4,2257.71240234375,202
2270.8798828125,4,35,1,2086.388427734375,122
2323.552734375,1,40,1,2310.384765625,157
2323.552734375,44,30,1,1786.56494140625,91
2323.552734375,1,34,0,2019.8876953125,101
2323.552734375,6,31,1,1850.22705078125,107
2323.552734375,0,26,0,1558.968505859375,39
2323.552734375,2,40,4,2310.384765625,218
2323.552734375,1,30,0,1789.2686767578125,56
2323.552734375,0,27,0,1622.564453125,46
2050.66748046875,20,30,1,1824.96337890625,80
2050.66748046875,51,34,2,2037.682373046875,166
2050.66748046875,12,26,0,1583.58642578125,41
2050.66748046875,1,31,1,1882.0262451171875,81
2050.66748046875,0,34,1,2033.071533203125,122
2050.66748046875,0,28,0,1711.3837890625,77
2050.66748046875,1,34,0,2036.230224609375,125
2050.66748046875,2,33,0,1976.8212890625,107
2340.148193359375,2,26,0,1583.2213134765625,31
2340.148193359375,2,40,3,2326.9794921875,185
2340.148193359375,0,28,1,1710.175048828125,50
2340.148193359375,5,34,1,2035.454345703125,109
2340.148193359375,2,38,1,2237.801025390625,160
2340.148193359375,1,28,0,1714.1163330078125,50
2340.148193359375,0,31,0,1876.6661376953125,63
2340.148193359375,0,40,1,2325.07666015625,153
2026.4688720703125,0,33,1,1943.9462890625,89
2026.4688720703125,3,30,0,1785.2066650390625,67
2026.4688720703125,0,34,0,2003.174072265625,110
2026.4688720703125,0,31,0,1856.6822509765625,96
2026.4688720703125,22,31,0,1849.1551513671875,75
2026.4688720703125,11,31,1,1848.15380859375,75
2026.4688720703125,0,34,2,2013.2890625,165
2026.4688720703125,0,34,1,2009.0325927734373,115
2106.1748046875,1,27,0,1630.2080078125,49
2106.1748046875,58,30,1,1802.6771240234373,79
2106.1748046875,54,28,0,1709.3502197265625,69
2106.1748046875,55,26,0,1574.287109375,59
2106.1748046875,1,35,3,2092.98876953125,180
2106.1748046875,22,31,0,1866.1014404296875,98
2106.1748046875,19,35,2,2092.98876953125,144
2106.1748046875,2,33,1,1964.2491455078125,91
2165.674072265625,32,27,0,1545.77783203125,58
2165.674072265625,6,38,6,2152.506591796875,161
2165.674072265625,23,33,0,1869.737548828125,106
2165.674072265625,4,34,0,1937.2919921875,90
2165.674072265625,1,31,0,1773.6474609375,98
2165.674072265625,2,26,0,1480.6685791015625,45
2165.674072265625,1,38,0,2151.304931640625,132
2165.674072265625,3,33,1,1870.4384765625,114
2430.1201171875,1,41,1,2416.550537109375,172
2430.1201171875,0,28,0,1704.7359619140625,57
2430.1201171875,3,41,3,2417.952392578125,162
2430.1201171875,1,31,0,1870.725830078125,95
2430.1201171875,0,28,0,1707.0390625,47
2430.1201171875,0,35,3,2103.25439453125,139
2430.1201171875,1,27,0,1645.7489013671875,37
2430.1201171875,2,40,0,2354.905029296875,144
2123.831298828125,2,35,0,2020.370361328125,107
2123.831298828125,0,28,0,1645.8341064453125,69
2123.831298828125,1,37,2,2106.302734375,142
2123.831298828125,17,31,0,1804.653076171875,85
2123.831298828125,2,37,5,2110.65869140625,163
2123.831298828125,4,33,0,1898.6141357421875,110
2123.831298828125,0,23,0,1319.0537109375,8
2123.831298828125,2,37,0,2109.55712890625,151
2036.322021484375,4,35,4,2023.1539306640625,178
2036.322021484375,0,30,0,1726.4039306640625,97
2036.322021484375,0,28,0,1632.0001220703125,61
2036.322021484375,20,35,2,2018.7978515625,143
2036.322021484375,1,34,0,1956.2744140625,98
2036.322021484375,0,27,0,1563.2940673828125,44
2036.322021484375,3,23,0,1297.32666015625,23
2036.322021484375,0,35,0,2018.6475830078125,162
2153.76318359375,0,38,1,2140.595458984375,129
2153.76318359375,3,35,0,2014.9610595703125,119
2153.76318359375,2,31,0,1805.3731689453125,74
2153.76318359375,1,35,1,1978.3521728515625,121
2153.76318359375,1,27,0,1582.532958984375,37
2153.76318359375,1,31,0,1807.576171875,84
2153.76318359375,1,38,4,2140.595458984375,180
2153.76318359375,0,30,0,1747.192626953125,67
2211.892333984375,1,38,5,2198.724609375,188
2211.892333984375,4,26,0,1555.518798828125,41
2211.892333984375,18,26,0,1550.4107666015625,40
2211.892333984375,5,33,0,1958.9349365234373,114
2211.892333984375,7,33,0,1960.63720703125,98
2211.892333984375,0,30,1,1773.1851806640625,82
2211.892333984375,2,31,0,1842.887451171875,87
2211.892333984375,1,38,1,2197.773193359375,173
2256.796630859375,10,33,2,1896.48779296875,104
2256.796630859375,0,40,0,2243.228515625,181
2256.796630859375,1,28,0,1654.4290771484375,65
2256.796630859375,4,28,0,1652.1259765625,45
2256.796630859375,1,23,0,1322.209716796875,23
2256.796630859375,2,40,6,2243.62890625,188
2256.796630859375,3,27,0,1592.7884521484375,52
2256.796630859375,2,37,0,2098.935302734375,153
2275.322021484375,2,38,2,2262.791015625,152
2275.322021484375,1,30,0,1831.7891845703125,83
2275.322021484375,1,38,1,2262.791015625,153
2275.322021484375,0,26,0,1608.9678955078125,24
2275.322021484375,1,33,1,2002.2420654296875,105
2275.322021484375,0,35,1,2120.033447265625,101
2275.322021484375,18,34,0,2059.610107421875,113
2275.322021484375,1,34,2,2057.707275390625,110
2348.148681640625,15,41,2,2334.976806640625,188
2348.148681640625,9,28,1,1652.387939453125,62
2348.148681640625,3,30,0,1754.542724609375,87
2348.148681640625,3,41,4,2334.976806640625,228
2348.148681640625,2,28,0,1656.7939453125,53
2348.148681640625,2,31,0,1830.581787109375,83
2348.148681640625,10,27,0,1592.18115234375,46
2348.148681640625,3,34,0,1993.594970703125,90
2116.52294921875,26,30,0,1809.05322265625,76
2116.52294921875,1,33,0,1986.73583984375,90
2116.52294921875,2,35,2,2103.35498046875,156
2116.52294921875,0,34,0,2043.8863525390625,105
2116.52294921875,1,27,0,1630.2042236328125,46
2116.52294921875,0,34,1,2045.1380615234373,118
2116.52294921875,0,35,1,2103.35498046875,122
2116.52294921875,0,34,2,2049.393798828125,110
2184.04443359375,4,34,0,2097.259033203125,107
2184.04443359375,1,34,0,2089.746337890625,135
2184.04443359375,0,33,1,2024.067138671875,106
2184.04443359375,2,35,3,2171.0263671875,140
2184.04443359375,0,31,0,1888.338134765625,98
2184.04443359375,10,28,0,1703.2733154296875,57
2184.04443359375,1,26,0,1571.0767822265625,38
2184.04443359375,1,35,3,2171.0263671875,117
2238.791748046875,9,37,2,2225.623046875,200
2238.791748046875,1,21,0,1237.9769287109375,0
2238.791748046875,1,27,0,1652.6099853515625,48
2238.791748046875,1,34,1,2072.533935546875,103
2238.791748046875,12,37,2,2225.623046875,168
2238.791748046875,53,30,0,1811.5406494140625,70
2238.791748046875,6,33,2,1995.791015625,104
2238.791748046875,6,31,0,1897.0906982421875,106
2208.344482421875,9,27,1,1634.251708984375,50
2208.344482421875,2,34,2,2038.6754150390625,132
2208.344482421875,1,28,0,1709.9476318359375,63
2208.344482421875,0,26,0,1568.544921875,40
2208.344482421875,15,37,1,2195.17724609375,152
2208.344482421875,2,28,0,1699.1748046875,58
2208.344482421875,8,37,1,2193.82568359375,158
2208.344482421875,0,37,1,2190.921875,156
2138.045166015625,1,37,1,2125.67822265625,151
2138.045166015625,53,37,3,2125.67822265625,179
2138.045166015625,1,28,1,1655.7657470703125,69
2138.045166015625,42,33,0,1918.76220703125,92
2138.045166015625,1,23,0,1324.0489501953125,13
2138.045166015625,49,31,1,1810.4951171875,95
2138.045166015625,9,31,0,1819.8134765625,101
2138.045166015625,1,28,0,1653.7630615234375,55
2070.330810546875,1,35,2,2057.1298828125,167
2070.330810546875,5,29,0,1681.8419189453125,70
2070.330810546875,1,30,0,1758.052001953125,82
2070.330810546875,0,28,0,1654.7791748046875,66
2070.330810546875,0,34,0,1990.35205078125,108
2070.330810546875,1,35,2,2057.1298828125,141
2070.330810546875,61,31,1,1829.32470703125,108
2070.330810546875,23,27,0,1597.943359375,58
2112.021728515625,1,33,0,1980.9378662109373,93
2112.021728515625,8,35,3,2098.766845703125,145
2112.021728515625,36,31,0,1877.99755859375,76
2112.021728515625,3,30,0,1813.0894775390625,90
2112.021728515625,1,31,0,1876.1953125,99
2112.021728515625,1,33,0,1979.12353515625,123
2112.021728515625,19,26,0,1578.032958984375,40
2112.021728515625,5,35,4,2098.81689453125,174
2270.6923828125,35,33,0,1901.7886962890625,98
2270.6923828125,1,31,0,1764.3515625,81
2270.6923828125,1,40,1,2257.7744140625,195
2270.6923828125,6,37,2,2099.949951171875,161
2270.6923828125,14,28,1,1629.4500732421875,62
2270.6923828125,26,30,0,1717.504150390625,53
2270.6923828125,2,23,0,1274.0701904296875,14
2270.6923828125,1,40,3,2257.7744140625,155
2381.312255859375,0,34,0,1994.0218505859373,125
2381.312255859375,0,41,5,2368.646240234375,188
2381.312255859375,1,27,0,1604.2320556640625,35
2381.312255859375,4,40,1,2300.57080078125,151
2381.312255859375,0,26,0,1536.0631103515625,35
2381.312255859375,1,31,0,1831.344482421875,79
2381.312255859375,28,33,0,1935.258056640625,93
2381.312255859375,7,41,2,2363.9404296875,161
2164.065185546875,1,37,3,2150.897216796875,168
2164.065185546875,1,35,1,2073.724609375,137
2164.065185546875,4,30,0,1769.3323974609375,69
2164.065185546875,2,37,3,2150.897216796875,180
2164.065185546875,1,30,0,1765.27685546875,64
2164.065185546875,1,26,0,1525.09619140625,47
2164.065185546875,0,24,0,1416.48095703125,17
2164.065185546875,1,34,0,1999.522705078125,133
2035.6807861328125,1,31,1,1806.4027099609373,75
2035.6807861328125,20,26,0,1514.548095703125,23
2035.6807861328125,0,34,1,1960.9710693359373,121
2035.6807861328125,4,35,3,2022.5106201171875,160
2035.6807861328125,3,30,0,1741.5201416015625,78
2035.6807861328125,24,35,1,2022.5106201171875,142
2035.6807861328125,0,28,0,1649.207763671875,59
2035.6807861328125,0,34,1,1954.5064697265625,131
2002.4769287109373,9,31,1,1772.4830322265625,100
2002.4769287109373,7,35,1,1989.7093505859373,139
2002.4769287109373,1,28,1,1625.4935302734375,69
2002.4769287109373,46,35,2,1989.7093505859373,181
2002.4769287109373,19,31,0,1779.2923583984375,95
2002.4769287109373,53,31,1,1779.092041015625,92
2002.4769287109373,1,26,0,1486.2747802734375,35
2002.4769287109373,0,30,0,1712.6353759765625,65
2044.267578125,1,27,0,1566.41357421875,48
2044.267578125,21,35,2,2031.7001953125,188
2044.267578125,45,30,0,1720.3963623046875,76
2044.267578125,1,33,1,1900.9095458984373,98
2044.267578125,0,30,0,1729.2598876953125,74
2044.267578125,0,34,0,1965.864013671875,121
2044.267578125,13,35,2,2031.7001953125,128
2044.267578125,1,27,0,1540.494384765625,43
2154.639892578125,52,28,0,1642.27685546875,65
2154.639892578125,1,33,1,1882.1663818359373,102
2154.639892578125,1,23,0,1293.8560791015625,19
2154.639892578125,0,28,0,1637.8709716796875,82
2154.639892578125,2,38,3,2141.923095703125,207
2154.639892578125,0,31,2,1784.90576171875,97
2154.639892578125,12,26,0,1486.6092529296875,37
2154.639892578125,0,38,1,2141.923095703125,167
2321.19189453125,5,34,1,2050.566162109375,100
2321.19189453125,0,24,0,1443.5054931640625,28
2321.19189453125,51,30,0,1783.003173828125,77
2321.19189453125,0,40,4,2308.023681640625,197
2321.19189453125,0,26,0,1558.6563720703125,51
2321.19189453125,0,34,0,2045.4090576171875,122
2321.19189453125,34,31,0,1858.0028076171875,92
2321.19189453125,0,40,1,2308.023681640625,191
2302.889892578125,0,26,0,1502.221435546875,36
2302.889892578125,2,28,1,1636.671142578125,63
2302.889892578125,10,30,0,1729.534912109375,70
2302.889892578125,9,40,2,2289.853759765625,179
2302.889892578125,4,26,0,1495.6864013671875,38
2302.889892578125,46,40,2,2289.853759765625,210
2302.889892578125,2,38,1,2189.757080078125,123
2302.889892578125,1,34,1,1977.3306884765625,114
2173.821533203125,4,35,1,1941.10302734375,125
2173.821533203125,1,40,4,2160.65380859375,189
2173.821533203125,1,33,0,1823.813232421875,88
2173.821533203125,1,30,0,1680.24658203125,49
2173.821533203125,8,30,0,1677.4427490234375,74
2173.821533203125,7,31,1,1739.087890625,88
2173.821533203125,0,40,1,2159.502197265625,179
2173.821533203125,18,28,0,1588.802734375,63
2121.802001953125,2,37,4,2109.184326171875,163
2121.802001953125,0,34,1,1967.9049072265625,101
2121.802001953125,3,31,0,1798.1292724609375,77
2121.802001953125,0,31,0,1798.7802734375,73
2121.802001953125,1,37,1,2109.184326171875,133
2121.802001953125,0,30,0,1733.6339111328125,70
2121.802001953125,1,33,0,1898.7911376953125,94
2121.802001953125,34,34,1,1960.0443115234373,126
2196.59765625,33,28,0,1601.411865234375,56
2196.59765625,4,30,0,1695.5526123046875,60
2196.59765625,4,40,3,2183.418212890625,228
2196.59765625,2,21,0,1165.8914794921875,12
2196.59765625,40,33,2,1850.8631591796875,100
2196.59765625,0,34,2,1908.60400390625,110
2196.59765625,43,27,0,1543.76416015625,58
2196.59765625,0,40,0,2183.418212890625,158
1938.9810791015625,2,34,3,1926.213623046875,156
1938.9810791015625,0,27,0,1553.6514892578125,43
1938.9810791015625,21,28,0,1622.9207763671875,84
1938.9810791015625,13,34,2,1926.213623046875,120
1938.9810791015625,33,31,0,1775.6502685546875,111
1938.9810791015625,0,31,0,1775.7503662109375,104
1938.9810791015625,0,28,0,1620.1256103515625,76
1938.9810791015625,0,30,1,1717.4342041015625,102
2175.895263671875,12,31,0,1843.571044921875,80
2175.895263671875,0,37,2,2161.424560546875,149
2175.895263671875,1,33,0,1940.677001953125,91
2175.895263671875,2,31,0,1841.2177734375,84
2175.895263671875,0,33,0,1941.578369140625,97
2175.895263671875,23,30,0,1770.8187255859375,90
2175.895263671875,3,37,4,2162.726318359375,171
2175.895263671875,0,31,0,1838.0086669921875,87
2074.42822265625,0,35,0,2061.350341796875,124
2074.42822265625,40,33,0,1891.5489501953125,105
2074.42822265625,0,27,0,1568.5419921875,63
2074.42822265625,6,35,1,2061.350341796875,186
2074.42822265625,8,23,0,1286.7625732421875,15
2074.42822265625,0,31,1,1825.34619140625,83
2074.42822265625,3,34,1,1981.7081298828125,127
2074.42822265625,1,28,1,1649.3720703125,63
2083.292724609375,1,33,1,1919.55712890625,86
2083.292724609375,31,27,0,1592.560546875,44
2083.292724609375,0,23,0,1288.8092041015625,13
2083.292724609375,4,34,1,1998.1192626953125,107
2083.292724609375,0,28,0,1650.17578125,75
2083.292724609375,1,35,2,2062.547119140625,109
2083.292724609375,1,36,1,2070.224365234375,109
2083.292724609375,41,36,1,2070.224365234375,196
2242.88330078125,1,34,0,1941.8326416015625,92
2242.88330078125,2,40,2,2229.71533203125,185
2242.88330078125,3,35,2,2002.9647216796875,126
2242.88330078125,6,30,0,1723.7080078125,78
2242.88330078125,1,24,0,1379.2298583984375,29
2242.88330078125,1,30,0,1723.2073974609375,74
2242.88330078125,0,27,0,1557.478515625,59
2242.88330078125,7,40,3,2229.71533203125,168
2241.2880859375,8,33,1,1944.3519287109373,113
2241.2880859375,0,28,0,1670.764892578125,66
2241.2880859375,2,31,1,1839.7490234375,79
2241.2880859375,6,35,1,2072.111328125,134
2241.2880859375,3,28,0,1684.4837646484375,68
2241.2880859375,3,28,0,1665.198486328125,62
2241.2880859375,2,38,2,2228.119873046875,140
2241.2880859375,9,38,2,2228.119873046875,171
2048.63232421875,1,27,0,1601.2911376953125,52
2048.63232421875,0,27,0,1603.6943359375,48
2048.63232421875,6,31,2,1846.4097900390625,94
2048.63232421875,5,34,1,2026.3629150390625,120
2048.63232421875,43,35,1,2035.46533203125,168
2048.63232421875,0,30,0,1768.514892578125,63
2048.63232421875,1,30,1,1771.7691650390625,74
2048.63232421875,6,35,1,2035.46533203125,146
1999.7410888671875,1,35,1,1987.0584716796875,124
1999.7410888671875,1,27,0,1571.864013671875,51
1999.7410888671875,19,30,0,1747.290771484375,73
1999.7410888671875,0,33,0,1908.643798828125,124
1999.7410888671875,5,35,1,1987.0584716796875,167
1999.7410888671875,1,34,3,1969.5489501953125,130
1999.7410888671875,27,31,0,1811.4381103515625,106
1999.7410888671875,1,26,0,1508.9456787109375,45
2146.98828125,2,27,0,1583.92333984375,44
2146.98828125,1,33,1,1921.8922119140625,97
2146.98828125,6,30,0,1759.5181884765625,83
2146.98828125,0,37,2,2133.870361328125,138
2146.98828125,1,34,0,1987.549560546875,109
2146.98828125,0,24,0,1402.4866943359375,37
2146.98828125,1,31,0,1832.09521484375,74
2146.98828125,16,37,2,2133.870361328125,180
2197.180419921875,1,38,1,2184.4130859375,138
2197.180419921875,30,38,2,2184.4130859375,189
2197.180419921875,3,27,0,1607.92626953125,45
2197.180419921875,3,33,0,1926.9383544921875,115
2197.180419921875,1,34,2,1986.53955078125,93
2197.180419921875,1,37,2,2124.66259765625,139
2197.180419921875,1,21,0,1232.6826171875,0
2197.180419921875,0,33,0,1931.5946044921875,95
2150.7275390625,0,26,0,1548.518310546875,38
2150.7275390625,70,33,1,1987.01904296875,110
2150.7275390625,12,28,0,1698.54736328125,73
2150.7275390625,8,35,3,2137.5595703125,121
2150.7275390625,1,27,0,1619.4356689453125,60
2150.7275390625,0,28,0,1703.5098876953125,87
2150.7275390625,0,27,0,1628.811767578125,57
2150.7275390625,6,35,2,2137.5595703125,181
2097.178466796875,0,28,0,1633.0330810546875,69
2097.178466796875,2,26,0,1501.1766357421875,33
2097.178466796875,5,30,1,1717.6353759765625,75
2097.178466796875,53,37,4,2084.0107421875,188
2097.178466796875,52,34,1,1929.28759765625,126
2097.178466796875,2,24,0,1401.76513671875,36
2097.178466796875,1,34,0,1933.9437255859373,119
2097.178466796875,1,37,1,2084.0107421875,143
2230.42626953125,3,33,1,1919.7174072265625,107
2230.42626953125,0,38,0,2211.98828125,139
2230.42626953125,0,34,1,1992.3763427734373,110
2230.42626953125,2,38,2,2217.245361328125,159
2230.42626953125,11,28,0,1665.3228759765625,55
2230.42626953125,0,38,1,2215.392822265625,136
2230.42626953125,3,30,0,1766.782470703125,94
2230.42626953125,10,21,0,1205.242431640625,16
2214.1865234375,1,33,1,1937.7734375,124
2214.1865234375,0,35,1,2066.86865234375,116
2214.1865234375,1,28,1,1663.9637451171875,72
2214.1865234375,2,38,1,2201.0185546875,138
2214.1865234375,0,27,0,1608.8441162109375,44
2214.1865234375,1,34,1,2007.906982421875,112
2214.1865234375,4,38,2,2201.0185546875,175
2214.1865234375,0,23,0,1336.4266357421875,22
2144.430419921875,4,33,1,1864.1873779296875,111
2144.430419921875,9,28,0,1616.2427978515625,75
2144.430419921875,4,33,1,1858.4891357421875,85
2144.430419921875,1,31,0,1765.0418701171875,93
2144.430419921875,4,38,3,2131.462646484375,185
2144.430419921875,3,38,1,2131.462646484375,176
2144.430419921875,3,26,0,1490.2598876953125,33
2144.430419921875,0,35,2,1986.3106689453125,105
2108.05810546875,2,35,5,2095.17724609375,187
2108.05810546875,11,34,0,2030.95361328125,88
2108.05810546875,1,31,0,1863.31103515625,92
2108.05810546875,8,34,1,2042.269775390625,109
2108.05810546875,1,23,0,1350.5010986328125,15
2108.05810546875,1,30,0,1794.483154296875,88
2108.05810546875,1,31,0,1859.39453125,76
2108.05810546875,0,35,1,2095.17724609375,133
2052.364501953125,0,31,1,1851.505859375,97
2052.364501953125,2,33,1,1960.550048828125,116
2052.364501953125,6,26,0,1564.4747314453125,29
2052.364501953125,1,35,1,2039.188232421875,93
2052.364501953125,0,26,0,1555.582275390625,43
2052.364501953125,7,34,2,2013.6397705078125,109
2052.364501953125,1,30,0,1788.252197265625,70
2052.364501953125,1,35,2,2039.188232421875,216
2243.934814453125,21,23,0,1287.00732421875,9
2243.934814453125,3,40,2,2229.2646484375,174
2243.934814453125,8,24,0,1295.83349609375,13
2243.934814453125,0,33,1,1875.0347900390625,98
2243.934814453125,0,30,0,1718.23828125,73
2243.934814453125,0,35,1,2001.5008544921875,111
2243.934814453125,7,40,1,2231.01708984375,190
2243.934814453125,7,38,1,2144.3623046875,150
2248.9140625,29,38,2,2235.745361328125,147
2248.9140625,1,38,2,2235.745361328125,173
2248.9140625,12,33,0,1941.0980224609373,103
2248.9140625,0,26,0,1523.838623046875,39
2248.9140625,0,28,0,1659.897705078125,64
2248.9140625,0,30,1,1762.22265625,75
2248.9140625,1,37,2,2166.80810546875,126
2248.9140625,0,30,0,1765.5419921875,90
2262.2919921875,0,28,1,1700.5745849609375,79
2262.2919921875,0,27,0,1641.5802001953125,54
2262.2919921875,40,34,1,2025.158203125,119
2262.2919921875,1,28,0,1702.1265869140625,75
2262.2919921875,0,38,2,2248.523681640625,151
2262.2919921875,11,31,1,1851.9129638671875,106
2262.2919921875,0,27,0,1638.872314453125,67
2262.2919921875,2,38,2,2249.124267578125,174
2159.33056640625,0,34,0,1939.798095703125,111
2159.33056640625,0,38,2,2146.363037109375,148
2159.33056640625,0,21,0,1165.388427734375,6
2159.33056640625,1,35,1,2006.5540771484373,121
2159.33056640625,1,24,0,1373.66748046875,21
2159.33056640625,6,37,0,2089.6611328125,123
2159.33056640625,0,26,1,1477.98095703125,34
2159.33056640625,5,38,3,2146.363037109375,205
2013.9947509765625,0,27,0,1535.939453125,65
2013.9947509765625,1,31,0,1771.3619384765625,87
2013.9947509765625,2,34,0,1930.9857177734373,121
2013.9947509765625,0,33,2,1866.6663818359373,98
2013.9947509765625,53,28,0,1614.292724609375,67
2013.9947509765625,4,35,2,2000.810791015625,175
2013.9947509765625,0,30,0,1710.483154296875,67
2013.9947509765625,42,35,2,2000.810791015625,129
2131.911865234375,10,27,0,1590.957275390625,54
2131.911865234375,0,30,1,1741.4420166015625,74
2131.911865234375,5,37,3,2118.73095703125,202
2131.911865234375,19,26,0,1529.5106201171875,39
2131.911865234375,10,37,1,2118.73095703125,147
2131.911865234375,33,33,1,1906.012451171875,114
2131.911865234375,13,34,1,1975.1304931640625,115
2131.911865234375,18,26,0,1527.2574462890625,51
2124.16357421875,42,28,0,1671.4219970703125,62
2124.16357421875,1,28,0,1673.3245849609375,58
2124.16357421875,3,37,2,2110.99560546875,167
2124.16357421875,2,33,1,1921.7652587890625,104
2124.16357421875,1,26,0,1543.4888916015625,37
2124.16357421875,0,31,1,1819.3629150390625,84
2124.16357421875,51,37,3,2110.99560546875,225
2124.16357421875,1,26,0,1546.9937744140625,42
2219.947021484375,0,28,0,1646.763916015625,57
2219.947021484375,1,30,0,1734.4481201171875,60
2219.947021484375,1,38,2,2202.57373046875,135
2219.947021484375,0,33,1,1922.6243896484373,101
2219.947021484375,14,38,2,2207.730712890625,164
2219.947021484375,0,30,0,1746.3681640625,61
2219.947021484375,0,33,1,1919.9207763671875,86
2219.947021484375,1,38,1,2205.72802734375,122
1987.8924560546875,62,13,0,648.7432861328125,3
1987.8924560546875,45,35,2,1974.7239990234373,137
1987.8924560546875,22,35,1,1974.7239990234373,182
1987.8924560546875,0,34,1,1919.2637939453125,88
1987.8924560546875,6,31,0,1773.8404541015625,93
1987.8924560546875,1,24,0,1398.0806884765625,13
1987.8924560546875,0,28,0,1618.523193359375,51
1987.8924560546875,50,31,0,1770.0322265625,85
2154.048583984375,1,33,0,1902.2962646484373,109
2154.048583984375,0,37,2,2140.12939453125,153
2154.048583984375,4,37,0,2140.880615234375,133
2154.048583984375,0,27,0,1583.2752685546875,38
2154.048583984375,3,28,0,1642.851806640625,63
2154.048583984375,1,31,1,1799.2305908203125,73
2154.048583984375,4,34,1,1982.25244140625,97
2154.048583984375,1,37,2,2140.880615234375,142
2030.691162109375,0,31,0,1801.05859375,89
2030.691162109375,0,28,0,1638.6856689453125,65
2030.691162109375,1,31,0,1802.3604736328125,98
2030.691162109375,0,33,2,1895.42822265625,90
2030.691162109375,1,26,0,1516.40283203125,40
2030.691162109375,3,35,2,2017.52294921875,149
2030.691162109375,1,34,0,1955.5860595703125,111
2030.691162109375,1,35,2,2017.52294921875,158
2105.47265625,1,28,0,1601.0992431640625,84
2105.47265625,0,35,1,1961.077880859375,140
2105.47265625,2,38,2,2092.304931640625,174
2105.47265625,0,38,2,2092.304931640625,162
2105.47265625,0,28,0,1596.2879638671875,55
2105.47265625,53,33,1,1841.8656005859373,95
2105.47265625,0,31,1,1752.850830078125,82
2105.47265625,1,28,0,1594.2188720703125,61
2255.5234375,0,33,0,1966.1431884765625,108
2255.5234375,1,38,1,2241.053466796875,148
2255.5234375,1,26,0,1537.8558349609375,48
2255.5234375,1,34,0,2029.344482421875,118
2255.5234375,5,28,0,1686.4989013671875,75
2255.5234375,15,34,1,2031.647705078125,97
2255.5234375,14,38,4,2242.35498046875,184
2255.5234375,2,31,1,1854.113525390625,78
2339.20166015625,0,38,0,2235.832763671875,149
2339.20166015625,1,23,0,1309.754638671875,20
2339.20166015625,0,28,0,1697.1959228515625,63
2339.20166015625,40,21,0,1231.245361328125,17
2339.20166015625,42,31,0,1860.5518798828125,75
2339.20166015625,0,33,0,1970.186767578125,92
2339.20166015625,1,40,2,2326.02734375,200
2339.20166015625,30,40,3,2326.02734375,159
2136.959228515625,1,35,1,2123.94091796875,134
2136.959228515625,1,24,0,1479.0086669921875,47
2136.959228515625,0,31,0,1898.7281494140625,84
2136.959228515625,0,28,0,1727.208251953125,59
2136.959228515625,3,30,0,1817.7706298828125,81
2136.959228515625,12,23,0,1369.2906494140625,12
2136.959228515625,1,33,1,1999.5107421875,111
2136.959228515625,2,35,4,2123.94091796875,217
2234.727783203125,23,28,0,1700.464111328125,60
2234.727783203125,1,28,0,1696.058349609375,62
2234.727783203125,0,37,2,2163.655517578125,140
2234.727783203125,0,31,0,1863.886962890625,96
2234.727783203125,0,34,0,2017.970703125,130
2234.727783203125,0,38,2,2222.36083984375,152
2234.727783203125,1,30,1,1788.0672607421875,77
2234.727783203125,4,38,2,2222.36083984375,146
2293.1884765625,7,41,3,2280.020751953125,199
2293.1884765625,20,23,0,1270.1878662109375,18
2293.1884765625,36,40,0,2220.3681640625,146
2293.1884765625,4,24,1,1375.5670166015625,29
2293.1884765625,0,28,0,1592.125732421875,54
2293.1884765625,31,30,0,1678.3583984375,75
2293.1884765625,23,33,1,1847.9166259765625,93
2293.1884765625,1,41,2,2280.020751953125,213
2363.658203125,46,32,1,1923.989501953125,79
2363.658203125,1,30,0,1799.402587890625,69
2363.658203125,1,40,2,2349.43896484375,172
2363.658203125,5,40,1,2350.490234375,178
2363.658203125,6,28,0,1688.266357421875,52
2363.658203125,21,32,0,1925.69189453125,84
2363.658203125,0,33,1,1980.33349609375,91
2363.658203125,0,35,0,2116.7080078125,107
2066.016357421875,1,26,0,1444.7545166015625,39
2066.016357421875,21,37,2,2053.248779296875,176
2066.016357421875,3,28,0,1576.3743896484375,64
2066.016357421875,18,32,0,1773.5927734375,109
2066.016357421875,19,27,0,1507.8946533203125,47
2066.016357421875,49,37,1,2053.248779296875,157
2066.016357421875,26,32,0,1775.1949462890625,109
2066.016357421875,1,28,1,1563.604736328125,65
2309.030029296875,10,33,1,1948.028564453125,110
2309.030029296875,1,40,4,2295.86181640625,219
2309.030029296875,5,31,0,1847.9222412109373,75
2309.030029296875,12,24,0,1436.3704833984375,25
2309.030029296875,2,24,0,1448.7889404296875,42
2309.030029296875,0,28,0,1686.81201171875,67
2309.030029296875,0,34,0,2008.0601806640625,112
2309.030029296875,0,40,0,2293.959228515625,156
2149.172607421875,0,37,3,2136.0048828125,171
2149.172607421875,8,28,0,1663.872802734375,62
2149.172607421875,30,37,2,2136.0048828125,139
2149.172607421875,0,33,0,1926.8814697265625,96
2149.172607421875,1,34,0,1990.084228515625,108
2149.172607421875,0,21,0,1235.1181640625,6
2149.172607421875,0,34,1,1987.630859375,113
2149.172607421875,47,28,0,1661.3193359375,56
2152.87353515625,52,28,0,1652.5953369140625,60
2152.87353515625,0,27,0,1597.3870849609375,35
2152.87353515625,0,34,1,1994.6961669921875,105
2152.87353515625,6,31,0,1820.20556640625,74
2152.87353515625,0,37,0,2138.1533203125,150
2152.87353515625,4,37,1,2137.101806640625,141
2152.87353515625,3,34,1,1993.3944091796875,110
2152.87353515625,2,37,2,2139.70556640625,153
2186.95947265625,10,37,3,2174.241943359375,145
2186.95947265625,0,31,0,1879.283203125,81
2186.95947265625,0,37,1,2174.241943359375,162
2186.95947265625,23,31,0,1881.285888671875,92
2186.95947265625,1,30,0,1809.0146484375,70
2186.95947265625,0,30,0,1811.1290283203125,71
2186.95947265625,1,31,0,1881.486083984375,88
2186.95947265625,6,34,2,1983.9036865234373,115
2161.6943359375,0,33,1,1943.9088134765625,103
2161.6943359375,1,37,1,2146.647216796875,141
2161.6943359375,41,31,0,1846.4371337890625,87
2161.6943359375,0,31,1,1851.293701171875,92
2161.6943359375,1,24,0,1452.55712890625,26
2161.6943359375,55,37,3,2148.501220703125,200
2161.6943359375,0,37,1,2143.323486328125,148
2161.6943359375,13,23,0,1348.0601806640625,20
2086.980224609375,51,35,3,2073.810791015625,123
2086.980224609375,7,28,0,1684.6512451171875,72
2086.980224609375,1,27,0,1605.951904296875,49
2086.980224609375,0,30,1,1773.27587890625,79
2086.980224609375,1,35,1,2073.810791015625,183
2086.980224609375,3,26,0,1535.7806396484375,46
2086.980224609375,1,35,0,2062.58349609375,122
2086.980224609375,0,31,1,1841.307373046875,106
2005.9134521484373,0,35,1,1990.0911865234373,128
2005.9134521484373,3,34,2,1934.775634765625,134
2005.9134521484373,0,31,0,1773.3201904296875,77
2005.9134521484373,0,33,2,1872.7674560546875,103
2005.9134521484373,0,33,0,1863.1529541015625,99
2005.9134521484373,1,35,2,1993.5963134765625,139
2005.9134521484373,0,30,0,1717.0164794921875,86
2005.9134521484373,17,27,0,1549.454833984375,52
2024.2662353515625,0,31,1,1796.5457763671875,92
2024.2662353515625,0,28,0,1643.7650146484375,77
2024.2662353515625,1,34,1,1954.619873046875,119
2024.2662353515625,29,30,0,1731.598388671875,75
2024.2662353515625,1,35,2,2012.10009765625,121
2024.2662353515625,8,34,1,1945.907958984375,115
2024.2662353515625,9,20,0,1143.2432861328125,0
2024.2662353515625,3,35,2,2012.10009765625,168
2094.3935546875,0,30,0,1786.8585205078125,72
2094.3935546875,5,20,0,1094.4266357421875,36
2094.3935546875,0,27,0,1628.44970703125,42
2094.3935546875,1,34,1,2017.026611328125,106
2094.3935546875,0,31,0,1862.574462890625,87
2094.3935546875,1,35,1,2079.37353515625,124
2094.3935546875,0,31,1,1861.52294921875,79
2094.3935546875,2,35,2,2081.22607421875,158
2425.827880859375,0,33,0,1994.5172119140625,94
2425.827880859375,3,34,2,2062.061767578125,89
2425.827880859375,2,41,2,2412.658203125,223
2425.827880859375,1,41,2,2412.658203125,165
2425.827880859375,0,33,1,2001.5770263671875,101
2425.827880859375,20,28,0,1716.5889892578125,47
2425.827880859375,6,24,0,1474.0352783203125,22
2425.827880859375,1,30,0,1821.148193359375,70
2313.190673828125,51,40,2,2300.12255859375,221
2313.190673828125,1,40,2,2300.12255859375,134
2313.190673828125,3,31,0,1817.7655029296875,74
2313.190673828125,1,37,0,2138.462158203125,122
2313.190673828125,5,31,1,1828.7037353515625,79
2313.190673828125,0,28,0,1657.920654296875,44
2313.190673828125,0,31,0,1821.54443359375,50
2313.190673828125,6,37,1,2137.010009765625,144
2385.5556640625,2,41,1,2369.183349609375,178
2385.5556640625,0,31,1,1839.083251953125,73
2385.5556640625,1,35,0,2068.43115234375,103
2385.5556640625,1,37,1,2154.391845703125,137
2385.5556640625,34,27,0,1606.42236328125,44
2385.5556640625,9,21,0,1226.3353271484375,29
2385.5556640625,2,41,3,2372.3876953125,215
2385.5556640625,1,28,0,1681.951416015625,50
2042.7452392578125,0,30,0,1745.6424560546875,83
2042.7452392578125,1,30,0,1749.197265625,77
2042.7452392578125,2,35,2,2030.028564453125,158
2042.7452392578125,0,31,0,1808.4105224609373,100
2042.7452392578125,0,30,0,1749.29736328125,68
2042.7452392578125,31,33,2,1910.4130859375,121
2042.7452392578125,4,33,1,1905.55712890625,94
2042.7452392578125,0,35,3,2030.028564453125,139
1571.850341796875,2,27,0,1557.017333984375,73
1571.850341796875,0,26,0,1512.6925048828125,52
1571.850341796875,60,27,0,1544.8104248046875,92
1571.850341796875,17,28,0,1559.1234130859375,120
1571.850341796875,0,24,0,1394.4139404296875,30
1571.850341796875,0,26,1,1508.486572265625,42
1571.850341796875,30,27,0,1551.5697021484375,65
1571.850341796875,5,28,1,1559.1234130859375,98
1979.84375,1,31,0,1801.0946044921875,96
1979.84375,0,28,0,1643.7264404296875,58
1979.84375,0,33,0,1902.4329833984373,110
1979.84375,1,31,1,1790.4283447265625,81
1979.84375,0,28,0,1643.526123046875,69
1979.84375,1,34,4,1966.67578125,154
1979.84375,3,33,1,1902.28271484375,122
1979.84375,1,34,1,1966.67578125,148
2039.9219970703125,2,33,0,1908.40576171875,120
2039.9219970703125,41,27,0,1571.1990966796875,58
2039.9219970703125,33,30,0,1744.77783203125,65
2039.9219970703125,2,33,0,1905.3516845703125,108
2039.9219970703125,1,35,2,2027.4051513671875,147
2039.9219970703125,0,33,1,1902.8985595703125,112
2039.9219970703125,3,35,2,2026.3037109375,115
2039.9219970703125,0,34,2,1969.6165771484373,120
2075.64208984375,11,27,1,1582.362060546875,54
2075.64208984375,1,35,2,2062.474365234375,163
2075.64208984375,1,33,1,1910.4710693359373,81
2075.64208984375,25,26,0,1516.2132568359375,30
2075.64208984375,1,34,0,1976.426513671875,135
2075.64208984375,0,34,0,1992.058349609375,126
2075.64208984375,12,28,0,1652.2271728515625,60
2075.64208984375,1,35,1,2062.474365234375,129
2190.740234375,3,24,0,1484.665283203125,29
2190.740234375,42,33,0,1977.6605224609373,102
2190.740234375,1,33,1,1978.7620849609373,103
2190.740234375,0,31,1,1878.901611328125,91
2190.740234375,5,37,2,2178.37109375,152
2190.740234375,0,35,0,2104.7958984375,133
2190.740234375,32,37,2,2178.37109375,164
2190.740234375,2,21,0,1261.241943359375,15
2232.863525390625,1,37,1,2167.195556640625,121
2232.863525390625,2,38,5,2219.623291015625,170
2232.863525390625,0,30,0,1776.1585693359375,78
2232.863525390625,8,33,0,1943.5794677734373,89
2232.863525390625,13,28,0,1661.3570556640625,59
2232.863525390625,9,31,0,1849.6075439453125,87
2232.863525390625,4,38,1,2218.66845703125,155
2232.863525390625,0,31,0,1844.10009765625,87
2249.24609375,1,38,1,2236.074951171875,131
2249.24609375,0,27,0,1610.2491455078125,43
2249.24609375,2,38,4,2236.074951171875,214
2249.24609375,8,24,0,1473.75048828125,28
2249.24609375,25,20,0,1165.867431640625,25
2249.24609375,0,35,1,2100.26953125,133
2249.24609375,32,28,0,1723.705078125,51
2249.24609375,1,30,0,1804.78857421875,63
2204.990966796875,0,30,0,1694.7431640625,73
2204.990966796875,9,33,1,1844.874267578125,93
2204.990966796875,4,30,0,1697.6973876953125,85
2204.990966796875,3,26,0,1469.6951904296875,47
2204.990966796875,0,33,1,1853.5361328125,99
2204.990966796875,3,40,2,2192.473388671875,165
2204.990966796875,0,30,0,1691.005126953125,66
2204.990966796875,8,40,2,2192.473388671875,190
1995.2342529296875,2,27,0,1553.4066162109375,53
1995.2342529296875,1,35,0,1982.50048828125,163
1995.2342529296875,13,31,0,1761.5986328125,80
1995.2342529296875,0,34,3,1952.550537109375,135
1995.2342529296875,1,23,0,1287.6556396484375,23
1995.2342529296875,14,33,0,1889.338623046875,105
1995.2342529296875,49,28,0,1617.083740234375,56
1995.2342529296875,44,35,2,1982.50048828125,136
2239.346435546875,19,38,0,2224.97705078125,154
2239.346435546875,0,30,1,1801.5821533203125,75
2239.346435546875,48,38,4,2226.1787109375,174
2239.346435546875,2,28,0,1708.1693115234375,69
2239.346435546875,2,33,0,1960.2686767578125,96
2239.346435546875,5,33,0,1961.520263671875,97
2239.346435546875,11,26,0,1563.1163330078125,37
2239.346435546875,0,35,1,2092.507568359375,111
2213.676513671875,1,33,0,1940.0302734375,87
2213.676513671875,1,26,0,1539.7152099609375,41
2213.676513671875,3,35,2,2059.4462890625,107
2213.676513671875,1,27,0,1593.7020263671875,62
2213.676513671875,0,38,2,2201.3095703125,137
2213.676513671875,41,30,0,1770.8070068359375,73
2213.676513671875,4,34,0,1997.9224853515625,106
2213.676513671875,1,38,2,2201.3095703125,197
2132.315673828125,1,34,1,2047.3172607421875,128
2132.315673828125,5,35,1,2119.848876953125,140
2132.315673828125,0,31,0,1860.5323486328125,82
2132.315673828125,161,24,0,1419.0552978515625,34
2132.315673828125,0,33,1,1962.8013916015625,92
2132.315673828125,0,27,0,1598.665771484375,26
2132.315673828125,54,35,3,2119.848876953125,204
2132.315673828125,0,27,0,1599.1163330078125,64
2083.32568359375,1,27,0,1641.2811279296875,59
2083.32568359375,11,35,3,2070.15771484375,146
2083.32568359375,1,33,0,1951.7960205078125,123
2083.32568359375,5,35,2,2070.15771484375,171
2083.32568359375,0,31,0,1849.1370849609373,93
2083.32568359375,0,34,2,2011.0574951171875,111
2083.32568359375,1,30,0,1790.144287109375,67
2083.32568359375,0,27,0,1635.6595458984375,46
2065.38330078125,2,35,2,1975.5797119140625,116
2065.38330078125,1,37,3,2052.215576171875,175
2065.38330078125,1,27,0,1509.178955078125,54
2065.38330078125,26,33,0,1855.233154296875,87
2065.38330078125,1,30,0,1677.6490478515625,73
2065.38330078125,2,37,1,2052.215576171875,140
2065.38330078125,24,33,0,1851.0772705078125,106
2065.38330078125,16,31,0,1747.278564453125,75
2061.080078125,12,33,0,1922.70166015625,96
2061.080078125,5,35,2,2047.9114990234373,216
2061.080078125,1,35,3,2047.9114990234373,106
2061.080078125,7,26,1,1533.6553955078125,41
2061.080078125,3,27,0,1594.5562744140625,60
2061.080078125,46,30,1,1761.6766357421875,80
2061.080078125,47,34,0,1979.679443359375,126
2061.080078125,1,24,0,1431.263671875,28
2345.328857421875,7,28,1,1650.225830078125,61
2345.328857421875,46,30,0,1737.1781005859375,65
2345.328857421875,1,27,0,1589.724853515625,51
2345.328857421875,9,41,1,2332.16064453125,193
2345.328857421875,0,27,0,1581.6094970703125,47
2345.328857421875,0,41,3,2330.708740234375,201
2345.328857421875,29,33,1,1902.2333984375,88
2345.328857421875,0,37,1,2118.252197265625,143
2067.0830078125,19,35,1,1999.902099609375,108
2067.0830078125,3,24,0,1355.520263671875,31
2067.0830078125,1,35,2,2012.5694580078125,119
2067.0830078125,10,24,0,1354.8692626953125,20
2067.0830078125,0,33,1,1876.8739013671875,116
2067.0830078125,0,37,1,2054.3408203125,144
2067.0830078125,28,37,1,2054.3408203125,186
2067.0830078125,59,28,0,1614.5040283203125,67
1955.0819091796875,2,28,0,1626.3758544921875,67
1955.0819091796875,2,34,2,1941.8997802734373,151
1955.0819091796875,13,34,2,1941.8997802734373,191
1955.0819091796875,15,30,1,1725.105712890625,69
1955.0819091796875,32,33,1,1882.143310546875,92
1955.0819091796875,0,28,0,1627.3770751953125,68
1955.0819091796875,2,30,0,1723.0029296875,68
1955.0819091796875,0,31,0,1784.1650390625,88
2300.6044921875,0,27,0,1618.23681640625,64
2300.6044921875,5,40,4,2287.88720703125,184
2300.6044921875,1,37,1,2139.220947265625,145
2300.6044921875,1,27,0,1605.7701416015625,53
2300.6044921875,21,31,1,1833.6712646484373,90
2300.6044921875,0,40,1,2287.88720703125,147
2300.6044921875,34,26,0,1546.508544921875,41
2300.6044921875,1,31,0,1830.8175048828125,79
2294.080322265625,0,31,0,1826.8485107421875,81
2294.080322265625,0,35,1,2046.803466796875,106
2294.080322265625,3,30,0,1750.9442138671875,78
2294.080322265625,0,30,0,1756.25146484375,69
2294.080322265625,0,40,2,2279.710693359375,170
2294.080322265625,23,30,1,1760.017578125,71
2294.080322265625,23,40,2,2280.912353515625,181
2294.080322265625,0,27,0,1591.5003662109375,46
2076.0224609375,0,35,2,1986.7408447265625,154
2076.0224609375,1,37,0,2062.854736328125,145
2076.0224609375,1,28,0,1612.547607421875,38
2076.0224609375,0,33,0,1863.7877197265625,72
2076.0224609375,34,26,0,1482.4974365234375,26
2076.0224609375,6,30,0,1708.78857421875,57
2076.0224609375,3,37,3,2062.854736328125,146
2076.0224609375,11,34,1,1926.91650390625,111
2065.1923828125,0,37,2,2052.7255859375,131
2065.1923828125,3,37,5,2052.7255859375,178
2065.1923828125,0,27,0,1542.712158203125,45
2065.1923828125,1,28,0,1609.1346435546875,73
2065.1923828125,1,35,0,1976.7037353515625,118
2065.1923828125,1,31,1,1756.9891357421875,81
2065.1923828125,0,33,1,1855.4649658203125,106
2065.1923828125,2,34,0,1914.863037109375,108
2083.937255859375,1,33,1,1852.541015625,100
2083.937255859375,0,28,0,1577.5849609375,63
2083.937255859375,1,28,0,1586.049072265625,72
2083.937255859375,4,27,0,1519.6259765625,68
2083.937255859375,1,37,2,2070.769287109375,160
2083.937255859375,1,27,0,1513.7662353515625,62
2083.937255859375,0,37,2,2070.769287109375,152
2083.937255859375,0,35,1,1983.7550048828125,136
2228.673583984375,0,34,0,2014.6072998046875,100
2228.673583984375,6,38,3,2215.514404296875,202
2228.673583984375,0,34,4,2012.053955078125,126
2228.673583984375,50,27,0,1638.013671875,47
2228.673583984375,26,33,0,1956.770263671875,100
2228.673583984375,0,26,0,1567.5496826171875,35
2228.673583984375,2,38,1,2215.514404296875,132
2228.673583984375,0,30,0,1791.0743408203125,59
2091.639404296875,2,31,0,1852.769287109375,85
2091.639404296875,1,34,2,2012.0133056640625,117
2091.639404296875,1,30,0,1773.7755126953125,77
2091.639404296875,22,35,2,2079.32275390625,132
2091.639404296875,6,34,0,2012.4639892578125,122
2091.639404296875,0,31,0,1851.3172607421875,89
2091.639404296875,5,35,2,2079.32275390625,142
2091.639404296875,1,27,0,1621.722412109375,54
2152.038818359375,7,38,1,2138.83837890625,134
2152.038818359375,51,33,0,1907.237548828125,93
2152.038818359375,1,34,1,1970.9842529296875,117
2152.038818359375,1,28,0,1653.48828125,54
2152.038818359375,15,38,2,2138.83837890625,159
2152.038818359375,0,37,1,2115.9326171875,118
2152.038818359375,1,31,1,1801.149658203125,92
2152.038818359375,0,28,0,1638.259765625,49
2273.039306640625,2,27,0,1580.459716796875,47
2273.039306640625,4,35,3,2042.5281982421875,135
2273.039306640625,10,40,1,2258.369384765625,166
2273.039306640625,2,31,0,1804.7928466796875,91
2273.039306640625,14,40,2,2259.871337890625,200
2273.039306640625,8,34,0,1971.5830078125,103
2273.039306640625,0,24,0,1408.426513671875,19
2273.039306640625,1,33,0,1918.599609375,77
2269.751708984375,3,33,0,1982.8272705078125,99
2269.751708984375,2,38,4,2256.583740234375,172
2269.751708984375,51,26,0,1543.8131103515625,44
2269.751708984375,1,26,0,1534.8731689453125,41
2269.751708984375,1,33,1,1967.9962158203125,99
2269.751708984375,9,37,2,2188.22998046875,140
2269.751708984375,6,38,0,2256.583740234375,147
2269.751708984375,1,31,0,1848.4954833984373,86
2215.46630859375,5,40,0,2201.6474609375,157
2215.46630859375,2,31,0,1766.8885498046875,79
2215.46630859375,3,40,3,2202.29833984375,203
2215.46630859375,1,28,0,1608.5496826171875,53
2215.46630859375,0,34,0,1923.2303466796875,123
2215.46630859375,1,35,2,1981.801513671875,127
2215.46630859375,0,24,0,1383.6221923828125,18
2215.46630859375,30,31,1,1768.8411865234375,81
2524.590087890625,1,27,0,1619.2630615234375,37
2524.590087890625,1,40,1,2374.10107421875,117
2524.590087890625,1,28,0,1687.54296875,50
2524.590087890625,0,31,1,1844.71142578125,95
2524.590087890625,1,42,2,2511.421630859375,193
2524.590087890625,1,27,0,1617.4605712890625,42
2524.590087890625,1,33,1,1962.0155029296875,94
2524.590087890625,4,42,3,2511.421630859375,213
2081.6064453125,0,34,1,1921.437744140625,123
2081.6064453125,0,30,0,1701.5164794921875,76
2081.6064453125,7,23,0,1269.549072265625,18
2081.6064453125,0,34,0,1921.337646484375,131
2081.6064453125,0,31,0,1759.898681640625,84
2081.6064453125,3,37,3,2068.438232421875,137
2081.6064453125,0,37,3,2068.087646484375,158
2081.6064453125,19,28,0,1605.148681640625,70
2087.02880859375,1,28,0,1661.099365234375,57
2087.02880859375,1,33,1,1931.8995361328125,100
2087.02880859375,23,31,1,1835.4208984375,94
2087.02880859375,1,27,0,1578.5504150390625,62
2087.02880859375,1,33,0,1941.0120849609373,114
2087.02880859375,1,35,0,2073.85498046875,115
2087.02880859375,1,35,2,2073.85498046875,138
2087.02880859375,5,34,2,2001.2034912109373,136
2223.663330078125,52,20,0,1152.2777099609375,0
2223.663330078125,1,40,2,2210.595703125,153
2223.663330078125,1,24,0,1380.196533203125,31
2223.663330078125,1,27,0,1558.7835693359375,49
2223.663330078125,6,40,2,2211.296630859375,185
2223.663330078125,1,30,0,1661.2003173828125,97
2223.663330078125,1,38,0,2125.078125,150
2223.663330078125,0,34,1,1914.8853759765625,101
2133.993896484375,0,26,0,1522.09033203125,46
2133.993896484375,3,27,0,1595.5050048828125,52
2133.993896484375,10,37,3,2121.1259765625,153
2133.993896484375,1,31,0,1823.7877197265625,95
2133.993896484375,0,30,0,1754.1859130859375,74
2133.993896484375,1,37,2,2117.971435546875,151
2133.993896484375,30,35,1,2043.71044921875,136
2133.993896484375,1,34,1,1983.216796875,124
2023.0438232421875,2,35,2,2009.8758544921875,136
2023.0438232421875,0,34,0,1947.21728515625,122
2023.0438232421875,0,30,0,1718.721435546875,74
2023.0438232421875,0,30,0,1713.314208984375,66
2023.0438232421875,1,28,0,1612.7581787109375,63
2023.0438232421875,0,35,3,2009.8758544921875,165
2023.0438232421875,0,34,1,1939.01513671875,110
2023.0438232421875,3,33,0,1877.5308837890625,104
1995.8525390625,0,30,0,1737.8243408203125,72
1995.8525390625,1,34,3,1982.6573486328125,195
1995.8525390625,0,27,0,1584.0311279296875,42
1995.8525390625,1,34,1,1982.6573486328125,126
1995.8525390625,0,28,0,1650.6246337890625,67
1995.8525390625,4,31,1,1815.9058837890625,81
1995.8525390625,3,33,1,1917.98046875,87
1995.8525390625,43,30,0,1744.299072265625,72
1975.4932861328125,0,33,0,1906.486328125,90
1975.4932861328125,1,26,0,1522.74951171875,31
1975.4932861328125,41,34,1,1962.323486328125,116
1975.4932861328125,1,24,0,1427.1593017578125,26
1975.4932861328125,1,33,2,1909.3905029296875,118
1975.4932861328125,14,27,0,1590.0999755859375,55
1975.4932861328125,2,34,4,1962.323486328125,202
1975.4932861328125,0,31,0,1817.519775390625,86
2148.099365234375,2,33,0,1935.86474609375,109
2148.099365234375,0,33,0,1939.419677734375,111
2148.099365234375,0,27,0,1614.4307861328125,74
2148.099365234375,0,37,2,2133.879638671875,145
2148.099365234375,2,30,1,1768.123779296875,71
2148.099365234375,2,37,3,2134.93115234375,150
2148.099365234375,5,33,0,1935.7646484375,111
2148.099365234375,1,28,0,1679.930419921875,53
2100.379638671875,0,37,2,2087.35546875,162
2100.379638671875,31,34,1,1955.2918701171875,99
2100.379638671875,5,24,0,1417.4346923828125,28
2100.379638671875,7,27,1,1578.673095703125,56
2100.379638671875,10,28,0,1645.11328125,49
2100.379638671875,1,37,2,2087.35546875,223
2100.379638671875,1,30,0,1733.4298095703125,76
2100.379638671875,8,33,1,1894.4434814453125,82
2245.19140625,51,38,2,2232.0234375,181
2245.19140625,3,38,2,2232.0234375,154
2245.19140625,6,31,1,1838.7120361328125,97
2245.19140625,1,27,0,1611.6146240234375,56
2245.19140625,7,35,0,2081.234375,105
2245.19140625,1,27,0,1611.6646728515625,45
2245.19140625,6,33,2,1946.28271484375,118
2245.19140625,0,27,0,1610.0625,51
2003.09814453125,10,24,0,1401.203369140625,31
2003.09814453125,0,34,0,1933.08544921875,125
2003.09814453125,1,33,1,1869.7803955078125,87
2003.09814453125,1,35,3,1989.9300537109373,181
2003.09814453125,5,34,1,1926.2261962890625,113
2003.09814453125,1,35,1,1989.9300537109373,118
2003.09814453125,2,27,0,1556.98974609375,45
2003.09814453125,39,31,0,1769.6624755859375,74
2060.03076171875,51,34,5,2046.8626708984373,238
2060.03076171875,1,30,0,1797.79296875,81
2060.03076171875,1,28,0,1707.945068359375,60
2060.03076171875,1,27,0,1645.720458984375,65
2060.03076171875,2,31,1,1867.11865234375,103
2060.03076171875,1,34,1,2046.8626708984373,116
2060.03076171875,0,27,0,1636.958740234375,44
2060.03076171875,42,33,0,1970.4954833984373,88
2134.085693359375,0,37,1,2120.900390625,144
2134.085693359375,5,27,0,1591.109375,45
2134.085693359375,1,33,1,1897.7225341796875,91
2134.085693359375,2,37,2,2120.900390625,158
2134.085693359375,6,34,1,1969.41845703125,115
2134.085693359375,1,35,1,2038.119873046875,132
2134.085693359375,34,30,0,1739.2542724609375,67
2134.085693359375,5,27,0,1583.6492919921875,48
2003.5771484375,0,31,1,1779.8076171875,88
2003.5771484375,1,35,2,1986.6986083984373,123
2003.5771484375,29,28,0,1628.0975341796875,51
2003.5771484375,16,35,2,1990.403564453125,160
2003.5771484375,6,27,0,1572.3929443359375,57
2003.5771484375,40,28,1,1636.809326171875,64
2003.5771484375,0,35,0,1990.353515625,158
2003.5771484375,1,27,0,1561.67822265625,49
2191.23095703125,0,38,3,2177.261962890625,163
2191.23095703125,2,27,0,1603.8450927734375,47
2191.23095703125,2,30,0,1763.9150390625,76
2191.23095703125,0,34,1,1985.028076171875,89
2191.23095703125,43,30,0,1767.4200439453125,76
2191.23095703125,12,38,2,2178.063232421875,227
2191.23095703125,0,33,1,1926.32177734375,94
2191.23095703125,0,28,0,1668.5274658203125,50
2149.494384765625,1,27,0,1546.8201904296875,47
2149.494384765625,0,28,0,1603.3529052734375,54
2149.494384765625,0,38,1,2136.32666015625,140
2149.494384765625,2,28,0,1605.0052490234375,62
2149.494384765625,10,34,0,1920.1751708984373,123
2149.494384765625,2,29,1,1616.7008056640625,82
2149.494384765625,15,38,2,2136.32666015625,178
2149.494384765625,2,26,0,1454.990966796875,41
2248.24853515625,0,28,0,1719.0687255859375,58
2248.24853515625,1,38,2,2235.080078125,170
2248.24853515625,1,38,3,2235.080078125,165
2248.24853515625,8,30,1,1810.1419677734373,89
2248.24853515625,16,26,0,1571.6146240234375,35
2248.24853515625,1,30,1,1806.4869384765625,88
2248.24853515625,1,34,0,2041.6346435546875,100
2248.24853515625,25,33,0,1972.09765625,102
2334.91748046875,11,41,3,2322.24951171875,208
2334.91748046875,4,30,0,1712.5753173828125,69
2334.91748046875,0,27,0,1553.3343505859375,39
2334.91748046875,0,41,3,2318.194091796875,174
2334.91748046875,1,40,0,2262.84716796875,168
2334.91748046875,3,21,0,1190.076416015625,5
2334.91748046875,1,31,1,1777.7325439453125,82
2334.91748046875,9,27,0,1549.879638671875,66
2054.7080078125,2,30,0,1752.1339111328125,76
2054.7080078125,6,35,2,2042.0399169921875,157
2054.7080078125,27,27,0,1588.2637939453125,60
2054.7080078125,49,35,2,2042.0399169921875,145
2054.7080078125,9,34,0,1977.3648681640625,133
2054.7080078125,31,31,0,1817.316162109375,80
2054.7080078125,4,33,1,1923.9462890625,93
2054.7080078125,2,26,0,1520.0877685546875,45
2166.09716796875,3,31,0,1832.033203125,64
2166.09716796875,33,27,0,1600.265380859375,33
2166.09716796875,20,37,4,2152.928955078125,185
2166.09716796875,1,34,0,1995.608642578125,128
2166.09716796875,4,37,2,2152.928955078125,119
2166.09716796875,1,31,0,1823.421630859375,96
2166.09716796875,1,35,2,2061.0087890625,144
2166.09716796875,2,28,0,1668.1376953125,70
2091.498046875,10,35,3,2078.32763671875,229
2091.498046875,0,28,1,1662.289306640625,47
2091.498046875,1,34,0,2017.855224609375,117
2091.498046875,1,27,0,1602.00634765625,34
2091.498046875,0,35,1,2078.32763671875,119
2091.498046875,1,30,1,1756.7991943359375,73
2091.498046875,0,21,0,1193.2113037109375,18
2091.498046875,1,33,1,1951.16943359375,101
2179.414306640625,2,35,0,2079.3583984375,115
2179.414306640625,41,28,0,1675.72119140625,65
2179.414306640625,1,35,1,2089.572265625,123
2179.414306640625,35,37,4,2166.84716796875,180
2179.414306640625,2,33,0,1949.87548828125,93
2179.414306640625,4,37,2,2166.84716796875,133
2179.414306640625,0,33,0,1955.28271484375,88
2179.414306640625,0,27,0,1607.387451171875,45
2231.730712890625,2,38,3,2218.55029296875,202
2231.730712890625,0,24,0,1470.1070556640625,27
2231.730712890625,1,38,2,2218.55029296875,154
2231.730712890625,17,27,0,1645.852783203125,55
2231.730712890625,6,35,1,2081.524169921875,122
2231.730712890625,26,27,0,1646.1531982421875,54
2231.730712890625,0,28,0,1717.3988037109375,80
2231.730712890625,1,34,1,2028.6558837890625,118
2267.843505859375,1,40,3,2255.476806640625,177
2267.843505859375,26,40,1,2255.476806640625,163
2267.843505859375,1,27,0,1563.0850830078125,46
2267.843505859375,2,30,0,1712.2420654296875,75
2267.843505859375,0,37,0,2099.211669921875,123
2267.843505859375,2,28,1,1618.00634765625,60
2267.843505859375,0,31,0,1789.326171875,96
2267.843505859375,0,28,0,1618.857421875,63
2307.79296875,2,27,0,1603.47216796875,38
2307.79296875,24,33,0,1918.418701171875,105
2307.79296875,2,27,0,1587.80126953125,41
2307.79296875,5,38,2,2201.487060546875,132
2307.79296875,1,34,1,1989.8536376953125,99
2307.79296875,5,30,1,1754.77783203125,70
2307.79296875,7,40,1,2294.58837890625,157
2307.79296875,2,40,2,2294.58837890625,195
1978.08642578125,15,30,0,1736.2294921875,82
1978.08642578125,4,34,1,1964.918701171875,142
1978.08642578125,2,33,0,1897.50439453125,81
1978.08642578125,2,34,3,1964.918701171875,183
1978.08642578125,20,27,0,1581.5980224609375,29
1978.08642578125,0,31,0,1806.2933349609373,95
1978.08642578125,10,33,1,1902.2607421875,99
1978.08642578125,0,30,1,1738.883056640625,81
1987.23974609375,49,35,1,1972.7703857421875,118
1987.23974609375,1,26,0,1464.0130615234375,46
1987.23974609375,0,28,0,1587.54296875,71
1987.23974609375,56,33,0,1833.4034423828125,94
1987.23974609375,32,35,3,1974.02197265625,168
1987.23974609375,1,34,2,1908.1866455078125,108
1987.23974609375,4,33,0,1848.8148193359373,87
1987.23974609375,0,30,0,1678.608642578125,71
2135.61572265625,6,28,0,1668.3084716796875,48
2135.61572265625,0,27,0,1592.4580078125,50
2135.61572265625,1,37,2,2099.221435546875,147
2135.61572265625,1,34,0,1987.3970947265625,100
2135.61572265625,0,28,0,1677.020263671875,45
2135.61572265625,9,38,1,2122.4462890625,175
2135.61572265625,7,30,0,1761.7366943359375,80
2135.61572265625,18,38,2,2122.4462890625,140
2250.480712890625,1,27,0,1626.5361328125,47
2250.480712890625,1,38,1,2238.01416015625,139
2250.480712890625,52,30,0,1791.1851806640625,79
2250.480712890625,96,38,5,2238.01416015625,209
2250.480712890625,4,28,0,1694.731201171875,60
2250.480712890625,0,33,0,1956.0721435546875,102
2250.480712890625,0,34,1,2020.0283203125,103
2250.480712890625,2,33,1,1960.0775146484373,103
2047.006103515625,0,27,0,1664.1343994140625,39
2047.006103515625,0,30,1,1816.619384765625,81
2047.006103515625,0,28,0,1726.0390625,82
2047.006103515625,0,27,0,1648.2642822265625,46
2047.006103515625,1,28,0,1725.888916015625,51
2047.006103515625,1,34,2,2034.138671875,140
2047.006103515625,5,30,0,1821.67626953125,93
2047.006103515625,3,34,4,2034.138671875,243
1997.0399169921875,3,30,0,1759.1788330078125,85
1997.0399169921875,23,28,0,1671.003662109375,66
1997.0399169921875,1,34,2,1981.318603515625,115
1997.0399169921875,3,34,1,1984.52294921875,140
1997.0399169921875,5,34,0,1977.9085693359373,136
1997.0399169921875,0,24,0,1436.5531005859375,38
1997.0399169921875,1,33,2,1921.72705078125,128
1997.0399169921875,63,27,0,1606.4766845703125,77
2052.778076171875,1,38,2,2039.60107421875,164
2052.778076171875,5,27,0,1526.775634765625,48
2052.778076171875,0,33,0,1826.8974609375,96
2052.778076171875,1,35,2,1941.727783203125,118
2052.778076171875,20,23,0,1275.672607421875,8
2052.778076171875,5,38,2,2039.60107421875,167
2052.778076171875,2,33,0,1825.14501953125,79
2052.778076171875,1,30,1,1670.149169921875,71
2125.509033203125,0,31,1,1871.18017578125,77
2125.509033203125,1,30,0,1810.7452392578125,66
2125.509033203125,1,34,4,2045.26220703125,129
2125.509033203125,0,24,0,1451.2386474609375,28
2125.509033203125,13,33,0,1986.8736572265625,92
2125.509033203125,21,35,0,2112.339111328125,162
2125.509033203125,1,28,0,1698.54345703125,60
2125.509033203125,5,35,2,2112.339111328125,172
2180.279541015625,1,21,0,1176.700927734375,30
2180.279541015625,36,37,3,2167.662109375,189
2180.279541015625,55,33,2,1965.866455078125,100
2180.279541015625,9,37,1,2167.662109375,153
2180.279541015625,1,27,0,1622.6015625,25
2180.279541015625,1,30,0,1791.004150390625,73
2180.279541015625,1,30,0,1788.45068359375,75
2180.279541015625,15,30,0,1793.1070556640625,64
2316.53857421875,4,40,1,2303.37060546875,206
2316.53857421875,2,28,0,1662.0281982421875,60
2316.53857421875,16,27,0,1601.82373046875,47
2316.53857421875,4,33,0,1926.734375,102
2316.53857421875,2,40,4,2303.37060546875,197
2316.53857421875,0,27,0,1600.7724609375,44
2316.53857421875,0,33,2,1926.033447265625,92
2316.53857421875,0,31,0,1823.7650146484373,84
2150.74072265625,2,38,1,2137.72265625,194
2150.74072265625,2,30,0,1732.3675537109375,67
2150.74072265625,1,28,0,1628.53662109375,58
2150.74072265625,1,30,1,1724.70751953125,74
2150.74072265625,2,38,1,2137.72265625,133
2150.74072265625,22,33,1,1886.570556640625,88
2150.74072265625,2,34,1,1947.4464111328125,103
2150.74072265625,0,31,1,1792.73193359375,74
2362.1630859375,19,33,0,1915.9163818359373,85
2362.1630859375,2,41,3,2349.74609375,200
2362.1630859375,3,23,0,1318.1148681640625,10
2362.1630859375,6,37,2,2122.8095703125,111
2362.1630859375,14,27,1,1589.85595703125,39
2362.1630859375,1,31,0,1824.19091796875,93
2362.1630859375,1,41,0,2348.49365234375,196
2362.1630859375,23,31,0,1813.576904296875,76
2126.117919921875,47,37,0,2048.64697265625,130
2126.117919921875,13,38,1,2108.994873046875,144
2126.117919921875,2,38,5,2112.9501953125,172
2126.117919921875,10,30,0,1668.001220703125,82
2126.117919921875,51,16,0,782.5114135742188,15
2126.117919921875,0,37,0,2048.146240234375,129
2126.117919921875,3,26,0,1460.086669921875,18
2126.117919921875,1,31,0,1725.3309326171875,74
2093.475341796875,1,33,1,1878.690673828125,99
2093.475341796875,16,37,4,2080.307373046875,177
2093.475341796875,1,28,0,1630.2838134765625,67
2093.475341796875,38,27,0,1561.02587890625,39
2093.475341796875,0,37,1,2080.307373046875,155
2093.475341796875,4,28,0,1632.2864990234375,69
2093.475341796875,0,30,0,1719.7142333984375,77
2093.475341796875,4,33,1,1881.844970703125,100
2103.36865234375,0,35,3,2088.298095703125,120
2103.36865234375,10,30,0,1765.1572265625,90
2103.36865234375,31,27,0,1614.6260986328125,59
2103.36865234375,2,35,4,2090.200927734375,167
2103.36865234375,0,34,0,2015.98583984375,122
2103.36865234375,1,27,0,1609.1688232421875,43
2103.36865234375,3,34,0,2037.3643798828125,129
2103.36865234375,2,31,1,1858.0286865234373,101
2134.371337890625,15,37,1,2121.204345703125,176
2134.371337890625,32,27,1,1578.228271484375,58
2134.371337890625,1,30,1,1751.6435546875,73
2134.371337890625,0,28,0,1656.27099609375,68
2134.371337890625,0,31,1,1809.8055419921875,90
2134.371337890625,1,37,1,2121.204345703125,152
2134.371337890625,10,26,0,1508.339599609375,48
2134.371337890625,0,34,1,1981.8787841796875,111
2117.98974609375,0,34,0,1954.172607421875,132
2117.98974609375,0,27,0,1567.7254638671875,49
2117.98974609375,4,28,0,1634.0426025390625,55
2117.98974609375,0,35,0,2020.50390625,115
2117.98974609375,7,37,2,2104.820556640625,140
2117.98974609375,0,28,0,1634.8939208984375,63
2117.98974609375,9,35,2,2021.2550048828125,128
2117.98974609375,1,37,3,2104.820556640625,141
2182.711181640625,2,38,3,2170.09375,202
2182.711181640625,0,30,0,1728.8304443359375,75
2182.711181640625,17,35,2,2032.510986328125,143
2182.711181640625,2,26,0,1514.5208740234375,41
2182.711181640625,0,30,1,1732.0455322265625,78
2182.711181640625,1,26,0,1513.26904296875,37
2182.711181640625,3,33,0,1903.287353515625,87
2182.711181640625,1,38,1,2170.09375,169
2433.826416015625,5,38,1,2206.07421875,133
2433.826416015625,0,34,0,1999.267578125,96
2433.826416015625,4,42,2,2420.95947265625,177
2433.826416015625,0,31,1,1840.6302490234373,82
2433.826416015625,1,25,0,1444.416259765625,47
2433.826416015625,29,28,0,1674.6484375,50
2433.826416015625,1,26,0,1526.98046875,42
2433.826416015625,2,42,3,2420.95947265625,221
1976.9193115234373,1,28,0,1660.0474853515625,70
1976.9193115234373,16,30,1,1752.9925537109375,74
1976.9193115234373,30,33,1,1905.405517578125,97
1976.9193115234373,12,34,2,1964.4024658203125,149
1976.9193115234373,0,31,0,1814.8780517578125,95
1976.9193115234373,1,31,0,1810.822509765625,96
1976.9193115234373,0,27,0,1598.1959228515625,54
1976.9193115234373,23,34,2,1964.4024658203125,128
2234.50390625,1,40,3,2221.936767578125,200
2234.50390625,7,26,0,1499.625732421875,26
2234.50390625,1,33,0,1871.2205810546875,108
2234.50390625,1,27,0,1561.7796630859375,58
2234.50390625,1,40,3,2221.936767578125,151
2234.50390625,3,33,0,1870.1690673828125,91
2234.50390625,0,31,1,1773.2789306640625,76
2234.50390625,47,34,1,1927.8642578125,115
2134.921630859375,8,37,3,2121.752685546875,157
2134.921630859375,0,34,0,1972.8173828125,123
2134.921630859375,0,28,0,1638.5208740234375,64
2134.921630859375,1,27,0,1580.25244140625,57
2134.921630859375,9,37,0,2121.752685546875,115
2134.921630859375,19,31,0,1807.353759765625,97
2134.921630859375,4,28,0,1651.5889892578125,45
2134.921630859375,0,35,3,2038.8443603515625,147
2148.78271484375,1,34,1,2000.3837890625,117
2148.78271484375,2,37,3,2135.614990234375,166
2148.78271484375,4,34,1,2005.6407470703125,109
2148.78271484375,0,27,0,1623.2969970703125,40
2148.78271484375,1,30,0,1780.436279296875,83
2148.78271484375,42,33,1,1947.153076171875,117
2148.78271484375,0,37,1,2134.563720703125,160
2148.78271484375,0,27,0,1621.344482421875,49
2133.211669921875,2,35,0,2041.7469482421875,133
2133.211669921875,1,37,4,2120.043212890625,169
2133.211669921875,31,33,1,1913.6563720703125,98
2133.211669921875,2,27,0,1577.9114990234375,47
2133.211669921875,29,31,0,1818.6141357421875,78
2133.211669921875,1,30,0,1750.0560302734375,59
2133.211669921875,3,37,2,2117.890380859375,135
2133.211669921875,1,33,0,1919.6649169921875,91
1987.317138671875,0,28,0,1647.82421875,78
1987.317138671875,0,23,0,1292.3984375,69
1987.317138671875,2,34,2,1974.6485595703125,152
1987.317138671875,0,34,0,1970.2926025390625,97
1987.317138671875,20,28,0,1638.098388671875,58
1987.317138671875,0,27,0,1568.7379150390625,50
1987.317138671875,0,34,1,1964.581298828125,133
1987.317138671875,0,31,2,1803.93017578125,95
2314.0703125,0,41,3,2299.4501953125,194
2314.0703125,6,41,3,2300.90234375,216
2314.0703125,0,27,0,1556.9425048828125,43
2314.0703125,3,27,0,1561.6488037109375,60
2314.0703125,2,37,1,2084.100830078125,135
2314.0703125,32,31,0,1768.38818359375,84
2314.0703125,1,28,0,1620.7421875,41
2314.0703125,4,28,0,1626.8006591796875,75
2110.081787109375,50,33,0,1892.270263671875,109
2110.081787109375,1,27,0,1569.11767578125,36
2110.081787109375,5,37,2,2096.97119140625,156
2110.081787109375,0,35,0,2014.6512451171875,92
2110.081787109375,3,37,1,2096.470458984375,143
2110.081787109375,2,37,3,2097.672119140625,174
2110.081787109375,1,31,1,1792.00439453125,102
2110.081787109375,1,27,0,1567.2149658203125,42
2168.897216796875,0,33,0,1961.7314453125,106
2168.897216796875,45,31,1,1867.211669921875,90
2168.897216796875,1,37,1,2155.968017578125,132
2168.897216796875,1,37,2,2155.968017578125,172
2168.897216796875,5,28,0,1708.9395751953125,56
2168.897216796875,1,34,1,2027.53076171875,110
2168.897216796875,0,33,1,1959.15478515625,105
2168.897216796875,2,30,0,1806.6956787109373,66
2123.861083984375,25,35,1,2033.389892578125,111
2123.861083984375,1,33,0,1901.7913818359373,85
2123.861083984375,1,34,0,1974.50830078125,96
2123.861083984375,2,30,0,1748.3074951171875,77
2123.861083984375,1,33,0,1918.4942626953125,121
2123.861083984375,0,34,1,1977.1617431640625,101
2123.861083984375,1,37,1,2109.54150390625,128
2123.861083984375,4,37,4,2110.693115234375,154
2128.16552734375,1,33,1,1861.2049560546875,95
2128.16552734375,0,29,0,1624.3375244140625,52
2128.16552734375,1,35,1,1975.742431640625,123
2128.16552734375,12,38,1,2114.997314453125,204
2128.16552734375,4,38,3,2114.997314453125,175
2128.16552734375,8,28,0,1615.0189208984375,45
2128.16552734375,53,26,0,1482.294189453125,31
2128.16552734375,1,28,0,1613.8673095703125,52
2059.938232421875,0,34,1,2008.2559814453125,125
2059.938232421875,1,28,0,1665.1383056640625,65
2059.938232421875,0,35,1,2047.7213134765625,151
2059.938232421875,1,35,1,2047.7213134765625,161
2059.938232421875,1,27,0,1628.9241943359375,55
2059.938232421875,43,31,0,1843.6072998046875,75
2059.938232421875,6,33,1,1927.0330810546875,87
2059.938232421875,6,30,0,1774.0494384765625,83
2113.2060546875,42,31,0,1879.438720703125,89
2113.2060546875,1,34,2,2032.0386962890625,120
2113.2060546875,0,34,1,2037.0462646484373,106
2113.2060546875,2,35,2,2100.032958984375,158
2113.2060546875,6,35,2,2100.032958984375,139
2113.2060546875,48,30,0,1811.7581787109373,77
2113.2060546875,1,28,0,1716.4437255859375,71
2113.2060546875,1,31,0,1876.3345947265625,89
2045.5419921875,3,34,4,2032.57421875,186
2045.5419921875,37,27,0,1636.389892578125,69
2045.5419921875,11,33,1,1967.0400390625,109
2045.5419921875,3,26,0,1566.5191650390625,39
2045.5419921875,0,34,1,2032.57421875,121
2045.5419921875,9,31,0,1857.2159423828125,102
2045.5419921875,11,31,0,1858.1171875,81
2045.5419921875,0,27,0,1632.2838134765625,42
2075.55859375,2,35,3,2063.441650390625,149
2075.55859375,0,30,0,1780.2071533203125,85
2075.55859375,5,31,1,1853.1348876953125,95
2075.55859375,0,33,1,1950.192138671875,114
2075.55859375,0,35,2,2063.441650390625,136
2075.55859375,30,31,0,1842.970947265625,82
2075.55859375,50,30,0,1784.398681640625,71
2075.55859375,5,33,0,1952.9466552734373,117
2193.440673828125,51,38,0,2180.273193359375,141
2193.440673828125,36,34,1,1984.49072265625,120
2193.440673828125,1,31,0,1828.6663818359373,100
2193.440673828125,1,38,4,2180.273193359375,210
2193.440673828125,0,27,0,1602.689453125,53
2193.440673828125,0,23,0,1321.2911376953125,11
2193.440673828125,1,30,1,1760.9736328125,66
2193.440673828125,1,28,1,1667.1348876953125,65
2119.90234375,1,27,0,1597.2930908203125,54
2119.90234375,0,27,0,1594.3892822265625,69
2119.90234375,52,28,0,1660.787353515625,80
2119.90234375,0,35,0,2031.80517578125,134
2119.90234375,31,30,1,1766.0809326171875,76
2119.90234375,1,37,2,2106.734375,137
2119.90234375,1,34,3,1974.8466796875,126
2119.90234375,15,37,2,2106.734375,185
2144.251708984375,5,35,1,1985.154052734375,110
2144.251708984375,5,33,0,1873.3533935546875,105
2144.251708984375,1,28,0,1616.5931396484375,50
2144.251708984375,2,27,0,1553.204345703125,47
2144.251708984375,0,31,0,1771.235595703125,92
2144.251708984375,5,38,3,2129.731201171875,148
2144.251708984375,1,38,2,2131.083251953125,158
2144.251708984375,0,33,0,1869.8455810546875,99
2332.95849609375,4,35,1,2054.91064453125,114
2332.95849609375,11,31,0,1821.1527099609373,79
2332.95849609375,0,34,0,1989.88037109375,114
2332.95849609375,1,30,0,1758.9068603515625,64
2332.95849609375,13,40,2,2319.790771484375,160
2332.95849609375,5,30,0,1761.864501953125,74
2332.95849609375,3,24,0,1437.2850341796875,26
2332.95849609375,1,40,4,2319.790771484375,202
2257.873046875,24,40,2,2242.001220703125,155
2257.873046875,53,30,0,1737.1285400390625,71
2257.873046875,5,30,0,1729.81884765625,76
2257.873046875,0,38,0,2150.478759765625,125
2257.873046875,3,33,1,1896.174072265625,87
2257.873046875,13,31,1,1804.6474609375,90
2257.873046875,2,40,2,2244.704833984375,173
2257.873046875,0,27,0,1543.275390625,49
2189.93798828125,0,24,0,1409.26220703125,17
2189.93798828125,1,30,0,1747.1915283203125,74
2189.93798828125,2,38,4,2176.870361328125,182
2189.93798828125,2,38,1,2171.062255859375,169
2189.93798828125,1,28,0,1642.4832763671875,68
2189.93798828125,1,38,1,2175.81884765625,139
2189.93798828125,10,28,0,1647.039306640625,41
2189.93798828125,1,31,0,1808.6641845703125,87
2096.626708984375,22,37,2,2083.45166015625,185
2096.626708984375,0,35,3,2007.5560302734373,119
2096.626708984375,1,37,0,2083.45166015625,133
2096.626708984375,1,30,0,1720.9249267578125,76
2096.626708984375,16,26,0,1496.7501220703125,42
2096.626708984375,1,31,0,1783.9840087890625,77
2096.626708984375,3,34,0,1946.402587890625,91
2096.626708984375,0,30,1,1722.77734375,84
1981.761474609375,0,34,2,1863.3231201171875,119
1981.761474609375,1,28,0,1568.52099609375,43
1981.761474609375,0,28,0,1574.929443359375,63
1981.761474609375,27,37,2,1968.5693359375,190
1981.761474609375,1,37,2,1968.5693359375,146
1981.761474609375,0,27,0,1511.88916015625,46
1981.761474609375,2,33,0,1814.3211669921875,108
1981.761474609375,0,31,1,1714.1484375,81
2207.410400390625,15,38,3,2194.390380859375,167
2207.410400390625,2,31,1,1826.43603515625,85
2207.410400390625,3,38,1,2192.838134765625,183
2207.410400390625,5,33,0,1922.919677734375,90
2207.410400390625,41,27,0,1586.2496337890625,52
2207.410400390625,1,28,0,1647.352783203125,65
2207.410400390625,37,35,2,2051.344482421875,107
2207.410400390625,3,26,0,1510.0982666015625,37
2024.9786376953125,7,31,0,1819.30517578125,87
2024.9786376953125,16,34,0,2012.1612548828125,131
2024.9786376953125,10,30,0,1749.5107421875,72
2024.9786376953125,51,32,1,1873.10009765625,100
2024.9786376953125,9,27,0,1584.614501953125,42
2024.9786376953125,40,30,0,1749.9112548828125,78
2024.9786376953125,0,33,0,1944.229248046875,101
2024.9786376953125,30,34,3,2012.1612548828125,155
2107.41357421875,0,30,0,1785.110107421875,77
2107.41357421875,0,31,0,1851.301513671875,88
2107.41357421875,1,35,4,2094.20654296875,156
2107.41357421875,7,33,1,1966.1248779296875,106
2107.41357421875,0,31,0,1848.798095703125,88
2107.41357421875,1,30,0,1778.116943359375,73
2107.41357421875,12,34,0,2039.1961669921875,124
2107.41357421875,3,35,2,2094.20654296875,129
2138.533935546875,1,28,0,1660.0985107421875,49
2138.533935546875,1,31,0,1838.9117431640625,82
2138.533935546875,1,28,0,1662.251220703125,65
2138.533935546875,26,33,1,1933.5438232421875,113
2138.533935546875,4,37,2,2125.363525390625,137
2138.533935546875,0,31,1,1837.259521484375,81
2138.533935546875,3,33,1,1935.69677734375,94
2138.533935546875,3,37,2,2125.363525390625,206
2322.01123046875,0,30,1,1765.6629638671875,68
2322.01123046875,0,35,0,2065.039306640625,117
2322.01123046875,1,27,0,1592.878662109375,39
2322.01123046875,1,35,0,2059.431884765625,113
2322.01123046875,1,40,3,2307.240478515625,178
2322.01123046875,2,24,0,1427.519287109375,33
2322.01123046875,7,40,3,2308.8427734375,184
2322.01123046875,27,37,0,2156.447265625,137
2022.4949951171875,2,35,2,2014.1634521484373,183
2022.4949951171875,1,24,0,1373.4892578125,33
2022.4949951171875,1,35,1,2014.1634521484373,126
2022.4949951171875,32,30,0,1701.70947265625,76
2022.4949951171875,1,34,1,1949.7685546875,113
2022.4949951171875,1,33,0,1886.3450927734373,84
2022.4949951171875,0,28,0,1603.958740234375,70
2022.4949951171875,42,33,3,1889.5079345703125,84
2416.333740234375,2,41,2,2404.21728515625,223
2416.333740234375,30,24,0,1449.845458984375,19
2416.333740234375,0,35,1,2088.87353515625,126
2416.333740234375,5,27,0,1625.15625,46
2416.333740234375,0,26,1,1558.558837890625,42
2416.333740234375,0,33,1,1993.34130859375,86
2416.333740234375,10,38,1,2249.240478515625,96
2416.333740234375,24,41,1,2402.565185546875,180
2045.94287109375,1,24,0,1386.2496337890625,17
2045.94287109375,2,30,0,1697.846435546875,73
2045.94287109375,39,26,0,1491.14599609375,39
2045.94287109375,3,31,0,1758.89208984375,96
2045.94287109375,3,37,1,2032.8092041015625,150
2045.94287109375,3,37,3,2020.730224609375,141
2045.94287109375,1,34,0,1907.7581787109373,117
2045.94287109375,1,37,1,2032.8092041015625,145
2071.112548828125,1,37,3,2057.944580078125,167
2071.112548828125,4,34,1,1917.9747314453125,127
2071.112548828125,17,23,0,1298.4842529296875,13
2071.112548828125,0,28,0,1611.2762451171875,70
2071.112548828125,0,28,0,1610.3250732421875,68
2071.112548828125,0,31,1,1762.1885986328125,104
2071.112548828125,0,37,1,2057.944580078125,152
2071.112548828125,0,27,0,1554.8226318359375,66
2134.566650390625,0,35,1,1968.953857421875,142
2134.566650390625,0,27,0,1519.2977294921875,46
2134.566650390625,51,28,0,1586.3699951171875,56
2134.566650390625,3,31,1,1740.0477294921875,83
2134.566650390625,2,34,0,1914.177978515625,102
2134.566650390625,7,38,2,2118.192138671875,148
2134.566650390625,2,38,3,2121.396728515625,160
2134.566650390625,1,37,1,2064.538818359375,149
2199.2763671875,1,24,0,1432.838134765625,23
2199.2763671875,3,38,2,2184.40576171875,134
2199.2763671875,2,38,2,2186.108154296875,168
2199.2763671875,2,37,2,2132.001708984375,137
2199.2763671875,1,35,0,2037.51611328125,125
2199.2763671875,9,30,0,1756.589111328125,52
2199.2763671875,0,34,0,1983.79248046875,113
2199.2763671875,1,30,1,1758.2413330078125,78
2194.853515625,0,27,0,1508.2640380859375,56
2194.853515625,0,27,0,1511.6685791015625,48
2194.853515625,4,30,0,1654.45458984375,85
2194.853515625,51,40,1,2181.68603515625,195
2194.853515625,2,40,2,2180.083984375,186
2194.853515625,2,34,3,1886.563720703125,127
2194.853515625,6,26,0,1445.78369140625,63
2194.853515625,0,28,1,1569.4296875,75
2241.896484375,1,34,2,2034.3624267578125,113
2241.896484375,2,33,0,1962.47412109375,100
2241.896484375,2,33,1,1968.534912109375,85
2241.896484375,0,28,0,1690.2596435546875,56
2241.896484375,53,33,0,1969.8868408203125,91
2241.896484375,1,38,3,2228.828369140625,161
2241.896484375,28,31,0,1861.2130126953125,82
2241.896484375,0,38,1,2227.176025390625,157
2201.927490234375,0,37,1,2121.53515625,151
2201.927490234375,0,24,0,1414.9271240234375,22
2201.927490234375,0,38,1,2188.759765625,145
2201.927490234375,0,30,0,1753.643310546875,64
2201.927490234375,1,31,0,1817.819091796875,78
2201.927490234375,14,38,4,2188.759765625,203
2201.927490234375,1,21,0,1197.000732421875,8
2201.927490234375,1,37,4,2129.9990234375,171
2168.646484375,4,38,2,2156.07958984375,163
2168.646484375,39,38,4,2154.126953125,155
2168.646484375,1,27,0,1583.89892578125,56
2168.646484375,1,28,0,1651.0675048828125,52
2168.646484375,4,34,0,1957.092529296875,101
2168.646484375,43,27,0,1592.010009765625,54
2168.646484375,1,31,0,1794.998046875,81
2168.646484375,56,38,1,2154.02685546875,144
2135.03759765625,3,33,0,1932.8319091796875,104
2135.03759765625,7,23,0,1329.5352783203125,25
2135.03759765625,30,37,2,2122.2705078125,149
2135.03759765625,41,37,2,2122.2705078125,205
2135.03759765625,1,31,0,1828.1038818359373,73
2135.03759765625,7,27,1,1565.392333984375,37
2135.03759765625,20,26,0,1554.7625732421875,43
2135.03759765625,1,34,1,1993.587158203125,112
2108.411376953125,1,31,1,1856.5792236328125,89
2108.411376953125,2,34,0,2030.3106689453125,112
2108.411376953125,65,35,3,2095.625244140625,160
2108.411376953125,1,28,1,1694.637451171875,79
2108.411376953125,0,35,2,2095.625244140625,139
2108.411376953125,31,34,0,2036.4691162109373,119
2108.411376953125,50,31,0,1855.72802734375,77
2108.411376953125,3,26,0,1557.3035888671875,49
2284.43896484375,9,28,0,1715.8416748046875,67
2284.43896484375,1,35,2,2105.282470703125,128
2284.43896484375,11,38,2,2271.270751953125,167
2284.43896484375,1,34,0,2039.92919921875,113
2284.43896484375,5,28,0,1710.7850341796875,50
2284.43896484375,1,34,0,2032.914794921875,99
2284.43896484375,0,38,3,2271.270751953125,144
2284.43896484375,0,31,0,1872.2508544921875,73
2160.77978515625,52,35,1,2068.715087890625,134
2160.77978515625,7,37,1,2147.612060546875,141
2160.77978515625,9,37,4,2147.612060546875,189
2160.77978515625,0,24,0,1395.043212890625,24
2160.77978515625,1,26,1,1509.2808837890625,40
2160.77978515625,10,33,0,1922.9937744140625,93
2160.77978515625,7,33,0,1932.7069091796875,108
2160.77978515625,24,33,0,1925.797607421875,101
2193.779052734375,50,26,0,1540.5242919921875,39
2193.779052734375,0,35,1,2032.18115234375,115
2193.779052734375,0,38,2,2180.61083984375,174
2193.779052734375,1,30,0,1745.4345703125,69
2193.779052734375,1,35,0,2043.0460205078125,125
2193.779052734375,5,38,2,2180.61083984375,186
2193.779052734375,1,34,2,1976.4088134765625,104
2193.779052734375,1,23,0,1343.506103515625,11
2292.273193359375,6,31,0,1812.7955322265625,68
2292.273193359375,0,30,0,1749.08251953125,53
2292.273193359375,1,30,0,1748.0311279296875,70
2292.273193359375,5,40,2,2279.255859375,219
2292.273193359375,1,30,0,1739.2821044921875,68
2292.273193359375,0,26,0,1506.82470703125,28
2292.273193359375,1,40,3,2279.255859375,165
2292.273193359375,5,35,1,2038.636474609375,121
2291.47705078125,2,26,0,1473.0968017578125,32
2291.47705078125,0,21,0,1162.5321044921875,23
2291.47705078125,3,27,0,1541.658203125,57
2291.47705078125,19,39,1,2215.205810546875,154
2291.47705078125,0,40,0,2277.470947265625,126
2291.47705078125,3,40,3,2278.27197265625,188
2291.47705078125,1,30,0,1708.2845458984375,86
2291.47705078125,0,33,0,1881.0263671875,77
2428.20263671875,5,34,1,2105.972900390625,95
2428.20263671875,1,40,3,2415.03515625,173
2428.20263671875,1,40,3,2413.532958984375,169
2428.20263671875,1,38,1,2320.086669921875,147
2428.20263671875,17,26,0,1573.7081298828125,36
2428.20263671875,1,30,0,1860.0347900390625,79
2428.20263671875,2,35,0,2167.8759765625,119
2428.20263671875,1,27,0,1658.6282958984375,43
2350.242919921875,0,28,0,1655.923095703125,62
2350.242919921875,1,34,0,1975.421630859375,93
2350.242919921875,1,41,3,2337.036376953125,231
2350.242919921875,1,41,3,2337.036376953125,186
2350.242919921875,3,33,2,1916.0,103
2350.242919921875,3,28,0,1666.4632568359375,48
2350.242919921875,0,27,0,1585.9678955078125,51
2350.242919921875,4,30,0,1754.567626953125,69
2317.494384765625,1,26,0,1541.6304931640625,38
2317.494384765625,0,30,0,1762.1893310546875,81
2317.494384765625,0,24,0,1419.575439453125,29
2317.494384765625,5,40,4,2304.326171875,235
2317.494384765625,0,30,1,1784.2691650390625,87
2317.494384765625,0,40,2,2302.623779296875,154
2317.494384765625,1,33,0,1949.1341552734373,105
2317.494384765625,40,28,0,1680.7130126953125,58
2342.393310546875,1,27,0,1600.1683349609375,43
2342.393310546875,4,40,2,2329.7265625,186
2342.393310546875,1,30,0,1771.069091796875,71
2342.393310546875,0,33,0,1955.2230224609373,106
2342.393310546875,3,34,2,2024.7728271484373,116
2342.393310546875,3,40,2,2328.775146484375,183
2342.393310546875,1,27,0,1601.7203369140625,46
2342.393310546875,1,31,1,1835.266845703125,90
2397.705078125,8,42,3,2384.508056640625,187
2397.705078125,0,26,0,1540.8336181640625,30
2397.705078125,26,28,0,1664.15380859375,52
2397.705078125,6,33,0,1913.2286376953125,90
2397.705078125,2,30,1,1759.8055419921875,71
2397.705078125,9,27,0,1601.7606201171875,36
2397.705078125,10,40,3,2271.9501953125,192
2397.705078125,0,42,1,2382.85595703125,193
2189.091796875,1,35,1,2039.507080078125,114
2189.091796875,1,34,0,1978.0479736328125,108
2189.091796875,1,38,3,2175.904296875,159
2189.091796875,6,28,0,1644.5260009765625,52
2189.091796875,1,28,0,1646.757080078125,62
2189.091796875,4,31,1,1806.989501953125,81
2189.091796875,2,38,2,2175.904296875,187
2189.091796875,14,26,0,1515.7939453125,44
1980.7918701171875,54,34,2,1967.6209716796875,207
1980.7918701171875,22,30,2,1757.2763671875,72
1980.7918701171875,0,31,1,1816.80126953125,86
1980.7918701171875,1,28,0,1671.197021484375,62
1980.7918701171875,0,31,0,1815.198974609375,89
1980.7918701171875,4,30,0,1761.63232421875,83
1980.7918701171875,49,34,2,1967.6209716796875,123
1980.7918701171875,1,27,0,1597.662841796875,60
2036.7225341796875,41,33,1,1895.9630126953125,108
2036.7225341796875,13,24,0,1410.749267578125,34
2036.7225341796875,6,35,4,2023.5543212890625,177
2036.7225341796875,0,34,1,1958.354248046875,129
2036.7225341796875,2,31,1,1793.90478515625,94
2036.7225341796875,0,35,0,2023.5543212890625,133
2036.7225341796875,7,31,0,1799.2659912109375,80
2036.7225341796875,0,27,0,1576.954345703125,57
2058.94970703125,19,30,0,1705.746826171875,70
2058.94970703125,15,34,0,1922.5313720703125,116
2058.94970703125,9,26,0,1495.0234375,34
2058.94970703125,9,26,0,1482.006103515625,37
2058.94970703125,0,37,1,2046.1322021484373,134
2058.94970703125,10,35,1,1993.9451904296875,129
2058.94970703125,40,33,0,1862.6561279296875,99
2058.94970703125,0,37,3,2046.1322021484373,181
2136.341064453125,1,30,0,1884.436279296875,89
2136.341064453125,1,31,1,1957.128173828125,88
2136.341064453125,4,30,0,1885.13720703125,81
2136.341064453125,0,30,0,1894.699462890625,94
2136.341064453125,1,34,4,2123.22412109375,150
2136.341064453125,0,33,0,2056.8515625,109
2136.341064453125,0,33,0,2058.65380859375,106
2136.341064453125,1,34,3,2122.473388671875,123
2101.88232421875,19,35,5,2088.713623046875,163
2101.88232421875,0,31,0,1860.502685546875,102
2101.88232421875,0,28,0,1692.2874755859375,70
2101.88232421875,0,27,0,1622.8612060546875,46
2101.88232421875,0,34,0,2027.39013671875,127
2101.88232421875,40,35,0,2088.713623046875,139
2101.88232421875,0,33,2,1961.0574951171875,92
2101.88232421875,0,30,0,1793.2838134765625,90
2131.29736328125,2,34,0,1931.8692626953125,109
2131.29736328125,2,38,4,2118.1298828125,201
2131.29736328125,2,33,0,1869.9932861328125,101
2131.29736328125,51,38,2,2118.1298828125,163
2131.29736328125,19,21,0,1203.441650390625,7
2131.29736328125,0,33,0,1865.2708740234373,71
2131.29736328125,0,30,0,1709.191162109375,68
2131.29736328125,1,34,2,1930.1669921875,104
2297.764892578125,0,35,1,2084.177734375,121
2297.764892578125,50,39,3,2285.39794921875,176
2297.764892578125,12,39,2,2284.496826171875,185
2297.764892578125,10,33,0,1957.867919921875,109
2297.764892578125,1,26,0,1536.3760986328125,39
2297.764892578125,0,23,0,1318.0455322265625,10
2297.764892578125,0,31,0,1831.9041748046875,96
2297.764892578125,0,30,0,1770.7596435546875,64
2198.799072265625,3,24,0,1401.5023193359375,18
2198.799072265625,69,35,2,2030.0230712890625,142
2198.799072265625,0,27,0,1574.4500732421875,50
2198.799072265625,40,38,2,2185.63134765625,172
2198.799072265625,1,30,1,1734.6561279296875,68
2198.799072265625,1,38,0,2185.63134765625,130
2198.799072265625,0,28,0,1639.2705078125,54
2198.799072265625,16,37,1,2117.3544921875,155
2238.1142578125,13,33,2,1972.9085693359373,94
2238.1142578125,1,31,0,1873.4481201171875,85
2238.1142578125,1,39,0,2224.916259765625,187
2238.1142578125,0,23,0,1354.16748046875,22
2238.1142578125,1,38,0,2204.44140625,135
2238.1142578125,2,26,0,1563.49658203125,37
2238.1142578125,1,24,1,1462.384521484375,30
2238.1142578125,10,39,2,2224.916259765625,153
2108.23388671875,4,31,1,1888.6900634765625,80
2108.23388671875,3,35,2,2095.06396484375,177
2108.23388671875,51,26,0,1586.4200439453125,43
2108.23388671875,0,28,0,1712.7659912109375,66
2108.23388671875,1,30,0,1813.663818359375,68
2108.23388671875,1,34,0,2035.496826171875,112
2108.23388671875,1,22,0,1268.7581787109375,60
2108.23388671875,7,35,3,2095.06396484375,134
2214.883056640625,3,38,2,2201.71533203125,172
2214.883056640625,1,33,1,1945.450927734375,88
2214.883056640625,0,35,1,2068.24560546875,151
2214.883056640625,1,33,0,1947.203369140625,100
2214.883056640625,40,26,0,1559.3369140625,36
2214.883056640625,0,27,0,1617.2911376953125,51
2214.883056640625,1,28,1,1695.2508544921875,58
2214.883056640625,6,38,1,2200.06298828125,154
2371.123291015625,1,28,0,1640.11865234375,54
2371.123291015625,0,31,0,1804.020263671875,86
2371.123291015625,0,31,0,1799.7138671875,78
2371.123291015625,35,26,0,1509.093994140625,28
2371.123291015625,6,35,3,2032.4422607421875,124
2371.123291015625,1,41,3,2358.21826171875,189
2371.123291015625,1,41,2,2358.21826171875,164
2371.123291015625,11,38,0,2174.280029296875,156
2340.456298828125,1,30,0,1777.4915771484375,85
2340.456298828125,0,40,2,2325.99658203125,198
2340.456298828125,0,40,4,2327.25,184
2340.456298828125,11,27,0,1604.62255859375,48
2340.456298828125,52,28,0,1667.896240234375,64
2340.456298828125,4,31,0,1849.3863525390625,73
2340.456298828125,3,33,0,1950.887939453125,84
2340.456298828125,1,33,1,1943.2152099609373,93
2159.501220703125,1,34,1,1952.3682861328125,112
2159.501220703125,1,38,2,2145.13134765625,149
2159.501220703125,1,35,1,2006.738037109375,131
2159.501220703125,1,31,0,1770.260986328125,83
2159.501220703125,1,30,1,1698.842529296875,58
2159.501220703125,0,28,0,1598.8309326171875,63
2159.501220703125,4,31,0,1769.3597412109375,77
2159.501220703125,2,38,2,2146.3330078125,166
2057.047607421875,1,37,0,2044.580078125,187
2057.047607421875,0,33,0,1851.9510498046875,79
2057.047607421875,1,31,0,1766.6397705078125,83
2057.047607421875,0,34,1,1917.4151611328125,111
2057.047607421875,0,30,0,1701.5201416015625,84
2057.047607421875,25,37,4,2044.580078125,171
2057.047607421875,31,26,0,1470.9041748046875,22
2057.047607421875,12,27,0,1512.837158203125,48
2121.160888671875,0,27,0,1585.8463134765625,46
2121.160888671875,20,26,0,1522.6065673828125,38
2121.160888671875,1,37,0,2108.19287109375,135
2121.160888671875,1,31,0,1802.9737548828125,76
2121.160888671875,2,33,1,1909.373046875,95
2121.160888671875,0,34,1,1977.227294921875,109
2121.160888671875,11,37,3,2108.19287109375,210
2121.160888671875,0,27,1,1585.7962646484375,53
2226.53955078125,0,27,0,1600.79248046875,45
2226.53955078125,35,26,0,1531.533203125,48
2226.53955078125,1,31,0,1828.531982421875,73
2226.53955078125,54,31,0,1828.531982421875,95
2226.53955078125,0,28,0,1671.255615234375,62
2226.53955078125,2,38,2,2213.332275390625,141
2226.53955078125,1,37,1,2148.986083984375,159
2226.53955078125,18,38,4,2213.332275390625,153
2177.257568359375,51,34,1,2021.26708984375,98
2177.257568359375,10,30,0,1795.71923828125,73
2177.257568359375,20,33,1,1956.0433349609373,111
2177.257568359375,0,31,0,1854.022216796875,77
2177.257568359375,1,37,2,2164.08984375,143
2177.257568359375,4,37,3,2164.08984375,188
2177.257568359375,2,26,0,1541.3583984375,41
2177.257568359375,0,31,0,1856.275146484375,84
2114.952392578125,11,37,3,2101.832763671875,194
2114.952392578125,3,34,0,1956.5631103515625,118
2114.952392578125,0,34,0,1945.2470703125,131
2114.952392578125,0,31,0,1792.328857421875,92
2114.952392578125,3,28,0,1628.8665771484375,76
2114.952392578125,9,23,0,1280.3995361328125,12
2114.952392578125,0,37,3,2101.832763671875,109
2114.952392578125,0,31,1,1792.7794189453125,96
2107.8203125,1,31,1,1818.4107666015625,85
2107.8203125,1,35,0,2037.601806640625,102
2107.8203125,2,31,0,1815.5068359375,76
2107.8203125,0,34,1,1979.4205322265625,112
2107.8203125,1,37,1,2094.631591796875,147
2107.8203125,32,27,0,1585.451171875,37
2107.8203125,0,34,1,1972.310791015625,88
2107.8203125,1,37,2,2094.631591796875,139
2213.595703125,4,34,1,2007.791259765625,117
2213.595703125,32,38,1,2200.427734375,165
2213.595703125,0,30,0,1787.81591796875,66
2213.595703125,0,26,0,1561.539306640625,33
2213.595703125,66,31,0,1855.2991943359373,84
2213.595703125,0,33,2,1950.2310791015625,96
2213.595703125,1,38,2,2200.427734375,192
2213.595703125,0,31,0,1850.0419921875,60
2483.79736328125,0,41,2,2470.628173828125,207
2483.79736328125,33,26,0,1616.78173828125,50
2483.79736328125,51,33,0,2043.7376708984373,93
2483.79736328125,0,41,3,2470.628173828125,196
2483.79736328125,22,28,0,1738.8380126953125,45
2483.79736328125,9,28,0,1737.78662109375,55
2483.79736328125,1,30,1,1840.9605712890625,65
2483.79736328125,2,31,0,1916.05126953125,87
2170.222412109375,2,37,2,2157.0546875,180
2170.222412109375,0,28,0,1687.697998046875,62
2170.222412109375,6,37,3,2157.0546875,139
2170.222412109375,31,31,1,1859.2376708984373,88
2170.222412109375,4,30,0,1802.768310546875,64
2170.222412109375,2,30,0,1776.9661865234375,69
2170.222412109375,1,34,0,2018.6981201171875,109
2170.222412109375,1,35,0,2081.607421875,124
2033.1214599609373,1,23,0,1239.155029296875,16
2033.1214599609373,2,37,2,2020.4459228515625,147
2033.1214599609373,13,34,1,1901.5128173828125,125
2033.1214599609373,1,33,1,1838.879638671875,91
2033.1214599609373,1,35,0,1960.9813232421875,117
2033.1214599609373,0,31,0,1741.5355224609375,77
2033.1214599609373,0,28,0,1580.0462646484375,62
2033.1214599609373,1,37,1,2020.4459228515625,164
2119.90869140625,0,34,0,1974.3385009765625,123
2119.90869140625,1,37,2,2107.089599609375,180
2119.90869140625,0,35,2,2029.277099609375,126
2119.90869140625,0,33,0,1913.3912353515625,72
2119.90869140625,1,35,1,2034.8846435546875,124
2119.90869140625,1,24,0,1433.8360595703125,16
2119.90869140625,0,37,1,2107.089599609375,128
2119.90869140625,0,28,1,1662.691650390625,56
2178.404052734375,1,34,2,1993.1483154296875,94
2178.404052734375,17,27,0,1564.400390625,53
2178.404052734375,1,31,0,1818.3609619140625,99
2178.404052734375,0,37,1,2165.236328125,144
2178.404052734375,1,27,0,1567.0618896484375,50
2178.404052734375,0,34,0,1998.111328125,102
2178.404052734375,9,37,2,2165.236328125,156
2178.404052734375,6,35,3,2065.177001953125,143
2046.6494140625,17,33,0,1915.11572265625,109
2046.6494140625,7,35,3,2030.327392578125,131
2046.6494140625,0,30,1,1743.119384765625,91
2046.6494140625,1,34,0,1967.0440673828125,109
2046.6494140625,3,30,0,1734.699462890625,64
2046.6494140625,0,28,0,1635.5911865234375,69
2046.6494140625,4,31,0,1813.1417236328125,96
2046.6494140625,2,35,3,2033.481689453125,156
2065.857666015625,0,35,2,2052.689208984375,171
2065.857666015625,38,33,0,1963.57373046875,94
2065.857666015625,1,31,1,1864.6396484375,79
2065.857666015625,2,30,0,1785.7784423828125,54
2065.857666015625,12,31,0,1851.5606689453125,92
2065.857666015625,0,28,0,1683.0260009765625,56
2065.857666015625,12,35,3,2052.689208984375,137
2065.857666015625,0,33,0,1968.480224609375,108
2090.917236328125,2,37,2,2077.74951171875,130
2090.917236328125,0,30,0,1696.47021484375,68
2090.917236328125,0,28,0,1610.5194091796875,59
2090.917236328125,23,37,4,2077.74951171875,196
2090.917236328125,9,37,0,2076.09716796875,129
2090.917236328125,0,30,0,1705.6842041015625,70
2090.917236328125,2,27,0,1549.3382568359375,45
2090.917236328125,1,31,0,1763.2080078125,85
2412.43701171875,1,30,1,1821.6480712890625,85
2412.43701171875,4,27,0,1657.1429443359375,50
2412.43701171875,28,26,0,1591.220703125,26
2412.43701171875,41,28,0,1727.778076171875,51
2412.43701171875,2,37,0,2177.634765625,141
2412.43701171875,1,41,1,2394.662841796875,167
2412.43701171875,5,31,0,1879.9530029296875,97
2412.43701171875,9,41,3,2399.26904296875,198
2062.517333984375,0,28,1,1612.6883544921875,74
2062.517333984375,14,37,2,2049.34912109375,209
2062.517333984375,47,34,0,1923.211669921875,116
2062.517333984375,5,37,3,2049.34912109375,145
2062.517333984375,1,30,0,1673.014404296875,75
2062.517333984375,0,27,0,1549.55859375,47
2062.517333984375,1,34,1,1920.7239990234373,106
2062.517333984375,0,27,0,1558.4254150390625,48
2292.953369140625,0,28,0,1743.072265625,65
2292.953369140625,0,26,0,1611.44287109375,43
2292.953369140625,94,38,3,2279.78515625,182
2292.953369140625,2,38,3,2279.78515625,189
2292.953369140625,52,27,0,1669.02734375,57
2292.953369140625,11,26,0,1601.0269775390625,40
2292.953369140625,2,34,1,2065.65234375,125
2292.953369140625,0,34,0,2057.51806640625,125
1954.1492919921875,4,33,0,1916.3260498046875,104
1954.1492919921875,2,24,0,1414.029541015625,21
1954.1492919921875,1,34,3,1941.661865234375,203
1954.1492919921875,3,30,0,1757.333740234375,74
1954.1492919921875,24,26,0,1523.2894287109375,44
1954.1492919921875,1,34,2,1941.661865234375,112
1954.1492919921875,1,33,1,1921.1827392578125,105
1954.1492919921875,17,31,0,1825.5557861328125,84
2252.790771484375,0,28,0,1685.2373046875,54
2252.790771484375,14,30,1,1784.247314453125,98
2252.790771484375,1,33,0,1974.3951416015625,96
2252.790771484375,1,30,1,1774.98486328125,71
2252.790771484375,12,38,1,2239.622314453125,137
2252.790771484375,3,38,2,2239.622314453125,182
2252.790771484375,0,35,2,2099.112060546875,128
2252.790771484375,22,26,0,1522.920654296875,30
2272.780517578125,50,31,0,1759.35888671875,73
2272.780517578125,0,35,3,2006.1146240234373,144
2272.780517578125,6,40,3,2259.663330078125,196
2272.780517578125,1,26,0,1471.0936279296875,33
2272.780517578125,1,28,0,1602.5068359375,51
2272.780517578125,1,40,0,2257.710693359375,130
2272.780517578125,49,38,1,2156.32470703125,147
2272.780517578125,0,34,1,1942.1201171875,81
2186.317626953125,2,35,0,2074.05419921875,119
2186.317626953125,3,30,0,1767.1199951171875,78
2186.317626953125,0,31,0,1824.5626220703125,93
2186.317626953125,1,37,2,2173.1494140625,167
2186.317626953125,0,37,3,2173.1494140625,134
2186.317626953125,0,28,0,1663.17822265625,58
2186.317626953125,0,33,0,1929.7978515625,94
2186.317626953125,1,30,1,1762.953369140625,71
2085.4306640625,1,34,1,1926.5257568359373,128
2085.4306640625,9,37,1,2071.8115234375,127
2085.4306640625,52,35,1,1989.9884033203125,113
2085.4306640625,52,34,1,1933.98583984375,101
2085.4306640625,0,30,0,1702.0635986328125,58
2085.4306640625,2,37,1,2073.01318359375,140
2085.4306640625,11,30,0,1702.364013671875,79
2085.4306640625,1,27,0,1533.6925048828125,30
2263.091064453125,0,30,0,1732.407470703125,80
2263.091064453125,1,34,0,1961.9351806640625,113
2263.091064453125,0,40,4,2249.923583984375,178
2263.091064453125,0,27,0,1577.77734375,38
2263.091064453125,1,33,2,1904.6829833984373,102
2263.091064453125,1,28,0,1638.4544677734375,63
2263.091064453125,0,24,0,1405.8297119140625,25
2263.091064453125,16,40,2,2249.923583984375,214
2326.6240234375,14,40,2,2310.9521484375,154
2326.6240234375,5,34,0,1994.68115234375,108
2326.6240234375,2,30,0,1753.4620361328125,62
2326.6240234375,39,40,1,2313.95703125,154
2326.6240234375,1,30,0,1750.157470703125,72
2326.6240234375,1,38,0,2212.304443359375,118
2326.6240234375,0,24,0,1335.7822265625,32
2326.6240234375,0,37,2,2152.234619140625,138
2181.906982421875,5,37,4,2168.7392578125,173
2181.906982421875,4,37,2,2168.7392578125,127
2181.906982421875,3,33,0,1966.5159912109373,105
2181.906982421875,0,34,0,2030.764892578125,114
2181.906982421875,46,31,0,1843.3974609375,85
2181.906982421875,49,31,0,1854.2681884765625,70
2181.906982421875,0,28,0,1677.376953125,57
2181.906982421875,1,35,1,2095.313720703125,120
2054.1455078125,1,30,1,1675.6854248046875,81
2054.1455078125,7,34,0,1895.5877685546875,109
2054.1455078125,4,31,0,1740.039794921875,88
2054.1455078125,25,37,3,2041.2421875,169
2054.1455078125,49,34,1,1893.384765625,105
2054.1455078125,3,27,0,1519.8385009765625,47
2054.1455078125,32,30,0,1677.8382568359375,78
2054.1455078125,1,37,1,2041.2421875,124
2022.47216796875,10,30,1,1723.159423828125,97
2022.47216796875,2,27,0,1563.5391845703125,70
2022.47216796875,31,33,1,1887.3831787109373,97
2022.47216796875,9,33,1,1877.815185546875,120
2022.47216796875,0,35,2,2006.5006103515625,149
2022.47216796875,1,35,2,2009.755126953125,149
2022.47216796875,37,24,0,1389.7586669921875,37
2022.47216796875,2,28,0,1621.9783935546875,72
1965.6031494140625,50,34,2,1951.7301025390625,116
1965.6031494140625,3,33,0,1888.5528564453125,104
1965.6031494140625,11,33,1,1891.556884765625,109
1965.6031494140625,3,34,3,1952.83154296875,160
1965.6031494140625,3,34,0,1950.77880859375,93
1965.6031494140625,0,31,0,1793.1224365234375,106
1965.6031494140625,1,27,0,1578.92333984375,62
1965.6031494140625,1,26,0,1515.5859375,43
2031.104248046875,1,34,1,2017.9364013671875,105
2031.104248046875,51,31,1,1845.534912109375,102
2031.104248046875,0,26,0,1551.2958984375,40
2031.104248046875,13,31,0,1847.7379150390625,86
2031.104248046875,3,33,0,1947.7611083984373,105
2031.104248046875,0,30,0,1776.2694091796875,75
2031.104248046875,21,33,2,1955.5716552734373,125
2031.104248046875,1,34,3,2017.9364013671875,172
2010.092041015625,23,26,0,1503.0469970703125,30
2010.092041015625,1,35,1,1996.9241943359373,164
2010.092041015625,0,27,0,1572.7833251953125,61
2010.092041015625,13,35,0,1996.9241943359373,159
2010.092041015625,7,27,0,1582.296142578125,59
2010.092041015625,0,34,2,1948.1165771484373,116
2010.092041015625,0,33,2,1888.6160888671875,108
2010.092041015625,1,31,0,1784.9202880859375,81
2045.5826416015625,53,35,2,2032.7879638671875,158
2045.5826416015625,0,34,1,2027.2122802734373,102
2045.5826416015625,2,34,0,2013.1422119140625,114
2045.5826416015625,1,28,1,1677.1827392578125,64
2045.5826416015625,0,33,0,1955.8692626953125,113
2045.5826416015625,10,26,0,1535.9940185546875,34
2045.5826416015625,8,35,2,2032.7879638671875,118
2045.5826416015625,19,28,0,1684.9432373046875,62
2054.9013671875,8,34,1,2046.6087646484373,138
2054.9013671875,4,31,0,1852.8458251953125,95
2054.9013671875,1,26,0,1561.0947265625,39
2054.9013671875,2,33,1,1985.9510498046875,82
2054.9013671875,0,33,2,1992.21728515625,120
2054.9013671875,1,27,0,1616.1202392578125,56
2054.9013671875,51,34,3,2046.6087646484373,185
2054.9013671875,41,31,0,1852.1448974609373,75
2228.21728515625,1,28,0,1575.51123046875,67
2228.21728515625,0,35,1,1950.6783447265625,136
2228.21728515625,8,27,0,1509.7723388671875,59
2228.21728515625,8,38,2,2099.547607421875,155
2228.21728515625,2,40,1,2215.197509765625,182
2228.21728515625,0,21,0,1152.614013671875,9
2228.21728515625,0,30,2,1658.9464111328125,70
2228.21728515625,0,40,1,2211.0419921875,164
2306.17041015625,1,24,0,1380.4970703125,22
2306.17041015625,45,34,1,1932.25634765625,97
2306.17041015625,0,28,0,1609.380859375,53
2306.17041015625,2,41,4,2293.001708984375,196
2306.17041015625,4,41,1,2291.699951171875,163
2306.17041015625,54,38,1,2140.592529296875,131
2306.17041015625,1,35,0,2000.3043212890625,117
2306.17041015625,3,26,0,1486.649169921875,28
2104.24853515625,3,31,1,1814.7657470703125,94
2104.24853515625,1,30,0,1751.3636474609375,79
2104.24853515625,2,24,0,1430.64208984375,35
2104.24853515625,55,28,0,1662.8533935546875,61
2104.24853515625,1,37,0,2091.078369140625,148
2104.24853515625,5,28,1,1662.152587890625,69
2104.24853515625,1,35,2,2034.483154296875,132
2104.24853515625,5,37,1,2091.078369140625,148
2077.98388671875,1,21,0,1186.066162109375,30
2077.98388671875,6,33,2,1906.998291015625,112
2077.98388671875,1,33,0,1898.83642578125,103
2077.98388671875,1,30,0,1742.7423095703125,84
2077.98388671875,10,26,0,1526.043701171875,34
2077.98388671875,1,37,1,2064.916748046875,169
2077.98388671875,59,37,1,2064.916748046875,163
2077.98388671875,3,31,1,1807.5738525390625,77
2165.602294921875,0,27,0,1582.561767578125,44
2165.602294921875,0,37,0,2088.0244140625,120
2165.602294921875,0,35,1,2010.8187255859373,145
2165.602294921875,1,38,4,2152.43408203125,192
2165.602294921875,0,28,0,1646.65625,46
2165.602294921875,6,30,0,1733.15576171875,80
2165.602294921875,1,38,3,2152.43408203125,124
2165.602294921875,9,33,0,1892.9197998046875,106
2227.142822265625,1,34,0,1900.796142578125,97
2227.142822265625,0,27,0,1519.3560791015625,50
2227.142822265625,4,27,0,1519.9569091796875,39
2227.142822265625,0,37,0,2051.6689453125,134
2227.142822265625,1,40,5,2214.2900390625,194
2227.142822265625,44,28,1,1589.1507568359375,72
2227.142822265625,0,34,0,1897.19140625,115
2227.142822265625,0,40,1,2214.2900390625,126
2212.24560546875,6,23,0,1372.273193359375,19
2212.24560546875,1,31,0,1888.129150390625,65
2212.24560546875,1,37,2,2199.177978515625,164
2212.24560546875,6,34,0,2042.894775390625,123
2212.24560546875,0,28,0,1709.5438232421875,62
2212.24560546875,1,35,1,2121.532470703125,120
2212.24560546875,0,37,1,2199.177978515625,141
2212.24560546875,1,35,2,2116.275634765625,106
2050.58740234375,6,32,2,1785.458984375,97
2050.58740234375,70,13,0,667.5277709960938,0
2050.58740234375,1,37,2,2037.419677734375,173
2050.58740234375,0,28,0,1633.3050537109375,44
2050.58740234375,42,27,0,1568.1533203125,54
2050.58740234375,5,30,0,1724.2110595703125,68
2050.58740234375,0,31,0,1776.8843994140625,80
2050.58740234375,5,37,0,2037.419677734375,168
2343.381591796875,0,42,3,2330.211181640625,153
2343.381591796875,1,42,3,2330.211181640625,197
2343.381591796875,25,27,0,1537.509521484375,47
2343.381591796875,1,40,0,2219.443115234375,134
2343.381591796875,1,33,1,1855.683349609375,100
2343.381591796875,44,28,0,1602.612060546875,50
2343.381591796875,27,33,1,1860.139404296875,114
2343.381591796875,3,26,0,1483.778564453125,42
2036.4581298828125,0,37,0,2023.275146484375,168
2036.4581298828125,20,31,1,1773.6180419921875,88
2036.4581298828125,0,30,0,1711.5443115234375,73
2036.4581298828125,0,30,0,1705.1357421875,80
2036.4581298828125,1,31,1,1768.8616943359375,90
2036.4581298828125,1,37,2,2023.275146484375,132
2036.4581298828125,49,34,1,1886.163818359375,111
2036.4581298828125,3,28,0,1611.97802734375,60
2181.71630859375,12,31,1,1790.61572265625,91
2181.71630859375,1,38,0,2169.29931640625,134
2181.71630859375,55,34,1,1959.40185546875,116
2181.71630859375,0,26,0,1488.7237548828125,50
2181.71630859375,0,37,2,2095.67236328125,149
2181.71630859375,0,28,0,1631.3653564453125,65
2181.71630859375,13,28,0,1619.0997314453125,68
2181.71630859375,1,38,2,2169.29931640625,144
2230.631103515625,13,40,2,2217.461669921875,191
2230.631103515625,1,27,0,1550.00634765625,48
2230.631103515625,2,40,2,2217.461669921875,158
2230.631103515625,1,35,2,1985.2921142578125,141
2230.631103515625,1,24,0,1401.079345703125,20
2230.631103515625,4,33,1,1866.8126220703125,88
2230.631103515625,1,27,0,1554.06298828125,49
2230.631103515625,0,31,0,1771.1026611328125,97
2182.61181640625,1,37,2,2169.44287109375,148
2182.61181640625,40,31,0,1868.4163818359373,99
2182.61181640625,18,30,0,1809.2967529296875,72
2182.61181640625,0,34,1,2030.815673828125,121
2182.61181640625,34,33,1,1968.3779296875,101
2182.61181640625,28,37,3,2168.491455078125,152
2182.61181640625,1,30,0,1795.193359375,73
2182.61181640625,1,31,1,1878.581298828125,84
1962.0760498046875,0,28,1,1613.4783935546875,63
1962.0760498046875,4,34,2,1948.9083251953125,157
1962.0760498046875,14,32,0,1834.7908935546875,107
1962.0760498046875,0,33,0,1890.5146484375,120
1962.0760498046875,1,27,0,1557.8831787109375,51
1962.0760498046875,1,27,0,1554.6156005859375,62
1962.0760498046875,1,34,1,1948.9083251953125,127
1962.0760498046875,1,31,2,1773.03662109375,82
2049.247314453125,3,31,0,1806.0997314453125,106
2049.247314453125,1,35,0,2036.930419921875,159
2049.247314453125,1,34,1,1966.7222900390625,103
2049.247314453125,0,26,0,1533.4696044921875,37
2049.247314453125,1,33,1,1902.6602783203125,103
2049.247314453125,26,35,4,2036.930419921875,170
2049.247314453125,1,24,0,1365.1116943359375,36
2049.247314453125,0,30,0,1753.7486572265625,63
2126.831298828125,0,27,0,1593.0797119140625,45
2126.831298828125,8,33,0,1970.2669677734373,113
2126.831298828125,1,30,0,1771.3785400390625,77
2126.831298828125,2,28,0,1672.0205078125,62
2126.831298828125,6,35,1,2112.00634765625,127
2126.831298828125,1,33,0,1962.0772705078125,106
2126.831298828125,2,35,1,2113.6630859375,164
2126.831298828125,14,35,4,2102.03125,121
2151.83203125,1,31,0,1840.6575927734373,89
2151.83203125,0,35,1,2062.219970703125,148
2151.83203125,10,37,2,2138.658203125,174
2151.83203125,0,27,0,1591.428466796875,46
2151.83203125,48,28,1,1670.5616455078125,74
2151.83203125,0,31,0,1840.257080078125,64
2151.83203125,1,37,4,2138.658203125,142
2151.83203125,45,28,0,1681.846435546875,63
2025.11376953125,3,28,0,1710.4652099609375,53
2025.11376953125,1,27,0,1630.68505859375,52
2025.11376953125,0,30,0,1829.373046875,64
2025.11376953125,0,34,1,2011.94580078125,146
2025.11376953125,1,33,0,1994.850341796875,121
2025.11376953125,0,31,0,1881.863525390625,87
2025.11376953125,1,34,1,2006.8890380859373,113
2025.11376953125,6,34,2,2011.94580078125,132
2127.72802734375,0,34,0,1967.327880859375,138
2127.72802734375,4,30,0,1737.8577880859375,92
2127.72802734375,0,37,2,2113.30810546875,180
2127.72802734375,2,37,4,2114.559814453125,170
2127.72802734375,1,26,0,1507.4493408203125,42
2127.72802734375,1,31,1,1802.5364990234373,112
2127.72802734375,0,31,0,1797.47802734375,97
2127.72802734375,0,27,0,1570.91259765625,41
2382.555908203125,3,30,1,1784.1104736328125,80
2382.555908203125,0,30,0,1791.169677734375,68
2382.555908203125,0,27,0,1618.6015625,38
2382.555908203125,9,42,2,2369.374755859375,165
2382.555908203125,0,42,4,2369.374755859375,210
2382.555908203125,0,41,0,2346.718505859375,120
2382.555908203125,0,34,0,2001.565673828125,90
2382.555908203125,1,33,1,1944.447021484375,90
2258.6025390625,0,31,0,1894.04296875,97
2258.6025390625,0,26,0,1605.7418212890625,31
2258.6025390625,1,37,1,2189.988037109375,157
2258.6025390625,3,27,0,1663.0914306640625,56
2258.6025390625,44,31,1,1890.8387451171875,83
2258.6025390625,4,35,0,2106.975830078125,124
2258.6025390625,6,38,3,2245.434814453125,176
2258.6025390625,3,38,2,2245.434814453125,131
1962.3758544921875,0,27,0,1497.324951171875,66
1962.3758544921875,52,36,2,1949.2095947265625,128
1962.3758544921875,0,35,0,1938.49658203125,145
1962.3758544921875,12,28,0,1563.4056396484375,56
1962.3758544921875,4,36,3,1949.2095947265625,184
1962.3758544921875,5,27,0,1500.6607666015625,44
1962.3758544921875,0,34,1,1883.0946044921875,108
1962.3758544921875,0,30,0,1654.996826171875,73
2184.837646484375,5,24,0,1427.0970458984375,27
2184.837646484375,0,29,1,1690.0655517578125,71
2184.837646484375,1,38,2,2171.66943359375,175
2184.837646484375,0,28,1,1663.2596435546875,66
2184.837646484375,0,38,0,2170.517822265625,154
2184.837646484375,0,24,0,1426.796630859375,22
2184.837646484375,31,33,0,1909.00439453125,117
2184.837646484375,0,38,1,2167.513916015625,169
2140.7353515625,4,37,3,2128.31787109375,126
2140.7353515625,1,31,0,1814.8487548828125,99
2140.7353515625,1,27,0,1578.0545654296875,41
2140.7353515625,1,31,0,1816.450927734375,73
2140.7353515625,3,35,2,2044.6209716796875,132
2140.7353515625,49,30,0,1753.1026611328125,75
2140.7353515625,4,33,0,1917.4681396484373,110
2140.7353515625,1,37,3,2128.31787109375,166
2151.34423828125,0,27,0,1593.5302734375,51
2151.34423828125,1,35,1,2063.034912109375,128
2151.34423828125,0,30,0,1766.1136474609375,66
2151.34423828125,2,30,1,1774.0120849609375,61
2151.34423828125,1,37,2,2138.16796875,148
2151.34423828125,5,37,3,2138.16796875,171
2151.34423828125,0,35,0,2062.484130859375,114
2151.34423828125,0,34,0,2000.0118408203125,95
1982.90478515625,0,24,0,1394.904296875,54
1982.90478515625,2,35,1,1970.2254638671875,164
1982.90478515625,0,33,0,1890.5113525390625,82
1982.90478515625,0,27,0,1589.3494873046875,49
1982.90478515625,0,34,1,1961.4927978515625,116
1982.90478515625,1,35,3,1970.2254638671875,158
1982.90478515625,55,28,0,1643.4776611328125,54
1982.90478515625,50,31,1,1804.799560546875,96
2046.79931640625,4,34,1,1968.4761962890625,112
2046.79931640625,4,35,2,2033.7811279296875,173
2046.79931640625,21,35,1,2029.775634765625,145
2046.79931640625,2,33,0,1913.6636962890625,106
2046.79931640625,3,35,2,2031.3779296875,124
2046.79931640625,50,31,0,1810.09228515625,86
2046.79931640625,3,24,0,1413.013427734375,28
2046.79931640625,0,24,0,1407.4559326171875,26
2049.156494140625,1,27,0,1581.757568359375,45
2049.156494140625,1,35,2,2025.973876953125,119
2049.156494140625,5,26,0,1515.1275634765625,45
2049.156494140625,0,30,0,1747.661376953125,78
2049.156494140625,0,34,0,1971.12060546875,107
2049.156494140625,0,34,0,1970.519775390625,109
2049.156494140625,2,35,1,2035.98828125,162
2049.156494140625,1,35,3,2034.5863037109373,142
2239.754150390625,0,27,0,1615.7808837890625,52
2239.754150390625,23,27,0,1615.530517578125,51
2239.754150390625,3,28,1,1683.1077880859375,63
2239.754150390625,1,38,2,2226.5859375,167
2239.754150390625,13,35,1,2061.6298828125,155
2239.754150390625,1,37,2,2159.170654296875,153
2239.754150390625,4,27,0,1618.840576171875,55
2239.754150390625,1,38,1,2221.87939453125,153
2111.796875,2,37,2,2098.621337890625,196
2111.796875,1,37,3,2098.621337890625,163
2111.796875,1,34,0,1955.405517578125,111
2111.796875,0,28,1,1657.7032470703125,61
2111.796875,0,26,0,1534.938720703125,34
2111.796875,1,27,0,1589.7166748046875,57
2111.796875,0,31,1,1811.9791259765625,84
2111.796875,7,34,0,1968.023193359375,127
2134.998291015625,2,34,2,1973.5223388671875,123
2134.998291015625,0,27,0,1561.327880859375,37
2134.998291015625,4,37,1,2122.28125,163
2134.998291015625,5,31,1,1788.3544921875,77
2134.998291015625,1,35,2,2032.7174072265625,142
2134.998291015625,3,37,1,2120.87939453125,165
2134.998291015625,1,26,0,1496.1236572265625,34
2134.998291015625,2,30,0,1715.9547119140625,77
2107.0517578125,1,38,3,2093.888427734375,196
2107.0517578125,0,28,0,1583.752685546875,59
2107.0517578125,0,38,1,2093.888427734375,127
2107.0517578125,1,34,0,1887.5888671875,108
2107.0517578125,20,27,0,1523.2264404296875,54
2107.0517578125,0,30,1,1666.0892333984375,53
2107.0517578125,2,37,1,2037.2872314453125,136
2107.0517578125,0,35,2,1952.549072265625,111
2239.133056640625,47,26,0,1497.61767578125,39
2239.133056640625,1,40,0,2225.965087890625,171
2239.133056640625,0,29,1,1640.8504638671875,79
2239.133056640625,0,34,1,1894.2899169921875,140
2239.133056640625,50,24,0,1400.2427978515625,22
2239.133056640625,3,33,1,1872.531982421875,108
2239.133056640625,2,40,2,2225.965087890625,191
2239.133056640625,1,28,0,1626.0411376953125,52
2276.30517578125,0,28,0,1651.0465087890625,84
2276.30517578125,1,38,1,2170.124267578125,150
2276.30517578125,15,33,0,1891.7708740234373,102
2276.30517578125,29,40,4,2262.1357421875,173
2276.30517578125,3,27,0,1578.099365234375,42
2276.30517578125,0,28,0,1649.0438232421875,53
2276.30517578125,0,28,0,1641.483642578125,65
2276.30517578125,1,40,2,2263.33740234375,153
2480.671142578125,18,28,1,1759.3814697265625,68
2480.671142578125,11,30,0,1864.932861328125,84
2480.671142578125,0,40,2,2466.2509765625,165
2480.671142578125,1,40,1,2467.502685546875,191
2480.671142578125,1,34,2,2133.086669921875,125
2480.671142578125,0,27,0,1685.984130859375,36
2480.671142578125,1,33,1,2062.246337890625,123
2480.671142578125,1,23,0,1402.5609130859375,9
2144.55712890625,1,37,1,2073.44873046875,143
2144.55712890625,1,27,0,1554.8914794921875,44
2144.55712890625,0,30,0,1696.841064453125,75
2144.55712890625,4,38,2,2130.73828125,177
2144.55712890625,1,38,4,2131.38916015625,181
2144.55712890625,14,24,0,1381.7593994140625,24
2144.55712890625,1,34,0,1932.1937255859373,117
2144.55712890625,0,28,0,1610.526123046875,52
2091.98486328125,11,30,0,1692.098876953125,62
2091.98486328125,1,31,0,1765.7706298828125,102
2091.98486328125,0,23,0,1278.2515869140625,16
2091.98486328125,0,30,0,1697.26513671875,79
2091.98486328125,1,30,0,1700.41943359375,77
2091.98486328125,0,38,2,2078.8115234375,186
2091.98486328125,1,38,2,2078.8115234375,168
2091.98486328125,1,31,2,1754.2005615234375,79
2293.8544921875,2,30,0,1719.5428466796875,63
2293.8544921875,3,41,0,2280.0849609375,197
2293.8544921875,1,28,0,1625.6024169921875,57
2293.8544921875,30,26,0,1492.859130859375,30
2293.8544921875,23,30,0,1722.7481689453125,67
2293.8544921875,27,31,1,1778.449462890625,90
2293.8544921875,12,41,3,2281.136474609375,207
2293.8544921875,1,28,0,1624.7513427734375,73
2316.890380859375,3,40,3,2299.0595703125,166
2316.890380859375,1,40,2,2301.913330078125,167
2316.890380859375,13,27,1,1637.288330078125,62
2316.890380859375,0,27,0,1625.0213623046875,44
2316.890380859375,54,40,1,2303.7158203125,199
2316.890380859375,2,30,0,1786.127197265625,96
2316.890380859375,3,23,0,1361.6253662109375,17
2316.890380859375,42,26,0,1565.518798828125,40
2332.670166015625,11,26,0,1529.3095703125,39
2332.670166015625,1,31,1,1804.9490966796875,88
2332.670166015625,2,41,5,2319.952392578125,193
2332.670166015625,12,26,0,1520.57421875,29
2332.670166015625,46,41,1,2318.35009765625,181
2332.670166015625,1,34,0,1965.123779296875,119
2332.670166015625,0,40,0,2260.91259765625,156
2332.670166015625,4,28,0,1652.7841796875,61
2081.546875,7,35,1,2068.371826171875,102
2081.546875,31,34,0,2043.464111328125,133
2081.546875,1,31,0,1890.4061279296875,85
2081.546875,1,26,0,1600.5391845703125,35
2081.546875,16,35,3,2068.371826171875,165
2081.546875,0,33,0,1986.354736328125,106
2081.546875,0,31,2,1894.7119140625,88
2081.546875,49,28,0,1733.127685546875,60
1844.1151123046875,3,33,0,1818.5989990234373,105
1844.1151123046875,0,28,1,1574.1593017578125,74
1844.1151123046875,3,24,0,1367.3763427734375,26
1844.1151123046875,0,31,0,1723.30859375,103
1844.1151123046875,12,34,2,1830.939697265625,132
1844.1151123046875,4,34,2,1830.939697265625,145
1844.1151123046875,1,31,0,1730.1678466796875,93
1844.1151123046875,3,33,1,1825.6588134765625,134
2150.41064453125,1,37,1,2137.24267578125,147
2150.41064453125,6,32,1,1853.5361328125,104
2150.41064453125,3,27,0,1604.069091796875,45
2150.41064453125,7,31,0,1836.758544921875,102
2150.41064453125,10,34,0,2008.211181640625,126
2150.41064453125,14,37,2,2137.24267578125,185
2150.41064453125,4,28,1,1663.193603515625,51
2150.41064453125,0,26,0,1533.781982421875,41
2069.713134765625,1,30,0,1697.77490234375,70
2069.713134765625,33,30,0,1693.9197998046875,63
2069.713134765625,44,31,0,1757.940673828125,98
2069.713134765625,29,26,0,1470.9598388671875,41
2069.713134765625,0,33,0,1851.446044921875,85
2069.713134765625,1,37,2,2056.54541015625,143
2069.713134765625,1,37,2,2056.54541015625,176
2069.713134765625,2,34,3,1911.708740234375,117
2155.787109375,11,33,0,1937.766357421875,105
2155.787109375,1,26,0,1535.0621337890625,43
2155.787109375,1,34,1,2002.9375,128
2155.787109375,2,31,0,1839.7470703125,81
2155.787109375,13,26,0,1531.05615234375,47
2155.787109375,3,33,0,1930.4566650390625,115
2155.787109375,2,37,3,2143.118408203125,166
2155.787109375,35,37,3,2143.118408203125,151
2259.142822265625,4,30,0,1724.7803955078125,68
2259.142822265625,6,40,2,2244.222412109375,156
2259.142822265625,9,40,4,2246.72607421875,166
2259.142822265625,0,27,0,1538.4888916015625,60
2259.142822265625,1,33,1,1883.1036376953125,104
2259.142822265625,0,34,0,1943.952392578125,92
2259.142822265625,1,37,0,2063.00634765625,109
2259.142822265625,1,30,0,1724.27978515625,71
1979.0185546875,9,27,0,1560.8834228515625,68
1979.0185546875,50,33,2,1901.2784423828125,133
1979.0185546875,0,27,0,1553.804931640625,48
1979.0185546875,2,30,1,1714.4625244140625,91
1979.0185546875,0,34,1,1964.89599609375,125
1979.0185546875,1,28,0,1627.37255859375,58
1979.0185546875,1,34,2,1965.8472900390625,145
1979.0185546875,2,34,0,1963.7445068359373,135
2227.70751953125,0,33,0,1921.527099609375,89
2227.70751953125,6,38,2,2214.54638671875,155
2227.70751953125,3,37,1,2150.691650390625,127
2227.70751953125,1,35,0,2049.815673828125,123
2227.70751953125,0,38,3,2214.54638671875,153
2227.70751953125,7,37,0,2141.328857421875,127
2227.70751953125,0,26,0,1498.634765625,27
2227.70751953125,21,30,0,1748.195556640625,53
2005.7750244140625,21,33,1,1865.1656494140625,102
2005.7750244140625,35,31,0,1768.636962890625,75
2005.7750244140625,0,30,0,1707.4476318359375,93
2005.7750244140625,67,26,0,1465.83203125,39
2005.7750244140625,1,31,0,1771.691162109375,102
2005.7750244140625,1,35,2,1993.0576171875,156
2005.7750244140625,1,35,3,1991.6055908203125,152
2005.7750244140625,0,34,0,1926.845458984375,110
1910.555419921875,2,28,0,1623.345458984375,73
1910.555419921875,1,34,1,1897.3765869140625,138
1910.555419921875,58,33,3,1884.2412109375,124
1910.555419921875,2,33,0,1887.64599609375,96
1910.555419921875,2,30,0,1726.629638671875,67
1910.555419921875,9,34,2,1897.3765869140625,167
1910.555419921875,1,26,0,1489.97265625,45
1910.555419921875,0,28,0,1632.8828125,74
2161.670654296875,34,28,0,1638.0555419921875,69
2161.670654296875,7,38,4,2148.458251953125,216
2161.670654296875,0,37,1,2088.208984375,150
2161.670654296875,1,31,1,1781.702392578125,94
2161.670654296875,0,27,0,1572.73583984375,57
2161.670654296875,0,24,0,1415.6451416015625,22
2161.670654296875,4,38,1,2148.458251953125,125
2161.670654296875,1,24,0,1417.697998046875,17
2070.910400390625,0,26,0,1539.0697021484375,27
2070.910400390625,15,30,1,1761.4755859375,70
2070.910400390625,0,34,0,1989.0390625,102
2070.910400390625,1,35,3,2057.74365234375,195
2070.910400390625,2,34,1,2000.303466796875,130
2070.910400390625,0,27,0,1593.7845458984375,57
2070.910400390625,2,30,0,1750.811767578125,76
2070.910400390625,1,35,2,2057.74365234375,147
2073.02783203125,4,30,1,1771.3096923828125,61
2073.02783203125,0,34,0,2002.400634765625,126
2073.02783203125,24,28,0,1681.735595703125,67
2073.02783203125,1,27,0,1607.6688232421875,51
2073.02783203125,0,35,1,2058.057373046875,144
2073.02783203125,0,27,0,1600.4593505859375,62
2073.02783203125,15,33,1,1940.9029541015625,107
2073.02783203125,0,35,3,2060.010009765625,180
2049.376708984375,0,34,1,2034.65625,109
2049.376708984375,1,24,0,1378.474365234375,47
2049.376708984375,0,31,0,1858.8984375,97
2049.376708984375,3,33,1,1974.2801513671875,113
2049.376708984375,2,28,0,1684.2457275390625,82
2049.376708984375,12,34,2,2036.658935546875,136
2049.376708984375,1,31,0,1854.5423583984373,103
2049.376708984375,1,33,1,1950.8486328125,103
2070.54736328125,1,38,2,2057.366455078125,167
2070.54736328125,3,27,0,1533.3699951171875,55
2070.54736328125,6,31,0,1746.3275146484375,83
2070.54736328125,0,28,0,1582.998779296875,80
2070.54736328125,3,33,1,1846.025634765625,99
2070.54736328125,0,28,0,1598.7462158203125,74
2070.54736328125,7,38,3,2057.366455078125,180
2070.54736328125,3,33,0,1838.7657470703125,88
2221.62353515625,0,35,0,2067.302001953125,140
2221.62353515625,2,30,0,1771.7843017578125,64
2221.62353515625,10,31,0,1845.524169921875,86
2221.62353515625,38,38,4,2209.106689453125,168
2221.62353515625,0,30,0,1765.1253662109375,80
2221.62353515625,2,38,1,2209.106689453125,144
2221.62353515625,0,31,0,1852.1829833984373,82
2221.62353515625,1,21,0,1195.4486083984375,8
1962.634033203125,2,35,2,1949.466064453125,145
1962.634033203125,10,30,0,1655.3385009765625,72
1962.634033203125,4,35,2,1948.6148681640625,162
1962.634033203125,0,31,0,1732.009765625,112
1962.634033203125,4,33,1,1829.7052001953125,114
1962.634033203125,0,26,0,1445.5206298828125,44
1962.634033203125,0,31,1,1720.8369140625,81
1962.634033203125,0,30,0,1667.9603271484375,88
2140.203125,3,26,0,1578.289306640625,34
2140.203125,19,31,0,1888.2088623046875,96
2140.203125,1,31,0,1878.8958740234373,72
2140.203125,18,35,3,2127.034912109375,175
2140.203125,8,34,1,2054.583740234375,90
2140.203125,0,30,0,1806.7376708984373,71
2140.203125,2,35,2,2127.034912109375,135
2140.203125,9,33,1,2007.5123291015625,117
2012.20166015625,1,30,0,1658.6602783203125,61
2012.20166015625,0,37,0,1999.0318603515625,148
2012.20166015625,3,27,0,1507.881591796875,43
2012.20166015625,3,33,0,1818.8431396484373,92
2012.20166015625,3,35,0,1933.8865966796875,131
2012.20166015625,0,34,2,1876.3524169921875,117
2012.20166015625,5,37,4,1999.0318603515625,195
2012.20166015625,0,20,0,1085.1697998046875,12
2111.663330078125,0,33,1,1848.04296875,92
2111.663330078125,1,23,0,1208.714599609375,10
2111.663330078125,0,34,0,1916.3636474609373,81
2111.663330078125,1,33,0,1846.5408935546875,81
2111.663330078125,2,38,2,2098.422607421875,204
2111.663330078125,0,28,0,1594.4852294921875,57
2111.663330078125,1,27,0,1519.9124755859375,55
2111.663330078125,0,38,1,2098.422607421875,164
2117.444580078125,34,38,3,2104.275634765625,193
2117.444580078125,1,31,0,1750.1578369140625,76
2117.444580078125,0,28,0,1597.9300537109375,65
2117.444580078125,1,23,0,1280.8101806640625,16
2117.444580078125,0,31,0,1744.600341796875,84
2117.444580078125,1,38,2,2104.275634765625,163
2117.444580078125,13,34,2,1906.1611328125,124
2117.444580078125,0,37,1,2043.212158203125,121
2217.27294921875,0,27,0,1563.07080078125,63
2217.27294921875,0,28,0,1617.2935791015625,68
2217.27294921875,2,35,1,1980.9366455078125,121
2217.27294921875,4,20,0,1048.6705322265625,13
2217.27294921875,6,28,0,1624.1607666015625,44
2217.27294921875,8,30,1,1707.5428466796875,90
2217.27294921875,0,40,1,2204.056884765625,170
2217.27294921875,1,40,4,2204.056884765625,195
2271.940185546875,3,31,1,1897.283203125,86
2271.940185546875,1,38,2,2258.772216796875,177
2271.940185546875,1,31,0,1889.7730712890625,82
2271.940185546875,6,38,3,2258.772216796875,167
2271.940185546875,4,28,0,1734.3052978515625,56
2271.940185546875,3,26,0,1584.3717041015625,41
2271.940185546875,15,33,0,1994.1114501953125,90
2271.940185546875,0,28,0,1735.20654296875,65
2050.618408203125,13,35,4,2037.4501953125,165
2050.618408203125,1,27,1,1569.3746337890625,53
2050.618408203125,0,31,1,1810.8526611328125,101
2050.618408203125,0,27,0,1575.5430908203125,49
2050.618408203125,23,30,0,1741.8721923828125,80
2050.618408203125,20,26,0,1494.4954833984375,33
2050.618408203125,5,33,0,1905.88525390625,121
2050.618408203125,1,35,1,2037.4501953125,144
1694.12548828125,53,30,0,1680.9241943359375,133
1694.12548828125,11,30,1,1680.9241943359375,114
1694.12548828125,1,24,0,1402.3885498046875,41
1694.12548828125,1,26,0,1509.63671875,60
1694.12548828125,1,29,0,1652.9339599609375,123
1694.12548828125,0,28,2,1635.763916015625,69
1694.12548828125,2,29,1,1655.787841796875,86
1694.12548828125,1,28,0,1639.11865234375,69
2206.27001953125,0,28,0,1664.8494873046875,70
2206.27001953125,2,30,1,1759.99853515625,71
2206.27001953125,0,28,0,1662.69580078125,63
2206.27001953125,20,30,0,1751.0361328125,85
2206.27001953125,1,28,0,1656.8878173828125,68
2206.27001953125,1,38,3,2193.4521484375,135
2206.27001953125,1,34,1,1998.356689453125,112
2206.27001953125,2,38,2,2193.4521484375,196
2363.0234375,0,42,2,2349.85546875,198
2363.0234375,2,42,4,2349.85546875,247
2363.0234375,2,35,1,2006.4117431640625,116
2363.0234375,11,30,0,1727.765380859375,66
2363.0234375,5,33,0,1889.8193359375,77
2363.0234375,10,26,0,1505.5203857421875,31
2363.0234375,4,26,0,1506.721923828125,38
2363.0234375,12,27,0,1571.387939453125,61
2146.31298828125,0,24,0,1459.909912109375,24
2146.31298828125,0,30,0,1819.798828125,74
2146.31298828125,33,35,3,2133.144775390625,207
2146.31298828125,0,30,0,1826.4588623046875,58
2146.31298828125,0,34,1,2071.234619140625,108
2146.31298828125,0,33,1,2010.168701171875,106
2146.31298828125,2,35,1,2133.144775390625,107
2146.31298828125,0,33,1,2003.0089111328125,103
2172.4814453125,3,38,3,2160.463134765625,187
2172.4814453125,0,26,0,1543.231201171875,42
2172.4814453125,1,33,1,1904.341064453125,104
2172.4814453125,28,30,0,1746.46044921875,90
2172.4814453125,30,31,1,1808.3712158203125,100
2172.4814453125,0,26,0,1538.466796875,51
2172.4814453125,5,38,2,2160.463134765625,158
2172.4814453125,0,33,1,1905.6431884765625,103
2274.95361328125,1,34,0,2044.7718505859373,101
2274.95361328125,5,28,0,1700.53125,55
2274.95361328125,1,33,0,1981.4228515625,75
2274.95361328125,3,38,3,2261.785400390625,167
2274.95361328125,6,27,0,1632.0067138671875,42
2274.95361328125,12,38,1,2261.785400390625,174
2274.95361328125,4,37,3,2197.407958984375,131
2274.95361328125,31,30,0,1810.6500244140625,65
2077.25048828125,0,28,0,1663.5361328125,87
2077.25048828125,0,34,1,1998.873291015625,109
2077.25048828125,5,28,0,1662.071533203125,72
2077.25048828125,13,35,2,2064.08203125,138
2077.25048828125,1,28,0,1667.1259765625,57
2077.25048828125,5,35,3,2064.08203125,152
2077.25048828125,2,34,0,2000.525634765625,132
2077.25048828125,0,31,0,1817.4417724609373,78
2075.129638671875,45,26,0,1549.16650390625,39
2075.129638671875,6,35,3,2062.38037109375,173
2075.129638671875,4,30,0,1786.6629638671875,69
2075.129638671875,1,35,2,2056.62255859375,144
2075.129638671875,3,28,0,1695.3724365234375,69
2075.129638671875,0,35,0,2057.723876953125,133
2075.129638671875,5,31,0,1850.915771484375,98
2075.129638671875,0,24,0,1400.388916015625,34
2202.55712890625,3,33,1,1932.5782470703125,108
2202.55712890625,0,27,0,1601.2342529296875,41
2202.55712890625,24,31,0,1836.2918701171875,101
2202.55712890625,2,38,1,2187.937255859375,166
2202.55712890625,0,31,0,1833.337890625,72
2202.55712890625,1,38,2,2189.38916015625,181
2202.55712890625,13,28,0,1667.666015625,74
2202.55712890625,0,33,3,1929.47412109375,108
1895.697998046875,12,34,1,1882.5106201171875,138
1895.697998046875,1,28,0,1630.0474853515625,69
1895.697998046875,5,31,1,1783.05078125,100
1895.697998046875,66,34,2,1882.5106201171875,178
1895.697998046875,1,33,2,1876.557861328125,124
1895.697998046875,2,26,0,1501.993408203125,38
1895.697998046875,0,28,0,1645.51806640625,68
1895.697998046875,0,26,0,1501.8431396484375,48
2242.26220703125,1,34,0,1997.6270751953125,95
2242.26220703125,0,31,1,1813.9166259765625,77
2242.26220703125,19,37,2,2149.814453125,135
2242.26220703125,1,35,1,2066.320068359375,116
2242.26220703125,0,30,0,1758.1341552734375,58
2242.26220703125,34,38,1,2228.6435546875,149
2242.26220703125,2,38,3,2229.244384765625,158
2242.26220703125,0,27,0,1587.3297119140625,40
2119.37158203125,8,34,0,1972.77490234375,104
2119.37158203125,1,28,0,1641.6876220703125,54
2119.37158203125,42,31,0,1807.748046875,77
2119.37158203125,2,37,4,2106.2021484375,151
2119.37158203125,0,30,0,1739.7353515625,77
2119.37158203125,0,37,2,2105.1005859375,130
2119.37158203125,0,33,0,1906.771240234375,110
2119.37158203125,0,34,1,1974.4271240234373,116
2056.83349609375,0,35,2,2044.0657958984373,149
2056.83349609375,0,33,0,1904.908447265625,77
2056.83349609375,0,35,0,2037.9072265625,143
2056.83349609375,4,35,3,2044.0657958984373,165
2056.83349609375,0,27,0,1550.965087890625,60
2056.83349609375,1,34,1,1982.9356689453125,120
2056.83349609375,2,31,0,1810.1051025390625,82
2056.83349609375,1,28,0,1633.44580078125,60
2065.040283203125,0,27,0,1547.2823486328125,49
2065.040283203125,20,36,3,2052.44580078125,143
2065.040283203125,1,35,2,2043.6485595703125,126
2065.040283203125,2,36,1,2052.44580078125,145
2065.040283203125,0,28,0,1633.6959228515625,55
2065.040283203125,8,31,0,1819.2626953125,90
2065.040283203125,1,33,0,1921.4139404296875,94
2065.040283203125,49,33,0,1913.552978515625,100
2000.47021484375,0,33,0,1928.4849853515625,95
2000.47021484375,29,26,0,1537.8369140625,34
2000.47021484375,4,34,3,1987.6522216796875,191
2000.47021484375,58,34,3,1987.6522216796875,124
2000.47021484375,2,30,0,1758.5013427734375,67
2000.47021484375,0,33,1,1915.1171875,100
2000.47021484375,1,28,0,1657.789794921875,86
2000.47021484375,1,30,0,1760.2537841796875,86
2105.660888671875,50,27,0,1565.8721923828125,70
2105.660888671875,29,33,0,1897.90869140625,84
2105.660888671875,29,37,2,2092.472900390625,165
2105.660888671875,2,27,0,1577.140625,39
2105.660888671875,0,30,0,1732.6678466796875,67
2105.660888671875,0,33,3,1903.7159423828125,94
2105.660888671875,0,28,0,1637.6690673828125,51
2105.660888671875,6,37,2,2092.472900390625,215
2205.13720703125,1,26,0,1524.7650146484375,34
2205.13720703125,1,37,0,2127.599365234375,123
2205.13720703125,1,27,1,1595.8768310546875,33
2205.13720703125,21,38,3,2191.96826171875,163
2205.13720703125,1,38,2,2191.96826171875,173
2205.13720703125,1,33,0,1921.0391845703125,95
2205.13720703125,5,33,0,1927.948486328125,93
2205.13720703125,0,30,0,1757.2642822265625,69
2072.915283203125,1,35,1,2059.59765625,149
2072.915283203125,1,31,1,1831.7786865234373,94
2072.915283203125,0,34,0,2001.090087890625,135
2072.915283203125,0,30,1,1759.39453125,73
2072.915283203125,2,28,0,1667.830078125,70
2072.915283203125,27,35,3,2060.749267578125,170
2072.915283203125,0,34,1,1994.28076171875,117
2072.915283203125,1,26,0,1537.766357421875,41
2117.11669921875,1,28,0,1700.3695068359375,70
2117.11669921875,52,35,2,2103.948486328125,179
2117.11669921875,1,28,0,1685.046875,63
2117.11669921875,2,35,2,2103.948486328125,124
2117.11669921875,1,31,0,1855.8310546875,95
2117.11669921875,3,31,1,1874.8778076171875,85
2117.11669921875,3,30,0,1799.8477783203125,74
2117.11669921875,3,31,1,1854.67626953125,91
2211.7021484375,0,24,0,1361.5943603515625,16
2211.7021484375,31,38,1,2104.1376953125,126
2211.7021484375,3,40,2,2199.2353515625,185
2211.7021484375,1,31,1,1739.22900390625,71
2211.7021484375,0,40,1,2199.2353515625,114
2211.7021484375,0,13,0,660.7391967773438,9
2211.7021484375,1,35,1,1953.8408203125,113
2211.7021484375,1,35,0,1958.9476318359373,126
2117.525390625,0,31,0,1775.7392578125,99
2117.525390625,1,34,0,1944.0133056640625,92
2117.525390625,1,37,5,2104.35791015625,189
2117.525390625,44,34,1,1954.178466796875,126
2117.525390625,50,27,0,1551.11767578125,45
2117.525390625,0,26,0,1489.826171875,47
2117.525390625,0,30,0,1703.75048828125,66
2117.525390625,0,37,2,2104.35791015625,140
1944.5577392578125,1,27,0,1549.1256103515625,55
1944.5577392578125,2,34,1,1931.8905029296875,173
1944.5577392578125,0,28,1,1618.67578125,72
1944.5577392578125,0,33,1,1876.15673828125,107
1944.5577392578125,3,30,1,1698.3216552734375,70
1944.5577392578125,2,28,0,1611.0654296875,68
1944.5577392578125,1,34,2,1931.8905029296875,166
1944.5577392578125,5,23,0,1270.5843505859375,15
2367.433837890625,0,21,0,1208.830322265625,16
2367.433837890625,1,28,0,1660.205322265625,62
2367.433837890625,1,33,0,1945.803466796875,82
2367.433837890625,4,40,4,2354.266845703125,177
2367.433837890625,0,33,1,1943.7508544921875,116
2367.433837890625,2,35,0,2080.624755859375,95
2367.433837890625,27,31,0,1825.551513671875,82
2367.433837890625,2,40,1,2352.9150390625,162
2066.29736328125,1,34,0,1991.4835205078125,126
2066.29736328125,25,21,0,1204.1861572265625,0
2066.29736328125,1,28,0,1680.02001953125,63
2066.29736328125,3,34,1,1991.032958984375,126
2066.29736328125,8,25,0,1453.001220703125,35
2066.29736328125,1,28,0,1680.5706787109375,65
2066.29736328125,10,35,3,2053.779296875,226
2066.29736328125,1,35,2,2053.779296875,136
2360.949951171875,1,27,0,1648.5211181640625,47
2360.949951171875,1,28,0,1711.6766357421875,56
2360.949951171875,0,37,2,2183.431884765625,127
2360.949951171875,3,28,0,1709.2733154296875,50
2360.949951171875,7,40,0,2347.681884765625,145
2360.949951171875,9,33,1,1976.4176025390625,111
2360.949951171875,5,40,4,2348.883544921875,196
2360.949951171875,31,31,0,1874.61865234375,76
2311.551513671875,39,28,0,1694.769775390625,57
2311.551513671875,6,34,2,2007.6207275390625,106
2311.551513671875,5,30,0,1787.99462890625,84
2311.551513671875,1,33,0,1946.95849609375,68
2311.551513671875,34,40,2,2297.632568359375,160
2311.551513671875,17,34,0,2011.8267822265625,127
2311.551513671875,2,33,1,1945.606689453125,92
2311.551513671875,44,40,3,2298.984375,187
2100.0263671875,2,35,3,2087.258544921875,185
2100.0263671875,0,35,2,2087.258544921875,124
2100.0263671875,1,30,0,1795.854736328125,54
2100.0263671875,14,28,1,1680.4920654296875,62
2100.0263671875,1,34,0,2026.857666015625,130
2100.0263671875,1,27,0,1616.0235595703125,43
2100.0263671875,1,31,0,1849.2122802734373,82
2100.0263671875,0,34,1,2014.589599609375,123
2071.696533203125,33,33,0,1928.2215576171875,106
2071.696533203125,15,35,0,2058.528564453125,137
2071.696533203125,1,35,3,2058.528564453125,141
2071.696533203125,49,34,2,1992.8653564453125,115
2071.696533203125,1,30,0,1755.8206787109375,61
2071.696533203125,0,30,0,1747.744873046875,79
2071.696533203125,8,27,0,1588.20458984375,59
2071.696533203125,0,31,0,1811.2359619140625,81
2008.5675048828125,55,30,1,1713.908935546875,82
2008.5675048828125,3,34,2,1932.5025634765625,125
2008.5675048828125,1,26,0,1488.2188720703125,36
2008.5675048828125,15,26,0,1482.260986328125,46
2008.5675048828125,1,34,0,1939.7623291015625,122
2008.5675048828125,1,35,2,1995.399658203125,136
2008.5675048828125,5,35,2,1995.399658203125,173
2008.5675048828125,40,28,0,1614.6414794921875,67
2104.767822265625,23,28,0,1628.0242919921875,64
2104.767822265625,50,34,0,1951.1080322265625,114
2104.767822265625,3,37,4,2091.600341796875,163
2104.767822265625,0,30,0,1719.51806640625,72
2104.767822265625,1,31,0,1781.0068359375,86
2104.767822265625,51,37,2,2090.198486328125,133
2104.767822265625,0,33,0,1886.253662109375,96
2104.767822265625,19,30,0,1721.8714599609375,79
2311.558837890625,3,40,2,2296.6884765625,178
2311.558837890625,0,30,1,1784.2777099609375,69
2311.558837890625,16,28,1,1687.5362548828125,67
2311.558837890625,53,28,0,1683.922119140625,63
2311.558837890625,0,27,0,1613.727783203125,53
2311.558837890625,1,33,0,1964.63720703125,77
2311.558837890625,1,34,1,1991.6104736328125,121
2311.558837890625,24,40,1,2298.390869140625,196
2356.065185546875,23,27,0,1603.330078125,38
2356.065185546875,40,35,2,2082.6728515625,112
2356.065185546875,11,40,3,2342.897216796875,194
2356.065185546875,26,30,0,1781.4130859375,66
2356.065185546875,33,40,2,2342.897216796875,136
2356.065185546875,0,38,0,2243.636474609375,100
2356.065185546875,2,30,1,1773.0799560546875,64
2356.065185546875,4,35,0,2083.173583984375,113
2460.99560546875,0,41,1,2444.57373046875,175
2460.99560546875,13,27,0,1630.9261474609375,46
2460.99560546875,11,41,2,2447.828125,196
2460.99560546875,1,37,2,2217.53662109375,129
2460.99560546875,0,21,0,1235.24462890625,13
2460.99560546875,49,33,0,1999.109619140625,70
2460.99560546875,5,40,2,2383.88232421875,154
2460.99560546875,11,27,0,1627.77197265625,43
2162.6337890625,0,27,0,1624.587158203125,50
2162.6337890625,1,27,0,1621.0323486328125,48
2162.6337890625,1,27,0,1622.5843505859375,44
2162.6337890625,0,35,0,2077.462890625,114
2162.6337890625,2,37,4,2149.966796875,211
2162.6337890625,22,24,0,1459.4080810546875,32
2162.6337890625,11,30,0,1774.136962890625,77
2162.6337890625,1,37,3,2149.966796875,142
2164.92822265625,33,35,1,2071.2939453125,109
2164.92822265625,1,37,2,2151.860107421875,132
2164.92822265625,0,30,0,1781.51953125,82
2164.92822265625,2,31,2,1848.504638671875,77
2164.92822265625,5,37,3,2151.860107421875,208
2164.92822265625,12,26,0,1537.5775146484375,37
2164.92822265625,6,33,1,1948.67919921875,79
2164.92822265625,30,34,0,2015.2716064453125,75
1988.1302490234373,27,34,0,1885.7567138671875,130
1988.1302490234373,7,27,0,1526.1500244140625,55
1988.1302490234373,5,37,4,1975.4403076171875,192
1988.1302490234373,0,35,1,1943.18115234375,148
1988.1302490234373,7,37,1,1975.4403076171875,126
1988.1302490234373,1,28,1,1588.9735107421875,66
1988.1302490234373,1,27,0,1528.35302734375,55
1988.1302490234373,0,27,0,1524.2972412109375,34
2167.237060546875,0,24,0,1377.3175048828125,17
2167.237060546875,6,28,0,1621.646484375,76
2167.237060546875,0,30,0,1722.7508544921875,58
2167.237060546875,0,35,1,1956.7481689453125,141
2167.237060546875,1,38,2,2154.069091796875,136
2167.237060546875,4,30,0,1726.0552978515625,52
2167.237060546875,34,38,3,2154.069091796875,212
2167.237060546875,1,34,1,1940.8594970703125,119
2050.818359375,1,33,0,1910.1220703125,94
2050.818359375,34,33,0,1894.7498779296875,95
2050.818359375,1,35,1,2036.3485107421875,141
2050.818359375,3,34,1,1969.8782958984373,97
2050.818359375,0,23,0,1286.7037353515625,19
2050.818359375,20,27,0,1565.5242919921875,61
2050.818359375,2,35,3,2037.6502685546875,170
2050.818359375,1,35,1,2032.9940185546875,145
2255.529296875,10,33,1,1879.4119873046875,119
2255.529296875,0,23,0,1278.9046630859375,19
2255.529296875,14,28,0,1624.4515380859375,74
2255.529296875,0,40,2,2242.861083984375,165
2255.529296875,1,23,0,1273.898193359375,19
2255.529296875,7,40,3,2242.861083984375,229
2255.529296875,0,30,0,1720.07763671875,70
2255.529296875,2,31,0,1786.0115966796875,106
2267.252197265625,0,28,0,1678.6990966796875,68
2267.252197265625,22,23,0,1344.0517578125,17
2267.252197265625,2,38,3,2254.835205078125,179
2267.252197265625,0,35,1,2107.9716796875,108
2267.252197265625,0,33,0,1979.96923828125,114
2267.252197265625,0,33,0,1990.3846435546875,93
2267.252197265625,3,34,1,2046.6717529296875,92
2267.252197265625,4,38,3,2254.835205078125,162
2061.330810546875,51,26,0,1568.3118896484375,43
2061.330810546875,1,30,0,1790.935546875,76
2061.330810546875,4,31,1,1861.758544921875,90
2061.330810546875,0,31,0,1872.1724853515625,102
2061.330810546875,14,34,1,2040.7508544921875,115
2061.330810546875,1,34,2,2048.1611328125,156
2061.330810546875,21,26,0,1549.9832763671875,43
2061.330810546875,1,34,2,2046.7591552734373,138
1939.818359375,1,33,1,1846.09765625,109
1939.818359375,2,34,2,1926.6505126953125,159
1939.818359375,1,34,1,1925.1986083984373,108
1939.818359375,6,28,0,1605.1737060546875,70
1939.818359375,1,34,1,1914.1339111328125,127
1939.818359375,1,27,0,1552.38427734375,66
1939.818359375,0,26,0,1486.489990234375,38
1939.818359375,2,33,1,1854.208251953125,121
2211.58349609375,0,31,1,1818.000244140625,71
2211.58349609375,1,31,0,1836.8843994140625,81
2211.58349609375,3,37,1,2141.628173828125,135
2211.58349609375,0,30,0,1762.296630859375,55
2211.58349609375,63,38,2,2199.12109375,156
2211.58349609375,23,38,3,2199.12109375,196
2211.58349609375,3,20,0,1126.305908203125,6
2211.58349609375,0,28,0,1658.17822265625,53
1990.4471435546875,1,30,0,1700.6937255859375,88
1990.4471435546875,1,31,1,1759.624267578125,78
1990.4471435546875,1,34,0,1917.59375,113
1990.4471435546875,103,24,0,1366.3548583984375,28
1990.4471435546875,10,35,2,1977.2830810546875,120
1990.4471435546875,2,35,3,1977.2830810546875,131
1990.4471435546875,31,33,0,1858.1219482421875,109
1990.4471435546875,18,31,0,1757.2684326171875,102
2045.549072265625,1,28,0,1629.2109375,63
2045.549072265625,1,30,1,1721.9404296875,82
2045.549072265625,0,35,0,2026.709716796875,149
2045.549072265625,1,31,2,1784.456298828125,96
2045.549072265625,1,35,2,2030.592041015625,121
2045.549072265625,0,27,0,1556.70751953125,40
2045.549072265625,51,33,0,1884.906494140625,101
2045.549072265625,9,35,1,2032.3807373046875,160
2259.764892578125,0,28,0,1622.194091796875,60
2259.764892578125,2,40,4,2246.597900390625,188
2259.764892578125,50,27,0,1555.870849609375,53
2259.764892578125,0,33,0,1887.4161376953125,99
2259.764892578125,8,33,0,1888.767822265625,110
2259.764892578125,41,34,2,1949.49951171875,117
2259.764892578125,11,35,2,2006.77099609375,123
2259.764892578125,8,40,2,2244.545166015625,151
2006.4986572265625,1,36,2,1994.2755126953125,178
2006.4986572265625,0,28,0,1629.7757568359375,58
2006.4986572265625,0,31,0,1778.4671630859375,85
2006.4986572265625,1,35,1,1980.7271728515625,129
2006.4986572265625,4,36,0,1994.2755126953125,120
2006.4986572265625,20,31,1,1789.9844970703125,85
2006.4986572265625,1,33,2,1873.7093505859373,95
2006.4986572265625,1,26,0,1489.357666015625,36
2210.320068359375,0,31,1,1889.724853515625,82
2210.320068359375,2,33,0,1997.9842529296875,103
2210.320068359375,9,30,0,1813.5030517578125,65
2210.320068359375,1,31,0,1896.0008544921875,88
2210.320068359375,31,37,3,2197.152099609375,201
2210.320068359375,9,37,2,2196.6015625,149
2210.320068359375,0,26,0,1563.767333984375,42
2210.320068359375,0,35,1,2123.281005859375,114
1810.2103271484373,58,26,0,1482.391357421875,40
1810.2103271484373,30,28,0,1600.68212890625,56
1810.2103271484373,59,32,3,1797.8336181640625,130
1810.2103271484373,5,32,1,1766.53955078125,126
1810.2103271484373,8,31,0,1756.0020751953125,87
1810.2103271484373,10,32,1,1797.8336181640625,127
1810.2103271484373,0,31,0,1761.4095458984375,78
1810.2103271484373,1,30,0,1699.254150390625,70
2370.81201171875,1,34,0,1958.2735595703125,108
2370.81201171875,45,34,1,1958.52392578125,97
2370.81201171875,3,35,2,2018.322998046875,124
2370.81201171875,2,41,0,2356.192138671875,154
2370.81201171875,2,28,0,1634.4398193359375,51
2370.81201171875,3,41,4,2358.044677734375,203
2370.81201171875,5,30,0,1729.9508056640625,85
2370.81201171875,7,24,0,1405.812744140625,18
2274.042724609375,41,31,2,1807.158447265625,81
2274.042724609375,1,40,2,2260.274169921875,171
2274.042724609375,11,27,0,1580.533935546875,51
2274.042724609375,1,28,0,1659.1414794921875,57
2274.042724609375,0,28,0,1659.1414794921875,66
2274.042724609375,11,31,1,1805.7064208984373,94
2274.042724609375,3,33,0,1910.336669921875,96
2274.042724609375,2,40,2,2260.875,189
2300.693603515625,1,26,0,1508.875732421875,45
2300.693603515625,1,40,2,2286.171875,164
2300.693603515625,2,40,2,2287.523681640625,172
2300.693603515625,1,37,2,2125.121826171875,163
2300.693603515625,0,31,1,1806.2364501953125,78
2300.693603515625,0,27,0,1571.638671875,48
2300.693603515625,0,27,0,1583.985107421875,46
2300.693603515625,1,31,0,1807.8128662109373,90
1963.040283203125,21,33,0,1879.8023681640625,93
1963.040283203125,0,30,0,1703.0804443359375,80
1963.040283203125,1,23,0,1275.862060546875,24
1963.040283203125,1,28,0,1610.8133544921875,51
1963.040283203125,22,28,0,1612.7159423828125,64
1963.040283203125,2,30,0,1710.9410400390625,74
1963.040283203125,24,34,2,1949.86962890625,110
1963.040283203125,4,34,3,1949.86962890625,201
2211.91796875,11,38,3,2198.94970703125,146
2211.91796875,1,34,1,1991.7044677734373,132
2211.91796875,1,38,1,2198.94970703125,135
2211.91796875,0,28,0,1657.7662353515625,65
2211.91796875,3,31,0,1818.05029296875,82
2211.91796875,8,34,0,1986.998046875,98
2211.91796875,2,31,0,1822.0086669921875,86
2211.91796875,40,37,2,2136.018798828125,120
2022.30908203125,1,27,0,1584.5438232421875,65
2022.30908203125,21,35,2,2009.138671875,193
2022.30908203125,33,26,0,1512.60302734375,25
2022.30908203125,0,28,1,1647.5035400390625,62
2022.30908203125,2,31,2,1785.7745361328125,78
2022.30908203125,0,26,0,1523.167236328125,30
2022.30908203125,0,34,0,1948.895263671875,138
2022.30908203125,0,35,2,2009.138671875,141
2126.311279296875,4,31,0,1791.4190673828125,68
2126.311279296875,1,24,0,1390.9404296875,30
2126.311279296875,1,28,0,1628.95751953125,68
2126.311279296875,8,37,2,2113.533203125,132
2126.311279296875,4,37,2,2115.235595703125,197
2126.311279296875,57,33,2,1903.569580078125,100
2126.311279296875,0,35,0,2034.863037109375,110
2126.311279296875,19,30,0,1722.0963134765625,83
2371.4453125,7,41,3,2358.275146484375,212
2371.4453125,4,30,1,1714.22900390625,69
2371.4453125,1,27,1,1551.0106201171875,47
2371.4453125,1,24,0,1383.925048828125,28
2371.4453125,43,26,0,1489.4898681640625,39
2371.4453125,24,33,0,1882.3568115234373,103
2371.4453125,1,41,0,2358.275146484375,158
2371.4453125,3,40,1,2287.850830078125,144
1949.8328857421875,1,28,0,1604.8846435546875,57
1949.8328857421875,1,33,1,1890.7333984375,105
1949.8328857421875,14,30,0,1706.330810546875,79
1949.8328857421875,4,27,0,1550.5360107421875,50
1949.8328857421875,25,35,3,1936.6385498046875,145
1949.8328857421875,0,27,0,1550.9866943359375,50
1949.8328857421875,1,34,1,1902.3746337890625,126
1949.8328857421875,10,35,0,1936.6385498046875,152
2451.321533203125,0,28,0,1732.1839599609375,68
2451.321533203125,2,41,3,2438.851806640625,191
2451.321533203125,30,30,0,1838.020751953125,70
2451.321533203125,23,30,0,1828.20703125,50
2451.321533203125,26,33,1,2026.6220703125,71
2451.321533203125,22,24,0,1442.369873046875,23
2451.321533203125,12,41,1,2438.851806640625,162
2451.321533203125,10,40,3,2433.921875,184
1985.83984375,0,35,2,1971.014404296875,143
1985.83984375,22,27,0,1518.01025390625,63
1985.83984375,0,35,2,1969.3621826171875,135
1985.83984375,0,26,0,1457.345947265625,41
1985.83984375,3,33,0,1847.6513671875,107
1985.83984375,9,30,0,1677.501220703125,59
1985.83984375,2,35,2,1972.666748046875,157
1985.83984375,0,33,0,1844.04638671875,107
2282.656494140625,5,26,0,1600.178466796875,19
2282.656494140625,1,38,2,2269.48828125,156
2282.656494140625,39,31,0,1907.6802978515625,81
2282.656494140625,0,31,1,1909.0322265625,82
2282.656494140625,1,37,1,2211.937744140625,122
2282.656494140625,21,34,0,2070.874755859375,130
2282.656494140625,1,38,1,2269.48828125,130
2282.656494140625,0,34,1,2071.826171875,88
2303.652587890625,0,40,1,2290.48486328125,140
2303.652587890625,0,26,0,1517.259765625,33
2303.652587890625,12,38,2,2195.4990234375,127
2303.652587890625,1,40,3,2290.48486328125,207
2303.652587890625,21,26,0,1517.0595703125,41
2303.652587890625,0,27,0,1589.136474609375,53
2303.652587890625,3,34,2,1979.4810791015625,110
2303.652587890625,18,31,0,1808.5721435546875,93
1994.8670654296875,0,35,1,1940.0057373046875,146
1994.8670654296875,2,36,2,1981.69775390625,170
1994.8670654296875,2,28,0,1617.808349609375,50
1994.8670654296875,1,26,0,1487.816650390625,34
1994.8670654296875,1,34,1,1911.177734375,124
1994.8670654296875,11,36,0,1981.69775390625,139
1994.8670654296875,69,26,0,1482.0517578125,35
1994.8670654296875,5,30,1,1704.87060546875,73
2148.99169921875,0,33,1,1922.252197265625,100
2148.99169921875,0,30,0,1746.1502685546875,90
2148.99169921875,1,37,2,2135.8212890625,147
2148.99169921875,0,37,1,2134.214599609375,153
2148.99169921875,1,27,0,1582.688232421875,46
2148.99169921875,0,34,1,2000.504150390625,124
2148.99169921875,40,30,0,1755.3988037109375,86
2148.99169921875,12,30,1,1751.203125,76
2139.72314453125,0,28,0,1647.3863525390625,64
2139.72314453125,1,26,0,1517.3548583984375,30
2139.72314453125,1,33,0,1897.5733642578125,99
2139.72314453125,1,38,2,2126.527099609375,156
2139.72314453125,31,37,2,2108.92333984375,112
2139.72314453125,1,31,1,1804.7958984375,74
2139.72314453125,48,33,0,1896.2215576171875,109
2139.72314453125,1,38,1,2126.527099609375,129
2089.36328125,1,35,2,2076.193115234375,195
2089.36328125,22,31,0,1870.350830078125,82
2089.36328125,4,33,0,1964.6639404296875,83
2089.36328125,0,28,0,1698.4200439453125,70
2089.36328125,48,35,1,2076.193115234375,130
2089.36328125,51,28,0,1703.4267578125,66
2089.36328125,1,26,0,1570.4498291015625,33
2089.36328125,0,34,3,2025.593017578125,127
2191.27734375,2,37,3,2178.109375,180
2191.27734375,20,27,0,1628.9107666015625,58
2191.27734375,27,34,2,2023.7357177734373,103
2191.27734375,1,37,1,2178.109375,136
2191.27734375,1,30,0,1785.0888671875,76
2191.27734375,2,31,0,1859.99462890625,88
2191.27734375,5,34,0,1970.880859375,128
2191.27734375,3,27,0,1639.4285888671875,57
2177.970947265625,2,28,0,1718.4114990234375,73
2177.970947265625,1,37,1,2164.7880859375,154
2177.970947265625,1,26,0,1571.3662109375,31
2177.970947265625,0,28,0,1712.203125,68
2177.970947265625,19,37,1,2164.7880859375,198
2177.970947265625,0,29,0,1726.6724853515625,68
2177.970947265625,0,24,0,1454.8153076171875,32
2177.970947265625,0,35,3,2110.169677734375,128
2202.53759765625,0,28,0,1684.4427490234375,62
2202.53759765625,2,27,0,1620.1441650390625,53
2202.53759765625,1,34,1,2006.7166748046875,121
2202.53759765625,0,30,0,1774.778564453125,84
2202.53759765625,1,34,1,1996.1021728515625,99
2202.53759765625,1,38,1,2189.369873046875,140
2202.53759765625,0,31,1,1831.5357666015625,68
2202.53759765625,4,38,4,2189.369873046875,187
1897.5211181640625,2,34,2,1885.2545166015625,136
1897.5211181640625,43,28,0,1581.0400390625,78
1897.5211181640625,5,31,0,1742.0006103515625,96
1897.5211181640625,4,34,4,1885.2545166015625,178
1897.5211181640625,0,31,0,1742.0506591796875,112
1897.5211181640625,0,27,0,1518.5010986328125,55
1897.5211181640625,22,31,0,1737.7572021484375,95
1897.5211181640625,0,30,0,1667.7528076171875,68
2001.0811767578125,0,34,1,1987.0623779296875,120
2001.0811767578125,2,31,0,1820.857177734375,91
2001.0811767578125,14,34,3,1988.263916015625,179
2001.0811767578125,47,34,2,1988.263916015625,122
2001.0811767578125,27,31,0,1816.2509765625,83
2001.0811767578125,0,31,0,1826.7149658203125,73
2001.0811767578125,2,30,0,1761.8839111328125,78
2001.0811767578125,3,28,0,1647.610107421875,59
2281.82470703125,2,24,0,1408.8121337890625,24
2281.82470703125,11,40,1,2268.657958984375,158
2281.82470703125,0,34,0,1977.28662109375,110
2281.82470703125,1,35,0,2038.066162109375,121
2281.82470703125,3,40,5,2268.657958984375,207
2281.82470703125,8,26,0,1507.101806640625,33
2281.82470703125,20,28,2,1642.4879150390625,57
2281.82470703125,0,35,0,2037.966064453125,110
2257.942138671875,0,35,0,2086.492431640625,103
2257.942138671875,1,34,0,2021.8074951171875,99
2257.942138671875,15,37,2,2178.506103515625,152
2257.942138671875,5,28,0,1680.2027587890625,47
2257.942138671875,1,38,1,2241.1181640625,150
2257.942138671875,1,35,1,2085.99169921875,136
2257.942138671875,1,21,0,1244.3916015625,0
2257.942138671875,2,38,2,2245.374267578125,180
2048.829833984375,17,35,2,2035.6622314453125,111
2048.829833984375,6,35,3,2035.6622314453125,169
2048.829833984375,3,31,1,1816.6092529296875,101
2048.829833984375,0,34,0,1975.8404541015625,126
2048.829833984375,16,30,0,1754.0888671875,77
2048.829833984375,0,28,0,1666.7872314453125,71
2048.829833984375,31,27,0,1597.279541015625,60
2048.829833984375,50,28,1,1654.598388671875,66
2038.6268310546875,67,35,2,2026.08837890625,191
2038.6268310546875,0,30,0,1783.8712158203125,68
2038.6268310546875,2,30,0,1775.236572265625,78
2038.6268310546875,1,35,1,2026.08837890625,145
2038.6268310546875,14,33,2,1942.1290283203125,107
2038.6268310546875,1,34,0,2010.328125,106
2038.6268310546875,1,28,0,1675.300537109375,46
2038.6268310546875,0,23,0,1321.6280517578125,23
2052.7158203125,30,33,1,1970.741943359375,102
2052.7158203125,3,28,0,1695.8756103515625,48
2052.7158203125,29,28,0,1710.1734619140625,72
2052.7158203125,12,34,0,2038.2459716796875,134
2052.7158203125,34,28,0,1704.8126220703125,67
2052.7158203125,8,34,3,2039.5477294921875,166
2052.7158203125,0,34,1,2037.99560546875,126
2052.7158203125,6,30,1,1804.6497802734373,75
2051.142822265625,8,35,1,2038.67431640625,119
2051.142822265625,42,28,0,1651.3463134765625,54
2051.142822265625,33,31,2,1822.1451416015625,95
2051.142822265625,2,33,0,1921.8951416015625,104
2051.142822265625,1,34,0,1977.9754638671875,112
2051.142822265625,41,35,3,2038.67431640625,180
2051.142822265625,50,28,0,1650.7454833984375,57
2051.142822265625,31,26,0,1512.1380615234375,38
2098.093017578125,1,37,2,2085.1240234375,113
2098.093017578125,10,33,0,1910.5496826171875,108
2098.093017578125,5,35,0,2055.4970703125,93
2098.093017578125,1,31,0,1802.512939453125,69
2098.093017578125,0,37,3,2085.1240234375,195
2098.093017578125,0,21,0,1206.32275390625,9
2098.093017578125,0,33,0,1913.253173828125,84
2098.093017578125,22,31,0,1813.28662109375,103
2167.669921875,7,37,3,2154.502197265625,192
2167.669921875,0,28,0,1672.2960205078125,55
2167.669921875,62,37,0,2154.502197265625,121
2167.669921875,30,28,1,1676.8018798828125,50
2167.669921875,2,34,1,1998.6748046875,108
2167.669921875,1,27,0,1603.275634765625,59
2167.669921875,0,31,0,1826.009033203125,86
2167.669921875,6,33,1,1936.6651611328125,101
2082.942138671875,1,31,0,1811.236083984375,103
2082.942138671875,1,35,5,2070.32470703125,142
2082.942138671875,1,35,1,2066.3193359375,132
2082.942138671875,0,34,0,2000.940185546875,115
2082.942138671875,0,30,0,1746.8341064453125,69
2082.942138671875,0,21,0,1197.287353515625,16
2082.942138671875,1,28,0,1648.1475830078125,66
2082.942138671875,0,33,0,1922.318603515625,87
1934.066162109375,41,34,3,1921.0333251953125,154
1934.066162109375,0,30,0,1738.7691650390625,66
1934.066162109375,52,33,0,1910.2955322265625,86
1934.066162109375,2,33,0,1917.30517578125,102
1934.066162109375,6,31,0,1796.2728271484375,87
1934.066162109375,4,33,1,1905.589111328125,102
1934.066162109375,12,34,1,1921.0333251953125,122
1934.066162109375,0,28,0,1622.5262451171875,58
2006.781005859375,8,35,4,1993.6131591796875,162
2006.781005859375,0,31,0,1765.5611572265625,87
2006.781005859375,1,33,0,1869.0174560546875,115
2006.781005859375,63,20,0,1067.937255859375,0
2006.781005859375,0,35,0,1992.9622802734373,121
2006.781005859375,0,34,2,1930.2391357421875,123
2006.781005859375,1,30,0,1705.7171630859375,87
2006.781005859375,0,31,0,1769.2298583984375,86
2297.959716796875,1,41,4,2284.792236328125,242
2297.959716796875,30,34,2,1922.04833984375,109
2297.959716796875,0,27,0,1529.3546142578125,42
2297.959716796875,32,30,1,1692.50634765625,76
2297.959716796875,5,41,0,2284.792236328125,169
2297.959716796875,52,31,0,1758.556884765625,72
2297.959716796875,1,24,0,1362.5150146484375,32
2297.959716796875,1,35,1,1985.5435791015625,109
2227.634765625,2,31,0,1766.1246337890625,81
2227.634765625,4,40,2,2215.4501953125,195
2227.634765625,2,40,3,2212.1455078125,181
2227.634765625,33,37,1,2061.73291015625,126
2227.634765625,1,34,1,1925.177490234375,91
2227.634765625,1,26,0,1471.3140869140625,33
2227.634765625,0,31,0,1766.2747802734375,97
2227.634765625,5,27,0,1559.3486328125,46
2123.00390625,1,35,1,2030.789306640625,144
2123.00390625,3,28,0,1639.2742919921875,63
2123.00390625,25,37,3,2110.7373046875,146
2123.00390625,0,31,0,1792.2276611328125,90
2123.00390625,0,31,1,1808.451416015625,71
2123.00390625,0,28,0,1636.3203125,63
2123.00390625,6,35,1,2036.296875,120
2123.00390625,2,37,2,2110.7373046875,164
2207.1181640625,0,27,0,1590.9970703125,52
2207.1181640625,22,30,0,1772.8388671875,70
2207.1181640625,10,38,4,2193.912109375,236
2207.1181640625,0,28,0,1662.7840576171875,60
2207.1181640625,4,38,4,2193.912109375,149
2207.1181640625,22,34,0,1990.768310546875,92
2207.1181640625,0,33,0,1927.4989013671875,91
2207.1181640625,0,28,1,1660.330810546875,59
2276.61669921875,1,31,0,1756.3094482421875,74
2276.61669921875,1,37,2,2056.3515625,124
2276.61669921875,3,30,1,1692.9268798828125,75
2276.61669921875,2,41,1,2263.849609375,140
2276.61669921875,20,26,0,1473.367919921875,39
2276.61669921875,1,41,3,2263.849609375,240
2276.61669921875,0,26,0,1476.5721435546875,43
2276.61669921875,1,33,2,1851.037353515625,100
2113.897705078125,0,31,0,1852.98095703125,84
2113.897705078125,0,35,2,2100.730224609375,137
2113.897705078125,2,35,3,2100.730224609375,167
2113.897705078125,20,31,0,1855.93505859375,93
2113.897705078125,0,27,0,1615.72900390625,57
2113.897705078125,4,33,1,1962.119140625,120
2113.897705078125,31,28,1,1697.71826171875,62
2113.897705078125,0,33,0,1955.8101806640625,100
2192.141357421875,63,38,4,2178.9736328125,199
2192.141357421875,1,26,0,1515.16162109375,33
2192.141357421875,1,34,1,1956.741943359375,130
2192.141357421875,3,27,0,1581.2685546875,42
2192.141357421875,2,28,1,1654.5506591796875,71
2192.141357421875,0,38,1,2178.9736328125,119
2192.141357421875,0,37,0,2107.03564453125,170
2192.141357421875,11,27,1,1585.7244873046875,65
2113.59228515625,18,35,2,2100.384521484375,205
2113.59228515625,1,34,2,2045.4324951171875,114
2113.59228515625,0,31,0,1876.4119873046875,71
2113.59228515625,0,27,0,1637.2635498046875,60
2113.59228515625,23,33,0,1980.7408447265625,77
2113.59228515625,1,21,0,1209.32763671875,13
2113.59228515625,1,27,0,1649.18017578125,60
2113.59228515625,1,35,1,2100.384521484375,134
2200.974853515625,0,28,0,1667.761474609375,60
2200.974853515625,1,35,2,2113.035888671875,129
2200.974853515625,12,37,1,2187.80712890625,140
2200.974853515625,1,34,1,2042.07861328125,111
2200.974853515625,1,30,0,1786.4200439453125,67
2200.974853515625,6,37,3,2187.80712890625,151
2200.974853515625,0,31,0,1853.2864990234373,90
2200.974853515625,1,30,0,1771.962646484375,82
1990.7703857421875,2,31,0,1794.812255859375,78
1990.7703857421875,2,33,0,1893.9296875,84
1990.7703857421875,23,35,1,1978.2178955078125,133
1990.7703857421875,1,23,0,1318.8721923828125,12
1990.7703857421875,6,28,0,1641.0789794921875,70
1990.7703857421875,0,28,0,1649.5413818359375,55
1990.7703857421875,4,34,2,1952.871826171875,115
1990.7703857421875,56,35,2,1978.2178955078125,166
2337.294677734375,1,30,0,1758.50732421875,68
2337.294677734375,1,34,1,1972.7437744140625,122
2337.294677734375,23,30,0,1759.2584228515625,68
2337.294677734375,1,26,0,1532.3795166015625,8
2337.294677734375,2,41,1,2322.774658203125,167
2337.294677734375,17,30,0,1754.5018310546875,76
2337.294677734375,0,38,1,2174.379638671875,160
2337.294677734375,3,41,4,2324.12646484375,206
2184.105712890625,1,37,1,2170.93798828125,152
2184.105712890625,2,37,2,2170.93798828125,177
2184.105712890625,3,33,0,1952.4566650390625,96
2184.105712890625,2,34,2,2025.2962646484373,115
2184.105712890625,0,26,0,1529.1846923828125,31
2184.105712890625,1,34,2,2027.1488037109373,122
2184.105712890625,0,31,0,1856.5003662109373,99
2184.105712890625,11,26,0,1543.06787109375,44
2035.157958984375,0,34,0,1949.3121337890625,113
2035.157958984375,0,35,1,2021.0887451171875,147
2035.157958984375,0,30,0,1726.4864501953125,76
2035.157958984375,7,35,2,2021.989990234375,159
2035.157958984375,0,27,0,1561.1414794921875,33
2035.157958984375,4,35,1,2018.2847900390625,137
2035.157958984375,11,33,1,1888.9169921875,106
2035.157958984375,12,24,0,1402.970947265625,29
1982.6722412109373,4,31,1,1802.4075927734373,97
1982.6722412109373,1,33,0,1898.020751953125,106
1982.6722412109373,0,27,0,1568.5399169921875,54
1982.6722412109373,1,34,1,1967.7015380859373,138
1982.6722412109373,4,27,0,1575.0562744140625,59
1982.6722412109373,3,31,0,1790.3870849609375,84
1982.6722412109373,2,34,1,1969.0032958984373,135
1982.6722412109373,23,34,3,1969.5040283203125,158
2053.968994140625,0,34,0,1897.24853515625,121
2053.968994140625,2,30,1,1664.2401123046875,68
2053.968994140625,1,37,2,2040.350830078125,124
2053.968994140625,20,21,0,1161.149658203125,5
2053.968994140625,10,37,1,2041.4022216796875,155
2053.968994140625,1,35,0,1958.292236328125,110
2053.968994140625,1,37,2,2039.349609375,134
2053.968994140625,0,28,0,1577.6644287109375,61
2401.78662109375,28,28,0,1708.9832763671875,61
2401.78662109375,1,37,1,2220.407470703125,106
2401.78662109375,0,28,0,1706.7802734375,62
2401.78662109375,0,12,0,604.5941162109375,3
2401.78662109375,19,40,2,2384.212158203125,145
2401.78662109375,3,40,2,2388.6181640625,189
2401.78662109375,0,34,1,2061.63134765625,103
2401.78662109375,5,27,0,1647.5242919921875,34
2172.48681640625,11,38,2,2159.318603515625,158
2172.48681640625,0,31,1,1781.3662109375,82
2172.48681640625,2,27,0,1561.370849609375,48
2172.48681640625,2,24,0,1399.4345703125,27
2172.48681640625,51,38,0,2159.318603515625,137
2172.48681640625,0,28,1,1630.97802734375,59
2172.48681640625,3,33,1,1878.4627685546875,96
2172.48681640625,59,38,1,2154.862548828125,164
2219.77734375,3,40,2,2206.925537109375,152
2219.77734375,39,27,0,1578.15185546875,55
2219.77734375,2,33,0,1904.156494140625,103
2219.77734375,5,40,3,2206.925537109375,149
2219.77734375,1,30,0,1732.760009765625,66
2219.77734375,20,28,0,1643.1138916015625,54
2219.77734375,5,34,1,1964.32763671875,116
2219.77734375,6,35,0,2022.913330078125,112
2149.255615234375,3,34,1,1989.7850341796875,134
2149.255615234375,3,37,5,2136.48828125,201
2149.255615234375,0,30,0,1759.750244140625,93
2149.255615234375,6,27,0,1603.1375732421875,46
2149.255615234375,2,30,0,1761.052001953125,73
2149.255615234375,1,35,2,2058.874755859375,136
2149.255615234375,0,26,0,1539.68359375,33
2149.255615234375,2,37,0,2136.48828125,125
2127.247802734375,1,35,0,1963.9849853515625,128
2127.247802734375,50,38,1,2113.078125,160
2127.247802734375,0,27,0,1526.5872802734375,40
2127.247802734375,5,30,1,1683.09130859375,84
2127.247802734375,1,31,1,1753.0452880859375,78
2127.247802734375,1,31,0,1750.0411376953125,77
2127.247802734375,2,38,3,2114.3798828125,167
2127.247802734375,0,30,0,1689.317138671875,90
2385.803466796875,7,42,2,2372.635009765625,186
2385.803466796875,1,28,0,1584.2833251953125,52
2385.803466796875,0,27,0,1531.0272216796875,55
2385.803466796875,1,24,0,1353.3074951171875,30
2385.803466796875,0,30,0,1676.988525390625,77
2385.803466796875,1,42,3,2371.4833984375,190
2385.803466796875,0,28,0,1600.005859375,67
2385.803466796875,3,41,3,2309.742919921875,154
2234.123291015625,4,38,2,2221.305419921875,131
2234.123291015625,11,22,0,1216.01611328125,17
2234.123291015625,1,33,0,1934.2425537109373,85
2234.123291015625,1,34,0,2000.3238525390625,95
2234.123291015625,1,37,1,2152.63916015625,136
2234.123291015625,3,31,1,1831.743408203125,81
2234.123291015625,11,38,2,2221.305419921875,184
2234.123291015625,3,28,0,1660.6815185546875,46
2260.922607421875,1,27,0,1538.5535888671875,43
2260.922607421875,39,40,2,2247.75439453125,181
2260.922607421875,4,40,1,2240.34423828125,154
2260.922607421875,14,31,0,1772.5048828125,80
2260.922607421875,2,27,0,1543.0595703125,54
2260.922607421875,2,30,1,1699.7916259765625,76
2260.922607421875,7,33,1,1878.566162109375,75
2260.922607421875,1,40,1,2246.252197265625,162
2101.272216796875,0,37,1,2088.104248046875,155
2101.272216796875,1,30,0,1703.306884765625,70
2101.272216796875,0,37,2,2088.104248046875,170
2101.272216796875,0,28,0,1606.2462158203125,76
2101.272216796875,0,23,0,1282.191650390625,20
2101.272216796875,1,35,1,2035.0338134765625,120
2101.272216796875,0,31,2,1785.5443115234375,86
2101.272216796875,1,27,0,1548.896728515625,28
2147.35107421875,0,34,1,2000.216796875,103
2147.35107421875,1,30,0,1787.857177734375,77
2147.35107421875,1,34,0,2000.767578125,122
2147.35107421875,2,37,4,2134.18310546875,201
2147.35107421875,0,28,0,1694.731201171875,78
2147.35107421875,3,26,0,1562.1014404296875,33
2147.35107421875,0,37,2,2134.18310546875,143
2147.35107421875,0,31,1,1844.4971923828125,93
2055.7890625,30,34,3,2042.62109375,128
2055.7890625,9,33,0,1972.114990234375,77
2055.7890625,21,33,1,1983.1259765625,107
2055.7890625,1,34,3,2042.62109375,198
2055.7890625,0,31,0,1854.4114990234373,91
2055.7890625,0,31,0,1854.5616455078125,88
2055.7890625,1,27,0,1627.209716796875,41
2055.7890625,1,28,0,1688.22314453125,69
2272.44287109375,3,28,0,1621.5330810546875,56
2272.44287109375,0,34,0,1952.784912109375,107
2272.44287109375,1,40,1,2258.173095703125,165
2272.44287109375,50,26,0,1474.8460693359375,41
2272.44287109375,0,37,2,2106.2763671875,138
2272.44287109375,1,23,0,1283.7850341796875,10
2272.44287109375,7,40,2,2259.725341796875,171
2272.44287109375,1,37,2,2103.272216796875,136
2199.449462890625,0,31,1,1826.157470703125,86
2199.449462890625,1,35,1,2055.071044921875,115
2199.449462890625,2,38,2,2186.266845703125,156
2199.449462890625,11,34,0,1994.7869873046875,110
2199.449462890625,0,30,0,1755.8206787109375,74
2199.449462890625,1,34,0,1986.671875,88
2199.449462890625,43,38,3,2186.266845703125,146
2199.449462890625,47,30,0,1758.47509765625,89
2237.523193359375,10,26,0,1571.4774169921875,32
2237.523193359375,0,37,0,2167.97119140625,124
2237.523193359375,22,38,5,2224.603759765625,229
2237.523193359375,13,33,0,1964.888916015625,100
2237.523193359375,7,38,1,2224.603759765625,150
2237.523193359375,0,27,0,1645.7030029296875,46
2237.523193359375,1,27,0,1645.402587890625,47
2237.523193359375,5,31,1,1866.518798828125,77
2138.25341796875,5,38,3,2125.085693359375,203
2138.25341796875,0,28,0,1612.5133056640625,69
2138.25341796875,1,34,1,1924.101806640625,101
2138.25341796875,40,27,0,1546.7452392578125,43
2138.25341796875,0,24,0,1381.880859375,21
2138.25341796875,1,31,0,1757.36962890625,62
2138.25341796875,0,37,2,2072.049560546875,140
2138.25341796875,3,38,1,2125.085693359375,144
1827.8304443359373,46,32,3,1814.9521484375,142
1827.8304443359373,0,28,0,1671.99169921875,64
1827.8304443359373,2,27,0,1604.7484130859375,56
1827.8304443359373,1,28,0,1669.93896484375,58
1827.8304443359373,0,27,0,1582.697509765625,55
1827.8304443359373,6,32,0,1814.9521484375,96
1827.8304443359373,3,31,0,1795.8763427734375,162
1827.8304443359373,3,23,0,1322.5791015625,21
2167.859619140625,8,30,1,1802.3853759765625,67
2167.859619140625,1,26,0,1572.1600341796875,32
2167.859619140625,48,31,0,1862.589111328125,88
2167.859619140625,37,34,0,2016.304443359375,94
2167.859619140625,0,31,0,1862.3388671875,88
2167.859619140625,0,37,2,2154.691650390625,154
2167.859619140625,11,33,1,1960.5614013671875,109
2167.859619140625,2,37,4,2154.691650390625,188
2152.77294921875,11,38,3,2139.603271484375,193
2152.77294921875,1,30,0,1703.9482421875,69
2152.77294921875,30,31,1,1781.0819091796875,77
2152.77294921875,0,31,0,1777.9776611328125,87
2152.77294921875,0,38,2,2139.603271484375,145
2152.77294921875,0,34,1,1934.1962890625,102
2152.77294921875,0,30,0,1720.0748291015625,75
2152.77294921875,21,33,1,1878.4422607421875,92
2495.595947265625,1,26,0,1534.7408447265625,33
2495.595947265625,3,30,0,1766.462646484375,72
2495.595947265625,0,27,1,1605.5076904296875,48
2495.595947265625,7,42,5,2482.8779296875,206
2495.595947265625,0,34,0,2022.3758544921875,110
2495.595947265625,0,35,1,2095.77490234375,131
2495.595947265625,0,42,2,2481.976318359375,186
2495.595947265625,1,41,0,2425.45068359375,140
2263.49169921875,19,26,0,1521.2742919921875,39
2263.49169921875,0,33,0,1947.5462646484373,87
2263.49169921875,5,38,4,2250.32373046875,179
2263.49169921875,0,35,1,2099.0224609375,139
2263.49169921875,2,31,0,1828.75146484375,92
2263.49169921875,1,38,2,2250.32373046875,137
2263.49169921875,21,26,0,1508.553466796875,49
2263.49169921875,10,34,1,2022.551025390625,129
2194.814697265625,3,30,1,1712.9808349609375,70
2194.814697265625,0,34,0,1928.8780517578125,91
2194.814697265625,0,28,0,1624.55322265625,61
2194.814697265625,0,26,0,1481.0758056640625,44
2194.814697265625,1,28,0,1609.7861328125,41
2194.814697265625,0,31,0,1770.837646484375,85
2194.814697265625,3,40,1,2182.147216796875,193
2194.814697265625,5,40,2,2182.147216796875,179
2343.069091796875,2,34,1,2020.621826171875,120
2343.069091796875,45,40,0,2329.89501953125,152
2343.069091796875,3,33,1,1956.7806396484373,106
2343.069091796875,3,40,5,2329.89501953125,202
2343.069091796875,0,28,0,1672.3157958984375,62
2343.069091796875,1,24,0,1454.644287109375,18
2343.069091796875,1,27,0,1616.3350830078125,52
2343.069091796875,0,30,0,1771.964599609375,67
2194.4287109375,1,38,1,2181.86181640625,149
2194.4287109375,1,31,0,1816.0013427734373,94
2194.4287109375,1,33,0,1915.708984375,96
2194.4287109375,0,37,2,2116.760498046875,119
2194.4287109375,6,27,0,1600.6336669921875,52
2194.4287109375,9,28,1,1657.0479736328125,56
2194.4287109375,0,33,0,1910.852294921875,106
2194.4287109375,1,38,2,2181.86181640625,140
2073.410888671875,43,34,0,1923.4132080078125,125
2073.410888671875,4,26,0,1473.4613037109375,42
2073.410888671875,0,26,0,1472.209716796875,41
2073.410888671875,0,35,0,1981.7913818359373,124
2073.410888671875,1,37,3,2060.242919921875,158
2073.410888671875,0,33,0,1862.20068359375,101
2073.410888671875,0,37,3,2058.039794921875,158
2073.410888671875,0,33,1,1865.755615234375,105
2144.494384765625,7,27,0,1595.3651123046875,54
2144.494384765625,0,31,0,1824.0093994140625,84
2144.494384765625,64,24,0,1417.6832275390625,19
2144.494384765625,11,23,0,1302.36962890625,17
2144.494384765625,24,37,4,2131.32470703125,206
2144.494384765625,0,31,0,1825.611572265625,90
2144.494384765625,0,37,0,2128.220703125,108
2144.494384765625,0,37,1,2124.26513671875,157
2011.7486572265625,23,34,5,1998.5802001953125,176
2011.7486572265625,0,31,0,1825.186767578125,90
2011.7486572265625,0,24,0,1425.5491943359375,20
2011.7486572265625,1,33,1,1923.029541015625,105
2011.7486572265625,2,30,0,1758.26611328125,83
2011.7486572265625,0,33,1,1930.1893310546875,114
2011.7486572265625,39,28,0,1653.1868896484375,67
2011.7486572265625,5,34,1,1998.5802001953125,113
2458.8203125,3,26,0,1510.3150634765625,44
2458.8203125,0,27,0,1575.8316650390625,49
2458.8203125,0,41,1,2310.746826171875,185
2458.8203125,5,44,2,2445.15185546875,180
2458.8203125,4,44,5,2445.65234375,228
2458.8203125,0,31,0,1786.7772216796875,97
2458.8203125,0,24,0,1420.318359375,23
2458.8203125,2,20,0,1150.531982421875,0
2266.837890625,0,28,0,1611.9517822265625,48
2266.837890625,27,40,3,2253.6669921875,188
2266.837890625,0,28,0,1608.447265625,57
2266.837890625,5,38,1,2150.461669921875,153
2266.837890625,1,27,0,1543.2039794921875,35
2266.837890625,58,26,0,1485.7103271484375,33
2266.837890625,3,35,1,1987.3070068359373,120
2266.837890625,58,40,2,2253.6669921875,156
2213.28125,2,27,0,1590.6761474609375,53
2213.28125,2,30,0,1756.3076171875,89
2213.28125,20,30,0,1768.0819091796875,71
2213.28125,2,24,0,1419.1597900390625,21
2213.28125,0,33,1,1933.73974609375,91
2213.28125,2,38,5,2200.56201171875,184
2213.28125,0,38,1,2200.56201171875,193
2213.28125,69,31,0,1829.1142578125,89
2258.5966796875,1,38,4,2246.322265625,174
2258.5966796875,0,27,0,1618.815673828125,46
2258.5966796875,0,31,0,1850.4234619140625,83
2258.5966796875,0,34,0,2029.0596923828125,93
2258.5966796875,27,30,0,1791.6942138671875,71
2258.5966796875,1,34,1,2036.4688720703125,127
2258.5966796875,1,33,0,1974.48095703125,96
2258.5966796875,1,38,2,2242.217041015625,163
2203.345947265625,1,30,0,1759.6768798828125,72
2203.345947265625,26,27,0,1600.6805419921875,46
2203.345947265625,1,30,0,1754.519775390625,78
2203.345947265625,0,38,1,2189.72705078125,160
2203.345947265625,0,31,0,1812.582763671875,97
2203.345947265625,2,33,1,1924.5908203125,105
2203.345947265625,2,38,3,2190.9287109375,178
2203.345947265625,1,34,2,2000.0054931640625,95
2094.497314453125,0,24,0,1438.6708984375,26
2094.497314453125,3,28,0,1681.02197265625,64
2094.497314453125,51,35,3,2081.284912109375,206
2094.497314453125,8,34,0,2005.701904296875,106
2094.497314453125,1,31,0,1843.0135498046875,92
2094.497314453125,9,27,1,1620.3333740234375,47
2094.497314453125,1,35,3,2080.183349609375,129
2094.497314453125,1,35,0,2076.02783203125,87
2066.400390625,1,33,0,1852.6375732421875,100
2066.400390625,49,30,0,1700.0828857421875,75
2066.400390625,12,34,2,1916.1171875,124
2066.400390625,1,27,0,1538.2589111328125,47
2066.400390625,0,31,1,1758.95068359375,89
2066.400390625,4,37,2,2053.73291015625,155
2066.400390625,2,37,2,2053.73291015625,159
2066.400390625,0,28,0,1600.8482666015625,60
2218.463623046875,2,38,1,2205.9970703125,165
2218.463623046875,2,28,0,1663.5869140625,65
2218.463623046875,49,24,0,1423.0406494140625,22
2218.463623046875,0,27,0,1596.219482421875,55
2218.463623046875,42,31,0,1824.1932373046875,77
2218.463623046875,7,38,3,2205.9970703125,174
2218.463623046875,0,33,1,1932.452880859375,93
2218.463623046875,0,33,1,1919.986083984375,113
2193.90234375,1,37,0,2178.93212890625,128
2193.90234375,1,35,0,2083.13818359375,148
2193.90234375,1,28,0,1667.2578125,54
2193.90234375,0,26,0,1527.1727294921875,27
2193.90234375,6,33,1,1938.620361328125,81
2193.90234375,2,37,4,2180.734619140625,176
2193.90234375,7,37,1,2176.929443359375,146
2193.90234375,1,27,0,1608.94384765625,42
2406.5556640625,3,35,2,2081.609619140625,118
2406.5556640625,4,41,1,2393.388671875,204
2406.5556640625,27,26,0,1551.4730224609375,46
2406.5556640625,0,30,1,1777.8603515625,74
2406.5556640625,0,41,2,2393.388671875,200
2406.5556640625,0,28,0,1687.8436279296875,50
2406.5556640625,0,30,0,1790.376708984375,71
2406.5556640625,0,26,0,1544.856201171875,39
2206.61865234375,1,33,1,1921.3638916015625,125
2206.61865234375,19,24,0,1415.7796630859375,37
2206.61865234375,1,28,0,1666.195556640625,64
2206.61865234375,16,23,0,1311.6732177734375,30
2206.61865234375,1,38,1,2192.0673828125,154
2206.61865234375,1,38,3,2193.419189453125,188
2206.61865234375,0,28,0,1664.1080322265625,73
2206.61865234375,7,31,1,1819.421630859375,100
1807.83447265625,1,27,0,1560.54931640625,72
1807.83447265625,3,30,0,1731.7216796875,71
1807.83447265625,0,27,0,1566.507080078125,60
1807.83447265625,0,28,1,1630.781982421875,88
1807.83447265625,0,31,0,1794.6666259765625,97
1807.83447265625,0,31,1,1790.661376953125,95
1807.83447265625,55,31,4,1794.6666259765625,161
1807.83447265625,3,28,0,1633.0849609375,88
2348.607177734375,10,27,0,1644.745849609375,51
2348.607177734375,40,33,1,1976.882568359375,93
2348.607177734375,2,40,2,2335.447265625,200
2348.607177734375,0,30,0,1799.9212646484375,71
2348.607177734375,1,30,0,1808.584716796875,97
2348.607177734375,1,31,2,1871.8619384765625,94
2348.607177734375,5,24,0,1489.313232421875,31
2348.607177734375,1,40,2,2333.244140625,159
2063.366455078125,1,34,1,1987.9449462890625,108
2063.366455078125,0,28,0,1598.619873046875,49
2063.366455078125,0,30,0,1747.0447998046875,63
2063.366455078125,2,35,2,2050.19873046875,112
2063.366455078125,0,28,0,1645.13720703125,72
2063.366455078125,62,35,2,2050.19873046875,190
2063.366455078125,0,33,0,1910.7498779296875,91
2063.366455078125,0,33,0,1911.2506103515625,78
2106.096923828125,53,33,0,2031.590576171875,88
2106.096923828125,0,23,0,1408.13427734375,16
2106.096923828125,6,30,0,1838.0498046875,76
2106.096923828125,2,34,0,2091.719482421875,122
2106.096923828125,0,34,4,2092.921142578125,221
2106.096923828125,1,34,2,2087.714111328125,121
2106.096923828125,1,27,0,1676.770263671875,54
2106.096923828125,2,28,0,1744.2393798828125,67
2179.313232421875,0,33,0,1889.06298828125,70
2179.313232421875,5,38,4,2166.24560546875,174
2179.313232421875,1,37,1,2100.595703125,152
2179.313232421875,51,30,0,1718.565673828125,59
2179.313232421875,3,37,0,2105.80224609375,114
2179.313232421875,0,34,1,1954.8287353515625,113
2179.313232421875,0,38,2,2166.24560546875,138
2179.313232421875,1,28,0,1615.6182861328125,44
2397.19189453125,1,38,2,2261.623291015625,141
2397.19189453125,1,35,0,2072.5146484375,112
2397.19189453125,1,26,0,1505.6572265625,28
2397.19189453125,11,40,1,2379.617919921875,154
2397.19189453125,26,31,0,1835.1822509765625,88
2397.19189453125,4,30,1,1766.86083984375,75
2397.19189453125,0,30,0,1751.4088134765625,64
2397.19189453125,31,40,4,2384.02392578125,170
2070.435302734375,1,28,0,1677.815185546875,71
2070.435302734375,7,23,0,1357.81103515625,33
2070.435302734375,14,33,0,1937.9185791015625,96
2070.435302734375,0,30,0,1774.831787109375,78
2070.435302734375,0,34,0,1995.8570556640625,113
2070.435302734375,3,35,2,2058.068603515625,161
2070.435302734375,4,30,0,1779.9888916015625,72
2070.435302734375,0,35,1,2058.068603515625,153
2218.80712890625,0,40,2,2204.1875,170
2218.80712890625,12,33,0,1867.4482421875,122
2218.80712890625,4,33,0,1868.9503173828125,115
2218.80712890625,1,30,0,1691.3355712890625,66
2218.80712890625,5,40,4,2206.49072265625,207
2218.80712890625,0,28,0,1594.3817138671875,47
2218.80712890625,1,21,0,1172.031982421875,3
2218.80712890625,1,31,0,1763.57373046875,91
2036.2205810546875,11,35,3,2023.03466796875,138
2036.2205810546875,0,31,1,1779.031494140625,107
2036.2205810546875,2,33,1,1883.34912109375,128
2036.2205810546875,3,34,1,1953.517333984375,121
2036.2205810546875,1,35,0,2023.03466796875,127
2036.2205810546875,0,31,1,1785.54052734375,96
2036.2205810546875,3,30,0,1714.7962646484375,76
2036.2205810546875,53,24,0,1377.597900390625,33
2237.31201171875,2,35,3,2073.891357421875,121
2237.31201171875,0,28,0,1672.8441162109375,57
2237.31201171875,13,38,1,2223.8935546875,132
2237.31201171875,2,33,0,1947.0986328125,94
2237.31201171875,2,38,2,2224.143798828125,178
2237.31201171875,0,34,2,2009.68603515625,116
2237.31201171875,7,31,0,1849.367919921875,96
2237.31201171875,1,30,0,1780.6171875,80
2143.72900390625,0,33,0,1871.9959716796875,92
2143.72900390625,51,27,0,1577.4527587890625,59
2143.72900390625,0,33,0,1872.5467529296875,102
2143.72900390625,0,28,0,1633.849365234375,54
2143.72900390625,1,35,1,1993.732177734375,131
2143.72900390625,53,38,3,2130.56103515625,166
2143.72900390625,0,33,1,1876.40185546875,100
2143.72900390625,1,38,2,2130.56103515625,135
2043.4322509765625,0,26,0,1453.4322509765625,37
2043.4322509765625,15,37,3,2030.715087890625,170
2043.4322509765625,1,33,0,1864.3570556640625,102
2043.4322509765625,3,28,0,1610.99169921875,83
2043.4322509765625,0,28,0,1595.14453125,63
2043.4322509765625,0,35,3,1974.186279296875,141
2043.4322509765625,1,37,1,2030.715087890625,116
2043.4322509765625,2,33,0,1863.8564453125,95
2033.41015625,2,34,4,2020.2401123046875,183
2033.41015625,2,34,0,2020.2401123046875,128
2033.41015625,35,33,1,1960.4837646484373,100
2033.41015625,5,30,1,1805.884521484375,110
2033.41015625,49,27,0,1620.9482421875,53
2033.41015625,0,27,0,1622.8507080078125,74
2033.41015625,52,28,0,1704.541015625,57
2033.41015625,0,28,0,1711.3511962890625,74
2303.613037109375,5,35,0,2140.64208984375,110
2303.613037109375,0,31,0,1897.00048828125,67
2303.613037109375,22,38,2,2290.4453125,205
2303.613037109375,0,30,0,1816.775146484375,64
2303.613037109375,0,31,1,1898.802978515625,67
2303.613037109375,45,35,3,2137.988525390625,127
2303.613037109375,2,27,0,1646.359130859375,47
2303.613037109375,6,38,2,2290.4453125,180
1953.4158935546875,0,31,1,1779.260986328125,80
1953.4158935546875,0,33,1,1885.4647216796875,108
1953.4158935546875,0,28,0,1602.4483642578125,56
1953.4158935546875,40,33,0,1885.4647216796875,92
1953.4158935546875,70,31,1,1775.5560302734375,77
1953.4158935546875,28,34,2,1940.7484130859373,152
1953.4158935546875,1,30,0,1714.78662109375,74
1953.4158935546875,6,34,1,1940.7484130859373,160
2007.8883056640625,1,35,1,1995.3712158203125,204
2007.8883056640625,0,35,1,1994.2196044921875,131
2007.8883056640625,0,34,1,1930.1151123046875,106
2007.8883056640625,1,24,0,1392.910888671875,39
2007.8883056640625,0,26,0,1486.4075927734375,43
2007.8883056640625,0,35,3,1988.6922607421875,123
2007.8883056640625,8,33,0,1864.531982421875,71
2007.8883056640625,9,28,0,1614.193359375,84
1872.8992919921875,0,33,1,1860.3233642578125,119
1872.8992919921875,1,28,0,1600.5203857421875,78
1872.8992919921875,1,30,2,1694.7659912109375,66
1872.8992919921875,1,30,0,1695.7171630859375,84
1872.8992919921875,1,31,0,1764.2822265625,91
1872.8992919921875,0,26,0,1482.310546875,50
1872.8992919921875,24,21,0,1188.562255859375,14
1872.8992919921875,2,33,3,1860.3233642578125,180
2317.609130859375,0,38,1,2152.230224609375,117
2317.609130859375,28,31,0,1755.2974853515625,93
2317.609130859375,2,24,0,1350.756103515625,21
2317.609130859375,1,41,3,2302.537841796875,149
2317.609130859375,1,30,0,1693.2899169921875,79
2317.609130859375,2,41,3,2304.490478515625,182
2317.609130859375,3,31,1,1753.94482421875,79
2317.609130859375,5,34,0,1926.531005859375,108
2120.11865234375,6,28,0,1668.329345703125,65
2120.11865234375,1,37,2,2107.151123046875,149
2120.11865234375,0,28,0,1667.678466796875,70
2120.11865234375,0,33,1,1915.652099609375,100
2120.11865234375,4,34,2,1977.6597900390625,137
2120.11865234375,2,37,2,2107.151123046875,177
2120.11865234375,2,27,0,1605.866455078125,43
2120.11865234375,1,27,0,1589.436279296875,42
2051.047607421875,3,30,0,1742.5306396484375,77
2051.047607421875,11,35,2,2038.2293701171875,156
2051.047607421875,1,33,1,1905.0382080078125,100
2051.047607421875,1,35,2,2038.2293701171875,108
2051.047607421875,1,30,0,1728.974609375,55
2051.047607421875,1,34,1,1976.0794677734373,122
2051.047607421875,0,34,1,1964.6806640625,121
2051.047607421875,0,27,0,1563.2412109375,50
1941.2498779296875,0,30,0,1704.27880859375,110
1941.2498779296875,0,30,0,1706.3316650390625,77
1941.2498779296875,0,34,2,1928.3316650390625,117
1941.2498779296875,0,27,0,1545.564453125,64
1941.2498779296875,1,27,0,1512.0416259765625,57
1941.2498779296875,1,34,1,1928.3316650390625,164
1941.2498779296875,1,31,0,1766.459228515625,94
1941.2498779296875,1,33,2,1866.50732421875,113
2115.0,1,28,0,1646.7490234375,63
2115.0,1,31,1,1805.500732421875,84
2115.0,1,33,1,1901.9254150390625,97
2115.0,30,30,0,1740.59423828125,82
2115.0,1,37,2,2101.81591796875,147
2115.0,1,37,3,2101.81591796875,149
2115.0,1,31,0,1808.004150390625,92
2115.0,1,30,0,1738.0072021484375,70
2041.0029296875,1,35,1,2027.8355712890625,134
2041.0029296875,0,28,0,1607.033203125,53
2041.0029296875,1,33,0,1894.0030517578125,87
2041.0029296875,5,33,0,1909.089111328125,104
2041.0029296875,2,35,3,2027.8355712890625,164
2041.0029296875,2,34,2,1972.6363525390625,124
2041.0029296875,3,34,0,1962.7733154296875,106
2041.0029296875,1,24,0,1302.4849853515625,21
2127.178466796875,1,31,0,1836.24560546875,77
2127.178466796875,2,31,1,1830.0870361328125,106
2127.178466796875,40,26,0,1527.938232421875,32
2127.178466796875,0,37,2,2114.00732421875,148
2127.178466796875,2,30,0,1766.951171875,78
2127.178466796875,11,37,2,2114.00732421875,197
2127.178466796875,50,34,2,1984.611083984375,132
2127.178466796875,0,23,0,1315.548095703125,4
2155.193115234375,50,28,0,1678.772216796875,64
2155.193115234375,3,33,0,1936.1380615234373,102
2155.193115234375,30,31,2,1832.85888671875,101
2155.193115234375,5,33,0,1925.2227783203125,108
2155.193115234375,5,37,3,2142.0224609375,170
2155.193115234375,11,37,1,2139.418701171875,153
2155.193115234375,0,30,0,1770.0072021484375,64
2155.193115234375,1,26,0,1537.75830078125,38
2278.67333984375,7,26,0,1543.123046875,38
2278.67333984375,1,33,2,1918.5162353515625,109
2278.67333984375,21,40,1,2265.498046875,205
2278.67333984375,0,28,0,1665.5775146484375,54
2278.67333984375,1,30,0,1756.038330078125,80
2278.67333984375,25,24,0,1444.1214599609375,29
2278.67333984375,5,40,3,2265.498046875,185
2278.67333984375,9,31,1,1813.1934814453125,78
1924.8009033203125,57,34,4,1912.1090087890625,206
1924.8009033203125,45,33,1,1854.843994140625,110
1924.8009033203125,0,33,1,1847.583251953125,108
1924.8009033203125,1,28,0,1605.2412109375,66
1924.8009033203125,5,34,1,1912.1090087890625,137
1924.8009033203125,0,31,0,1757.3243408203125,72
1924.8009033203125,7,30,0,1686.847412109375,50
1924.8009033203125,3,24,0,1375.1221923828125,22
2382.52587890625,12,24,0,1455.966796875,28
2382.52587890625,3,33,1,1963.0865478515625,90
2382.52587890625,2,41,2,2369.35791015625,205
2382.52587890625,35,40,2,2306.6103515625,166
2382.52587890625,3,27,0,1640.2913818359375,46
2382.52587890625,0,30,0,1791.8099365234375,55
2382.52587890625,1,41,1,2364.70166015625,168
2382.52587890625,20,30,1,1797.3173828125,76
2155.202392578125,1,33,1,1936.8984375,110
2155.202392578125,5,35,1,2069.722412109375,123
2155.202392578125,1,30,0,1766.108642578125,80
2155.202392578125,8,37,3,2142.03466796875,183
2155.202392578125,1,31,0,1827.245849609375,75
2155.202392578125,5,24,0,1422.540771484375,26
2155.202392578125,25,23,0,1307.5711669921875,26
2155.202392578125,0,37,2,2142.03466796875,151
2135.216064453125,1,38,2,2122.44775390625,197
2135.216064453125,0,28,0,1615.371826171875,65
2135.216064453125,21,23,0,1294.2103271484375,22
2135.216064453125,1,37,0,2064.608642578125,126
2135.216064453125,1,30,1,1711.57666015625,68
2135.216064453125,2,33,0,1870.8543701171875,109
2135.216064453125,0,38,3,2121.296142578125,150
2135.216064453125,0,30,1,1705.0172119140625,76
2181.6171875,2,38,2,2168.399169921875,156
2181.6171875,8,35,0,2033.253662109375,130
2181.6171875,1,33,1,1906.062744140625,100
2181.6171875,3,38,3,2168.44921875,174
2181.6171875,0,31,0,1813.789306640625,81
2181.6171875,0,27,0,1577.859130859375,58
2181.6171875,0,31,0,1805.2249755859373,84
2181.6171875,1,26,0,1509.9603271484375,27
2132.1728515625,2,28,0,1674.451904296875,63
2132.1728515625,0,31,0,1837.860595703125,76
2132.1728515625,3,27,0,1607.2056884765625,43
2132.1728515625,12,34,1,1993.339599609375,130
2132.1728515625,0,37,0,2117.322265625,129
2132.1728515625,11,37,4,2119.3251953125,181
2132.1728515625,0,30,0,1765.96142578125,90
2132.1728515625,0,35,2,2045.51025390625,160
1971.796875,0,33,0,1830.9581298828125,111
1971.796875,1,30,1,1680.2542724609375,81
1971.796875,1,34,1,1895.3333740234373,110
1971.796875,1,35,2,1958.5947265625,170
1971.796875,0,35,0,1958.5947265625,113
1971.796875,0,27,0,1512.5128173828125,44
1971.796875,0,33,2,1835.91455078125,101
1971.796875,1,27,0,1520.924560546875,55
2060.07177734375,70,35,1,2046.90380859375,156
2060.07177734375,0,24,0,1404.3223876953125,25
2060.07177734375,2,34,2,1983.15576171875,121
2060.07177734375,0,35,2,2046.90380859375,140
2060.07177734375,5,30,0,1746.4891357421875,80
2060.07177734375,11,28,0,1656.0164794921875,73
2060.07177734375,0,33,0,1916.172119140625,103
2060.07177734375,36,30,1,1742.43359375,75
1920.441650390625,17,34,2,1907.2630615234373,131
1920.441650390625,3,31,1,1801.0,106
1920.441650390625,1,33,0,1893.60302734375,113
1920.441650390625,19,34,2,1907.2630615234373,151
1920.441650390625,0,21,0,1188.127685546875,8
1920.441650390625,1,31,1,1792.909912109375,95
1920.441650390625,0,28,0,1632.2127685546875,76
1920.441650390625,1,26,0,1497.6064453125,50
2022.640380859375,1,27,0,1620.7591552734375,54
2022.640380859375,72,34,2,2009.472412109375,126
2022.640380859375,1,33,0,1937.7916259765625,101
2022.640380859375,7,30,0,1779.5406494140625,90
2022.640380859375,13,28,0,1679.9666748046875,67
2022.640380859375,52,28,1,1683.2930908203125,57
2022.640380859375,0,34,1,1997.40576171875,151
2022.640380859375,3,34,2,2005.4169921875,137
2155.798583984375,0,34,0,1944.4383544921875,132
2155.798583984375,31,38,5,2143.23095703125,208
2155.798583984375,54,27,0,1557.545654296875,56
2155.798583984375,1,27,0,1546.43017578125,51
2155.798583984375,0,23,0,1300.0406494140625,22
2155.798583984375,8,38,1,2143.23095703125,158
2155.798583984375,1,27,0,1548.3828125,53
2155.798583984375,1,28,1,1628.5975341796875,58
2156.08447265625,0,30,0,1717.29296875,62
2156.08447265625,2,28,0,1627.1988525390625,58
2156.08447265625,27,33,0,1879.5015869140625,100
2156.08447265625,1,38,1,2140.062744140625,139
2156.08447265625,1,23,0,1305.9517822265625,22
2156.08447265625,19,38,0,2141.664794921875,160
2156.08447265625,3,38,3,2142.91650390625,159
2156.08447265625,1,33,0,1880.452880859375,72
2296.9580078125,1,31,0,1848.85693359375,91
2296.9580078125,2,27,0,1623.182373046875,53
2296.9580078125,30,40,1,2281.487060546875,148
2296.9580078125,2,40,2,2283.7900390625,198
2296.9580078125,1,38,3,2192.246826171875,132
2296.9580078125,0,27,0,1612.9752197265625,56
2296.9580078125,63,31,1,1839.7923583984373,108
2296.9580078125,40,26,0,1548.760986328125,38
2228.169921875,18,28,0,1621.40576171875,65
2228.169921875,20,40,2,2215.007568359375,171
2228.169921875,50,35,3,2003.0819091796875,125
2228.169921875,0,31,0,1779.0111083984375,92
2228.169921875,0,28,0,1617.58203125,52
2228.169921875,2,40,2,2215.007568359375,194
2228.169921875,0,34,1,1939.675048828125,95
2228.169921875,0,26,0,1492.83740234375,27
2191.49169921875,1,33,0,1904.4228515625,101
2191.49169921875,12,38,2,2178.57421875,182
2191.49169921875,3,26,0,1530.4365234375,36
2191.49169921875,0,34,1,1979.520263671875,136
2191.49169921875,21,34,1,1984.26611328125,85
2191.49169921875,6,38,2,2178.57421875,150
2191.49169921875,56,28,1,1666.94677734375,52
2191.49169921875,2,30,0,1752.1729736328125,73
2168.016845703125,4,33,0,1898.566162109375,93
2168.016845703125,0,35,2,2019.231689453125,139
2168.016845703125,2,38,3,2154.8486328125,191
2168.016845703125,0,38,1,2154.8486328125,131
2168.016845703125,1,30,1,1731.6353759765625,84
2168.016845703125,2,28,0,1643.6246337890625,51
2168.016845703125,16,28,0,1641.2713623046875,61
2168.016845703125,1,30,0,1726.9146728515625,88
1944.094970703125,0,24,0,1344.9766845703125,35
1944.094970703125,2,31,2,1822.1378173828125,90
1944.094970703125,1,28,0,1662.645751953125,74
1944.094970703125,1,30,0,1748.9127197265625,70
1944.094970703125,1,34,2,1931.577880859375,124
1944.094970703125,0,30,0,1758.335205078125,81
1944.094970703125,0,34,1,1931.577880859375,155
1944.094970703125,0,27,0,1592.2186279296875,64
2149.297119140625,6,37,3,2136.129150390625,161
2149.297119140625,11,33,0,1936.6396484375,114
2149.297119140625,2,33,1,1934.8873291015625,99
2149.297119140625,0,30,0,1775.9986572265625,75
2149.297119140625,3,28,0,1675.7821044921875,53
2149.297119140625,54,37,2,2136.129150390625,136
2149.297119140625,4,31,0,1837.415771484375,83
2149.297119140625,0,34,1,1997.25537109375,93
2014.1885986328125,26,35,2,2001.02001953125,158
2014.1885986328125,0,35,2,2001.02001953125,145
2014.1885986328125,37,30,0,1724.3048095703125,87
2014.1885986328125,11,24,0,1386.890380859375,23
2014.1885986328125,30,33,1,1884.733154296875,116
2014.1885986328125,6,27,0,1554.3380126953125,51
2014.1885986328125,0,33,1,1880.2269287109373,123
2014.1885986328125,1,31,0,1782.2442626953125,96
2099.84033203125,10,37,1,2087.12353515625,140
2099.84033203125,0,27,0,1579.80078125,43
2099.84033203125,1,28,0,1647.480712890625,56
2099.84033203125,0,35,1,2017.0980224609373,129
2099.84033203125,1,33,1,1891.172607421875,105
2099.84033203125,1,27,0,1570.9833984375,50
2099.84033203125,3,26,0,1505.570068359375,34
2099.84033203125,1,37,4,2087.12353515625,219
2108.173583984375,1,30,0,1738.0863037109375,75
2108.173583984375,34,33,0,1898.1756591796875,109
2108.173583984375,0,27,0,1576.233642578125,47
2108.173583984375,1,30,0,1736.4339599609375,86
2108.173583984375,36,37,3,2095.0029296875,172
2108.173583984375,1,28,0,1642.5419921875,53
2108.173583984375,1,35,0,2008.4384765625,126
2108.173583984375,6,37,3,2095.0029296875,165
2146.85546875,0,37,1,2134.631591796875,152
2146.85546875,0,37,2,2134.631591796875,147
2146.85546875,2,30,1,1770.52294921875,74
2146.85546875,1,27,0,1599.014404296875,40
2146.85546875,2,33,1,1958.77880859375,109
2146.85546875,0,31,0,1832.3046875,99
2146.85546875,1,33,0,1943.7568359375,96
2146.85546875,4,34,2,2010.7493896484373,111
2097.110595703125,2,33,0,1870.722412109375,88
2097.110595703125,0,34,1,1927.6904296875,108
2097.110595703125,0,37,2,2081.989990234375,134
2097.110595703125,2,28,0,1609.508056640625,48
2097.110595703125,0,30,0,1704.9029541015625,59
2097.110595703125,1,34,0,1931.3953857421875,127
2097.110595703125,0,31,0,1763.31787109375,79
2097.110595703125,1,37,4,2083.942626953125,174
2004.532470703125,5,33,1,1925.4918212890625,123
2004.532470703125,0,31,1,1814.7374267578125,100
2004.532470703125,1,30,1,1756.3583984375,80
2004.532470703125,5,34,2,1991.3641357421875,171
2004.532470703125,1,28,0,1633.17578125,77
2004.532470703125,1,28,0,1644.0909423828125,60
2004.532470703125,34,34,1,1991.3641357421875,122
2004.532470703125,0,33,1,1919.08251953125,89
1993.2572021484373,40,30,0,1759.0777587890625,72
1993.2572021484373,0,34,2,1980.052734375,111
1993.2572021484373,39,34,2,1980.052734375,205
1993.2572021484373,1,30,1,1765.03564453125,70
1993.2572021484373,1,30,0,1759.0777587890625,71
1993.2572021484373,0,31,1,1826.27001953125,89
1993.2572021484373,0,30,0,1766.587646484375,86
1993.2572021484373,2,27,0,1604.798095703125,41
2296.318603515625,1,34,0,1975.7755126953125,92
2296.318603515625,30,35,0,2038.199951171875,119
2296.318603515625,20,24,0,1441.708740234375,27
2296.318603515625,4,40,4,2283.85107421875,195
2296.318603515625,21,27,0,1599.1842041015625,47
2296.318603515625,10,30,0,1758.771240234375,61
2296.318603515625,40,40,0,2283.85107421875,171
2296.318603515625,1,37,3,2121.3994140625,146
2107.90771484375,0,30,0,1720.6661376953125,57
2107.90771484375,0,34,1,1939.58740234375,130
2107.90771484375,18,26,0,1471.4757080078125,36
2107.90771484375,1,37,1,2094.73388671875,111
2107.90771484375,17,35,0,2006.0958251953125,108
2107.90771484375,9,35,1,2021.4169921875,124
2107.90771484375,0,28,1,1629.961669921875,55
2107.90771484375,12,37,3,2094.73388671875,165
2212.096923828125,1,27,0,1639.0009765625,49
2212.096923828125,2,28,0,1703.9425048828125,67
2212.096923828125,5,33,1,1952.6678466796875,93
2212.096923828125,6,38,2,2198.92919921875,192
2212.096923828125,4,30,0,1792.4669189453125,81
2212.096923828125,1,38,1,2197.22705078125,165
2212.096923828125,3,35,2,2070.16357421875,137
2212.096923828125,7,26,0,1581.7220458984375,39
2015.934814453125,53,35,3,2002.7667236328125,174
2015.934814453125,0,28,0,1639.02880859375,69
2015.934814453125,1,28,0,1650.7447509765625,72
2015.934814453125,0,30,0,1732.6580810546875,86
2015.934814453125,64,28,0,1635.173583984375,55
2015.934814453125,0,30,1,1735.6622314453125,64
2015.934814453125,41,33,0,1881.1553955078125,94
2015.934814453125,1,35,1,2002.7667236328125,128
2066.345947265625,0,33,0,1851.95068359375,107
2066.345947265625,0,30,0,1683.238525390625,73
2066.345947265625,10,30,1,1687.546630859375,78
2066.345947265625,1,31,0,1740.4610595703125,81
2066.345947265625,0,35,0,1972.6549072265625,126
2066.345947265625,0,37,1,2053.177978515625,147
2066.345947265625,1,26,0,1458.494140625,19
2066.345947265625,5,37,2,2053.177978515625,160
