PC1,PC2,PC3
-1.1006795056596022,1.2062064803596175,2.171128976393546
-3.7564799996406353,-0.862197692420203,0.32356543635838364
-1.9162894786652234,-0.7543067939466255,0.4582504192923763
0.336230857499456,-0.8752884445819279,0.1222203947604968
-2.167719725605488,-0.8846186135576535,0.31367688610374767
2.5060793658931124,2.417486971838284,3.1390135057529824
2.533868193245438,-0.09683891951158083,0.6151924217119986
1.3078406702616825,-0.6148851417102001,0.1255853917732802
-2.2868422268213324,-0.9619466658224668,0.5946115800598372
-0.38237124414571755,-0.9794900324594082,0.3036887658652214
3.4903591829067375,-0.4981415618605839,0.20945701351445728
-1.40980858204881,-1.107117963009091,0.3884142186420481
0.1479057170970431,-1.164699742012495,0.3963308294052379
2.375885424797716,-0.7661179494655153,0.18941684401110942
-1.3644111420649896,-1.1003860336757258,0.382162837762953
2.1049059715867453,-0.05014207059319306,1.1849837066892486
-1.678036117284732,0.3832638517504073,-1.0415324477886132
-1.199811442323777,0.2645302784822472,-0.9808874154510945
0.21952693115984198,2.463194930585328,0.9498145040079432
-1.1860876075082913,0.265880046503467,-0.9823746453235441
-2.389994393471144,0.2602893595897184,-0.9799219117808992
2.460848274151656,0.7564513802425153,-1.3239563262719363
1.3895961184957526,2.1865299174905917,0.45999822071940355
-1.6806499425370136,0.2996700133384602,-0.968362340655862
0.31817300433063594,0.9303590641668331,3.46311599729219
-2.120955390800478,-1.5363499613811633,1.203198111976328
-0.6071790456979763,-1.7649542712608528,1.0005372144747324
-0.8090061330197046,-1.5360940932465412,1.1984132003117203
2.1523594767057332,1.4233230941616106,3.8528470756950823
-0.8611475384922609,-1.433526620782375,1.2996420579604704
3.30899722906617,1.4703263071093242,3.650104050504016
4.12071123495897,-1.0675886873496736,0.8622145141442705
3.021531981628634,1.275762806320746,0.5773864401073427
-1.8489276137681292,-0.491886871387781,-0.24120222292325055
-1.4073716278019226,-0.49182340046162565,-0.26799927571170834
0.21860207173916224,0.8530903266234177,0.9819632762914633
2.060163724988717,-0.1501057522658267,-0.5219026067021556
-1.9657186942859879,-0.46062876562103094,-0.17423412675439737
-0.4758828390189027,-0.3769361049389005,-0.3403860857514226
-0.3801658880090209,-0.44484795214677275,-0.28140302566410624
1.4081414348099315,-0.529469366315996,-0.20887537662748015
0.013340521695585464,-0.7122250624829268,-0.04482806132934419
2.2556357547256844,-0.3454363299829689,-0.13043670356440784
0.7665066761516357,-0.4688392857565091,0.16236002645103997
-0.9667594236094444,0.22423473358074925,0.8974932445370072
2.871648388347063,-0.2269321813046831,-0.25956831209313197
-2.3015740309926946,-0.7086815795499529,0.02172865871771072
-1.4861416098305744,0.9642925852330033,1.6097733623455497
1.7828418172926008,0.33185579293533496,-0.9894753871500187
-2.0654395494606557,0.04412840955310892,-0.6925349754561192
-0.5528600330314587,0.1311807282268661,-0.8618111937374041
-1.3674452480267059,0.21668767908390968,-0.7031455428839193
1.6967442232919052,0.317732755700174,-0.9768230399310984
-0.9521318612601736,0.054325437918316205,-0.7681113199446394
0.018588541769401792,1.5016946824773616,0.622499622706825
0.3520711557986602,-0.026479392013601454,-0.8837292824280228
2.8328867622960168,-1.4127659409004032,0.6254269402447175
3.28013530096867,-1.2720885120141103,0.5712296755799701
0.49505819453891037,-1.4354878185956665,0.7085723603447652
-2.1952273745040616,-1.4841824323714714,0.9325803292052576
-0.030262930732850177,-1.413759707465954,0.7312264814341712
1.9558784047037396,-1.3873344522212614,0.6681186593819524
-0.5099411042873188,-1.508812356535024,0.8396842072603606
-1.9438617527644861,-1.4770831566801266,0.9112722476870609
1.8790256824082632,2.953677805338016,2.2119259301313567
0.8164190858677922,-0.24801772999523466,-0.4826795382947854
-1.3998450342762834,-0.31904586055979156,-0.45672887344802676
-1.887035677403251,-0.23055759623421387,-0.32079868895582253
-1.6554607949782776,-0.3585149850813207,-0.42061084835520696
0.4343171986542567,-0.3269792977247814,-0.4919639516161502
0.6557418778484152,-0.3255053310005012,-0.5084527053429446
1.2016256688708253,-0.16591298019927558,-0.578751587515896
4.6423237831948585,1.3089861043164388,3.476747917881378
0.16623791677169852,-1.7866210748518752,1.1239171519712028
1.6882178769599718,-1.9609470437251397,1.1467316922649162
3.1599970769328087,-0.9141557006398938,1.9247405843316263
-1.5987605644881655,-1.9644919762711082,1.279892811590995
-2.543541001021997,-1.8227531768594039,1.3415315539389405
-0.6960684971750146,-1.9310805020852824,1.2057553039544435
0.074320418416514,-1.599599668360158,1.3363899743174472
-2.6620391452995804,0.475453560946933,-1.2093146733019775
0.17226276528907902,0.5200131838163082,-1.3348266971728806
-1.8153612469868565,0.8369992845881862,-0.9174263230858787
-1.8401131110619369,0.5826928690860035,-1.163892211636989
0.6677063117490668,0.8706333388185147,-1.1971047100036754
1.2697576917285427,0.9762746790722971,-1.2429725749355351
-2.1798644679049,0.6930742728315367,-1.048282275736537
2.6637877366278944,1.2905842772047877,-1.475420348379754
-1.2210580261094939,-0.8024613764505047,0.034568416383812126
-1.7434540116533852,-0.625165558671801,0.20395258021211402
3.358970574002017,2.2145092650468032,2.194490268712763
0.698320786198238,-0.746803571627356,-0.03791368723385486
2.8462857423844428,1.521689149770328,1.6743596728394616
-1.6157986494489691,-0.6546726101956399,0.1354061914645415
-1.011247156039063,-0.10468034499527638,0.6465295481289088
-0.6438888193355352,0.8532575412092473,1.5698025979166694
-0.5924745698704068,0.20575741774258918,-0.4187768720762985
-2.3866571833574857,0.8513905569753222,0.450660050884964
-1.758672084465745,-0.1994858378650065,-0.5610567136620624
-0.5967236481818751,0.3504823262580956,-0.08696015325047497
3.5446656487471597,0.4955792080958575,-0.9937581142555613
-2.1816009146446573,-0.14798678647723448,-0.48607035809987664
-0.836858043364173,0.5930355246197436,0.18423178405505924
1.7482533784627317,0.9094373700784619,0.13038945745172353
2.4358425504672008,1.0837578169525397,-0.7481190637851372
-2.1037910683796035,0.11508688783958608,-0.8614734196578746
0.5776142392582688,0.7773005972232793,-0.30960410014789486
1.2776333412583338,0.476902715089918,-0.9400520445975226
-1.6854418665327366,0.3187347345285919,-0.6890036839454099
-2.0250030125508163,0.22548606115546033,-0.7714692347000836
0.7527432539329019,0.23066026251854305,-1.05375799556318
-1.6606506205160392,0.1214793251577156,-0.8920685481839591
3.01705435633255,-1.3836439866817236,0.6845620273107988
-2.247648003219821,-1.3888933498690035,0.9692359551173982
4.039369535799838,-0.5719097106638009,1.0523505375200393
-2.294167204007158,-1.4496443650056015,0.9278554939761315
-2.2664145477762094,0.025861250902600687,2.362906206609628
0.8351194440663906,-1.4169060375617752,0.6865904437491765
-0.053181023737091465,-1.4475051766110523,0.8333489947658878
2.8670960019627594,-1.3542827746339747,0.7543224419543356
-0.8144602751012889,-0.34716824361930176,-0.4605091641525899
-2.362130275346901,-0.3042617395705041,-0.3103105642790377
0.02004267009871888,0.30848197285042006,0.027982414694861638
1.2917956012504626,-0.171537081976172,-0.6368545608507412
-0.8701504568479279,-0.3048305862955579,-0.40314090397490876
-1.7388001419783525,-0.16239210094255524,-0.27076356289841524
2.8448620687450026,0.15788006066765037,-0.66121944684138
2.2788818873353462,0.04873306012641514,-0.5401158833723999
-1.8574286381390328,-0.26693358321642496,-0.4759240844305297
0.5868860454432692,0.6406818450516117,0.3453098349996536
-0.6606310079472006,-0.32762439377278757,-0.5185022629662563
1.185840945255168,-0.09390767280920899,-0.6319843397843121
0.16848059109779756,0.7903287803916149,0.2634785523499183
1.7049996422269598,0.301009680304319,-0.44206248916989754
-1.3157424703810021,0.07547787910896314,-0.2607182223958453
-1.9495652796923757,-0.2802091500722109,-0.4634640511811848
2.9604217035342484,0.01551431254948035,-0.681228042917777
-1.5499237315678256,-0.34942897364104747,-0.3010118811282712
-1.944045138839701,-0.33977073217789905,-0.28232560289692077
0.6349053951980821,0.23859781677870137,0.06178493205626091
2.035444356932062,-0.08548773176850781,-0.49567671566568006
-0.05967287521428529,-0.1574415417867487,-0.3719583854720214
-2.4260325143239756,-0.3603656607565284,-0.241421958824907
-3.278757238326949,0.20669876553016087,0.2760800026530758
-1.2415250467167465,-0.05478160279801274,-0.6630275673352463
1.1423932071864633,0.05042810877806284,-0.8958941434650463
-2.0133031292483246,0.5009234360424186,-0.1429478533541678
0.2377839733212431,-0.10447317976195583,-0.8057817956413782
-2.3834541142504886,-0.0017905960942012698,-0.6187020948764835
-0.11184684979912421,-0.043606218909328504,-0.7400068581465734
2.3069399059522984,0.5496906426926973,-0.8326930164475583
1.3457867766280218,1.4731047881614345,0.47746224122463565
-2.9503289058793367,-0.21283804646086035,-0.34389597521968496
-1.912391882757046,-0.22482070128778325,-0.4026298394911518
1.9582517572396,-0.07671880919285262,-0.7069423303469141
2.2025551864607267,1.5866135542691922,0.845080286961975
0.7159397273657072,1.27739873552882,1.0086385707370111
-1.2196516218670594,-0.33753187277872915,-0.46414891336486735
-0.17244441867695623,-0.29663892409909254,-0.47499144852950426
0.2578848245162106,0.20745716024298333,-0.0030936249770651936
1.415070360799155,0.46585437834690413,-0.6263845122768176
-1.199217727259981,-0.07833088630590453,-0.7310120493397546
1.6843356618467784,2.7215318305311467,1.5578187729054467
-0.35357052722734916,0.05208806637606143,-0.8037593827250987
-0.8631446654952375,0.10083067650270591,-0.5399954723047703
-2.086161708193137,0.01577402428083568,-0.648737677612208
-0.15625606951166562,2.4852705448314008,1.747499380634834
0.9265494048716354,1.940141907451105,1.0226963794923418
1.5988537262442535,0.34091318304934565,0.3966478144136846
-1.7431045771540177,-0.5598418227568333,-0.18716620258441502
-0.5706529001310628,-0.5481176013098177,-0.26663190143652943
-2.401890524125192,0.13249967072806168,0.48077553757649866
-0.30005564415793473,0.5320551612094672,0.6452209573211211
3.5862284284542283,0.6685549586313477,-0.06084567005193805
0.794501702025045,3.016095310039774,3.009016285539678
-1.5634157208118993,-0.47519518531498883,-0.16656040760753735
-1.6020876731070852,1.6174794439137934,1.4654172804854735
3.5854144305472198,0.9348697036516049,-0.14208207903316755
-2.2153969111798113,-0.290947767307006,-0.3166454467271031
-0.9182825351427366,0.1284236505463619,0.0684875118524718
-2.1695572516080373,-0.2875535538285,-0.3209584785577867
2.8543465486561934,0.13804388094947068,-0.6411367669139559
-1.0421277833959381,0.5350752777771154,0.3962410619463819
-0.7514604250951755,-0.3483090641569167,-0.45411641506340406
2.7756203985470034,-0.1001107647798079,-0.38851560892297854
2.7099036252359006,-0.21234425462616285,-0.4781035378061981
-2.0504680102660346,-0.39769948623056994,0.08030164269443675
-0.6948808540391951,-0.5678628865410204,-0.1442663587618978
0.05745189072991889,-0.009128104039614234,0.35424470533286695
-0.03825451763592837,-0.6228858974302797,-0.23342637232844735
0.6719851748148391,-0.3964057819705369,-0.014135415583549348
-3.250752296476926,-0.07546383959016406,0.3665221852406591
2.3218644672289366,-1.1746230546719592,0.8159395586062935
-0.8015810839362432,-1.4332978954818438,0.900298731365033
-2.2415318172900065,-0.5074368614866548,1.8765315566480258
-0.0029591286091609475,-1.3504563103391045,0.7784577557119249
0.8495571602365436,-1.5236905623188257,0.7683403758923737
-1.5158787593794532,-1.539262592403233,0.848682371056543
4.287210729243526,-0.6816170985611156,0.7584596589881549
2.544547584595896,-1.4739923460729543,0.6823597467431938
0.715385697094161,-0.8032774487021106,-0.08664762285072025
-1.5176609968726653,-0.7439434912291585,0.022415239277717165
-2.259904608607044,-0.4733022699709421,0.30693030755360373
3.898430503199439,3.0781885466807912,2.7178327065145678
0.29268420568770265,-0.18349018910118742,0.499777628018186
1.999325058969611,-0.6511267807457038,-0.12375453671749627
1.0136875170256565,-0.759971560307305,-0.12717910643836064
-0.7196866266404491,-0.784489265738096,-0.007399191501993111
3.7030232300797605,-0.19192586194990768,-0.32519670459078687
-1.6295652248435188,-0.646059815156998,0.031782734693083334
-2.043515879154205,-0.6499971918086715,0.05945888155487532
2.0674721596413463,0.19759238888863143,0.7256891214323177
-1.0201045141853895,-0.7158373221255883,0.028677601801195805
0.12794169399000396,-0.5723780668929397,-0.07144971680084596
1.0301354305546602,-0.4680386534055013,-0.211159372319795
-3.1023653269313414,-0.5365538250456401,0.2184918264271708
-3.0368267368659323,-0.07973728263474679,-0.48541296872959705
-0.8496248294089385,0.15311336746493961,-0.28726784680621525
0.2630934410469755,2.2128327995601342,1.5067243465702882
1.1588277611977311,0.1769674789878279,-0.7111229543837503
2.94945156711246,2.1609998078814874,0.6719944637109011
-1.3782100256676748,0.09159551387343086,-0.44939104969968846
-0.6176543086918624,-0.11605572256963308,-0.6174126393689734
0.8528275939449033,-0.028184327873155196,-0.6022654773640123
1.7503337837932782,-0.11567799287412814,-0.34880056551766175
-3.4505935650189485,0.02438179634749195,0.1605524489704942
-1.609908327715279,-0.3143579869034423,-0.23221436201251894
-2.025918863110594,-0.31145497997316385,-0.20845234529250417
0.8200765030347527,-0.15005312531451032,-0.347703616088325
0.21209191062938892,0.8257423834661796,0.7026865541945185
1.0139960084408175,3.6171579584608877,3.381673205413902
2.6091128107147363,0.36446565233856704,-0.25447819560010515
1.406078876640504,0.4553745595916815,-0.718049453727906
1.8495396606708414,2.8440947318949634,1.5380293420141977
-0.6657505714405525,0.011997241162854045,-0.7549170843524443
-2.430476970386884,1.15449112229771,0.43259481786872106
-0.7125034424230594,0.9449035720260167,0.025657149408837208
-0.7460881044883085,-0.05383496188461337,-0.7916016934989774
0.9337058276668802,0.23965402598953434,-0.8806939841533336
-1.996362229761381,0.08668106795033369,-0.6343673076506804
-1.9483963722290367,1.8330796534103748,1.8629688834344658
-0.418381287403963,0.6153799177181987,0.5770877167509011
2.6492511203895988,0.16953189490403883,-0.46026095793938987
-0.026657518948904155,-0.29222252133691806,-0.2685761866072846
-1.7114249427375954,-0.12478984461411627,-0.02132958441695412
2.3627557456086414,-0.07903419761622374,-0.6174350410625116
-0.5834718254206386,2.1640630647824404,2.137750624849192
0.8369130621681548,-0.2973673769335652,-0.500859505562216
-1.944488757444826,-0.17750281312913904,-0.14393668597556658
-0.6582364737759644,0.6393099363482984,0.4608708066022171
-1.6667795713615232,-0.24793083192145907,-0.20045637478564088
1.6943299579839652,-0.14789859805324945,-0.41797999379421247
0.9538612547325713,-0.26984461800113957,-0.4588841734771998
-0.09294303906604152,1.3013514651159066,1.24977594180027
2.700349040974897,0.052036726561024815,-0.6430307994019954
-1.5375103162752306,-0.37946605617548945,-0.36799214094799904
-0.9700257598940074,0.4492297689019401,-1.1849651246431374
-1.625937169234029,1.3120146739896175,-0.29960763536863266
-2.0274487341875793,1.821891475611971,0.21981996210266383
-1.4575397300942572,0.729983539895375,-0.9192779012373699
-0.7084744073094855,0.6799229678430072,-0.9410285120395573
3.179716824135311,1.3570638386486682,-1.5600507910780037
0.6450950843511085,0.5496538218714375,-1.292283029847228
-0.09390063877808044,0.3697457218727325,-1.2752810899737765
3.0669254730566062,1.6669885646480365,0.6581282072114037
0.2684211738259246,-0.35544142480209173,-0.5348273972161954
0.6318179598030398,0.2798062651395562,-0.08109693582311821
-3.3769836676353884,0.0823504341600355,-0.0029986000875229135
0.823517935861005,-0.1495167590180922,-0.5533882390514155
1.9930807919282343,0.0023062772997799554,-0.5845161495753459
-0.23747549553853528,-0.32505593153179024,-0.44324049407573807
-3.940806640401275,-0.253375660999346,-0.3243647423485241
2.648230783880833,-0.931270051572689,0.11772437265686729
-1.0885667093665616,-1.0933694671623502,0.34406628816671503
-0.6390810033085814,-1.0467936003490588,0.36896641048411083
-1.6946278608650238,-0.8796371874881315,0.5757006460702131
3.558315267030165,-0.6637890645299941,0.04504308222090026
-0.14812793321391385,-1.0768014141729096,0.3529149019466196
1.2128656969688394,-0.9682670814889832,0.1831087942488329
-1.1437450839516417,-1.1052801371656102,0.35385472743120344
-2.7929665136372583,-0.8200802357957998,0.1952934059257289
-1.1383592022434896,-0.7058000628353239,0.3356140753512987
2.803338179723293,0.013916581689649175,0.38720060337297174
0.5542320058150101,-0.7558474698535206,0.07450499623336489
0.12501956907528378,-0.8481550911645048,0.17879700804188692
3.148872133536656,0.17204994255027725,0.43566840379470056
-0.9906997567891627,-0.8300890403428642,0.16289114673761118
1.2246563843236404,-0.38448330633273636,0.552317320382594
3.3745731342587395,-0.41194818204495964,-0.18078441712763593
-2.82682552107353,-0.8420108032723818,0.21485043660003517
3.098150862489485,-0.377639483880266,-0.21088525560174898
0.24796955836931114,-0.8905812584641805,0.12303898375911693
-0.836385755688775,-0.6959861763718319,0.06175659766020017
-2.2863337942040762,-0.8182426444095362,0.24412407708785722
1.3651022446432999,-0.7939413228957438,0.2303335594940119
0.16599989176776273,-0.8100331996853093,0.2387120901933128
3.0709905501269876,-0.5107664785229677,-0.08659910134477422
-0.8253334019599381,-0.7278419966491512,0.35846315110321175
-1.291311619246834,1.7928025112966188,2.8018088990960845
1.915806463125327,-0.5431516707391114,0.03248187506445081
-2.746098041758878,-0.784861601546849,0.3568141146990157
-0.9424514007966163,-0.798339706094257,0.3263800645638207
-3.2202486591484103,-0.20733906845827843,0.9196003684538803
2.530139372832198,-0.5842254932831787,0.12004193998999718
-0.061370663881454346,-2.303335686631266,1.672240865143347
-0.2413372678103682,-2.249806201546442,1.6259690001117757
5.3240922690458605,-1.7348628500225294,1.3009093254767379
4.195114323440725,-2.106277917433463,1.3946502697869898
-1.5122192372624281,-2.408784277851538,1.7414272690105277
-2.496523822102699,-0.5406971907620493,3.4912732846126686
0.9656609775573342,-2.088671147922413,1.7702516057719173
-0.3901594145517547,-2.355465922876825,1.7194985560121432
-1.5371975012841061,-0.4630564470019768,1.143215057176123
2.532154549829194,-0.961967103370832,0.17644996946847216
0.22065342983362424,-1.1842760788683866,0.34395022686560583
1.4179183327442113,-1.0694003155685912,0.43647822091626176
-1.41098103671419,-1.1031717289157439,0.48037821481038306
4.124758613217696,-0.39472073924149703,0.07470515878258449
0.42048089237083025,-1.1649027321063847,0.3974610257879624
-0.4022492329198995,-0.9140038951901206,0.6226443849027228
-0.2080424488614739,-0.04041019292853128,-0.8391406137190494
-0.21208202171273902,0.1473817801376217,-0.6315663776715235
0.7045456395141892,0.15116962121776356,-0.871781422160229
-1.8389406908161943,-0.023412638363471003,-0.7445125005087654
-3.0390074688365525,0.38421588527554545,-0.3496229267838943
1.0420103186531393,0.18398467426709272,-0.8331302199636362
2.3505145584570863,0.5349918411244144,-1.0033870515402301
0.20363197353498647,0.19395847422793489,-0.7877329009801897
-0.6464036164418473,0.28672913405822553,-1.0272130090787561
0.1635751956226528,0.32518373749970775,-1.1279742354993287
1.4881792665942617,0.5307993994106532,-1.1941256001703229
-1.2356011972903282,0.2516982804944309,-0.9724050841166141
1.4796276821209478,2.84537362622934,1.128378018471112
-2.13395300114425,0.7924090529029245,-0.4371134554861242
-3.1090275865411967,0.3324208652263925,-0.8985213229204196
-0.828952424965892,0.2566603433475446,-1.0003137600151297
-0.05846581568431264,0.35374097058703863,0.0871460006974786
1.3952688275260818,-0.06292981249703643,-0.6808147960616152
-0.8477742699876083,-0.2703597406896905,-0.450517344740034
2.0435934655702166,2.126125056642664,1.4067335388514994
2.1373907343936756,-0.039741823438649446,-0.7408230084688233
0.7867890740696467,-0.17593974699252765,-0.5552918353980327
-3.829431044647257,0.12623171837710673,-0.09133010995903532
-0.08763468901478216,-0.32852570003810105,-0.4680667618148546
0.9073993535659629,-0.389883096606258,-0.3250823595886464
0.814709548620703,-0.32567171262404143,-0.38204475342977223
0.6376767034714272,-0.4012608255532836,-0.19697926079298997
-1.0761432060787273,-0.5286049213378414,-0.25162868637827845
-1.8089664458271484,0.6816251314617418,0.9894678403452211
3.0983883424146903,-0.00434810898450689,-0.49410892776636983
2.0368428964574523,-0.36557214975073304,-0.40976618909287643
-3.0914960476245907,-0.44912918126769275,-0.09041033519062498
-0.29586112209451026,0.7498873641415008,-1.526506141607551
-1.492293271305091,0.5983961786370247,-1.3442113364303483
-2.285575572673452,0.7302116361184238,-1.3638295734529529
-1.5715631443999563,0.6951067694019403,-1.3881718704835047
1.1461809218469456,0.9864382377230222,-1.541770407476422
1.3741825935599037,0.9905681128830918,-1.6635050481687101
-0.7066994588975619,0.6172030598396109,-1.4788464571641287
-1.6099643583742886,0.6397678593823145,-1.4331423467202362
1.3060947199007464,0.8738385345497595,1.3935041568796385
1.1912799743194133,-0.540361555287924,0.18904104653813794
-1.922414904650527,-0.7375607936564852,0.030087535593491834
2.665219725211699,0.1928705481052693,0.34183122646700265
-1.6104311615094544,-0.7109969302959582,0.07370009485945028
-1.136574263658278,1.3125534647417998,1.8506801904629746
-0.8512774875892772,-0.6458495103194994,0.06760317952655681
-0.3012285502490577,-0.5805357617148017,-0.03136536001156729
-1.1159301412888931,-0.07146658854227515,-0.5229828749790024
-1.104247781500961,1.5491697641114057,1.0658900352709901
-1.96925324618991,-0.03625626032721149,-0.4872339631237834
-1.749278838929203,0.13626802628637935,-0.28644469165582925
-1.9824203354439154,-0.14276150808480764,-0.5828455090811084
2.5259284953561085,0.32112810332021624,-0.8155929967215702
2.46897843383396,0.24360309071048444,-0.8182402397645321
-0.7330279050091123,-0.17480079908171184,-0.6449157336652687
-0.567930450884839,-0.22019771704431837,-0.49777369625195833
0.35077544656559734,0.3349370893446299,-0.11333850549820992
-1.672826864381032,0.5959410568337404,0.36269961559869085
-0.5040735634093342,1.7723524220858735,1.425933552336813
3.4678106523216106,0.49322306026217627,-0.8127960361775117
-0.8417895595408734,-0.2603823781986355,-0.4603123655569725
1.7783467956823262,-0.08991172075671497,-0.6968173348703388
-2.037935443857592,-0.05035614832775311,-0.2672280076399126
-1.7703119079145078,-0.4731150453238017,-0.16168607552476794
-1.9741932541958296,-0.3933934694462311,-0.11436093221446968
-3.3797380607700074,2.0743186531185565,2.3370335329924297
1.2005529827613663,-0.25686865938959375,-0.44282579491409246
-3.3434452849954552,-0.25583500695728567,0.05063019155047352
0.6275481914452523,-0.3174046960813752,-0.2705012782168358
4.040471962257162,1.5903654921524308,0.7160399034393796
2.099373210578408,-0.35294339622294746,-0.42119090126774256
-1.0986841925388178,-0.6013385202089885,-0.07832926962622015
-0.060842877242742135,-0.6674842486945719,-0.18466230117599045
2.252451543470719,-0.43232429675831546,-0.3598025168792124
0.35708094822660175,-0.5325186053446678,-0.23402061417488917
0.06740658883713341,-0.5985486380217231,-0.15222473214013385
3.444675114939158,-0.05013065119166356,-0.4630749981687247
-0.9864119376928876,-0.4858112694646555,0.006968422836026335
-1.043715154737376,-0.5959497903723998,-0.08427584217992323
-0.8996695430361723,-0.2462370567242075,-0.4703807189133403
1.6807059642976863,0.27146032543001386,-0.42789911595049607
-1.5328620275569138,-0.12394776387620618,-0.3424996655827375
1.8255786901921636,0.08713780320689331,-0.7479894395841384
1.0088868469647407,0.17707237606198048,-0.20233756116732424
-0.442701446485198,-0.15127312018543146,-0.5776373824939574
-1.2814471313552125,-0.24641863803037437,-0.5215398259175078
-0.06878146939913041,-0.30122864545117156,-0.4933742104946244
0.3045970117745303,0.8349661722166216,-1.25333449945601
-0.2691146125822346,0.5298520712181058,-1.3344072214207379
1.229174333254371,2.2955251819010583,-0.018139803107102014
-0.9554210940972259,1.285833538669319,-0.9047434274122252
1.2468745402123353,0.7940806504422447,-1.5480259073692597
-2.137242139143249,0.8184760702439942,-0.9858130561789799
-1.6862155879322134,0.569257605913377,-1.2637589810089473
-2.438942902623219,1.744482620688236,-0.08051375330045629
-0.6706013716100933,0.2519013786816756,-1.1068267289664315
-0.6476028014414119,0.38353543538471585,-1.129827296225043
0.9581895280120699,3.294548570883026,1.5882346017544589
0.5469263030097539,1.8650103710081585,0.2294255224829931
-1.6927555675316817,0.27477183459352,-1.0552873253713466
1.4674183770918545,0.605561734180981,-1.2544489086364756
-0.698860231455365,0.2871138909943662,-1.0466606495414514
-2.1299953448838123,0.26100002882136103,-1.0206557564460261
0.9435510516652902,-0.20735275564030006,-0.4221126145042715
1.5678573133864748,-0.25456457406853583,-0.5142261300553954
-1.600492385386917,2.1649048533716306,2.1051465904603854
-2.3873394628093085,-0.37084381131025346,-0.32768290530816907
-1.6870467784196632,-0.39092072820286344,-0.3601591748352174
3.033995599505562,1.6948313130556776,0.8306534082471151
1.0278497480552886,-0.00393928404302972,-0.410959086942755
-0.2399835179710714,-0.053272798697580726,-0.27622276768117204
-0.9822125431613395,1.4530310543511273,0.10411035876753927
-2.500387759585014,0.2981028452537952,-1.0246464481240323
0.04856043302216332,0.4127470863513883,-1.1214020144848842
2.298377060815987,3.3844135623849025,1.162897465308299
-0.58225798752079,0.24214415580928225,-1.0403380169218055
-0.18642644709763687,2.843011096769001,1.3828615084692564
0.4389683850630399,2.8501262330183024,1.234847712680525
0.7823285108330644,0.8181088851232037,-0.7701190351692095
-0.5037727678229514,-0.4322957384211335,-0.3967619099391984
3.414794201795753,2.929963079017883,1.7974518348679578
1.4030224548678751,-0.31056536500703785,-0.531352484451042
0.45264570348431565,-0.2732816822437181,-0.41691017966115795
0.3151991054197363,-0.49216642213778167,-0.4162863408511508
-0.5979141521340465,-0.4518412929016133,-0.3805171848310413
-1.9182022661751625,-0.35240092051461613,-0.27503278623851557
-1.0311146173457284,-0.34472430002888527,-0.2582618108827039
0.7074217818937436,4.813143457119634,2.4364302130427045
-1.2927050345814277,0.634068649921028,-1.361765077236383
0.6076359548708926,0.7352848368228856,-1.5633999720850167
0.5585407456762826,0.5942103347551972,-1.533533388341971
-1.6492881775002166,1.3840372035699782,-0.6635432756979741
-0.7422569645480889,0.6105338121992684,-1.4596303034480036
-1.1615292655062013,0.5975162566109322,-1.4263508252775305
-0.41356067874509733,0.675616550831463,-1.3644897219939476
3.7940725831714786,-1.0825850989489665,0.46957860172211124
-0.428329371661739,-1.3141164213242111,0.7612755971443944
2.0415307254305106,-1.3937898896347332,0.6477596356515247
-0.09798700198671181,0.06251744417167958,2.3336111491933567
-1.106799813910781,1.0473560976795633,3.3283870104853657
0.5174337958302612,-1.4775065663981553,0.7406578061966935
-2.174920179490744,-1.4633701964535963,0.82450777712883
3.038212736021909,-1.1731469501169767,0.6687926150120572
1.1327018991771491,1.811569493485155,-1.263183810898985
-2.6684000064958315,0.871888624004816,-1.6181273157911975
-2.237224559410885,0.8734088145787513,-1.6452549377002297
1.621346213080616,1.3487302590231884,-1.9180045215921775
-0.6914810643555169,0.7829843658032644,-1.6968612568135892
-0.3019356886178926,1.0432945338715922,-1.5517996701055754
-1.410476316538737,0.8862773137873764,-1.628481209196509
0.003883622947074834,1.192738940293043,-1.782346034174931
2.9058057792777174,-0.0018460021031940369,-0.38450307768555436
-2.321483688258414,-0.5465628709010617,-0.14290266331296525
1.9292143495105938,-0.4505882175542434,-0.41188987552839074
-1.103281569764542,-0.5495295904257171,-0.14105162774896512
-3.10098556095232,-0.3921953612636945,-0.10146491891528936
0.07038725150572324,-0.15999370596951498,-0.06492380389783599
0.36824395319422526,-0.4287448537649655,-0.24864496216648266
-1.070214884459766,-0.5476185809354001,-0.14384714947426533
0.23888494436767924,-0.0791815025765445,-0.02495830512306984
-1.267103653366518,0.8727913534880429,0.6859208579550041
-1.3064992174232917,-0.37480402261489976,-0.30696222182473726
-0.7618218523071795,-0.25137782536474357,-0.2526015256035279
0.197383551156005,0.16830068301095502,-0.0289076483798696
3.321971148708588,0.6239838453706218,-0.21579431725267662
2.0437464717789995,-0.11041452182568728,-0.48557450766673416
-2.429121945458804,0.7952963055319722,0.8274265542549438
-0.7308563063860974,-0.04854020081568146,-0.7927525142998976
-1.4221861856920348,0.009796544787173287,-0.7787846461624542
-0.9317706217962882,0.2819935785245795,-0.4958066891984745
-1.7485266453522927,0.9753396579325218,0.25895873040937034
2.6393846175434144,0.5847311066175915,-1.069251478520126
0.7364298689205648,0.9712136302770455,-0.1814080199706058
-0.013970167563146734,-0.05129175662434169,-0.8362459630699562
1.1828902019698786,1.6123427034463578,0.550792788849596
1.627901205571153,0.7852164992345156,-1.3666852473271915
1.5215923378278968,2.422317255948495,0.32625866350407057
-1.7065926611221056,1.3541467643300855,-0.22487531760141335
-0.7543187723890504,0.37069100259244187,-1.2176031325279977
-0.22632247798044688,0.5229665627306259,-1.282698843925374
-1.1180859644062227,0.4269904286851474,-1.1484298358137355
-1.143140361113383,0.5192054158318835,-1.0424898570690229
-1.0253899830252076,0.49108834850232586,-1.1113516708562836
-2.290604297802229,0.329254447363282,0.9974340176621672
-0.492627926815226,-0.5615883321224886,-0.1252568222824964
2.658045489025496,-0.4005686304499806,-0.2841184359119789
0.037526091894824705,-0.72540745595642,-0.1201755477912293
3.5145373603257912,-0.12370740907725393,-0.3879504445892416
0.7087228204258826,-0.7446769435409318,-0.15165411391383785
-1.0687971235904707,-0.675856806627711,-0.0006291957938675552
-1.997980851128939,0.5621385603590516,1.2385115906179458
-1.773731438263981,1.2248751681208105,0.9242593162745536
-2.3996547549839664,-0.11360188002857748,-0.39334066931492373
1.3306594647549923,0.02336518479375613,-0.7545931959649166
-0.749696626667494,-0.2103802558630211,-0.5214880726167842
1.331868154366086,-0.11494157849763995,-0.7288974799843421
-0.41899789206986787,2.2681811639651066,1.9680132029612272
-0.72218250766728,0.08642529768542603,-0.4034807500138498
3.292674147878707,0.7156101177210977,-0.6862603877558212
0.553340021919746,1.4950474038720578,-1.1277545772239868
-2.984834412488221,1.1947927717671698,-0.9185658337896507
-0.33321101041457357,1.3751069768738478,-0.8763186470689359
0.05220397373224053,3.4768380343534746,1.0180527122526493
0.05028535915644788,1.1239818932143937,-1.2247292847708842
-1.4689933757109186,0.7360434807440605,-1.45824405139469
-0.1229529405998418,1.066494791628788,-1.2899678505484122
-0.6604444449495558,0.6496642298314208,-1.541090653460028
-0.10207754039605778,-0.5095318724564364,0.30542651805199666
-0.6056911675153968,-0.8590055053795328,0.167444353987403
2.938531614873794,-0.5494694624291632,-0.1508556441995186
-1.981900894438052,-0.38709434275342564,0.6923264769315037
-1.8665064945101444,1.0037915832327022,2.01380897742477
-1.5188490999938504,-0.8350523987638923,0.21283341997583874
3.026064454845101,-0.19747969185182168,0.22224580571641275
-0.4880444705579619,-0.7522465356271151,0.07484627983516146
2.8869039058595334,-0.21426633921527835,-0.37253054347394304
0.7970088051339914,-0.2838404288400923,-0.10047189761138575
-1.9636719714303608,-0.6611212286442225,-0.05305425526961086
0.8722469473620182,-0.5081323032073304,-0.18685361177909554
0.5314410145920591,-0.6999889508215249,-0.11239711738095474
-1.6756172539545748,-0.6788245499109569,-0.06164837032084132
-0.7568236986698696,0.4031474675739353,0.9902875883221357
2.0806024191683337,-0.059623685912723795,0.08230041418958056
3.4785873302765276,0.40813781715732045,-0.4840054207619845
-1.2196255099642301,-0.28170599311612965,-0.37995449654752883
0.40464058437689826,-0.322421837865528,-0.3853126705853482
0.6063648994360921,-0.28849266362181347,-0.4154498071129077
-2.503650456829388,-0.1873544960486316,-0.2733152943923248
1.9653096365608984,-0.21263708455570493,-0.5703758723778972
-3.9430975187028374,1.2980419529668081,1.3511888814789104
-0.13083285734430367,-0.41120091256824615,-0.3527187579264907
-1.5313620113523745,0.6542010824849288,0.803356229359774
-3.0009566558440324,-0.4452604284274748,-0.20601893056706136
-0.23314754950925437,-0.48002222205305045,-0.2859906027025808
1.9345896866234287,-0.04984719207599066,-0.5039955046090954
-0.2547493266358985,-0.3026117233540691,-0.3292052943753599
2.0727015653395426,2.4934449827680973,2.144418719685687
-0.6155522829266298,-0.2797880688565094,-0.13716387073075498
2.5539380071661313,0.39113177024500806,-0.060073390119777026
1.433074303790779,-0.5743707094177043,-0.02677545187189544
3.8877387569554696,-0.20483724137475373,-0.12916121967763952
2.5181794912349478,-0.7345950560686442,-0.060723126042494614
-2.1204425156287616,-0.8560940251710655,0.17230337939581497
-1.8837736177775064,1.6013499107735831,2.603965924092816
1.564568422790517,-0.7213433802276991,-0.007000960874939853
0.1932936720364739,-0.6129819912972001,0.17524414796650298
-1.6596259281383985,-0.845630795471228,0.13842261594239666
0.5554296412603087,1.0041700172084929,-1.1511175748235232
-2.4037339902316726,0.6237054713766501,-1.1667892449083965
-1.0584946503956034,2.2579437336597015,0.4083655207375249
-1.1875865013994418,0.5225010478596119,-1.2659686776924732
-2.0627351369012477,0.5673255087202046,-1.2347633347252158
-1.7543025381292865,0.4827590431362593,-1.284531834326159
1.661513246904072,3.69186884484106,1.180719418579098
0.9729989139524924,0.7382267521634006,-1.4969677342041057
-0.9899152583995621,-0.043108845913915006,-0.6721143879554277
1.065197596960852,0.10849899950199692,-0.7567587648730091
-0.36568362861946585,0.16449725071839913,-0.6201594155567247
0.7994296362715063,-0.03462279921118379,-0.8180805428680717
0.6634182502255895,0.05522841368188125,-0.7801396742258845
1.0617665039081854,0.05807964482366804,-0.8063884142991455
0.7543959760222106,0.02104142552883589,-0.844081265756155
-1.5308550129010772,1.9659440542811963,1.2813374099546995
-1.0228757637373913,-0.7348529556695941,1.0034126643870818
4.0879165449678565,-0.8684651095905692,0.12928266015566012
0.2637135552406876,0.9850250937071847,2.5072949037039116
-2.215645477601837,-0.6911056817719139,1.055740444896921
1.0884186254318673,0.898098005411687,2.348951520477447
3.2444740285388103,-0.9402785274689326,0.42968750402537714
-0.19409169108838759,-0.46720608274026476,0.9063953646825189
-1.9617449678524732,-1.2261271765600101,0.5585518925508853
0.325053027909406,2.593199203752864,-1.6305405000479631
0.390959679430104,1.977832081435961,-2.1970908050550584
-2.0628148159439923,1.4145374189773197,-2.2519638223092167
-0.5286906913006754,1.5658454821772423,-2.3806548974185686
-0.7163576851496606,2.693808551670611,-1.1037216283425613
-1.3594625535057694,1.47768857599594,-2.2540649386262155
-1.0147002167502688,1.4716813230804304,-2.2723987940179544
-2.2313299967066866,1.5089499477069654,-2.2150580397023267
-0.4607124278713923,-0.44612536441418305,-0.328455324605712
0.3576590814166182,-0.24615590278436283,-0.43625920951423536
-0.6360361946976212,2.173074705516126,2.1217115281398797
-2.9224471443870934,-0.25096843689400566,-0.19934817860360335
3.3955456349715623,0.7473841370282062,-0.2438554184318476
0.22867292442209328,1.9868396775123305,1.9358397803706962
-0.7566457581489886,-0.38124751127237266,-0.34275446034975776
1.7363613412066359,-0.21914184432967249,-0.567913739115326
-1.0018687259615557,0.23106639327329984,-1.0596080092178886
-3.1760210065834813,2.3887242334084515,1.0701205765378505
1.4595096121216862,3.2220158037591986,1.352662955819966
1.4871898096175817,0.4707387658520386,-1.1429383355762341
-2.0757188529294175,2.305542563971327,1.0456364233773154
2.3444985893911916,0.7474853489928656,-1.2467443297354932
0.12362124120765047,0.2280075027580445,-1.053012333676888
-2.3094520901169844,1.3648850700305926,0.10545174413383893
0.41423639264158285,0.5229631220086285,0.7253582916521907
3.0034793329903327,0.7372867030245007,0.469075696323051
1.9176113556314147,-0.5400150018683232,-0.33679879920746797
1.0216877622790645,-0.528307396146827,-0.28508810467490536
-1.6702002437182464,-0.6145753496462363,-0.11834861765161898
-0.23732043591451374,0.47547302751895015,0.7156389721487798
-1.6501033159358198,-0.4646930492141313,0.030852528629347432
-0.9845750998825926,-0.460237455565177,-0.014276417445688945
1.3010153413078618,-0.4545170767620865,-0.2793579560800353
-0.7342972928403859,-0.11743290135436608,0.025295638468943726
-0.16813328728992638,-0.5687808392894396,-0.2790685276307746
3.0421351271116945,0.9816880780792778,0.5260904329667588
1.6355257262959488,-0.45067485117303907,-0.33131087586052843
-1.8398745149160052,0.45558691527111533,0.8142879896354689
-3.9729081119967065,-0.3941657364366909,-0.05668542020825944
-1.7349280600870227,2.044991087859651,2.3373678514441774
-2.0065548890028624,-0.7687382640352569,0.17728523167912374
-1.666240046006663,0.5870988196056705,1.5035572331547555
0.805128676249393,-0.6863884973692562,0.0023662023598526585
3.7884178062830722,-0.3487106020187807,-0.26689396806423715
2.9648392468803166,-0.6021258534722506,-0.20685202155260765
-3.0086355157871694,-0.8061369309961679,0.18379202682058615
0.5222270746684547,-0.8156530603183262,-0.03345683119919414
-1.2085370846423162,-0.6349110511802354,0.10494540277209001
-1.3465724432358626,1.1649788135462473,2.429821375644385
-0.22733667272867697,-0.12141002950969897,1.2334250928478196
0.6813128442141146,-1.0543943755256349,0.29267697522948
3.072857441495957,0.05319664740130514,0.87624259719859
-2.9240152194824103,-1.0918805356208687,0.46188262115970125
-1.2366245277809798,-0.9820378063242169,0.4531489970566567
-1.307180478192925,-1.0968678641512895,0.36533123070679485
2.9641936611349413,0.8977277725228245,1.7357956836525874
3.388895067431304,0.7116287666689196,1.2052799364027729
0.5074280670966627,-0.8637242881275,0.21090899345558395
0.1838721294119284,0.7416256303890288,1.933495717399309
-1.4202013250167032,-0.959391661864833,0.33566361210135914
2.74106583501452,-0.3251770485980143,0.44587992805954
-0.5553906217779107,-0.8548012612716848,0.2726990320780288
-0.8419814648936604,0.3956066731063852,1.6459716775768571
-2.187779813947264,-0.647396939252644,0.6765893412139014
-0.009484758425902559,-0.5992162597658921,-0.1550429918270368
-1.9989198853124452,-0.5579001532901726,-0.05214100749774482
-0.644905952921594,-0.6358680631903388,-0.17194553684315664
0.5717296472622297,-0.5612056259629924,-0.23954919874093927
2.521387032121077,-0.22697125936502804,-0.366230062085076
0.6882092996068443,-0.4298905149264255,-0.16373885400181892
-0.07550992097028111,-0.6572299682881266,-0.19704462193628672
1.988510107953443,-0.3309367242349497,-0.24984512223402564
1.2172647103782328,1.6672496912660024,-0.901796871094075
-0.9968033710612787,0.6330694096797966,-1.3830430759061791
-0.6594897815164107,0.7266334866857718,-1.3006490987735775
-1.7455933662866012,0.6239197989719928,-1.3309442754410952
0.17917443657162757,0.8467426394808851,-1.5497614554371368
-1.663352346460615,0.5844075316715794,-1.3913155550387286
0.5453501935558162,0.8817767210199537,-1.4105134143381244
-0.005353636879417701,0.6210590827523349,-1.439408798686856
2.8588500818891815,-0.4239000861177135,-0.24210950879817097
-1.1987196626262713,0.06694592554180731,0.7754465381792462
-0.2601051202475046,0.3265877450416983,1.0670558456662294
1.8361610323856616,-0.4062062378230454,0.14527512761524344
-3.1981575496778687,-0.6443231905971807,0.23298245974879916
0.933766038079113,-0.5641340782091244,-0.12407553468434109
-1.918733654651079,-0.30612666578911,0.5872743428015176
-0.5075993704308407,-0.7731118790487944,0.057731595690629064
2.001804124314597,0.2644468299686253,-0.44530560543876174
-0.8589547118069376,1.7157526442753717,1.471588921310239
-2.9331743632202123,-0.13229915900662065,-0.32492902154804176
3.038114317594657,0.5026213911283129,-0.586578812011017
-0.8470092711058901,-0.021290866537416755,-0.39171498128294285
0.2994221195291474,-0.3000305140766787,-0.5929889645727087
0.4979954187764525,0.4619148140834135,0.0329178351178077
-1.112244730042901,-0.24345299233672618,-0.4577019983897655
-0.26141529070010794,0.4664301508004812,-1.360413154250098
-1.3431090020437662,0.5125244976184439,-1.2400824736530924
-0.8143194802341097,2.6676627925783807,0.7984362452859154
-3.5811451140746255,0.5445873916641493,-1.1941687516428712
0.12362936646490538,0.6979845039224958,-1.3060049355329826
-2.6285112636952754,0.49871626672203084,-1.2286793711106525
1.7306435871538581,1.1299034532308703,-1.3094708867045424
2.4278993827883464,1.0413707069265845,-1.610425586453088
-0.24272972087308992,0.06398431467035375,-0.9513632129229265
-2.185699698143103,0.13985375428786562,-0.7916883564843747
-1.557330575739501,1.6011626033560655,0.5374734140233918
-1.4901277154217372,0.20767560151742603,-0.899492568290536
2.0206314281727256,0.8185987187564423,-0.7849122474814787
1.3522156681893456,0.3892438957575812,-1.0504057359466863
1.2698563044478324,1.1345300882109486,-0.18937322288366581
0.06573292892243937,4.020234426014708,2.8994341379878223
-1.031595356759078,-0.5308970420110184,0.0699634438982573
-0.9951846569263711,-0.5229039873066716,0.06342587953460851
-2.055645930293082,0.7451067387314151,1.3709977059564402
-1.7079239284823686,-0.6323630362284873,0.013783413256002226
-1.686457387071888,-0.5811989699939822,0.06206313650010893
3.4762719942435645,-0.04401025497605449,-0.17626924220924098
0.1836900566088806,-0.207835593262843,-0.004159475820615425
2.49228786027734,0.014017763862609368,0.29323666503580903
-0.8868357153846647,-1.2099732313594886,0.5551086018692669
-1.858887865343919,-1.2581371651287356,0.5664201894007165
3.2557443907392445,-0.6860179622142767,0.39384378112879304
0.953740351464848,-1.1051554720768195,0.4338034050862145
-1.657569354855413,0.14034482656184835,1.8790933511385428
2.071097294017801,-1.1678008619367826,0.3963924973879408
1.2386616886828892,-0.9059696859709232,0.8734207090860561
1.2788149332624374,-1.0673260360485302,0.4701357770776031
1.2815883791984393,0.3774117481061379,-1.1443824537991778
-2.4851640626850275,2.2669330600247695,1.1301351918795635
0.05630102862597593,0.2924170687220955,-0.9952702332626037
-1.7468440586848635,0.17096330202276894,-0.9410872524790482
-0.2811308177864398,0.2991150034276067,-1.052714212558255
-2.030965957577153,0.7480240311545561,-0.38764365067408907
2.8407738144408694,1.2593511982367043,-0.8166452025492011
-0.3321329568894828,1.8330409852771212,0.6891999235929532
-1.0379368370955901,0.03128370427919695,0.49646222122494366
2.788316323180828,-0.2854321496871581,-0.3973485788617804
0.16812039210206536,-0.6793148884745168,-0.1972831685168522
-2.9809502187843004,-0.5348978143638605,0.000825078484730989
-1.0839244055667228,-0.0360932325474293,0.45894722301682706
0.09491977171470853,-0.382731552896282,-0.2524041225553809
0.3724015620788426,1.006315373586038,1.2403125386779654
2.238872372521103,-0.4262871180213013,-0.36622845998986886
-1.6663164579673597,2.317329660306544,0.6194136127258507
-1.6973141052756922,1.2905600597669122,-0.36428416347745907
-1.1974072899721762,0.45470918800205734,-1.17814951458247
-1.7873336359951697,0.418224327629796,-1.1974518054382866
0.15499980295439705,0.5183795728631885,-1.3255867055525135
1.0731108392745705,0.7499550015665818,-1.1992273843801622
0.276774156693342,2.312301299081013,0.39418631949656785
2.3184655821338374,1.0066061869553127,-1.4980557794338936
2.2494028842178126,2.7885207312726905,1.7810580333188495
-2.8805973468659105,0.4716446003681291,0.1712448153585998
-1.6633140131566138,0.9203631138954628,0.6225985990558776
0.7999682706614398,-0.13834936441995938,-0.6822438250052946
-1.6124026236416804,-0.2378468832605369,-0.5262946003255903
0.39245477325967987,-0.10383559054146958,-0.5230582260182388
1.0105926909559573,-0.17139202023689998,-0.6779095820524105
0.8670527930092353,-0.07393300098667814,-0.644056992553351
1.3120310057815963,-0.2614192603587289,-0.40500712152260776
-2.456570387454147,0.8868285817696203,0.832026849842639
-0.19472171916365077,-0.11090670091437815,-0.23624881000692857
2.449212140281007,0.028556383852422634,-0.6385172628217625
-2.4898572333974007,-0.2348701468908959,-0.2546331311061336
-1.914938516706366,0.3916013058057043,0.37190573805721394
2.6977495333463213,1.0146214674805778,0.3070162908224985
0.898153060971751,-0.24696595466779755,-0.5664923319334262
-0.8433125302867029,-0.08705733436051939,-0.6390949502670611
-0.19374593853972832,-0.09018879249126172,-0.6789593960033536
2.005648217656838,0.16585651236484297,-0.8278338753578377
-0.8426796136400251,0.01465553955691267,-0.5400340230167181
-2.112011794426513,3.138066333074742,2.551766096213389
-2.57624929458889,-0.10336571859563289,-0.5991609147662268
1.231327034233731,0.10142140477059493,-0.8497397611699778
2.465082294514498,0.4790398984449345,-0.774071588850185
2.3755147173937856,-1.2802957467832257,1.1084671291538
0.24659130144461885,-1.4489104387830678,0.9207086203523208
-0.06812432847834714,-1.4322976779526209,0.8562909747365343
-1.9867058254013972,-1.6196532004106658,0.9506071610304571
2.458246036826549,-1.3603908549196349,0.6313604883226858
0.832967972466128,-1.5218367309007839,0.7706186243737619
3.5422525717016518,-1.3082837305542607,0.6120684982789294
-2.241265538743182,-1.5426468135072609,1.0020912471306338
2.767360071688668,0.6763189658181891,-0.8874136983704857
-2.409852704077423,-0.03825797973201138,-0.6834758806561092
-1.391776356371443,-0.057280525499999194,-0.7370694101944205
-0.9105754228458011,2.3459375585146534,1.555232842242804
-0.7069282289701211,-0.012742876060833255,-0.8023012012811139
2.0568008598669327,0.221234585402753,-1.0039557274040014
1.2181913180393302,0.06845469254374686,-0.8434274052765233
-0.13386867179285547,-0.10034175255017647,-0.7930956662179854
0.9433901404286374,-0.8736659570106303,0.3151687368665567
-2.950744395208271,-1.0725543174589667,0.46330859775394173
-0.9698934419703065,-1.0715919204800075,0.41542643527436895
-1.1033511041625825,-1.1397966556469494,0.3828230108018776
-0.1210775671245114,-0.9285150000740648,0.3350829424849337
2.59385513955868,-0.7293235604581603,0.4380390952539426
-0.929930428960444,-1.1117225559944912,0.35755734210546164
3.583965990286796,-0.2792028912228952,0.4639321536481999
-2.3609740561870503,1.260895028881573,1.0476141957794651
3.0652506950736917,0.30972493623566827,-0.8157279260312039
1.0967365792851627,0.08140121988474885,-0.40869133565153515
-0.7050120787783858,-0.19467043125928193,-0.42701376865426566
-0.48047206737615544,-0.26902037525600975,-0.5535408428800794
-0.6697231397491962,-0.24069646235816775,-0.48118317503827623
1.5452579248119191,-0.14297979999781438,-0.6260998964364421
-3.8926077325234636,-0.0957479148789888,-0.27965274081749686
-0.5914999716427586,-0.5789450392230913,0.19468698026852307
0.925749129136765,-0.7390381664289254,-0.0439755484618226
2.838859833285514,-0.5312609674847683,-0.15001155177883513
-2.8240787811696353,-0.6479869113628647,0.32364916778849145
-1.6024463559998299,-0.8008618919612587,0.17512401727279456
0.6595545527631329,-0.918435550860902,0.01938708505839321
-0.8573634786514611,-0.9176427383554835,0.11334753182714102
3.018522104532453,-0.43164847881846863,-0.16654772659998893
2.444023396086943,-0.6232901710977335,-0.04935644380385994
0.8109737956070956,0.5445149632298212,1.5571754253083563
-0.6227736448180607,-0.9508055272042664,0.14315740205031677
0.38177574746176307,-0.9268559400815273,0.14442629106656862
-0.005147424708802592,-0.975660002762697,0.11766994476535708
1.204834438507049,-0.8408922891376268,0.019514972228690232
3.1175578801357604,-0.37644040384972394,-0.12630221464091726
-0.9025831762146463,0.9934215682087207,2.0376372861719587
2.600491312116983,-0.9126531526236414,0.019106291061012252
-0.6724776547988991,0.5659745535868557,1.7668716529586739
-1.9947178451684486,-0.07312824846786352,1.194402615979718
-0.8287233633563572,-0.72720391787032,0.5489018107123705
0.8218735617406143,-0.8681648430131464,0.10947910691890575
4.078489727793241,-0.3653562145577277,-0.06512121415094117
-2.402831685073178,0.5805506254548446,1.867953920996229
-0.18039436960905922,0.3863812546680198,1.600370711734562
-3.3392246802787766,-0.8900571966893864,0.5138987601858511
1.7252356814328234,-1.0076440826807678,0.15267133533812116
-1.958023388475801,-0.7747882898010051,0.5968900915456604
3.020676927735056,-0.7848333157086476,0.07789421198374549
0.3778067059121612,-0.946978543526943,0.28230689582555046
1.6548682813861528,-1.0865618744861993,0.151521082567384
3.5523892434617768,-0.6298035731233941,0.010992571064070826
-2.1427165644710073,-1.0590603881920346,0.37611912313128226
-1.3623730547184236,1.225061188938722,-0.6515243271157898
-2.7724913545548517,0.5408383167754924,-1.2724637026959937
-1.2412711297651422,0.7859913656524815,-1.1145182319556974
2.7702008324946057,1.2285195898305734,-1.7129369731114839
-1.028988420707879,0.5672102892919354,-1.3938453319990058
-3.3974735530135587,0.6389992490710901,-1.2852469851008863
0.7153939902576555,0.6361825065222404,-1.493647201475195
-1.6683881280964747,0.5721906686840439,-1.3555813875171194
-1.7204515480020073,-0.665241785148396,0.8676499738780561
3.8793035438805816,-0.6330866603727262,0.10524814901938521
0.5472855136017124,-1.0264847648515651,0.27488126466504864
0.48734708134754057,-1.0344517890342222,0.28259385296975165
-1.6760758571018044,-1.1131984286538268,0.41375831493290205
3.0204426075689574,-1.0114171188475738,0.10996394265781388
-0.43609500580045646,-1.0123311469267553,0.32957968572981994
-1.7074432149607284,-1.1186235662004238,0.41853221841048455
0.6429732472391585,0.8945593804901855,-1.529246153293202
-2.101912697084204,0.6612132851319119,-1.3289158322013528
-2.0110061233096572,0.6204849650966494,-1.389011156515659
1.0774820960148284,0.8545379178601384,-1.611560808319914
-1.0879661130177811,0.5951450887693044,-1.434085526917517
0.3692881719186442,0.7310351674159711,-1.5498303962080557
-0.6796293674887958,0.6507711214368428,-1.4124200631858557
1.3066946757791533,1.0947643158589924,-1.4465895679042728
-1.6850303183420992,-0.20796816197819756,-0.4283727980374019
-1.7029047039864835,-0.205459817367382,-0.42894200932892157
-1.1931967505681575,-0.18392303311167435,-0.3968001475987087
-0.5171594330415104,-0.17081201415905997,-0.5508982953618528
2.106012791394461,0.15808974162056919,-0.43123445597149695
2.6696381273212464,0.18400328848465933,-0.6905191713797234
-2.2321509622419713,-0.22597413889974816,-0.3856947952355762
1.6897044767041105,-0.08833454883110421,-0.6864521755825221
0.5348249229650636,0.12073567098704398,-0.9287893219558516
1.7296520484891302,0.44339240959160564,-1.0016394710168315
1.7069840721783751,0.3382204383628312,-1.097553573509511
-2.4735390627514633,0.28455192562574017,-0.5991931761777054
-0.07979707471265236,0.418167191653242,-0.952596378749264
0.29410414517228983,1.5440111100826392,0.36775157898769817
-1.5509918875731252,0.1017467372453262,-0.8650071406071359
-2.4858787191720677,0.8872667500703827,0.00043129783219419574
-1.0133474369190152,-0.6058666293635336,0.014048482425715285
0.25754206074710373,-0.6409226423787944,-0.04733716627169458
-0.12681849991696292,-0.7377115086674564,-0.1254565585098514
-0.4565280278707261,-0.6844720730314773,-0.1312099674218365
1.0247965309542044,-0.6144070230469543,-0.2139246284835092
3.279696845883258,-0.0866010472391736,-0.4142702264637195
2.1649121925808763,-0.40583138031738314,-0.2724811761296962
-3.7631523399469637,-0.3881722756593205,0.22391199256791278
-0.9618738651339926,-0.2541368372239994,-0.027828390597017253
1.2968378004946968,-0.2721630421219439,-0.444162819829624
-1.1377306152765598,-0.48219680421456235,-0.20264610937247943
-1.652931387389283,-0.46188890040335956,-0.17966970479837627
-0.2030155591524826,-0.1886447565237419,-0.1374657772544627
1.7846543846734548,-0.4169382442525964,-0.4481268505641471
-1.6462132737737885,-0.5104568530783334,-0.23090041842642806
2.8790582172862442,0.0004025414368071929,-0.48767562479603077
2.723274186129429,-0.8359993618535798,0.34626513943522114
0.1205143038362428,-1.0957480626774714,0.4471415688076986
-1.6169957525666752,-0.9733710395360463,0.5691011832790902
-1.0072141631007459,-1.1400002272095973,0.3890299555435097
-2.3539321211077007,1.424533968771088,2.9394142720544165
3.2146542208531774,-0.6375115053271904,0.33529656578562334
-1.0096458614720396,-0.9836807858579775,0.5355894093293893
1.9398853819820097,-0.7543104245578943,0.14446645328197452
-0.14756468823614421,-0.05947705768262334,-0.6978061038918947
-1.5009425602353939,-0.12301121137454483,-0.5503998274618377
2.0167080109727182,2.037412717662257,0.9373079756169215
0.3096402465334682,-0.04049292238917914,-0.5537349645566507
-1.9666453740233059,-0.17386261913368078,-0.571967851860281
-0.7004933272299089,-0.22790776748665661,-0.6219587658991688
1.331154412498027,0.3016997883700125,-0.5498713621950013
0.8838608804855574,1.263006237141109,0.4214788447116815
-1.7560223073504684,-0.40529957036408176,-0.2281882156380007
1.1322754845021012,-0.5063609154911402,-0.4341519520335023
1.0938260250906688,-0.4086873055618176,-0.4340938720073021
-1.947026638564091,1.086292284515737,1.2879018791726444
0.922518756883047,-0.2760847456141964,-0.340059551556734
-1.1049867297029377,-0.3508817998149717,-0.32586509377903095
2.299461137190352,2.560712898735433,2.0959800218578053
-0.15337532547510555,-0.3162276714517546,-0.32820628590656026
-2.080495391275327,0.4142063827248067,-0.9619083890290008
1.1548870173214638,0.7324195497463069,-0.9791326124611147
-1.0750014763896287,0.4511260568417328,-0.9683064877281249
1.3881874749998084,0.5354781106581226,-1.3007043233389968
-1.2323352612137233,0.4273457717697684,-0.9463770637330192
0.42063517878730033,1.0430131420944568,-0.6390698599349948
-1.1149785285004017,0.2974822531558615,-1.1142921851571514
0.7451070694933161,0.5425312847547495,-1.188470582762969
-0.33713200743325444,-1.4016043404056688,0.7371438494929948
-3.735419120046752,-1.1434357004994002,1.1476548550189734
-2.7960592792341696,-1.3121753608126399,1.0271506173526528
5.013770277674336,-0.6429159404582702,0.6018586567907144
0.5730929988123274,-1.5567316931565645,0.7134700763274991
-2.909216137184707,-1.4308541320025683,0.9437490211602624
0.615098723612692,-0.8878127987455248,1.3508757037848762
3.3078461461574395,-1.3797190183234902,0.5706762878589275
-2.1393609881847144,0.005246044171624408,-0.7493220462101795
-0.7645349962911374,0.07050876221289153,-0.7160541227877508
-1.1827334881991047,0.026093621270102636,-0.7438064342367776
0.47643410818088183,0.7426930257662628,-0.33726110951320604
1.711203403825994,0.27955041297657396,-1.0384926886596322
-0.6868725265825684,0.03491466945266234,-0.7784954732221507
0.3702459132592476,0.36198078220057556,-0.6641941849144221
1.809554225873404,0.34613043724271036,-1.003158711361725
-1.7849597643460522,0.2620880601588076,-0.9395224030799405
-0.3354082078496275,0.8440640580704155,-0.6021320264268742
-1.921540964311341,2.0169251419233216,0.8162813981268463
-1.089315718851229,2.8582605976999695,1.5418473770944758
2.9498831007001054,0.9012824360708788,-1.3812222746965845
0.7987882541176635,0.3438775418329815,-1.098160017790306
-0.2974688436245188,0.1619037320005588,-1.0574494558340777
0.15479963275599554,0.30515236240723415,-1.1134111266956785
1.8807806086389423,-0.5738581437696579,-0.20338183731181436
-0.6244706440285605,0.8047229026285014,1.2138555242359461
-0.986560349531202,-0.641846091844145,-0.03408375533854898
2.508699019320989,-0.3519474035169927,-0.23501779994549385
0.72609443663896,-0.4780030387417254,-0.1041694303308969
-3.312645387367213,2.9772250400519584,3.5480646445227983
1.259547359942174,-0.5089798921869134,-0.19680306881097684
-1.587319164303952,-0.6735351540526751,-0.05565527358803944
1.0996566921919544,-0.3912484360414809,-0.02666555338586846
-0.4405100812151329,-0.3411241738518925,0.04391217955029853
-0.9250510311804502,-0.6867229930103873,-0.09731114658838838
-2.9188263761368933,-0.648073474331517,0.0073768896659342316
0.7563071645935626,-0.5348663251527472,-0.15877213144943836
2.222591428604358,0.7159963054373583,0.9206743831690505
2.418878291472346,0.7656506475942345,0.8532229673325621
-0.6114976716656182,-0.7014532676954219,-0.10894178832963604
-1.3844879355008388,-0.910045573674408,1.6187397845708569
3.15977388544543,-1.4155024327011758,0.6979536971564928
-2.1401925799000376,-0.07760603419438193,2.447550430966602
4.8455268879077105,-0.9518863719800326,0.521881441145828
-3.1585139441798336,-1.498641400127796,1.0438780325869628
-1.3019805627638619,-0.43075978236628637,2.0478080472532376
1.979545395955047,-1.5001058792197757,0.6945540048085858
0.5516463641821768,-1.4609044165444152,0.8408696549787098
-0.6246121646037057,-0.054194466796746076,0.5502439539258707
-2.867854570851518,-0.244658298953279,0.4094559363048787
0.8758415722089358,-0.6798652607073334,-0.12886409882714026
2.17643120157812,-0.42971222153248423,-0.24831546080574401
-1.9768202725791806,-0.6890918172001631,-0.023179413871721174
2.793015624104789,-0.2603874668942063,-0.32790847468576334
0.34291010375107184,-0.5075487798602749,-0.06379534626309868
0.964001232540198,0.8907779234419183,1.2233113360674743
0.30713181950801616,1.106339872801222,0.5238379354897091
-3.46175496544395,0.18532442987012746,-0.10147626590386273
2.6086308148628157,0.3744827458719619,-0.6666522484311252
-0.8601864384505195,1.56656827721309,1.2233689654607567
0.9154819447665139,-0.14210883706238586,-0.6885099168827864
1.6674650481176665,-0.00026521627814596186,-0.6882287164262697
-0.4105395726421545,-0.24572389392523947,-0.523362918943699
-0.251863805601756,-0.2188562732391334,-0.5471738739329604
-2.091340964579187,0.9850418118435567,0.6840993111525222
-0.1078273335292166,-0.22288712294018445,-0.5598843878551625
0.7588263669248573,1.896268265417183,1.2954837528098997
1.9899068303509349,0.32537105617750317,-0.577097863491028
0.696458876186361,1.9904438076164215,1.4021597595132522
-0.6945890468080472,1.4562472936207809,0.9303888396142804
-2.409644158365933,0.043149538116249345,-0.25108143924843923
1.5356073062261208,0.04794268685293975,-0.7088274191865164
2.4481009909174474,-1.119079627106806,0.22306908370819875
-0.9235225966597165,-0.7726780104268035,0.7392427629520084
-1.1821414393965952,-1.1713072883058222,0.4305467192921084
1.5777560415582994,-1.0847562513019458,0.2602002000455977
-1.722998881382539,-0.4824122799870927,1.0945468363472086
0.14754937202193516,-1.0732021910955243,0.3434521116133291
3.662604381997065,-0.5298578473390795,0.31473911599641435
-2.8849628837164363,0.07257175113842416,1.6392109540711146
-1.4189545587739052,0.7631280329097522,-1.567071316006138
1.1683574501239526,1.0893512524068139,-1.7301474296269868
-0.27980484985312787,0.8962893920332383,-1.5856978700173
-2.0880156913067274,0.7738271290491341,-1.4556649338344492
-0.56651617869799,0.7756670474534234,-1.5514037494840502
0.1971922412497049,0.912589575133489,-1.5488248888202165
-1.6927376291463614,0.7771092056763083,-1.482011444411063
-0.5651700070059266,1.5211497775640939,-0.9808492073619844
-0.10290744602777456,0.5360183929764609,-0.5764852783036973
2.7608202784255607,0.42883465787570524,-1.0353853749301996
-1.3223033947538567,0.159357278521281,-0.5500893783784612
1.7831256169404637,0.08204895315739952,-0.9637665333111839
-0.1895378943699174,-0.02695265214439249,-0.8289004307477599
0.22560767875818943,0.26110540671100685,-0.7297860594716591
-4.054811441475669,0.2597200075505728,-0.4310187542656595
-1.9981180457426746,-0.047258185747746366,-0.7033695486106545
1.7714329737549002,-0.5961184577905352,-0.26765200376107984
0.8108968115709536,-0.40268395444613075,-0.18451440836645142
-1.809217958993352,-0.6011288783190211,-0.010999003374488983
-1.4438219614358174,-0.0024971947890672598,0.5674931202040616
0.1881733021917647,-0.18872952667604287,0.33396011643387735
2.796261223588468,-0.2428444605541759,-0.3454669384706997
-0.5570333663335709,1.2744668871331122,1.824188488289412
-1.499574555263681,-0.2113793512947748,0.3753331964165945
-0.973147252941949,-0.9778435311507414,0.21009441344600752
-0.029108608135643522,-1.0094058419254817,0.16761301282874216
-1.4741483159334594,-0.8988004767173151,0.2772705953299961
3.34249283776015,-0.28279446616151144,0.07005795432814119
2.1696145451250386,-0.7811910237694369,0.11012257232179293
2.305932906089611,-0.4767245560253703,0.21812490932017872
-0.699548842721448,1.5318701829539845,2.688604834449215
-0.9982030051962414,-0.6311241231622695,0.5636362789414604
-1.9457827044492362,-0.4183938552338983,0.40341846518172914
-0.49217139782265357,1.5849604637167551,2.1294331989851947
-1.4695512160614024,-0.7122232445889808,0.07098200809342539
0.676125240280478,-0.8396781514433527,-0.07306515371237854
1.7480840381755618,-0.2881616195718943,0.22632040525849476
-2.7481736706098987,-0.5266551718759461,0.28260682461828607
0.7742020778153287,-0.6381981911160824,-0.06147286010475371
3.360992381409267,2.29403147457936,2.1451030151147177
-1.7324401198255837,3.296703488344454,1.0290553632441382
-0.35336332657980385,0.6979376988802941,-1.5072774604051016
0.0781461179882598,3.267686145058834,0.824623922034808
0.9492935921312519,0.9840425684760026,-1.6435325455143182
-1.001337713722753,1.8682895225260907,-0.3264691666283458
-1.186703605032405,0.6859942718532536,-1.5242611128279513
-1.2154160725984458,0.6801965687879892,-1.5194026641490668
1.882391475049218,5.415612109153502,2.349039211389038
-1.5850100788445631,2.1613253635818697,2.222113034435551
-1.1346899067924299,-0.30949663504321007,-0.17028669279224892
-2.042188358548409,-0.37503679221243486,-0.23145523825469005
2.774037468818157,0.3046342536709151,-0.185498279185979
1.7541055738906548,-0.38739500181991116,-0.49323551125679715
-0.3436705360826776,-0.45741941100858546,-0.2955148450171877
1.069616043930883,-0.150807158042169,-0.4494138512169182
-1.6886284225687411,-0.3921056031729805,-0.24373613378336006
-1.3550210019504418,0.6710154587154595,-0.2359638159222478
1.1603518899779433,0.5358671513885913,-0.5813905204327698
0.15563282856572802,-0.05663536037136166,-0.836169744274933
1.1909294154114483,0.01726943889520195,-0.894154029842182
-0.05869191654467359,-0.09207195204267589,-0.804509602957145
-4.38146477889681,0.16397142119560856,-0.5154915837164845
1.8771565927418654,2.767629107732893,1.5853787443462029
-0.802190111082926,0.19387055448235116,-0.7072738931582617
-2.268725480893682,-1.6247339089434847,0.9812653998337424
-1.3955871981287093,-1.559203861724404,0.9691770011667392
-0.5049711583854072,-1.6341701285935757,0.8754739672821829
-1.254494616839502,-0.5216788137292403,1.940986627430684
-0.34110704632805805,-1.1201388458757258,1.1766622453535454
-2.018580464580778,-1.5335962189221966,0.994493544416318
4.479383433910289,0.6591919146255313,2.2159206624644088
4.130798503084372,-1.2590663063215664,0.5579448263698215
-0.03013280438451,-0.9563946922268663,0.6417567418000533
0.49018623758070673,-1.1415066412925923,0.40206796235883346
0.20087215372653427,-1.1860737948184918,0.4428856611463802
3.243470371102614,-0.8270978203477556,0.20476301244287265
-1.5345173010481792,1.3628679624660172,2.9515126662124977
-2.331291329665321,-1.164936318568893,0.5145185128028182
-1.2587647189736604,-1.125877105122955,0.42847100150786455
4.203588950424428,-0.6044364203776225,0.07645760984457865
-1.2161247227746024,0.37318930351414936,-1.1958831883519103
-2.5859347662174135,0.5896981564587278,-0.9183991968755092
-1.8631402211850794,0.37268710375279046,-1.1540132363079896
1.8027122684020898,1.786482934412599,-0.4593000852010153
-1.290087020931552,0.4017128277878987,-1.1294754725899336
2.710917858541252,1.1412880180540745,-1.4253324233752376
0.07910943824239709,0.5237549520399248,-1.2326304184043875
-0.05799448233027992,0.3244760739179752,-1.243541266175268
1.5333717024180853,2.767032784546294,2.2989431672180185
-1.7275235710601973,0.9485138032383966,0.820570861830097
-2.2193980932860793,-0.18723660061781375,-0.23021310927420835
2.3774298909422074,0.022531764141855707,-0.6119109016705068
-2.141632146161832,-0.2770217190591112,-0.34024728391638376
2.275962318593253,-0.06512431822534129,-0.6063544758884766
-2.0171628680814293,-0.15337912331157505,-0.2603339758258632
0.5696280417627375,-0.22144353602755668,-0.5693601138881027
0.025395951056365926,-1.657902565828652,0.9551412547311098
2.7730044256675876,-1.602593268970611,0.7993486806615442
-0.6212484998224925,-1.7028063647058476,0.9436541037727602
-0.1371601934776631,-1.6842256461782268,0.9788286387776446
0.06237918673902019,-1.5990890099843966,0.9981423088026803
2.02810705406943,-1.553117592987125,0.8212320202145332
4.515707489652016,-1.061452195639736,0.6259236676938414
-3.791691599971454,-1.5735343130840589,1.0723186908096705
-0.8201050362359549,-0.13063792867973684,-0.46536621021631547
-3.2008963214531683,-0.13604103686940447,-0.20744629177298532
-0.25019639653480996,-0.23275675175607546,-0.4191198931877559
-1.995758569984874,-0.08274128227735476,-0.41634189659083254
2.5608454370229,0.04074365596708781,-0.7497385377498181
2.3183707118828507,-0.08467031914512507,-0.686515908358657
0.6445660443382681,-0.13392580798285983,-0.5552176658755938
-0.6612181836462019,-0.2862866050668945,-0.516882137050639
0.2955207651867114,-0.14002907287401167,-0.5407813002991988
-3.283382350955442,-0.2438108015026444,-0.3850376790443024
-1.3668491474526943,0.20644398476808284,-0.16157868832101469
2.4636680705956993,0.11057418346193926,-0.6848780386184308
-0.00012402252803566174,-0.2378843318771531,-0.5477613227551629
1.5236458816611311,-0.16253256676818445,-0.6073773173161655
-0.17639834084573852,0.7818463566503793,0.5583312333479757
-1.985885626434775,-0.1873502789327276,-0.34268671337314427
-1.2757830488182256,-0.6249764380133851,0.06915138510264796
1.0026988460465063,-0.6892702273135737,-0.0109447987409748
-2.8594863176670016,-0.7479536379704762,0.10870673432414027
-1.4068613020666332,0.2931614301313117,1.073793908616558
1.0999430242516508,-0.44332388905853654,0.05398989780297124
2.79653932335025,-0.4989749664000607,-0.2834517562486768
-3.1757749269101114,-0.5063065275846922,0.30486195004280503
2.255290295574189,-0.6559420634575729,-0.21492954618521265
-2.71435670340596,1.444750326591782,3.391461528800777
-1.612706634346723,-1.367612238559414,0.6813738578268672
-0.8931856371588826,-1.357630915224045,0.6302672502237017
-3.3048456867081555,-1.3059884089287257,0.7528848205376903
1.5956151907218883,-1.3694075738303626,0.555329244681447
3.863227843522571,-0.3688530484952831,0.9458462720399354
-1.0317561714977967,-0.9551609677363913,0.8578693401123263
3.8690881611045556,0.34293640834588174,1.639318298109891
1.3923909585955776,2.8406099296749825,-1.6157802608359721
-0.056833430945035485,1.6406667148364018,-2.1820985282816077
-2.0051000380450295,1.636594457208885,-1.9512632653733195
-1.953434626470706,1.9002266798438157,-1.71163737878864
-1.3493180375179128,1.381362207382455,-2.240455977349389
0.2692181563488864,3.213655129049162,-0.7399832717773598
-1.0998643562117787,1.5661279065052682,-2.0483492686024634
-1.3850765251157429,4.4684022649127195,0.792618701356567
3.5396611374097566,-0.7517340281167726,0.6568142786251936
-0.8391354743109692,-1.3765859814802903,0.6315249688799697
-1.3970601224982022,-1.3633851930232208,0.6608378941973319
-1.8084720619908539,-1.3135023275710649,0.7361910060974552
-1.5469149005422085,-1.334038516027124,0.7306016072375433
0.03412386429550537,-1.128586247185311,0.6471521191281342
-1.8121036418950773,-1.357342230796618,0.6827064390929217
3.8806963762321924,-0.9310374984936941,0.319430725487348
3.0350733712428273,0.20760653236487514,-0.6928978289561801
-1.4276727914078908,-0.3218541288395123,-0.4283586987369221
2.286217711971859,-0.033365109038925034,-0.6439461912029798
0.7740208125658047,2.354016388665126,1.9633867239219625
-2.218481185202509,-0.2200298716466265,-0.2804814722166881
0.8473765556416866,1.85436773470032,1.4589732846263348
-2.261182132163812,-0.3322175553170831,-0.37126072673221916
-2.2628780845073013,-0.07419967027959944,-0.12563707108583638
-1.190604841137969,-2.0976807858365296,1.413463255392314
3.5376103337427596,-1.8538930994427634,1.1595568931804214
-0.09827499998041725,-1.97260801993684,1.3269557766991749
-0.06255062717248189,-1.8742633172966423,1.5012212025084777
0.13497390436548184,-2.012101268584079,1.3339347647498374
4.641352667049794,-1.3510232305567444,1.2564873994375
-1.9147310217890832,-2.0102557919779622,1.48700386512425
-1.1869881918101968,-2.0916369999531708,1.409729894831751
-0.7218043328980458,0.42492765029652024,-0.7802754757192287
-2.0787518482272977,0.7545358073831784,-0.4110381701182504
-1.9512798692470434,0.5723519519870197,-0.6281515566707379
-0.06639720864351686,0.7740068442338411,-0.4713869607994499
0.683891537512981,0.3415200205703144,-1.0822739052229091
2.3884884590135824,0.8240051175832579,-1.2987357313222851
0.8091774750851455,0.4650480130259787,-1.0023345905432233
-1.4812083767444046,0.27283568913469697,-0.9569356462802845
-1.4897574680569006,-1.1465782613666178,0.42900079206934594
0.845245535959901,-1.2038416388438,0.3135634044352802
0.9235692640039134,-1.198454656209434,0.3064362973980016
2.878155130828612,-0.7500075865368333,0.27125608782162963
0.37844489159416306,-1.0211514648855995,0.36919249939666166
2.9679635790063115,-0.6163658290039241,0.31869729530620133
-1.8853637825691074,-0.0776208467811041,1.493340688550276
-1.5265764976354883,-1.1545140144250288,0.43552535313841206
-0.32571386684845755,-0.38972643351219854,-0.2613342158345792
2.89658244582683,-0.052738744484851836,-0.6500542890147615
0.5204411366066353,-0.3480778004955494,-0.4408032162611722
-3.3719686950836496,-0.3156801575050971,-0.18593229509074824
1.9642851808210708,0.5710479041871183,0.35812477055810843
-0.8416874410320841,-0.41038395196304234,-0.2936756067770932
-0.7655730535632764,-0.455587774724449,-0.35039345643165615
-1.7633750319167172,-0.41648075888149283,-0.30962415362483403
-1.9598654858486744,-0.8777239062379583,0.2929972437820969
-1.2884425586362744,-0.8445680148331492,0.3851332751894903
1.7627750615608981,-0.44073270462331515,0.1246427563648766
2.9261149724614963,-0.7057700744297527,0.017816958966706074
-2.423397686779747,-0.891081707417408,0.3287157948295411
0.27752867546975096,1.1314256883943565,2.042114535859527
-0.8757444143356113,-0.993157409573522,0.20885608409172365
2.52848538911357,-0.72026851568238,0.1258726595029168
-2.6592499916582604,-1.2419862042455956,0.635210228821105
3.2037852915208194,-0.36555130324401225,0.9670471608391553
2.5989396340187882,-1.1916830626687622,0.3994004458183444
0.8763079651706494,-0.7103496099886991,1.0484677483571976
-1.8195828146275255,-1.2342063006354231,0.6543196283822822
1.5948323023296562,0.7074574280475896,2.1080750276852456
0.40523291402526573,-1.1542480462669942,0.5193374253218005
-1.7768391189389328,-1.2812784711129472,0.6003876193416259
-1.4758405697300334,-0.717970567567285,-0.01975224462180971
-1.499937660719296,-0.6226142624631323,0.08429395307379009
0.782558039687491,-0.6427250591168306,-0.1536649980624076
1.7602477150082785,-0.6051792245571206,-0.15902425854471722
1.5085680877448058,-0.5217224773169247,-0.21482805423087534
2.323021141284513,-0.4446813681908183,-0.2307095554129114
0.36199992372737866,-0.22068737878801245,0.44225793808674585
-1.380818379119899,1.8810162421287022,2.49919209743075
2.5393319838881103,-0.048326088748559405,-0.4387526780434581
0.4365565500977336,-0.2818978300377668,-0.3079682992892763
-1.2364220781618438,-0.48255560537728925,-0.2976851189192354
2.0286541871464387,-0.3524588647228625,-0.5235908821332035
-1.2962876853833818,-0.11255038218202723,-0.13441544885147313
-0.9571166811907371,1.2907691949362137,1.3467958448034347
-3.076373355591633,-0.3374855347736527,-0.10445190275678844
1.0801046985715783,-0.24139145560780748,-0.3687424920391113
-1.98376058635452,-0.48511637316872425,0.08558944892879553
-2.4283542937465925,1.5890785023033949,2.1503226566724667
-3.3937552453302406,-0.4403664584198762,0.14831808182814166
1.3541538986629635,-0.644697583770971,-0.19258649929233898
2.0289784485621443,0.28807451364088665,0.542719413435659
-1.1770698566889324,1.3715712039271635,1.7010674665486523
3.918629900456016,0.312781744951144,-0.23675538289482506
0.06039099209499807,-0.60970736262763,-0.13000498966718999
-1.6404798090877653,1.370082331952626,1.2950268269140193
-0.5568598113528622,-0.18179428051985208,-0.35184374669426627
-1.0773225660641557,0.09017740776920995,0.02402235136342323
-2.2800605488636254,1.099163964685197,1.0188442917416303
1.095803584235181,-0.26085461677841654,-0.5655376079403758
-1.0629866633856593,-0.36339067351216525,-0.42505312753907837
2.390758014900635,-0.03142421732130986,-0.6441787670370326
2.3831348809222614,0.03550851736205116,-0.6320422635798805
1.2026815331669756,0.507825041482911,-0.22118135786386245
-3.0057531685935346,0.7997204225851118,0.5565429530810353
-0.7262575723498245,1.7042599420339228,1.3879223272536807
-4.0166399160168575,-0.11334979524150772,-0.35168882947244107
0.34227138423719533,1.28259039657899,0.7501598620126271
3.3679339531708394,0.43231275611087855,-0.8328624500032604
1.5844692478072255,0.0873925880023917,-0.45495688483127805
0.2921965390291093,-0.23922079350526324,-0.5532066393348793
-0.9668972581295924,-0.7611757135503803,0.28796593934913106
-0.9473116001135441,-0.3567174350991757,0.6847527341202855
-0.2133174052108719,0.7811816395088709,1.6142516534425
-1.6569897140306573,-0.905059726553548,0.17797867763341393
1.3698447610205364,-0.7199004727420989,0.015622245305998818
3.2273656966056907,-0.39239038320972064,-0.10244711172363281
2.0842969678900825,-0.36117261353117086,0.3908567313584195
-1.0181350244957577,-0.6685620255432033,0.39499637304708163
-0.8673927109846259,-1.7312908807446048,1.1037511880326172
3.1112597852620865,-1.608476251626254,0.9121821130464302
-2.222444712485886,-1.6088277673935634,1.276891579022868
0.27037471000217067,0.6645377788267275,3.3583361735214234
4.530055443504684,-0.5126159273433859,1.3823391361139328
-1.008783781672336,-1.6272788822953275,1.0302926087476652
-3.0078157755159416,-1.6932722504894142,1.1412278064525048
2.6018617056472326,-0.8433110092657257,1.5058549780168282
2.4590629200904495,-0.9780558301791906,0.5843690024288645
-1.4477451762730704,-1.086303521489389,0.6887448278181498
-0.14184418702166596,-1.137562494215756,0.45233147333081214
1.7787881655288327,0.29707417849848433,1.7891024520661762
-1.0199752148616745,-1.232176037249735,0.5851103416863962
-0.6118210433697289,-1.2339765465361958,0.561098138407075
-1.8483995026342463,-1.1906328295603827,0.6158793588486312
4.34252648397656,-0.5485491308433917,0.20278450669038403
-1.098094235865001,0.35398886512443445,1.5978644914465583
-1.5000144083119558,-0.2607275414577726,0.9556678434364703
0.37029466413195256,-0.9190662371397379,0.26819751393451874
-3.2883102338228176,-0.8833531011620659,0.40151859977249227
0.5794860031305404,1.622918656756939,2.6276559554082435
4.514046938346292,2.2467835327828825,2.3476432507577885
-2.9627726874561375,-0.9604929595749353,0.34652200905763675
3.0472350733714784,-0.717259093886777,0.010410276078815794
0.42765901858215416,-0.7412641738906253,-0.13628637883034522
-3.4505720181551593,-0.4905713790018543,0.2039652132214159
1.3702346785595463,-0.6246570605100297,-0.21024439306746362
2.8173009862647977,-0.4331607802278183,-0.2787175798822292
-2.222826187777531,-0.4948773847401492,0.206120169080934
0.24470406166816916,-0.625124747472887,0.043009627413110645
-0.5440341909262906,-0.5906135114251813,-0.10687299957364167
4.255523405975078,-0.010148451557763078,-0.41841433763849845
-0.24077732338935764,-0.4725828856211465,-0.1554787151969645
0.35832860812791684,1.4935702813373606,1.7478148342270392
2.6080843443900394,-0.2869342728545081,-0.3841198488424227
2.5245540267557667,-0.28317980171190515,-0.4104511362174202
-0.8924151362507233,-0.6352691524413616,-0.15301325419550554
-0.5981489376458711,-0.3993399113852858,0.08619236580261498
-0.8625183851605703,-0.5787367958850089,-0.10831360328381119
0.025629248696442692,-0.513756762103985,-0.04583701969134064
-0.8093377778325676,-0.3423320983009215,-0.4804783510684235
2.581408515693764,0.1300608632022666,-0.7234188714494872
-0.2953930554090683,-0.2672133629324105,-0.4006054496236267
2.3333061440364733,0.03863652519118675,-0.7365819678437966
1.0530464347806952,2.6081066973224725,2.093668165522657
0.11232580295979677,-0.2213275962106938,-0.37318686297276205
-1.1345270128647407,-0.3292445987119958,-0.46729398821791485
-0.7162963373179252,-0.32918350350692277,-0.4929095709198943
-3.3002998153448515,-0.6222707887386515,0.1348984299873409
2.426715758119577,-0.6135292314873264,-0.1840574437103522
-0.9810003551683031,-0.6740548013441207,0.017036695169835112
-0.2063324149657023,-0.7753334223759131,-0.05534325067246856
-1.494173868796581,2.0404377997826937,2.6665823816207666
1.8891282353463488,-0.3004931352291883,-0.2165080878130192
-3.311288245456496,-0.6716296087468022,0.08502811653652842
4.115607825853571,-0.0812150564284272,-0.34957473966622993
0.2021629614629776,-0.018547068178480657,-0.5737470145496024
-0.95047050812588,-0.13812976486873,-0.5907667086783528
-1.1801053601863276,-0.10897065782339348,-0.5918578073476033
-1.8482830456401877,-0.10650312990406884,-0.5506617669031074
2.066051908709486,0.16191816525478656,-0.8440232727293181
0.4130087093815738,-0.06618617595784779,-0.74362410651093
2.043975894350326,0.2093656613123681,-0.7913573661936619
1.052404145350552,0.15738963112879664,-0.7768188488526167
-1.6286666768114024,-0.4553949900743018,-0.2934077746863952
-1.0280261849779286,-0.41713800662223943,-0.2756885574987088
-1.7436794200261991,-0.4095644253725065,-0.3100913880944223
0.97671297551853,-0.2600174059498864,-0.4360240971326841
3.14029138389992,0.18212449068081202,-0.5858472286098418
-1.494006450991023,-0.1804799699402672,-0.06460877706994926
-1.7414440246336687,-0.4788766431285122,-0.2739079803220117
2.179975450807039,-0.21144953152664445,-0.5670438789872123
2.027601331326614,0.5960548799429988,-1.1707078970546299
-1.3361418418727888,0.14108274816315447,-0.8643660510132736
-2.5028373250510185,0.19427361202800378,-0.8189050005833034
-0.4557393822640453,0.5634555990057043,-0.4554934112507813
2.157242970388558,2.7811172243888462,0.982619873409945
-0.7419169244290316,0.1212316020519612,-0.9666099994797351
-1.2644619396377075,0.33488378689421905,-0.9219285786405379
0.504592273688564,0.6251138597540353,-0.6524933785394587
-0.023782589195432628,-0.06483186912993968,-0.514200886595785
1.3692272945860644,0.024084337826579087,-0.4957480278618775
-0.49580184121755755,-0.16095930840061595,-0.40549926177895024
-3.883911721528166,-0.11084127710405806,-0.4487481628391712
2.1699126821747927,0.32506175850955826,-0.5031500902846925
-1.877768847034737,0.56143207999919,0.2946387083584787
1.1077152026276609,0.043057925867117354,-0.564244201990922
1.0581764829505762,0.787317208043941,0.19237815536404113
-1.8418864844891045,0.08904359336849078,0.4896561819295744
1.330080954132826,0.05657431566866022,0.12569406816890577
-0.4464300750849684,1.0792663125499546,1.2253355150695675
-2.135777976938771,-0.3505416153670049,0.052380950545405036
2.4717059425780823,-0.2473459677598407,-0.42609400814721476
0.21293975880802612,-0.5081621229972108,-0.2714131698130524
-1.581518614534875,-0.35995238930663004,0.021027037369647675
1.3246346915254394,-0.5718724398012357,-0.27956032760609634
3.882558087018052,-1.662411075629122,1.0381165371553045
-2.074553742384579,-1.918412762211253,1.4029836933705537
4.284742168182922,-1.5976509291045453,0.979726260963009
0.07202048749766617,-1.79804074139526,1.510415584213764
1.8400876092718532,-1.8833753978477048,1.1867955236047074
0.2210346886673518,-0.866704699164999,2.3853609696807125
-1.9164619903487456,-1.967013023134199,1.419114894854055
-0.45395556435562584,-1.4199148003816535,1.8796915509974796
1.127683267441203,1.1748924778373442,2.032668377618123
3.065998633672516,-0.41696234564255913,0.020003126314539432
2.1420947953915497,-0.8567200134152533,-0.01532716345790087
0.8132380157537019,-0.7888337686754137,0.10912703055889406
1.1193524769744776,-0.6709343004783938,0.07545080438346757
0.028298264161520207,-0.7619667346133954,0.32467168950364156
-1.9311269066688228,-0.9251897052258633,0.22852353290589997
-1.795711686493249,-0.9016092070332359,0.20782037693287778
-2.070976933654448,0.11008665252665249,-0.7576535053788278
2.1510676040954584,0.4567355645953912,-1.1081164599166526
-1.1537061738225602,0.031379880958903664,-0.8505077174941456
0.9596205849176295,0.7332650130963217,-0.5704894712428736
-1.3133148484543107,0.18884923458192424,-0.8750260519021509
0.9527526331588035,0.1412597026597847,-0.992658696957627
-2.0491275492098433,0.0692222766247876,-0.8141751620208878
0.1894925684557548,0.012381848989952435,-0.9249848045389485
-0.6690151687390742,0.21773581077992898,0.7686937723690199
0.7082450399978176,-0.47904286176937033,-0.12460629188202058
-0.6474089279836218,-0.5898827945644436,-0.02871715042971394
-0.0735186801019895,-0.5576988765383901,-0.006076997389602631
-1.6283950830382377,-0.1557557795540167,0.41452354111924744
3.1690460073874562,-0.09710480131210712,-0.3845919909901526
1.5801521203613151,-0.4311810887544216,-0.3090280148732228
1.5293025364024122,0.6642698199697454,0.975661906382333
0.05833686187490263,-1.4815074499197132,0.6650752984342774
3.0160749716686017,-1.2651383419234417,0.4595288303799739
0.45273320390433386,-1.3465158109881477,0.6168920173052709
-2.6283230599023555,-1.377751695372868,0.7798331602968929
3.2904196988024195,-1.0690436317256944,0.5687198556675904
-1.2016234311088205,-1.4019162398052005,0.7041666328421932
2.316598066313899,-1.4457602544123354,0.5499519919807105
-2.221646474564318,-0.16271958642927536,2.0221987080603117
1.7793317323807123,1.0530771756325013,2.7360454804651475
2.504368443018914,-1.2514864264532268,0.5736980829605445
0.2511049764327114,-1.2420291583982894,0.816436470062293
3.1252603339366516,-1.0107485910274603,0.7141324768046432
-2.0511021318856097,-1.399522789078037,0.7386852348350164
-1.2754409688602415,0.8047225120983594,2.7075148813363485
-2.960318711804743,1.1590925514547137,3.265991912291705
3.317013231654922,-1.164061373897793,0.4484551325377782
1.028473630045986,0.06566806947012534,-0.6854108971134815
-3.3659062634123647,1.354258902294943,1.0296524166469183
1.898834477691377,0.18218551405540523,-0.5445362921402168
1.59520574306778,-0.0705275401076265,-0.6984074554688154
-0.8044798067572059,-0.09620879094752027,-0.4276193607440742
0.9324386618711411,-0.1328227716617384,-0.6988624337511936
-0.7518030034723676,-0.05743859265138404,-0.5564126602939258
-1.9228077967622035,-0.19923230417171023,-0.5311034679672981
-0.6132374339998528,0.04185598346434517,0.4737636332237224
-0.36919323524352277,-0.542683203639262,-0.07325918014601131
2.1252627394037877,-0.2892028707101914,0.017800758500615604
3.0870894475837902,-0.1979702766334817,-0.3000010627951168
-1.091751802111828,-0.6099936334780223,0.03560990818148295
0.9942481305347097,-0.7799748728032784,-0.15985804344851942
-1.5948165175788953,-0.4830357952532353,0.15416502539408983
-1.6256671287254278,-0.23075355979127082,0.4046330481027846
2.4473766548643807,0.10099516428601892,3.0741706902807304
-1.1425844770069096,-1.9190886338970992,1.3381661680850028
-1.5605570465129028,-1.769759069603369,1.514275394675184
-1.6419130130199437,-1.889624858565693,1.429962233976126
3.4464982509044413,-1.5013077328707383,1.3067746634435584
-0.826162106893423,-1.9326652462544383,1.4007138984545382
0.25740847093547004,-1.6206944603880955,1.447543348644097
3.9141272506457656,-1.2042364755140156,1.3979390411427641
2.5516194511532153,-0.48237259227579715,-0.30380219424088345
2.1349017262150474,-0.5189814560178614,-0.15344043437435784
-2.115297069649952,-0.5165001350173205,0.2165277147371578
-1.7624705088269317,-0.7239667810721873,-0.0015551452347298278
-0.35427624752822917,-0.5499451254727606,-0.057796349884381176
-1.2514759632768597,-0.5466323498431568,0.17726457955044672
0.4430700792325378,-0.7300961869569178,-0.13606056383128806
1.0978380176110987,-0.6253013391633708,-0.18409819865200816
0.3745714691627717,1.3457612111857264,-0.36972931729737757
0.06009443713370526,0.49858238078639944,-1.2018989182349133
-1.782230907394561,0.35642158279385017,-1.1335695037560471
0.901855476101248,0.8575424377356737,-0.908242879282963
2.1315935877228425,0.891268311252277,-1.3646604749352307
0.8731185423220561,1.699221501103906,-0.2338327645923447
-0.848986872284799,0.39365323702334204,-1.1364956062746532
-2.4569752184532794,0.4238140967366604,-1.050759258180255
1.6499561446235702,1.3183216014703425,-1.866155590040305
0.07484614336881376,1.2315169749686234,-1.361084128424223
0.3342210893137742,1.1657779434774476,-1.7055584536940855
-1.7901607520454919,3.1419788093913614,0.5761102981097135
0.8661736435937262,1.545494066880691,-1.404001050209798
-1.7739230841173992,1.2120193124108605,-1.3089958124467302
-3.658291593327862,0.9740503315327754,-1.448874478993361
-1.9502448045387295,1.0349254416569218,-1.4343079522555866
0.064323678525969,-1.5731942533767111,0.8584177475584905
3.0851663917142265,-1.400203281798284,0.5957391321980782
-0.32879825626354175,-1.5717838621866724,0.8068973789012304
0.6268645158896747,-1.6608732947731801,0.793201304887202
-0.9437597945757855,-1.5555740256328923,0.912329501016361
-1.7876281023581915,-1.5184148476763546,0.9464552351400358
0.7214868561059361,-1.509809404761606,0.7551632037579034
4.172442338409543,1.2479480271675865,2.7406331527163017
-0.570370193680551,-0.5323034452580864,-0.18121709952871978
1.8239078731039062,-0.42043995230678716,-0.3435152913865272
-0.17226115904528017,-0.02212956550088169,0.36374167704374943
1.3363674284478475,-0.3792245762304929,-0.36257196417372184
0.34076635547022494,0.6823289225733971,0.8486663290178504
0.3903893360108174,-0.4182481069431225,-0.2545960469284854
2.2144861113787497,-0.2881881704108067,-0.389895893816881
-0.8391706791185642,-0.6175475214355789,-0.19696359559996235
0.7995144229003234,-0.02062751372389231,-0.6820160874662887
-1.1690394358074587,1.5510783638448924,1.1612406330157607
0.18805517821990939,2.3743279739183305,1.7586827728272283
2.4217756475788974,0.22020732094286616,-0.8166880983527672
-1.0992168641483062,-0.16314346401582122,-0.535623117081917
-2.9279927109952153,1.3612325004573838,0.9911678700937416
2.2426424518696293,1.6951711575857529,0.7369211569448657
-1.0220115612375238,-0.15759953077563596,-0.5427858404602112
1.2413031168382465,-0.7585892770733162,0.15559233577640744
2.568475587081388,-0.6437524845941587,0.05879619866928096
0.2738920241701712,-0.8847203065470762,0.1286280887220514
1.791793198682207,-0.8758241101277633,0.02892615063968113
2.465999694728134,-0.20402082749818096,0.5204589845312745
-1.5576682128416706,-0.9134874656015921,0.28864402479283363
-1.38471821233175,-0.4272397002173345,0.7090468412747056
-2.300709584108342,1.7528811328543636,2.8986675630528853
1.1996971177948252,0.34488228010654765,2.973787289038534
-2.104541966578294,0.4734859065465299,3.1140341067365216
0.38417084920427624,-1.6183585642260776,0.9013778747459746
4.39029291826911,-1.1378412021104098,0.7214640071922978
3.217327260689091,-1.6179877207619324,0.7224604533195678
0.5406183358016641,-1.4352000481912357,1.02413285140337
-2.179279356857041,-0.9674550199074867,1.7404774130418175
-2.733205940904959,-1.5968723362456398,1.1146070400814314
0.8373995957507627,0.8859855491746004,-1.7419631576663912
-1.837098564877013,0.7710719803779992,-1.5592757573447706
0.9886421741572705,0.9615214702961242,-1.7145661706507966
-2.3607140064156282,0.8039439807416102,-1.4682531099719827
-0.8703242054523,2.1746454509668673,-0.22215939582043584
0.7295707282129849,1.0246421917425534,-1.683048485481556
-1.8968969573912293,1.7745509098556997,-0.5573024567319445
-0.46174452896476337,2.686625625151267,0.3212085526801828
0.4051266813646607,1.006245040945747,-0.1003679310271149
1.1402491523336866,0.1897964683415975,-0.9375310845567274
2.4057045951372857,0.5337421165813387,-1.101461742523861
-1.7396764189612164,1.0282434140105496,0.2045172614214102
-2.481088731157305,0.3825527472975476,-0.4023081452057458
-0.5787553122273487,0.10253441877461109,-0.8610411523955552
-0.24280602846780144,0.02363025135988143,-0.8121751151625721
-0.6683570309248398,1.5336872467918188,0.6343532550464519
-0.3986879834242303,0.6463743858975581,3.11535521048379
0.2652126286743234,-1.6216386403619976,1.0140511805434687
0.5852091213658819,-1.5500367919007607,0.9274481097685343
0.29326085247403616,-1.6847462434865381,1.0452838003877811
-1.3016715527786167,-0.16874665200679925,2.485743035181414
3.814993131006521,-0.5904437013410898,1.3834407725926212
3.19440490180298,-1.3158402435713241,0.9162577725681968
-0.7808984360017676,-1.7135862582492636,0.9754082363462355
1.2452396820180998,1.3333406033563153,1.1245444888998875
2.019939646519694,3.0239739125154808,2.4181484834203695
-1.188012271303676,0.9369697477198076,0.6977087667187387
-2.419238605727531,2.1220539912866885,2.0865657759428466
1.6132380322413475,-0.3310063317251918,-0.6167032916412176
-1.6303199398790467,-0.20931533124820886,-0.24604141198798046
0.6173391491237669,0.7836525035881097,0.5110707813598796
-1.2578998079727666,-0.41469964417173316,-0.39133757136402797
-2.76305009633378,-1.3315705397694726,0.8408547578708017
0.49045660889755205,-1.3789211343715497,0.6315118183290551
2.146276875479562,-1.3598984461417303,0.5188835263975575
3.9271688153948094,-1.028186188919038,0.4022224457110439
-2.2071728373089092,-1.4084874941009766,0.7696533134083151
-0.051917294305020435,-1.3714814794595747,0.7667752902457211
-1.9339291298267354,-1.3764871720223102,0.812032193029578
2.715524368841645,-1.363304938886804,0.5582453866663526
0.21172471875147708,-0.8048139743661995,0.01829420964673847
0.9713221552446758,-0.6638757796943402,-0.13128039381729587
1.9113127162178531,-0.6784917236681294,-0.18351203864456453
0.019498411960879737,-0.6377722888540209,-0.0851983772479452
2.5961811884220483,-0.37905597080573245,-0.21250075823528208
-4.252230619400712,0.3822153905396294,1.1177230915663485
0.2516820051856351,-0.8449438062600392,-0.039575065885446535
-0.964457637957415,-0.6928396376195669,0.10912500272890217
-1.9578320522681543,-1.3339255611674958,0.6591233043032836
3.356881785641608,-0.994000455946666,0.3940706562643644
1.457694505861641,-1.3123877742465928,0.5088888785825646
0.2766585137175094,-1.105898114099618,0.6749346217190602
-1.6081970960196426,-0.936685486921738,1.039031972281138
-1.5332912394195042,-1.2263969698334396,0.7289009073556979
2.634696198262619,-1.2288877812354384,0.43809880507925214
1.137670837734954,-1.1139596232735793,0.44449410138387163
-2.2265363896510393,-1.1875000360041856,0.6207261947015498
3.6616271596026446,-0.756064129305179,0.24013180795011665
-0.5164979353901228,-1.0120466817480145,0.5723041933642892
-1.2604935083682551,-1.1926693152883407,0.5616271220566542
-1.921961780715395,-0.7937635375246039,1.0049727117735292
1.9614011037132728,-1.3409642899784657,0.35769205265965454
1.27010066468955,-0.8403425178574805,0.46550787552875617
-1.3128692831324218,1.3188588009478326,2.9849827004705043
1.6650201962119509,-0.1988741934724575,-0.5834484093585045
3.3830597964244924,0.27003800621187096,-0.7642652955762644
-2.337192239796745,1.5026645955692324,1.3217900841621089
-0.7055771385645742,-0.23195969178279593,-0.46420539016520845
-1.3191149208090818,0.9945906137992041,0.6579160612357609
-1.1780464306549931,0.43251626854736597,0.28568089406404634
0.4216699145122276,-0.18078544159572008,-0.5134887059313552
-4.343150964503787,0.748264242140295,0.622218364766624
1.281670797712112,-0.4505229436742622,-0.2729432720652576
0.7744237344021841,-0.44973208388861274,-0.06054990826277405
2.4719349928848326,-0.21764432221923485,-0.3766652913449544
-0.9293782301431178,-0.6064532532887014,-0.17787056324617326
-1.968826791918874,-0.5975341399168456,-0.11726056751933793
-0.20528829392613945,-0.3866551848892657,-0.1381297270389534
1.9921200953375802,-0.4327172556881324,-0.3281873017504675
-0.9983299301707022,-0.6262580629778355,-0.16274793708435106
2.2443295725377985,-1.1588283746634755,0.25966878123761167
-1.106418571819445,-1.197867436343001,0.4452586710464889
-0.5664485508424785,-1.12795715355271,0.45187334204899177
1.8379157122365866,-0.7858409360969041,0.4431397005728289
3.5243866373900317,-0.7627552937369458,0.14379923258883198
-1.6118961999338528,0.0968728126874038,1.7046300930089147
0.6789588533926952,-1.02785138973611,0.3678675218736109
0.21770114851369968,0.09613129072617152,1.6654011126582842
2.202949206083205,0.2730615238692431,-0.364678708775556
-2.5189042833612136,-0.032346730539842695,-0.15431734456060428
-2.5411460793540352,-0.2968323635597326,-0.3949305001987047
-1.9339619394141205,-0.24966668682847917,-0.38277569958200935
-0.22065954633140314,-0.2749525053986521,-0.47670391230244674
1.8099398068322483,0.4974568340169776,0.028267175017672463
2.2909666912936357,0.18511344707978866,-0.4763106888671629
1.499998013211611,-0.1500307084203946,-0.6037521904134571
-1.308648911418011,0.3358862937373463,-1.156116707766057
-0.1717934081829924,3.0274210259418335,1.4013343531153055
-2.1824339821843033,0.36414111117898845,-1.1152466093218394
1.0017213212804355,0.47283705174567703,-1.3244866419790209
0.7341304965037508,0.5418451427397113,-1.2676447331149547
-0.8448297986857596,0.3393768569091872,-1.1860533224964236
-1.4248282165588937,0.87606700919844,-0.5939252697231446
1.9149852157940888,1.0126138757788559,-1.1885301436009388
-0.5224094623287487,-0.2582084068730208,0.6712395050900631
0.2963494833014545,-0.34929610587936755,0.5906423083229988
0.4915144819800865,-0.752596904575364,-0.0004638485129912486
0.0451077215850324,-0.8901168033312437,0.05183595612173668
2.664010125287839,-0.581429354168451,-0.10253709264366827
-2.1594813945590405,-0.8972235527539939,0.194068740536261
3.032492176157218,-0.5035289375412528,-0.19529320291799684
-2.932592283645433,-0.6845347680933994,0.3597662431806413
2.7040017666577274,1.4881242262584544,1.8424544368692333
1.0832439744036344,0.7959188417178725,1.3162828114707503
-4.079178477567161,-0.6608034925700205,0.24856252484114036
-1.4653023292003784,-0.7770652837074765,0.14925409907607995
0.7377599769394468,-0.7696041700066035,0.053539910952629374
-0.04428553592348001,-0.8268473073185978,0.08450335779755164
2.0639739990141415,-0.7648453727394995,-0.10903492984764523
-1.7108149932066103,-0.8459234313341158,0.1227036064334399
-1.4362548292107604,0.3619915388768052,-1.0823627300169534
2.27188468723199,0.9112531947804958,-1.3820963228070675
-1.357855400341843,1.0832554023881988,-0.39812628911309084
0.23803045458992336,0.2716262648209607,-1.215508232624214
0.36989745045439076,0.5471898874668005,-1.2447249096334432
-0.5993054746287787,0.6528849309604245,-1.010674422118234
0.8461832949138138,0.6755217597016007,-1.2181376710724168
-2.231755347089615,0.40546581163255235,-1.0543937857331225
0.17246659139211792,-0.9753741880613929,0.0997420462191949
-1.5683645649192224,-0.8968806383604495,0.1682269809472388
0.13595216516218053,-0.9291761821446434,0.1538724268617809
-0.9415223299532081,-0.7506719251320403,0.2800485671957733
3.0527855954443854,-0.5211414067078786,-0.1772875097373657
2.5735424868024235,-0.685393734216784,-0.07927092549417403
0.1857577837442847,-0.8325509024509693,0.07065954712287704
-2.0263226180172556,-0.8026676606881197,0.2993152801034752
-1.757122901546467,-1.2605319083277828,0.6845424599124598
-0.9326470621414276,-1.355697527682374,0.6060515846302305
2.823659278441797,-0.4888591232530993,1.104984657357435
0.9827246154155669,-0.985404890453716,0.5393448752545686
3.1522581549749087,-0.8732964194733441,0.5710477898266855
0.3072011501298233,-1.348599248841708,0.6008948757276829
-1.0209656649587755,-1.3218836990284717,0.6700778561520518
0.22258583078505867,-1.2215174922430876,0.5860129344170248
-3.747920816337293,0.31903988240610814,-0.625155514574803
-1.4007037197161192,0.6839507515255344,-0.45719325350197393
0.44870478976834555,1.5225106579626426,0.4630561469448628
-1.0151126021538128,2.7341964110128845,1.7491211181135895
-0.8426363508076248,0.13193733689267534,-0.860856029633563
0.49934853842577265,2.878436840889503,1.6255766732348924
2.2468324267686457,1.2611143138600145,-0.5124756408163075
-1.8325631920947176,0.09283310740449954,-0.8539621961861494
-0.9341498853257922,-0.49794142890237864,-0.20513969341402477
-1.4765105555562903,-0.37202043560713427,-0.08398742607804734
1.0353197795129498,-0.39987487628707113,-0.408421712926514
-0.14655294654129858,-0.4004500498589143,-0.3350288277482218
-0.364884907211305,-0.4732160309766679,-0.25288530764540074
1.4905824898404294,1.1611596244386264,1.1797606567384584
-1.9153121347083848,-0.5317242925263237,-0.2018152838693743
1.5252443314710127,-0.32168855850693273,-0.22578267049188913
2.3268740586718457,0.08491954336663304,-0.6617948675521795
-0.6317145953318167,-0.29557910241689733,-0.5230525687530408
-2.3484290433374273,0.03886627106813236,-0.1340349638313699
-0.6098626304782732,-0.2444691233457514,-0.4747605716674623
-0.19904660864539003,-0.15940687528055705,-0.5738656192456089
2.291360532741859,0.029175398902150877,-0.7066733851239296
-1.196407646920695,-0.2700452408726196,-0.4256409751590786
-1.2788643870546954,1.3083722515621243,0.9350198746622935
1.2983926112783404,0.606449283701311,-0.9567576626421849
-2.9512367101210852,0.20134070913268365,-0.8794034011302628
0.07969348416704915,1.385844451189496,0.034410922138315876
1.9860297854733235,0.6177923696626145,-1.1570536296909562
-1.0035928027648389,0.15606226432302076,-0.9778634307203864
-1.9237653456355628,2.207206613565118,1.0538904933520397
-0.19049465538961297,0.28449756719643754,-1.047798758325895
-1.0649786298015098,0.19264788499728644,-0.9168280157807797
-0.15241482747434568,1.1181561390302301,-1.8063654458490763
-0.5104261448231893,1.3686773067572313,-1.3555364357689108
1.284482028549862,1.3013460581745084,-1.977218121104168
-1.8088650426160726,1.0530594239891575,-1.5632864179675603
-1.148983108486916,1.0074065243889851,-1.6581155563418442
-1.1936438146615351,3.4307091882394958,0.7328348792176429
0.48237294240529194,1.0841323410337493,-1.8317552347900254
-1.8154215228795823,1.9160182323350146,-0.719724381373623
-0.33239307463289663,-0.14944378114935672,-0.5861081107843442
0.8175559381008107,0.06576600566129794,-0.46628459838121905
-4.086165277356602,-0.13998675837754374,-0.3291953719940997
0.9572306916950865,0.0495343718667774,-0.5715893518077951
-2.188593469120489,-0.17974818373169837,-0.34894130128090495
-0.6442675117537593,-0.2254610706294119,-0.4973221259479476
2.5933723380208735,1.378315715784067,0.45791139851015444
1.6282932272039525,-0.16707156310025398,-0.701471203002836
0.21412408910177974,-0.04840319565520872,-0.746373908290169
-2.660687824793347,-0.026550155787679348,-0.5784043424336704
-1.877777349246521,0.009058162495323693,-0.5683505882187978
-1.8244360594649067,-0.0329498706041768,-0.625793649055682
-0.4199670981166307,1.207236673219874,0.35969888599480304
1.6443883574388618,0.3523299878395598,-0.6192248800348574
3.0253690474669646,0.4615917824776869,-1.0482454886715307
-1.916469825599654,0.01293167139766226,-0.6436697615640685
-0.6609965628465501,1.6658205150013217,-0.3186895869455772
-0.8666827616641355,0.5159043626934515,-1.3800513751038004
1.301064535172063,2.8818664092438633,0.3578057189829333
-0.9683817320157605,0.49741937782317774,-1.3640473219491576
-1.1488444445963149,2.5655388903847918,0.6114701099956424
1.9143063125261481,1.0548407823734756,-1.6179719384073867
-2.0984252100288363,0.6192972548648766,-1.2813685650978872
0.13602666490610402,0.7931536270076797,-1.3131545992564753
-0.8682923182234317,0.6607881342665326,-1.005620429918812
-0.7787864835354192,0.4773808192512312,-1.2200943184233153
1.6118297298459752,0.7790993897047878,-1.4621770267902943
1.145635976075263,0.8198948656902457,-1.1675876073546485
0.4122444451356914,0.5080112182398215,-1.339958015719105
-2.213478165001357,0.47318597729664963,-1.1273638997870064
0.6536793850686512,0.6810561917218518,-1.398336322325805
-2.28940980555129,0.4165624626088645,-1.1696810025089737
0.5572789247133515,0.45424530706041044,-1.294892002577709
-0.33160232497686554,0.5420707612748663,-1.2088307902762085
-1.689828215692348,0.42504043423890514,-1.1091750188584186
0.7887905240325104,0.5348952243774602,-1.2745601745868476
1.7236812591037307,0.8236842012263216,-1.3893654306559426
-1.7698471374059281,0.368990495050927,-1.1516222813876236
-1.1221348971984977,2.2396235927931776,0.6464813018797534
0.041807941667421654,0.8716677126706415,-0.7664572501288771
-2.019063316000892,-1.2042777762897923,0.6285499440897484
-0.01178836415697728,-1.085567863884157,0.6690044288279836
-1.4182121902615434,-1.1298084146280023,0.6294063128006617
-0.20690504215192423,-0.6817140113654504,0.8986543351457266
3.46852321075366,-0.9197655848769155,0.20010801499369527
0.047660188582070245,-1.2302346323993398,0.5127150823185906
-1.4344210364557315,1.4585823789602625,3.1602026255040623
3.677049082139905,-0.8358900391140393,0.2197078605744465
0.26183062594585094,1.491526661412033,1.3504149306448392
-0.9784735120937268,-0.27264488303556544,-0.2092108053504955
-0.3280397546841928,-0.5041504079315632,-0.35764803959641855
-5.425057633763314,2.3504827674745665,2.273942381511249
2.2048298189891757,0.056455503980358465,-0.33354882315723217
-1.017816513706121,-0.33939798811923516,-0.17242719854596775
2.0841584716170565,-0.16624609605795626,-0.5143062243260362
-1.7022200573233195,2.259733420135149,2.319704805036753
-0.7870838619822083,-0.5841676127859878,0.07456694705717419
0.8711081775749795,-0.54224493979664,-0.15498674657853834
0.086229732146582,-0.52193782571174,0.06440839772407464
-0.6266246881852627,-0.42924009022041987,0.030928359231026395
-0.7546728668253078,-0.5312637429975909,0.1212709308084491
2.098046600638745,-0.4577851695889092,-0.20051532326677807
-1.6455870903226721,-0.6434807240265875,0.007261592427052695
2.5127165137801852,-0.3041251200063745,-0.28904264709577965
-1.1021124400814344,0.08441375517023914,-0.8817498961761274
-1.4553249510782644,0.025883973876948685,-0.8294971823911376
1.1833414167527398,0.7813316149597515,-0.3541664991031401
1.413695545038278,0.3271868574805361,-1.0716079824640672
-0.8244335308374137,0.06816648969075251,-0.8906744297000074
-1.3233602106249283,0.09757387181695078,-0.7988655666640936
2.2344310926159663,0.43141108698178765,-1.1321276064125116
-0.4314045671426276,0.2000743568910336,-0.9369769885763506
1.6774175319717424,2.1357414981345184,3.3170632566013527
0.4280652070963865,-1.1889648594410236,0.4703228061948882
-1.0059505914232678,-1.2673882153023026,0.630555293407042
3.4774895871889884,-0.7788864186073797,0.567384437727017
0.8718122089254797,-1.4096568522589514,0.508764663496777
3.3015574184464422,-1.1120131526032022,0.29544781180169133
-1.9764100409316865,-0.9020175698259693,1.0342321554274838
-1.999956839833876,-1.2582947865323513,0.688763870309329
2.4164486299680346,-0.7904728081588278,0.10285107752019763
2.162431874832806,-0.7709947784510421,0.1086806012437908
3.4528751252130223,-0.5340767889856488,-0.0774838151288242
-2.0447986771039015,-0.9356566103084945,0.364748509827118
-0.3769863112509711,-0.8691353314180941,0.3780337680335591
-0.4480945395961172,1.638563743488569,2.696812901973239
-1.309603981278552,0.5729453113722438,1.8151467441969473
-0.7692972657923488,-0.9746354798276925,0.3054339944307882
-0.4155639585445769,-1.7081542716495224,1.2636673598912744
1.4393717928489762,-1.6118094328191312,1.038839540513922
1.7411934470176005,-1.7910017593683474,0.9895022751172257
-3.7309004926310476,-0.7834434271199125,2.203135177608205
5.11658253492542,-1.1766906819008027,0.7522326443278226
-1.9223480617591195,-1.7974826301723315,1.251212684359722
-2.848915606017281,-1.8127215996371338,1.2408815345795585
2.4667156686619744,-1.9348217605386235,1.0479523430394004
1.7910044290420533,-0.9639409060728255,0.26865769701350883
3.1132633514529253,-0.6090355834049987,0.6065464236705742
-1.8174967377741187,-1.2001499571167367,0.5232029992832454
-2.8963958012981696,-1.1347938379224993,0.6320770764975647
-0.5521284342224935,1.4403840647621287,3.0996918505383575
3.2168828216167595,-0.9471260285809925,0.24396082710599024
-1.4421479855338024,-0.7014409953699607,1.001047030662832
-0.5063039059836942,-1.2343104925557817,0.45925228054166106
-1.1394618886572685,0.2435007847925353,-1.080508948070679
-1.0929652518216528,0.25662977863246544,-1.0905738579929751
0.6710634794122791,0.554676237936001,-1.186605017137849
-1.9714616732423176,0.3364465944884373,-1.0003334069169736
0.9911638026578847,0.9495096434540959,-0.8037883489365539
-1.5894961705811321,0.2775933668084756,-1.0689271769212696
-0.955992599406532,1.4376085468487267,0.035438526332640864
2.2507230256137527,1.9344802811415756,-0.28315209847424205
-1.9959509106332838,0.7472033066981436,-1.5449582268751032
0.6921493395964454,3.3938671251145998,0.680492623012319
0.4743718512414203,0.9996350903905045,-1.7381890603941752
0.4347213188735946,1.2018546606341811,-1.326162151585181
-1.3769512294053263,0.741810041195867,-1.581947545350967
-2.267732372268798,0.8200751356687229,-1.49017403571795
-1.8616159591709633,0.8661857764107099,-1.4628064790694844
1.233705918895832,1.1141017657805354,-1.7688468533206152
-0.14463044195381358,1.5811499738331534,1.1888290774822599
0.6488686396666085,-0.18939654357909377,-0.5248209926781207
-3.4319413221985853,0.22423586253857805,0.15100166307344787
0.4018175847200326,-0.16434470630470732,-0.5226181787129981
-2.0999229624430806,-0.28405740526257034,-0.35027227274179684
2.0847709085296344,-0.07520567723381921,-0.7061603369049256
1.8556256590060953,-0.1809767643138729,-0.6835028855100472
-0.7616035822056453,-0.35982287049714584,-0.470576596400636
-0.8910978557928537,0.13599847610897456,-0.754608941133488
1.688928338811856,0.1655499149365046,-0.9334414065391305
-1.1080090543897732,-0.019114625026579585,-0.7830065478860605
1.9678002199935167,0.7355530232217519,-0.516528901492764
-0.31206017743700853,-0.05610050004254436,-0.814809747196043
0.8719450850945262,2.4043541514502937,1.11776468370222
-2.4374662219199204,0.09648106096000772,-0.6071268207587801
-0.41350718883991544,0.15065908591199914,-0.7918040656948946
2.553816122732185,0.24125595178596998,-0.7350881221281649
-1.6983283411187975,-0.11924365559898166,-0.4966165954981797
0.2183720790146302,-0.2833547705415514,-0.6075459210358927
1.976073450374966,-0.022218594050080497,-0.7609960275797384
-1.9954830463366382,-0.16926183743305595,-0.4522000488894573
-0.6027682593383121,-0.05379574071188304,-0.5526817850771374
-2.4121568118855556,-0.17281707499838755,-0.4246106197306232
-3.4653363984511807,-0.17683966614993066,-0.4351252074283257
-0.9700330000074227,-1.0384115458061896,0.5128066080742592
3.3142757280061783,-0.8155677119952734,0.22308103897212442
1.558223239270409,1.7767877621346042,3.1478010028751453
-3.21882390543125,-1.0199646397162752,0.7456172489816658
-0.39624037535041906,-1.1919762615837814,0.5096562249418286
0.9382467854438439,1.560313829598714,3.175841344724781
2.141840157691709,-1.1939869264977956,0.3231351377395775
-1.752782101616802,-0.9755164761238239,0.6037230313220933
1.2924058170234443,-0.5798445057143702,-0.0092446009929538
-3.1995730634913064,-0.47448215983012393,0.5791359195478044
-2.2280719907112747,-0.8185790575253167,0.24233101285138853
3.465877054751934,-0.12780115330416866,0.017389955139681872
-1.5804800288114695,-0.8919882087489,0.16442889805439265
-1.6056190618047308,1.2838976882192297,2.3026262734082197
2.1065494030528433,-0.7575208226126081,-0.014811163125397528
1.7253468795491935,-0.6661115979207376,0.14239267971949762
-2.2004402470878905,-0.053721762098724424,-0.5782977628791723
1.5236221269961514,1.8258314433089018,0.9157890173238517
0.94512246306344,0.1410749291504008,-0.8600958579527767
-0.08782461902120509,-0.0024613122555764326,-0.6623934654827458
2.9987819965434075,0.5476475759889654,-0.9551113100941246
-0.33114815494230715,0.0581462655086888,-0.5268432215062177
-0.04110747684827192,1.0549055148997621,0.45695789272495574
-1.6693286672671024,2.6068234771380427,1.9574230285550565
-2.939666959089227,-0.19534878806825376,0.10370385190815469
0.9888918557378951,-0.44796902503261876,-0.266313371487767
-2.094007345657557,0.4126199521772507,0.87741717117199
-0.6291411531977034,-0.41639857976930555,-0.18089689651126514
2.455197728796408,-0.1951691878100421,-0.29235055288244766
2.036070731096486,-0.282340800105387,-0.19158590249024904
-1.2987362791313697,0.059197491423429865,0.22222913840097502
-2.8729701547361803,-0.28353396617130966,0.14771283817575415
1.2548007950585423,-0.3639286461920047,-0.6051901385693496
-2.421861768400654,-0.17604487103785432,-0.3176613004172173
-0.6707145873643764,0.016615818202476883,-0.22384839796969885
-0.7931832108425334,-0.25673441297796623,-0.4541834195286322
1.4240743439120558,0.1611930895778625,-0.48914473618979404
3.0037935370011684,0.7362390926987832,-0.23369061040129924
-1.2035379580421501,0.09840517152115866,-0.08167432535046094
-1.6932582509260174,1.3698174559911604,1.0078290402049506
0.13949682421150744,-0.7309024853625521,0.29252174561811406
-2.7099820336455815,1.7898076807514811,2.8079371501239256
-1.5654511256831751,-0.8594915991651793,0.23815484832298747
1.9513175637233233,-0.868446077505905,-0.007062621691679713
-1.981268887114494,-0.7613652690781756,0.3648123089711562
1.6313129196591298,-0.9843963114203204,0.026171270460466366
3.8356582863660296,2.5033596285462507,2.489336002401815
-0.8723564190965962,-0.8589044605973737,0.19390375942253227
1.3349850317944243,-0.899070494563329,0.06423483642580564
-1.5267309953312638,-0.24001720955113165,0.6319296013854228
0.09237865858796043,-0.9123330325039314,0.07315224452289279
-1.5086297760572613,-0.32979368571857065,0.7076836473561023
2.7024047868895074,-0.3296579501944255,0.12703307022782062
0.9898763971099599,1.4126486579110613,2.1237356270118783
-2.095574214963442,-0.8610465544185607,0.2596623978575382
2.6748823785911666,-0.6559898536409324,-0.12805177626576056
3.860931144047908,1.4040944451253012,2.3985866186392615
-1.892811449742549,-1.1892918559269363,0.6228479474615364
2.7847850206350286,-1.1914422274032141,0.3016431477200865
0.2067090754374592,-1.2757470639501391,0.5364726648330815
-2.878116460634702,3.800312115856962,5.538179975449104
-0.47358618213246045,-1.2567570391925207,0.4935744793141389
-1.6262409880351039,-1.2170828865771983,0.6212667306216578
2.157770975897639,-1.0074326578695982,0.4440244832965758
-0.6571260697990887,-1.1336056893858408,0.474079559724506
-1.7576517013177877,-0.9438525491527464,0.7775885508789661
2.771661118548684,-1.1648296366210364,0.2747470338879094
0.12273662228306306,-1.2571267365337133,0.4428546974376027
-2.9579740503593577,-1.1650959888369927,0.6638579615243045
3.260793845780773,-0.9660264114018314,0.2637068945450776
1.2690868165089477,-1.0821825808166161,0.40373935428849883
-0.03437218349620723,0.1398498918382544,1.5678398454454177
-0.6067970941274852,-0.7572265992242112,0.050895376951980605
-0.6597707598767497,-0.6643693093417508,0.15787053079027832
-1.3423298566308908,-0.6992381004788844,0.06730413367033336
1.2486092692022155,-0.592252492712803,-0.1064986118621635
3.1964138744549677,0.23814770545631742,0.2696624488261674
1.7949505737868374,-0.7368297701560705,-0.14189150816277654
-1.9214974279562014,-0.7767503542400098,0.06713827954595235
-3.090598764862626,-0.7365342007421571,0.11592240579260231
-1.6795315926941454,-0.8719812362125509,0.14686099131500127
-0.2331211141894953,-0.9318781180106083,0.08676744710410822
0.11059846884356987,-0.8342179645255176,0.09142988234139177
1.8006806915101716,-0.780555313142377,0.0033686845737210644
0.8802447875911867,-0.79337908831186,-0.008691469140910494
3.1157815758235716,-0.3795730191228417,-0.11715769032836773
-0.6793468911799265,0.6287053933663863,1.584082079918115
0.3122752276552836,-0.7787686793647673,0.020301575129717284
-0.06938504931075806,-0.565100097222892,-0.2994024197563968
2.382352072093995,-0.05056088559834738,-0.3235587259061849
0.34296729904574386,-0.5133132396922078,-0.2756848122910492
0.0010486456184130722,-0.5520545753106993,-0.3106293186098116
-2.38255008814285,-0.45017345930276764,-0.13952201391536742
0.9144605288980034,-0.3507633906217469,-0.34901669282103637
2.4331343515197976,-0.17577372155202498,-0.5191894403296068
-0.75921336513814,0.09737828460598541,0.20487798966007958
0.9712424991972446,0.4512568369214834,-1.0995537939552131
0.6077022878228507,0.34615444478688634,-0.8877151128527134
-1.1845048140756562,0.6190827656791849,-0.6131633727881578
-2.2591572223017415,0.1483260045810629,-0.8804327227805101
1.696679899542764,0.4915146922985654,-1.1359732257342035
-0.39558581089047307,0.13798490728228746,-0.9907425379833312
-2.110655211789756,1.7364498820052892,0.7161969110085746
-0.525355054825431,0.17106426200904254,-0.9241877325035778
-1.5876263858247415,0.3323706723216096,-1.0064225881270996
-3.9840066781701498,0.34407073029412777,-0.9405358847788656
-1.6273674912528522,0.3281206377970343,-1.0019153473345204
2.783557483123462,1.0130272747991114,-1.2952373766458618
0.12333200050131948,0.21699535107228,-1.1311520092605705
0.42523464167921143,0.4637960420832071,-1.1848467867669426
0.5415106105527392,0.220339411108321,-1.1586935165215644
-2.102221978206341,0.2621752088218809,-1.0141534748780225
-1.5569163413552731,-0.5929905254668405,-0.1327263790631999
0.5508093138267801,-0.38320617325450274,-0.09978496891387995
0.7195565883150272,-0.3690416395538287,-0.2994178455538984
2.0124558598724005,-0.4336948019365805,-0.24117739363841817
-2.4727861708741123,-0.5030970980709092,0.028486654437591567
-1.0259978334538122,-0.6187797857313527,-0.15327798451008787
-1.7400980132366666,-0.460440991798044,0.036941074778335144
2.606944094993605,-0.31872141256708486,-0.36714591536241226
-2.6441469632091783,0.41020565624713246,-0.8283181621822445
1.11964237297282,0.6850474499106615,-0.9306396481300749
-0.8790762240722025,0.29223169247009395,-1.029259912246513
-2.7016801714250267,0.4971514781323067,-0.7176396742934961
1.7336024666419474,0.6214464767637004,-1.195376754841604
0.8107161453342172,0.5744906065441148,-1.112261002251354
-0.9578992513819586,1.0882256818205214,-0.22212546358130827
1.3668357824884405,0.6960078780164786,-0.9540048606211609
-1.492455636441134,0.25065541311465045,1.0127965327828379
2.687476910845613,0.19428782473167033,0.3408407053106564
1.999287761170721,0.48842727521836243,0.8382414105564464
0.6657482028108368,-0.5119471058856492,-0.07738162455972561
-0.5430992568368064,-0.7389422461050034,0.02382434259437046
-1.6404487781218184,-0.7448273958952359,0.09606034317225157
-0.5358702330758561,-0.7875818957174532,-0.027390101057776613
1.340170674862868,-0.6484330805831452,-0.17065711538652234
0.44320721683740255,-1.7238825397140658,0.8993929026784478
-2.4725534632195267,-1.5943182868470787,1.0150009406615055
-0.4675266371420614,-1.5112316165513884,0.9687223244713552
-2.108465054937552,-1.5505804802019467,1.1208899198327125
4.030723224915765,-1.333488824433522,0.6108250350145553
0.9242019817365438,-1.3024928640994589,1.258469269767327
4.1738184643889005,-0.7543524281625011,1.1370149622414119
-3.779596828989378,-1.5526324609141642,1.149322274664853
2.270296904105886,0.37723329861407356,-0.05113131240599449
-0.49641892394056675,-0.4391639444367717,-0.3808262793577921
0.43134693982389594,-0.12997779483329408,-0.24947730273151877
0.45079667908217846,-0.2395039449297364,-0.26996315485235794
-1.166348983950596,2.0841994356826623,1.9678876722325738
2.1009606606309483,0.6030902539437122,0.2218663552753701
-0.007794112117296109,0.1863146532271948,0.25066161937264936
-1.9501871590385669,-0.43085476422996516,-0.2944761547391572
-0.5711170745874661,0.04688637376126178,-0.7844667431721897
0.9090730309153393,0.1647358113526135,-0.8157728784812303
0.8276146939748903,0.11388290892633621,-0.9362015205961807
-1.4532510231186597,0.07958846258723874,-0.7457867819609982
-2.0618225121318843,-0.0003488034162543979,-0.7430404732219046
-0.6068967270854027,1.8679595650962129,1.0067490788865148
-1.3058386843151912,0.12955013763213302,-0.8109460780069764
1.4636976085672169,2.301683233908655,1.0493501768404572
-0.7076447265603395,1.2051424938741064,-1.7056734383482495
-1.8607062399936622,1.0528166938079078,-1.8578597569569455
-2.9622293968327877,1.1082450590668456,-1.7420090797523717
-1.9033661374221829,2.108067052027005,-0.8077445600937511
-0.03571835964981031,1.1827515799799766,-1.9931312265335657
-1.9556663973694328,1.084286885343854,-1.7921207197612081
1.1293760629167242,1.8610547508840352,-1.792448255799274
-0.20317867136469916,1.342879043656734,-1.9438125887442892
-0.6291069794664264,1.8330526482019325,0.6230824785999567
-1.5234192728951192,0.18118450718526605,-0.968949584993393
-0.1369540798201855,0.33330323934814265,-0.8328705478499285
1.8796220353705193,0.6453007704350799,-1.2076500365535907
0.5450239123760974,0.8595840950353862,-0.5695111957882125
-1.5256272895265333,2.8217870437479062,1.6098887047418806
-1.5346013290142244,0.39290840645070235,-0.7750726676202031
1.4454632647966108,1.6226050456111933,-0.06358743549910864
-1.155680999996485,-0.19421940172080884,-0.4826037250026447
0.7900195414477882,0.29589508119883795,0.006512527359407221
2.194490485218221,1.50523117885295,0.7195796340784286
-0.9498956545904104,1.6844163512843189,1.520352015599345
-2.0019685522308523,-0.3278241510158478,-0.4079525171572097
1.1353202831413056,-0.34413718382202074,-0.5968763242713303
0.4821797254209679,-0.17112014312014345,-0.5217169317796493
-0.5949019308046583,-0.30488403094543,-0.4308753403162257
0.7213130018635074,0.12162374883003525,0.5900296755391412
2.685883295066638,-0.12898003919955117,-0.17525910611669712
2.4025025471208563,-0.2613595044464639,-0.31700157259855344
2.379115495171328,-0.4503912077003391,-0.33968522950008284
-1.1405162026892948,-0.6317923327319322,-0.04241081829106117
-1.4436505207225303,-0.5724552688302535,-0.053090737028697814
-3.4347768191948624,-0.5195185863184996,0.11807160044495664
-0.9207586745656954,-0.4953164410031568,0.02514281978354611
0.2987362751715717,-1.5769657786567892,0.9632706934153492
3.320822111043455,1.537876115432888,3.789946358342691
4.824920046785429,-1.105588894418602,0.5752200783652951
-1.5332702868535566,-1.5514937996116673,1.1708685356837605
-2.1904863872190954,-1.5785357680140302,1.1494233970267727
0.08333478452826905,-1.5795882014492308,1.083482321388571
-1.5238963859290762,-1.6546109481948368,1.0721262763679131
-0.5206945018449195,-1.6649948170192699,1.0142105352453963
-3.258570691911965,1.694315567613973,-0.7981732735541034
-0.9589688830531233,0.8883343866899033,-1.663316604522284
0.4720764563872802,2.1066471574309804,-0.7457407937835837
-1.458292994100117,0.9243488578310328,-1.575368930775752
-0.006967113055267306,1.0952902230128194,-1.5286298066425834
-0.29672992009169924,1.334980890302185,-1.253245490636649
0.0058118771313595005,0.9443732556179525,-1.7822393484295354
1.4928814693699222,2.966218545557998,-0.32655572243849534
0.40360702599057185,-0.15530136983839635,-0.6529198806837906
1.5158550044303924,-0.01820173568433558,-0.8225014055208121
-1.8663254162941865,-0.14169201524022318,-0.594552034249721
1.141322259806329,-0.08029092710938421,-0.7670791032838007
1.6729526661428842,0.176552002213717,-0.7349425806474901
-2.856248823000886,-0.07244371768993065,-0.49246585251851127
-1.5774439358879477,-0.024649870309654584,-0.6268527795977274
-0.6044361631008567,2.642205791227642,2.1361599838964866
1.106887137277079,-0.4782979050620265,-0.46093934036291323
2.0041738347683276,-0.11876564736097757,-0.35320333102939244
-3.3388270255425314,-0.37231681850405696,-0.23639183840711028
-0.3098183236192573,-0.42428896434035596,-0.3238885626459787
1.4430375133602422,-0.38784625061030414,-0.3766581393303569
-3.4770406711056463,-0.3446037625175532,-0.16625741253871956
-1.7353898128875995,-0.2422819431316441,-0.2810915581403815
2.813637914833953,0.4980713824966782,-0.0984203760256453
1.5207828000401102,1.1078102780821313,-0.9986741718758451
-1.236061081283714,0.5873251712659494,-1.1011709251371948
-1.823461138755903,0.4995849461651713,-1.169913152108489
0.565024428914652,0.6057099941378883,-1.328547273522415
0.2962312033737333,0.720792625271735,-1.144287727938032
-2.253258322877055,0.4436948369667581,-1.1903377587558521
-0.059854471678007594,0.38992403075350857,-1.300663050496154
1.7524050833944071,0.6892631768388954,-1.479315478566219
-1.9292572113844983,-0.5031469649572107,-0.12205355077709878
-0.11521260966915203,0.40468231299356294,0.7353619376569333
1.9254147641023684,-0.1948029499022233,-0.45978010925796714
-1.3912172960496154,0.07931829263848912,0.3777792491588469
-1.612893099125002,-0.5182716776184467,-0.13359468386435613
2.5971915811729147,1.4735415679247672,1.1666037925379407
1.778780737520176,-0.4028746375179669,-0.36169057914909386
-0.4387254810295003,-0.4162762992882533,-0.2901076161033054
-2.918732177756082,-0.6641843186954757,0.030895661031303978
-0.5048198898236014,-0.4565500973694455,-0.02981223893128861
-2.092149339454969,0.8659058005659248,1.5390485013092643
2.3981778282979995,0.07734111104248358,0.34354264461475276
-0.2530098616619725,-0.7650018614669023,-0.08452896061871601
-1.195527986510253,-0.5083729993100543,-0.03500553422451895
3.300781021025967,2.5430191480036606,2.3667071190270677
1.186218721570971,-0.4494872975665874,0.11615888160147166
2.6111057841884535,-1.4328624217001371,0.5407955338887193
-0.264030589995212,-1.3352043176641497,0.673091388489543
0.5542518696685035,-1.249130244351083,0.9094857594620879
-1.5585876605967866,-1.4974113413160879,0.7916442548889974
-2.097351221004963,-1.454142878823477,0.8023247013439392
2.123010054739694,-1.406531242002839,0.5588623012047756
-1.2919080933913742,-1.3642444451407927,0.8587678626560814
4.095516066170796,-0.9340904600747449,0.405327562577777
-0.9524246144218399,-0.4743897668341723,0.9644736353233784
-1.0674847925081825,-1.1776629516184722,0.529299387694134
-1.0193926535340516,-1.1680335158431419,0.5212095531986075
-2.176759749546823,-0.30173818331864205,1.3592938426290067
4.246661659644641,-0.569491525223641,0.14267574571661043
-1.4443795046936587,-1.1243532511845207,0.5258918957395758
0.7243558175607799,-1.0594547414629867,0.40259367319476713
2.551233328197924,-1.1008884546672302,0.307984893813107
1.2578857979014897,-0.19468159793861198,-0.4491411243127627
2.939179980763156,3.4814486280222168,2.463060621560519
-1.4661568573408974,-0.3585849737386873,-0.39401197589960923
-0.5775172781446131,-0.35440179681265466,-0.37526731266370617
0.6941004763506372,-0.1627238030062297,-0.3555491570385464
-1.6168067524376708,-0.036824273347685066,-0.019454201409905707
-0.09595819142731414,-0.29111661900640906,-0.28680440182572414
0.6919751359281242,-0.26095158403065777,-0.4565818771766607
1.3274179830941075,-0.8540397214738458,-0.1119595985350566
-0.7467938529370499,-0.7300622562488109,0.030514826966510786
-2.1695786313789234,-0.7195497233373304,0.11400308927095923
-0.6592267812496995,-0.6289091338678564,-0.05726833575718385
3.5037480823537273,-0.17358534762941008,-0.3380913875425734
1.5966776779893788,-0.6274472828874802,-0.1237799705893925
-0.9825145610819892,-0.7000491100988335,0.029229923706110928
0.03472216412750948,-0.7124025133621449,-0.028238876738154606
-0.7657973317147213,-0.5961110755681589,-0.21435277247255694
-1.2453982522122293,-0.2866836203483515,-0.06926302141258926
3.021683561565892,-0.08439849912822954,-0.5004629760008544
-0.5193473986391307,1.165446099015933,1.43870323892569
1.910609762440514,-0.28411011190869095,-0.2985803709633391
0.3835173724513857,-0.4084803013041171,-0.26107077667304374
-0.040026464617972754,-0.5426572783417866,-0.21189143340909666
-1.8806788146211948,-0.54364004656201,-0.17109023396977768
-0.7479991706506351,0.7391557516380998,-1.287082129745726
-2.5190776420122747,0.5736844239528399,-1.2130841622609867
1.1783040846483375,1.3685731605048552,-0.89832781895819
-2.1799314320620575,0.5142887876797007,-1.279192983130717
-0.4494013915823579,0.6247225281468902,-1.3982298051524813
0.1463931722974079,0.6636595493641052,-1.3806649069419066
0.9872535644636306,2.318499968688962,0.03397116941821949
-0.49539000714103987,0.6656987472792366,-1.3405525977958888
-0.02825679633038443,-0.3627459807284639,-0.3866675723376937
-3.4861564217044116,-0.3619591871569684,-0.24740385309846083
-2.4965210271874643,-0.19631678714394152,-0.09035167750945715
-0.18648327892981897,-0.44057749642942984,-0.4123626958318424
0.7533061052312033,-0.29560814254684487,-0.4234191875664874
1.7330684046801232,-0.3437765633633786,-0.5373745497740483
-0.5020094040547465,-0.25618633849339034,-0.36538611697699785
3.740659298476142,3.6902386879892566,2.6246124619205116
1.4213629608209644,-0.1436524748097773,-0.6280903450642921
-2.0538411750009904,-0.2143612796850329,-0.41759976867825593
2.847616764317463,4.94426332425318,3.799252865274473
-1.628054937689422,0.9520833324242343,0.6979184002630028
-1.1225027755630272,-0.06321094291196634,-0.5068609240100754
0.38546495071296516,0.010826088252014858,-0.30712914972039534
0.3057617529214998,1.665706660824621,1.3456723646229616
-0.044431964371315746,-0.2995542561367621,-0.5751588622267912
-0.49298203312298894,-0.5765377997931292,-0.10923514684643695
-0.7134825533259294,-0.5700338629007025,-0.02247848802740638
-1.916926748480024,-0.659650107212486,0.05324232137229704
-0.41356958236791924,-0.6487129239970149,-0.04692277186236226
-2.060260883630513,-0.6755680130840374,0.06984476578395651
2.2622828760923253,0.20986933528131743,0.5247843444714351
1.675137704765608,-0.5856865700530064,-0.16507242769893785
2.9447228312797833,-0.35239283941135713,-0.34805253969590616
5.343040719731211,-1.1010093809902115,1.2683639844816876
-3.6205078420208423,-1.871811182929702,1.5866716988621035
0.15920776473586776,-2.046185339148474,1.3654148450971195
4.811587992082523,-1.2887386192824093,1.2466881162990866
1.774693851061052,-2.0098160209248244,1.216285251189677
-3.157020317067576,-2.0128690333128367,1.4784018419131022
-1.6611562529136226,-1.9925630425565364,1.4525339810865319
0.9684283782194952,-2.0520673823091573,1.3190889957344099
2.756803358061452,-0.8219092111535732,0.14039877150790334
3.5246303589946293,-0.5770485353937714,0.08820274464347855
1.0657977491645838,-1.0512375360857702,0.24343755470684802
-2.2685610305857122,-1.0517123703372717,0.48054517507189104
-1.0903261646249336,-0.09178131241904501,1.4277835834445312
1.025462741265676,0.9740783009389116,2.2325898550300534
-0.9079803314716913,-1.0797009602718632,0.41047015094040495
0.00490328627736693,-0.5794818831678037,0.6730368030295021
1.7156420076456935,-1.2064627140650095,0.3803112744926611
-1.4837121499412305,-1.1517493231534695,0.5542375832065469
-1.5708852110922418,-1.3038585838630654,0.5925129072447601
0.05304481250735103,-1.3231539342293326,0.499587157072726
0.6356724994470224,-1.3496483196007532,0.47683370165778166
2.5907832242258237,-1.2283565251089927,0.33563582956622395
-2.821566854147945,-1.2076348956763692,0.6963653966138598
3.8492143061045176,-0.8357999479598254,0.22292613275620501
0.14066508659355303,-0.5957780281426083,-0.2927965462705424
3.124179604338024,0.046113766981897335,-0.550373737837225
2.3804754137604482,2.273771575113292,1.968154784842584
-0.005028278214226112,2.0371985219703723,2.222779564667447
0.3147994812669559,-0.3132998554088582,-0.07043755659302242
1.1103942427806495,-0.38928731386873966,-0.33708755837683285
-2.3571644749042724,-0.46127870858128733,-0.1306508887049464
-1.8323014801762927,-0.4467005925860385,-0.1701891551304238
3.224130966305485,0.3866475293680894,-0.9695410518213835
-3.5015486109228,-0.11724643672926129,-0.5040099736767251
0.47705595700567854,0.06479305147667504,-0.5715243380998681
1.1482007870283262,0.07859064197967976,-0.7257782875328598
-0.7080442902722426,-0.041962824616276304,-0.6694377472712106
-1.6508068793416995,0.347189096942213,-0.09835755944101186
1.1401765915899873,-0.1422875785656731,-0.7349516899232128
-0.8189164059631356,-0.08894466223116554,-0.5328763496206965
-0.003159084830809875,-1.6080244085050897,0.7902297438544251
-1.782433818648027,-1.5437899529100216,0.869036038846218
4.286891078747164,-0.44486543553435837,1.044646094500192
-1.4461525121598324,-1.5518827060165512,0.8523563708720677
-2.982452413608283,-1.4941934964013026,0.993295719838686
2.5325623584473274,-1.274818015901817,0.8834374483841133
2.0440408335337863,-1.2975150304129095,0.6681305544689341
0.5302561488884522,-1.5913707851668317,0.749039557659073
3.247589756637923,-2.1622193712320215,1.7880861215713182
5.165150548569022,-1.9976968077879214,1.5528116378671115
-3.7487374370254614,-2.4156293627011776,1.9594925087792423
4.862665391756006,-2.1487686500309686,1.4980176638359226
-0.03152208141327904,-1.8189731192039855,2.301433045555247
-0.15433709693950073,-1.1090369958354653,3.260279718143543
-1.047660190073215,-2.490161430556278,1.9062597529887775
-1.428417644270308,-2.497037485887428,1.8589816652982298
-0.4431667982394027,0.9587082550157696,2.563973862140108
-1.8619886736983309,-1.2036934247186273,0.5085903934763673
0.26001581422023773,-1.2210296684815687,0.3848946265538822
1.2889150681564787,0.9096703698252119,2.3002738332502446
-0.4309641824051494,-0.6732939950122067,0.7977946547486457
4.344293002642948,-0.15639474159036332,0.34204934940860504
-1.799234006212919,-0.5820357960158775,1.093287853690695
2.165675747762165,-1.0401315392747676,0.3700267598213026
1.2826382470529172,0.05929090948169707,-0.9045902174931897
-1.7415634348210896,-0.030987433447521785,-0.6392606386236509
-0.7160496661491158,0.19216081049696865,-0.6211580425966853
-0.39390563665495454,0.030073770082780383,-0.784924804749761
-1.5860541584617849,-0.0102267702154163,-0.6593238977129553
0.9750586416750031,0.24084753538911652,-0.7813493062991224
2.4104722552265487,0.5835690460542702,-0.8498064326347589
0.2997473035480041,0.045147963385314245,-0.6549397335437251
1.8165483939090628,2.7152836750771883,1.6458516421687972
0.7658877704504223,-0.12523102045951068,-0.7055792369274264
1.4224114385530022,0.4195840066927334,-0.48017160311852713
-1.5752972082593486,0.24158061974413594,-0.29514066541665923
-1.689512909312216,1.17558991455842,0.6709734577463002
-0.2952946770348792,0.21865160313469958,-0.46746424022957994
-1.934802172910542,0.4467087998051928,-0.07534621323890314
0.7486794668062327,0.16147221897452319,-0.5793747709333056
-4.037082061319713,0.7037476734047908,-1.0242919413971967
1.5091576136013098,1.404936679030172,-0.9289760693623939
1.437241404867675,1.275872220324958,-1.1444883186797887
-0.48667256286318805,0.568616677400276,-1.355933289854232
-1.8214846274471321,0.5024771506397561,-1.207935783749085
0.4539837911595611,2.0219242465560985,-0.04229101409343623
-0.7302921142686869,0.5026750076524122,-1.2765193217021513
-1.7014476629081932,1.1324745437439703,-0.6310354966849533
-2.004275493495735,-0.47660026313728143,-0.12579425475529524
-0.8049085644832817,0.34076538963114367,0.6658588818488055
-0.34851068408413227,0.7855639517140625,0.9090752946311502
1.9012079542793041,-0.42717512014305303,-0.3499711248448672
-1.5047485667623544,1.6219166830149616,1.8680450080228126
1.4660894278979018,0.52587147146817,0.6256153291826885
-0.2955301070282804,0.40997360038312447,0.7494349032654224
3.31826857072283,0.4144244550534187,-0.12747128424543386
3.390586139927741,-0.5649061626342888,-0.027061948228938964
-3.2403494293870496,-0.9294397746701061,0.4356517599687905
-1.359264228178379,-0.9996907764136694,0.28022781992722207
0.4974576602303836,-0.9664405211624584,0.2990800748982455
-0.9222378968644832,-0.9399832122929525,0.37304538106739044
1.7185465604450751,-0.4557153290555652,0.6104629178170426
-1.0791067114098147,-1.0147295936015412,0.34546922609589026
2.5122773443832136,-0.8270193137763227,0.04085844202402827
-1.8631822247610794,0.040932425825932005,-0.6988227557525244
-2.26346840077585,-0.015823357707271626,-0.7202318484311143
-0.4501357314575699,0.10264449159553139,-0.848177413052333
-0.45782330278397393,0.019762661074365747,-0.7751688797836099
2.8715067178645417,1.6817870324760984,-0.1404984767233953
0.6046065033123366,1.54447090730202,0.6447917440411598
0.5497715070051794,0.14362381242605277,-0.8566776864539346
-0.5891199268222046,0.0021555096686298983,-0.7581830998334201
2.8318525571513837,0.6038519940409076,0.3988928374483953
2.808802670144933,-0.2797411953111172,-0.40269809358330405
-4.281210723284575,-0.41659947860877294,0.09324828770848605
1.3290546835562973,-0.6410302795055816,-0.2927388762491191
-2.4923033683590172,-0.5872630478412264,-0.0823677611044665
-0.9606466049362811,-0.5556016188659455,-0.11671713310283813
1.0043271173062707,-0.47500181714507145,-0.23450971887512653
-1.9020722198942714,-0.6508566828642319,-0.0837121518382842
-1.3025750166050571,-1.3470649054786812,0.6527316017367026
3.5237413874038066,-1.0235595354502571,0.42645420239952425
0.20051910302243997,0.7360218663682623,2.666602297970216
-2.845633745699224,-1.1521029710156878,0.9516382058730104
-3.794234621244294,-1.1035221422821566,0.9843529892294716
0.4701575346440823,-1.4169326016279942,0.5775655034570908
0.29838516606007587,-1.0752696199470768,0.5803715090894299
3.272942672795445,-1.0637046446936897,0.46272562672422923
1.570084034751561,-0.22481277422459053,-0.34316413792605555
-1.530901965094544,-0.34673628813803054,-0.20536258013618572
-2.272938539709147,-0.43570570201843245,-0.2655593541026197
1.474188361660993,-0.2289869188020442,-0.5142146844730894
-1.743621114534561,1.0329985203555647,1.2186922986379352
3.0249764209744305,-0.01942961846347744,-0.6451947264879564
-1.2253390027835138,0.5065254037796647,0.6986858932143638
0.7311431143808477,0.03193982225102169,-0.2239523447605616
-1.3900546589444178,1.7163442404303255,3.704559935977612
2.6914563964548357,-1.3346132692325565,0.4436293601828512
-0.4138003569043377,-0.434644879794105,1.5697783686173197
-1.581534514494023,-1.2251092037141058,0.7323701244010891
-2.6656375095460265,-1.323411807943745,0.7277341806983408
4.195395589476219,-0.7993674507161461,0.3935205313098014
-0.7743391172395008,-1.3902641110007004,0.6447982222749276
1.291350906761811,-0.6835069296723162,1.1071391885180566
-3.353807944108986,-0.1733001640483937,1.7162380505765713
0.3265537236354627,-0.881791542057061,0.7617778769186451
-1.920177691878452,-1.219729876151845,0.6523087762553383
4.038242724877327,-0.7981532417365287,0.2739517252694317
3.5065102361043023,-1.054981845648146,0.24181195180947548
0.4164859140055202,-1.3019218678992706,0.47200975240963805
-1.3863259934978918,-1.2031375026826878,0.611132489313281
-2.0703281749538163,-1.2001686774978144,0.7278358721313324
-0.765148300462428,-2.251892905700122,1.539492781647454
0.7876555969357664,-2.188583021171702,1.4571301195148354
-0.11527073047439074,-2.0955109376121057,1.5408197986238805
0.4422083600327601,-2.3107898255392336,1.4953265897774235
3.713199068995859,-2.0088633694759785,1.3030936659804513
1.0150853135274271,-2.2865713025998593,1.4476959992012373
-1.6747671302796994,-2.2087824973919554,1.5734489514793026
4.365704402605404,0.3983334270563466,3.401617273241079
0.4516842247395,0.8428514001267148,-1.6883422040287537
2.210991633741966,2.5735920428100476,-0.6597281635733345
-1.2676840377662055,0.7752008366779533,-1.515581015221139
-1.1845278155193117,3.274051126760193,0.9039446821186423
-2.3025666541141714,0.7325783566118369,-1.5043460025675732
0.933248503182003,1.3478185848726767,-1.2989699800402652
-1.9515249320488353,0.7831420691844533,-1.4768080374883015
-0.7496847403026997,0.8958194982590919,-1.4582213512162774
1.3909059198644769,0.32764293464601,-1.0774984639884821
-0.2982524798521333,1.2684716371547198,0.2680990866718571
-0.00851517828882947,0.6397220423668999,-0.33468607815352647
1.5512908511213486,0.42340933025073185,-1.09079999424051
-2.081392929359199,0.17391236563116907,-0.7238723913530687
-0.06673666700125704,0.020703922939291686,-0.9211634454433104
-1.232946945665091,0.08193428969022899,-0.8054484684627804
0.09581737462429195,0.032205282194000345,-0.86114255558153
-0.7506008256748786,0.8155592050436068,-0.9644888639142981
-1.1418180782167444,0.5423344332299213,-1.2563022842399019
-3.4720819923158763,0.7123274034455911,-0.9690616235958744
1.0778962912731356,0.6559748489405507,-1.4063922301074654
-3.4838826480001064,0.5005530509805312,-1.1617461608012776
2.3648761325769088,1.003451256489082,-1.5734859748793293
0.028249605848331145,0.5464257164708183,-1.3595151590357135
-2.2156473248092925,0.6087450662414751,-1.0688823743667668
-0.12897394128813489,0.9420903147314487,-1.1497589646736166
2.050952711061246,1.104364089339298,-1.5797607668647446
1.8045657061198275,1.1654015692081943,-1.4443080793129395
-0.7539858526136948,0.6279600900427191,-1.372942298871678
-1.8955276864671713,0.6086225764533268,-1.2905680069743286
-1.279075584483027,0.6035868173176453,-1.3276384533222476
0.05021729465463422,0.6883419123216961,-1.3035176017633954
-4.4336867112950475,0.8062335648661315,-1.084034791583632
-1.3915765177967356,0.1124007042459625,-0.9200464077756075
-2.106651168114212,0.46964769775060156,-0.6039395783490881
-1.9582120345750593,0.12682390452297906,-0.8910108807901175
1.9305904632347939,3.1980715406810054,1.641966824598944
0.15768226662361373,0.9709210808186033,-0.35304584809053596
-4.107978514290236,0.5257352942446035,-0.509113368844197
1.4219298874378627,0.2536662140560973,-1.1252468104385993
1.9839062114243275,1.0430206503598753,-0.5382471837058362
0.7374685937796447,-0.37356245007888644,-0.3242361783213984
1.6995420472259046,-0.38800166759182486,-0.3776888581375648
0.30039473445893944,1.715955443552826,1.7311151669620297
-2.867582180432728,-0.46057219738554206,-0.17702229751976434
-2.375347540045566,-0.39550948079515386,-0.09014368931982703
-0.6417283518479953,0.03446122342794367,0.2622585618360172
1.7774300008513737,-0.37600221517821436,-0.38867837550530177
2.1697618812181267,-0.28834605437360866,-0.4883720520996223
-3.1551024504034997,-0.8900261972464624,0.2923467449128967
0.20232389027630743,-0.9323995870618925,0.18259597659260413
2.457322030735662,-0.7762951130985825,0.0807769221589906
-0.8365878105706448,-0.9301071291206534,0.24707160175819085
-1.819047661675323,1.5500875123835582,2.665308003093364
-1.2297347752538526,-0.46575367621338776,0.7133966515763499
4.278362581768076,-0.27411851730898495,-0.153143678731021
1.2468576944784993,-0.6738656227156511,0.0005949953399151873
2.448983839556779,0.541044448602881,-0.5289587540564163
-1.325675099303188,-0.11004476666675653,-0.5782407984620888
-1.9122571063768143,0.9120918493000717,0.4482643166766296
-0.4183911499904395,0.09210636199157053,-0.6168233172381122
0.6080643263906146,0.1689712328073931,-0.7511004234600936
-1.851788582784685,-0.14238196699733335,-0.6032080295401586
-1.1971044525613224,-0.14295592009867292,-0.6448337733687456
2.316978504029283,0.26575686295017903,-0.7576732064715603
1.6541120672753187,0.6476583640867042,-1.406300082826251
-0.4277094255304184,0.3007705157761547,-1.1904983229272497
1.1459758780594913,0.819211102541332,-0.98090819977534
0.05149878119870034,0.3628293210564168,-1.1761972842878399
1.1748317423780081,0.5195836057445647,-1.282884397874664
-0.8442170373966401,0.4748467025060873,-1.2073546504103652
-1.7393298395876882,0.5028188203819255,-1.16523946881111
-2.5483917559823324,0.9238994381665958,-0.5446785616885192
-1.1027543389218897,1.8241237419340361,-2.6269656822563876
-1.415791327612653,1.7548209121749863,-2.542065252029038
-1.7921899184743693,1.753884486503698,-2.5930530644135934
-1.2816837530095453,1.8803866068633535,-2.4637692781163376
-0.5622357354853421,2.053210896305785,-2.4756209167070664
-2.2942653281443244,3.3042078024633974,-1.0118843603741143
-1.9396057437905494,1.7254367379908817,-2.568883535647376
1.0781813143554282,2.3064830145693795,-2.8435213777030905
-2.3963016150872347,-0.6248958886656781,0.14806573440281562
-2.360686006720778,-0.5691660696126799,0.19294750279821124
2.8822539283236126,-0.22869256776225952,-0.17214905684412135
1.076370084735556,-0.7657993030410448,-0.07289878273825694
0.2828182652949488,0.28231579428136994,0.9532370037977709
3.4761703745395263,-0.16453978435275604,-0.34765617321682024
0.43495973388609965,1.3579014439454657,1.7987762191370262
-0.9571397326873642,-0.6853318376987405,0.013654349817901599
-1.9331129565854799,0.5603664888116865,-0.5135571094642116
-1.6825873578869293,0.12434463520678006,-0.9098880976359296
0.9999774298480438,0.3252689827136495,-1.0596677856964034
0.08525483085680954,0.9275887480193686,-0.5086696905450033
-0.19379600097682453,0.12577950675086946,-0.9287329659246164
1.4296231511907898,0.4109644836456691,-1.160097466462849
0.15742205796619735,2.217347359616085,1.0016905126745301
0.8001526511056162,0.7968060459742986,-0.5323420319119814
0.8902122853907642,0.5776990434415055,-1.4312860971779366
0.2034660136443074,0.8947287279058627,-1.0974075920582094
-1.6830434014746782,0.49443715404697536,-1.272314353298663
-2.638374750184276,0.9265202597817631,-0.7541696740858509
-1.2548853330568892,1.6210313276108845,-0.13792683053939483
1.8586355274408488,0.9734110108220246,-1.4517555354042333
0.3320688436083306,0.5481372819795443,-1.3812620501717827
0.6234653808155446,0.5956878594762847,-1.4239376995887965
0.5398435727636884,1.7589427492250012,2.996192713316452
2.8030156169616323,-0.0971814777428888,0.7208063124078068
-0.5631113409290863,-0.9751475261170761,0.38260376741765834
-0.9549624832451453,-1.0741608840281809,0.30617010351529134
2.018983176833823,-0.666289801313276,0.30499410976402214
-1.7111639230041924,-1.0165475711027996,0.32384493102329165
3.1017783721828738,-0.48725879268199035,0.1916921107093249
-1.4240971076262943,-1.0406635750686193,0.3190678892059196
-0.8871175052948324,-0.7646157758793589,0.0759346048468244
0.6245593879884437,-0.633087261129964,-0.040001438501662254
-2.750384807491291,-0.7016971259958181,0.15976321565682575
0.37474104101280614,-0.6224691009993685,0.04582159169516843
3.2608744836775143,-0.1872900491265363,-0.19195741325965004
-0.3638641112843087,-0.7941613110771298,-0.017023838488487465
-1.7301188541256236,-0.3349368835033462,0.33203265210859706
1.9172033784804865,0.31884956388525065,0.8267231544134112
-0.45176728824469403,-0.2262974325094807,-0.4892076621095105
-2.9412338024361957,1.5177576869689418,1.3434892762717463
-1.2586012915462377,-0.1120940864078582,-0.45114463734662946
-0.8001376938400844,-0.13607983515965436,-0.2863153265969514
2.538302403088516,0.5159163208380749,-0.28607754236852173
-0.9259790725879359,-0.30060375252181776,-0.42156551491754063
2.02353399575065,1.54746604889254,0.8812671666188708
1.3314673636410215,0.518890741167414,-0.0590839254497929
-1.673204405650488,2.0164862117194855,2.255037533997131
-1.030126960796686,-0.4224239099182246,-0.1658606194327287
2.150453134563056,-0.28344211729276836,-0.4960639689572592
-1.4718038573746632,-0.3320519718879274,-0.10834085372902325
2.38836509587555,-0.14296255297609153,-0.43178073451188004
0.6146142739685915,-0.43450954851978835,-0.3674274997563164
0.7055103393565988,-0.36688338487501393,-0.33233091980176355
-0.18851036472717694,-0.3834140524361287,-0.3435498792894666
1.3579317999255525,-0.0056369728445993545,-0.8657442242476698
-0.7932311879751641,-0.03192756881398461,-0.686593223689062
-0.8762190590887052,-0.03993568226875875,-0.677690380145199
-1.8318828870628527,-0.07402112673609013,-0.6754782377875648
-0.8875379243879815,-0.04817426075075204,-0.6722780307612821
2.376002376427751,0.3929348701660734,-0.8904054385826664
-3.595321060337969,0.07320466162328616,-0.49180289728919285
1.7428615501048457,0.15351922199433948,-0.8198703944852094
0.6856784699815935,-0.3989796951789025,-0.31375041839475565
-3.9773061143925323,0.0708676536557888,0.26399065657700194
-0.8481558716044414,-0.4976146787590826,-0.31936944489202707
-0.26175362639648103,-0.3371570385658417,-0.3922265465929824
-2.2981886450204274,0.32957887641633293,0.48149027026310304
1.8834485232809608,-0.33481904312267635,-0.5286534477581178
3.20756939432258,0.2391134356067729,-0.5413210787361752
0.7347096096936561,-0.24962550269912506,-0.42347885025338927
-1.9547635274429853,0.7436686836600019,0.8393901296905582
0.7487290629224801,-0.46417016959522195,-0.44991279349139873
0.25744396932818675,-0.4834603327078855,-0.40930523602280067
0.09837283726914751,-0.4478252671752053,-0.4177705598282683
-3.4188534760974605,-0.18420882240804945,-0.032794173964398925
2.3283751116599722,-0.09559621704451371,-0.6019777807006479
2.783183585536963,5.000962820207322,4.243825983633624
1.0440660070436925,0.30083105812237476,-0.08847260414553576
1.4119069617246365,-1.3207739844591535,0.4130251656195538
0.6654901908013137,-1.076911951278869,0.4273549569925639
-2.127683464735282,-1.2689591912861549,0.685289270549435
-3.339786230147783,0.022051040085811484,1.912020786335818
-0.6845571936079646,-1.1739732733471386,0.6976410236738974
3.3714788048028317,-1.0619710809938334,0.2463121330500053
3.7164409697109044,-0.9546583260931975,0.24524133882302937
0.343999138304905,-1.2798898944171733,0.5357191254884895
2.715059293655812,-1.6082086489376244,1.1206220012254045
-0.7928753793812637,0.12358358744584594,3.053662447725252
0.2869847781047483,-0.45591090605944906,2.527550658079873
-2.5053715222038386,-1.7099260517239634,1.2258809136943447
4.032610365993974,-1.4078979203058837,0.8001678423003311
-0.6024100787231225,-1.8162132642568514,1.086098914002062
2.6713800366316445,-1.386626106906007,1.1319974359470912
-0.41612337040240915,-1.6190043608722589,1.1707387334245771
-0.8457245200574465,-0.6052451125583383,-0.07249962237893463
1.0458590207908447,-0.4256472762930954,-0.08589148647389941
-1.9415585168561655,-0.23538306543818188,0.33488174291330225
-0.4963194894959725,2.0138234059405797,2.3140045902952413
2.3254098082494616,-0.4092049982503833,-0.28132064545247276
-0.8760731400699093,0.46138021555622,0.9703105620174106
0.49163346123175117,1.1271624296577802,1.4214537500207518
2.604655199846431,-0.41412573319610224,-0.3719793685626682
-0.608949226529312,0.8877421276530938,-1.7020443618085968
-1.3655328896388834,0.9864829496304588,-1.6290885206642043
-0.6860116299518753,1.0056563775013612,-1.786924255058651
2.0301207669077,4.20044473286867,0.6559783275215209
-1.0760202862638857,1.0227515451291438,-1.590040089763557
1.1161720386095855,1.2605502734087053,-1.9389578191633126
-1.2514376541089909,1.0065040027513,-1.6466220802563671
-2.0111643507610957,1.0941395344522544,-1.4919822549288893
-0.4764974388368505,-1.1239653317746556,0.4613578196188946
2.073493544931382,-1.1755758105583372,0.32730243450207824
2.157822042015247,-1.338859253718114,0.3590447980650322
-4.035055732163836,-1.169874264612372,0.6614969098383081
4.143863288205045,-0.3852580778928377,0.45861235819231494
-2.3096974210205015,-1.259299115733109,0.6002163071901555
0.2876632139587966,-1.3077300875104039,0.46189661295314977
-0.5987557893770423,-1.0231980970258985,0.7499663126863741
-1.6173665278192049,-0.8132745982643911,0.7161112808135247
-0.7346373093689412,-1.1481896407381234,0.3784036935913155
1.562745440013884,-0.7349549337459208,0.342145437332481
4.150075225512066,-0.3545577043614315,0.22666600926359154
2.414029396383297,-0.9951590332647481,0.2993379839304425
-2.294068373219121,0.5909172527313119,2.0786921580049644
-1.316338793604788,-0.7931873343986521,0.5813080288989066
0.27248124403746043,-1.0129719212004418,0.47302237013676524
-3.5704451383453275,-0.24837531368158813,-0.155729355372734
0.011991046769707964,-0.06268502149487114,-0.4587008185985577
2.562423872964683,-0.1968084579567984,-0.5997974390399198
0.7642317757007173,2.2428131103316313,1.9718058300296661
0.11032924338268786,-0.12613277868206435,-0.32747154302626647
-1.2417073760750883,-0.39345853724213947,-0.37810409823252045
1.9597407149598143,-0.2956697186029251,-0.5112310085074784
-0.9349897061703694,-0.353053042828752,-0.34235630362100594
3.2963506024097904,-0.6895328346390001,-0.1287242828049429
-1.549981449714617,-0.898391010854552,0.1944810646282955
-1.2218731325063987,-0.7261258170372378,0.20717708754435996
4.225038803188981,-0.46901207002326356,-0.25418205535354793
-3.4403635653867477,-0.8333866731953348,0.3534574767166408
-2.4493083390678856,-0.9257234097287289,0.2648772035777421
-0.11314638668743243,-0.19343146557065352,0.8768883802730685
0.678001977859388,-0.7712520976232735,0.11104438971501567
-0.7866584531229298,0.5392406505122315,-1.071974601809915
-1.1861019624428448,0.30970691415004525,-1.1268413531666717
-1.8028550125646448,0.37223706877412066,-1.0441086376114774
-1.7329408854333601,0.37880418579454167,-1.0515035490864544
1.3904931120935395,0.5897153559201589,-1.2338749599665493
1.4535429733642897,1.9538676462530622,-0.03016494189751918
-4.116221287969079,0.6333431681796122,-0.7318249491568125
0.9665392638789194,0.5723597292187121,-1.1228090247676603
-0.9899006491535804,-1.3587573544683538,0.6129330003248686
2.017303842205564,-1.146054294171793,0.4070375267602009
0.8629619892364035,-1.2360098414972234,0.48047347125631074
-2.155024082856124,-0.9593081514254709,1.0108596142731698
3.4768269467282362,-0.9778195358026202,0.37995068392345394
2.9568676826894986,-1.0620843218340548,0.45575733147990466
-0.8616145433534312,-1.089499159407471,0.8453775466192537
-1.7688461346340403,-1.3176062791149987,0.6414291409868081
-1.2044835574182968,-0.11285310654583934,-0.6840252719000838
-2.471314870870882,0.020159448056410227,-0.5215453514939221
0.06789553232276628,1.9653250126597648,1.1660471433751007
2.383850162779939,0.2708745409524933,-0.9687185663957802
-0.4855031313725536,0.2830375121195511,-0.25142913223323704
0.42752626018883927,-0.021350430286523055,-0.7869568132904146
0.5803005731055051,0.0539705397826851,-0.7595110480624585
2.297472448033983,0.4421564191795367,-0.7189282059881229
-1.1652509524542174,-0.01815289347885479,-0.7977740231037026
0.9313403968371363,0.014146046105862214,-0.944921429248895
-2.4179165510783314,0.0208970438564926,-0.7396565658896742
1.108760761732563,0.24565897444957022,-0.9833376898653101
-1.6433203732115789,0.06422343922505094,-0.7337161142311626
2.7015658691199054,0.8816190228832438,-0.8632615957230165
-2.156274823730863,0.1497758680987593,-0.5947578472615819
-0.07602486722541128,-0.020954742490091972,-0.8644959155887191
-1.5904392576034536,2.2084573007115855,1.2496260144419453
-2.3528592320203106,1.1010557450528122,0.20029667627629133
1.8139446188630093,0.42245463625031954,-0.9085265183179941
0.15435138061340517,0.20354017317942671,-0.8881957464492664
0.6335716869383535,1.4574334507653603,0.4354444051794614
-0.9413253127792601,0.01820925577659953,-0.8455424349394483
2.506355173239439,0.5022664902055236,-1.0982154804182949
-2.475326527654147,0.0641926356874701,-0.7728440927520817
-1.1886138986561663,-0.5531973662444363,0.010514155232797454
-0.5201357799432941,-0.6971198585980914,-0.0030908262008931993
2.5700850508427697,-0.3549570372906614,-0.13039306394032943
-0.9920140520591649,-0.508978714526477,0.23236775398190226
-0.056611145657600476,-0.6345795321081339,0.08672204253447119
-2.8537292426902474,-0.6466056013497002,0.11623998144967539
0.5370806030181463,-0.41769267812040267,0.05976892860094258
2.1764633782517318,-0.6394842669572144,-0.23267053787883654
-1.1266769884033896,0.3834127038617784,-1.08663903392422
2.537985279590069,3.4836547992881544,1.2383604188799604
-2.6650934688427825,1.7796895398754677,0.4124502657866594
1.815760650332387,0.6084802711895296,-1.2965212798048211
0.8656629664682486,0.43220091563549057,-1.266550391438132
-2.8492142038257406,0.32789330736586836,-0.9491956173492176
0.7068851169913799,0.4053476203608684,-1.2427426872725165
-0.7311443453760106,0.33575820857599636,-1.1624978233356855
0.7111862480954105,-1.2765496123749098,0.6220130948668998
-0.4151997500371459,-1.2998734585303098,0.7343140826857284
-3.1993333473996604,-1.3335853108204634,0.7714937375544858
-0.23028783001961886,-1.2518985086188972,0.668424697380893
-1.1598585482647623,-1.2538700272829832,0.9082275691466797
4.016150289234689,1.7430031409056634,2.965961371318198
2.753921999961963,-0.22367113874503458,1.5414939137220476
0.7943247416127213,-1.1813263364459747,0.5379374367625279
1.111278018834726,0.391281794266935,-1.131408948790867
3.026551844698894,1.4398405616524796,-0.714073372109558
-2.187971632262064,0.3757964342928528,-0.6294837517421448
-0.19477326244342977,2.6375929342684716,1.4884544078597277
-2.02531279668909,0.14760087320929216,-0.9007697955022883
0.5604177344930876,2.6901938102702774,1.4899283668660324
-0.4125563192291654,1.3139988322103127,0.03368937802314135
-1.6633440212350485,0.19663117277264722,-0.8728838575026804
-0.6368373491319305,0.03580541761951022,0.14527419076682377
-1.7978330930926114,-0.4290827338048924,-0.22442730215456225
1.2010338357275492,-0.19711197381016668,-0.5162208934935593
-3.88621914107685,-0.31798477985339935,-0.1530915734094578
0.16708931891589254,-0.3829982858170092,-0.4013632405341575
-0.511222130038341,-0.3020960720858292,-0.21853521588001404
1.4467394871586718,-0.207712826746242,-0.2407171035262698
2.7368583937341584,0.20846169514004567,-0.39725588824334646
-1.95836572160829,-0.027900684916799433,-0.19039491068955328
1.0887651406186019,-0.20689062343862116,-0.6208121634829938
-0.1767147415866192,2.4805449401651862,2.269884016945039
2.3704415738288986,0.19206776008663534,-0.5884561267510526
-1.1848966275803337,-0.1290110697137254,-0.2628130338875983
-0.5398536049472058,-0.29231785814920164,-0.5216211661805994
0.13591757210352942,0.5924395860993826,0.4201969634411499
2.78869053531412,0.22846174265644,-0.7387691242628931
-2.147196320343499,2.1273466806999397,2.2994163799152973
-0.9538928977720469,-0.3135536747828596,-0.2603437285258481
-0.8053442714111925,-0.24091536492338486,-0.23110826410730778
-1.891371036707347,-0.48177697856122786,-0.23574376929252705
-0.38263110557625485,-0.5111127636498357,-0.3169436252693058
2.531660971001702,-0.047245198784873155,-0.2685746398160838
0.9668928118071431,-0.3684689052620683,-0.24843092822497542
3.3594863383558935,2.438660003130555,1.8542641699619031
-0.6088991875548175,-0.019320594042340326,-0.732889697109667
1.419569060525528,0.37113324075950516,-0.8171617686473519
-1.5768933856487088,-0.04512437877232006,-0.7349187494679177
1.6812486396743485,0.35885057263455605,-0.9026070769230695
0.30250965811711,0.07873060560865465,-0.7943703554271278
-2.7439986080457253,0.12957962709792137,-0.6019755744240151
0.46666707946841246,-0.026756853027109794,-0.7961980545789874
-1.4869567284703884,0.27386499257685754,-0.4503265255000261
2.296512915993518,1.606557288323507,-1.6834037454455197
-2.4880594124606903,0.8200827231424532,-1.4659356788921398
-0.8237896381293967,0.916885276947952,-1.5736126988752486
-2.016409898337681,1.1377064839346291,-1.204273417526666
-0.8815313286031411,0.7228476466035398,-1.5916175824994412
1.018008118318669,1.0575638365894027,-1.7160459226708402
-0.8354207065432373,0.7836559983261014,-1.5502501325815956
-1.8996026627865605,0.8403955226744861,-1.4370588548087881
-1.2553016553721716,-1.5059378711944784,0.8027744042184928
0.9007958328963019,-1.4359902131661149,0.6771494622745103
2.6205339824422733,-1.2912854434137617,0.5385263063019787
0.5139551839650881,-1.5178656515582463,0.7731694745307759
2.1309719197099466,-1.62988494757475,0.6512212733396316
-2.151930501748151,-1.5139949409615128,0.8617108633960472
-1.4651562423932891,-1.5354504513984506,0.8307283650329306
3.5184212507239514,-0.6921552504737948,0.9775917116559313
0.2947318031758055,-0.7423476539461895,-0.12436313905488904
-0.8171264873086342,-0.5934942237512784,0.09597198651691256
-2.9439519645287677,-0.6181115886054253,0.09013403483447058
-1.046548963645476,-0.6661666120184667,-0.004153120997127216
-1.0656837644670942,-0.7209335539803964,-0.05043432324002473
1.033039797049154,-0.623070864949766,-0.18513456612011078
2.7842554168248173,-0.21814896809104933,-0.18445725442248317
3.0527386091717004,-0.22483508269116353,-0.27353443413031364
-1.3801678842579528,-1.2192108494574727,1.0291095294757007
-1.68898020548379,-0.8899138412845585,1.3322406662888973
0.9151879277704592,-0.8273682428931408,1.1838746644705962
-1.8886820372044102,-1.3346092616154404,0.9682033876257112
2.9163349774227507,-1.3629580738040301,0.5765204548104647
-1.5699675729820879,-1.448589837244607,0.8557720631951071
2.5169440259486433,-1.2471797859037588,0.5886243641003999
2.894375762991623,-1.2972891896130132,0.5901246911270306
4.184188647225259,-1.2853500259751482,2.393039895426011
-1.5316332294875799,-2.4671514049503656,1.9305437693064358
3.9634482011843524,-2.392476445624412,1.597851395392761
-0.8269997930454268,-2.0133515603268934,2.334267872595926
-2.080759721645954,-2.4798808565464934,1.8952223544157016
3.815344688049558,-2.399314252408179,1.5810093684319535
-1.8193487407194988,-2.4971208728409966,1.8877040338959505
-0.5125882218223994,-2.5372107306316414,1.8274607008411168
-2.5011246765030974,-0.671696833279625,0.11128012328777533
0.1803380673030717,-0.6315910717666106,-0.10723600958624424
1.365460312786583,-0.6742651627039733,-0.15980732436017336
1.0228113975192972,-0.5748603902782562,-0.11260387009137621
-1.3045152258399588,-0.7094316275590429,0.05522608645636463
-2.5762559063807653,-0.6840831416833588,0.12235742875162185
3.522911219620343,0.8161409485350152,0.7710921752764234
1.9075373899706503,-0.8201035204085493,-0.16589195825812544
0.048924965369039036,0.5511954204181628,0.691674741459959
-1.6599204359994402,-0.4454367995045067,-0.20273856569325863
-0.5824792728682981,-0.49748569537429155,-0.31935613598236195
2.5706079312331993,-0.11798259641702166,-0.5751271855699442
3.274555555702772,1.9420675802035345,1.168770571173932
-1.0408927360359979,-0.29813145855698536,-0.09116583395921968
-0.11631157768374019,-0.4862171204859873,-0.2789794847373781
-1.362765481800047,-0.39541865261046044,-0.24715510437314284
-0.9656504315183569,0.9048889468273867,-1.7873064856296879
-1.8090928842465097,3.2048584131122957,0.3087288621529903
1.478062734689036,4.121737784312705,0.6608395923168197
-0.4423126103054799,1.0610938972547455,-1.8544748130208804
0.08858175192596371,1.137109717641583,-1.7759864154213298
-2.6132432489446016,0.9373319146709803,-1.7009070786742388
-1.564706156407463,0.9976921879116726,-1.7232528625764578
-0.9355312354512719,1.1173682840367756,-1.5959628595173265
0.9495610401679261,0.8806333465042256,-0.8299011536831996
-1.4122834713471972,0.393253562403137,-1.0796027565712722
1.7466258161153156,1.6042877435905107,-0.4783965501079288
-0.5532685831404918,0.31289496667366945,-1.1685393321572781
-0.11075828512986513,0.5051381674973169,-1.1733671005047628
-0.5390141630963508,0.41597196896383326,-1.0709688935318686
0.6252898408359878,0.45035300525912375,-1.1916837119599635
-1.900565819069001,0.3702663601875627,-1.0369753098826233
-2.2766245880932625,1.9220680522463967,0.44680640281561995
0.5144135466632599,2.9462728349016913,1.3647838820469493
-3.96365792865693,0.3769844043269843,-0.9718138188420896
-1.2360093951909468,1.9406532496412692,0.5527548755483831
1.4831316078692955,0.5374018519718571,-1.3013618554510529
-1.800443440713652,0.2815909082183989,-1.0561607619500821
2.73506769684679,1.5893052243426975,-0.7685891015315891
0.04343035433458169,0.2312207591519025,-1.1463797601887356
-0.6938657219283259,2.671073145101033,2.2450339548294727
-1.2882773100415028,-0.15622123746339533,-0.4277939228604049
4.197660136847112,0.736873325667408,-0.8795039819893585
-1.1248630533575243,-0.18091942365467203,-0.5009743662380906
-2.1657106991779296,-0.16525265753520194,-0.44425745751655543
1.039141802311776,-0.20905117880893562,-0.6532255276778591
1.7372302140029372,-0.15982024544904114,-0.721884213872548
-1.1243739602191327,-0.22861324670889946,-0.5524034435392338
0.9518835146382014,-0.16059348018679076,-0.35674243254032123
-1.0363907136547397,-0.46290019754901773,-0.350216523314359
1.3513492425004558,0.14423035215007277,-0.08390900412486055
-0.051709806460904256,-0.025680002891488717,0.04465847348866906
0.9352403939316084,-0.26661093021334364,-0.4524646730072007
-1.49957936183506,-0.26770778457007877,-0.19434102915511528
0.420125026978774,-0.28255694830517186,-0.4126159925677521
2.505180170466151,0.1147779621259182,-0.5787943906092777
0.7155447021266732,1.571789544696128,2.1450079183269306
3.11410932132488,-0.3001054945509113,-0.28238682002247883
-0.8558243527078591,-0.07994392133802494,0.6993444721059419
-1.860650951400743,-0.7081134442911577,0.0999735905667
-0.046676010543576264,1.2739416301284436,1.8158483597049004
-0.40010607198818215,-0.7304762367007596,0.021536334863626883
1.9815111236993284,-0.5033478666401627,-0.07734112818023346
-0.5853086248074545,-0.8143491272223294,0.0007549557656918965
-1.85965511435786,1.9378037383285074,-1.4510967892735038
0.20220644469819257,1.5828252398205198,-2.1404828205244826
-1.9403623421545366,1.4204671168740008,-1.9373251782907932
-3.1745069057182715,2.271331502094853,-1.0862917414426239
-2.6173868940528533,1.2911275533862863,-2.0565176241660303
-2.406310346069627,1.3630988003122266,-1.9550524777311462
1.49805080640765,2.1389091633687363,-2.009530197725033
0.14535419179277412,1.6791992659738497,-1.9320243818363891
-0.25137920553976933,1.0748115474223765,-0.7757983476371301
1.2581172607314646,0.9509822668889657,-1.4248522713175018
-1.73826018305233,0.5673757860653195,-1.2540207695237786
0.2084511234591786,1.3155250433418884,-0.7305541721793888
1.4195754985888145,4.05434627792346,1.6170071160190296
-1.6451772898794998,0.5296177176103382,-1.3159710552955657
-0.35682843082012783,0.7796756267742123,-1.251972509862946
-0.8217844102360232,0.6923839609442709,-1.148818754131862
-1.1804709558066253,0.651875072455932,-1.4853724252696787
0.47134575720151023,0.7504251867023634,-1.5934460140222078
-1.3993914024106064,0.6170834038216207,-1.4538586344466515
0.9921300676556591,1.561844947492309,-0.9095510420215085
-2.4739115190932575,0.8362469385708496,-1.2722952261160827
0.8113580460749085,0.7712897836221059,-1.6273252673142407
0.08064614972343158,0.9783318527635098,-1.5638086305420562
-1.1357074006928807,1.0659027249751405,-1.09548090439577
-2.335930462243246,-1.4562865145413568,0.8107260755254915
-1.917319023343707,-1.3988266896445805,0.8307944711896702
-0.6182433767622988,-1.431286798740478,0.766457879681344
-2.3247198755682983,-1.451308399512293,0.8072345445288139
1.6489646634014015,-0.9435194477563039,1.0251402181038116
2.5633314075052955,-1.3781246164475764,0.5855508254815229
3.9483146198704326,-0.9131185800895045,0.5033003793857835
0.3725209232797215,-1.0321586753430407,0.7428513612394828
-2.8042990867398214,-2.089823698107521,1.6294314368588638
-0.6128756767343435,-2.0444873403838835,1.5164770509929208
1.4014667648336394,-2.0843036939818314,1.3364327008743178
1.07623592153127,-2.067934697043114,1.3476914721770146
0.7153861673731272,-2.110827337639709,1.5739193604316146
4.2153417772226796,-1.8181489159315498,1.2211123184890424
3.271275502653519,-2.1415889984910423,1.248963869565621
-2.097177964148589,-0.11262322963951754,3.5207706067583504
-0.7525521813087998,2.2512297318020766,1.020528122680317
-2.1193499913454747,1.707078839168149,0.5533779826953105
0.04347240347839378,0.4365391113997691,-1.1078682309585837
-0.6683124061834597,0.23613095194379238,-0.976847359338593
-3.4238706425385623,0.3380089727915023,-0.7824994956644823
2.075380518149917,0.9527042836161331,-0.9245444041686888
0.9532397461997921,2.370130057092002,0.822767972113129
0.8387809396648349,0.30913113857962454,-1.062589944300879
-1.4915258284789694,0.013333533398909284,-0.7854124514818539
-0.34048823043606713,0.02134840728051461,-0.7116132674047673
-2.8968118638798246,0.0788425991963712,-0.6556950873300584
0.8478176695328128,0.10825710159975005,-0.8599788987702723
2.3268641427035037,0.5862683388768689,-0.9546280247656732
-1.8037095443034983,0.0294278792603138,-0.6996511850932234
1.2970335055912359,0.17951983111383596,-0.9245685109479795
-0.3294480744039948,-0.02455040697556562,-0.7646306117630353
1.3933789616479288,-0.1336252813366099,-0.638656411231428
-1.1617925470345911,-0.27360146041498407,-0.5267048946545154
-2.4893497563728904,-0.19279495316089956,-0.40990638182988054
0.8794055752188275,-0.06586443102427837,-0.5641962679459052
-0.9260454858604853,-0.2346197840233957,-0.561531373600679
2.703598568167748,0.3698437034006882,-0.6602974588619073
0.6130380648857976,-0.021420377760723388,-0.6757609860557768
-0.5465450789901243,-0.23567491749150327,-0.5845317918589881
2.4145184379047278,-0.31752113223219475,-0.07017837273380441
-1.1907874103194382,0.08132714443966119,0.8436278347406444
-0.117146989369106,-0.6828002321829846,0.03360382573084637
3.1262472869663074,-0.284769778584337,-0.31262106118122346
-2.9953691347391387,-0.7063744334963602,0.07400886521127242
0.32419908345193527,0.9791795672465965,1.4686787091196125
0.8331787799199616,-0.5753882980549255,-0.11034586080584544
-0.07998424352775747,-0.7258135595675574,-0.022430175649009555
0.5971816282544791,-0.49021805506480637,0.01995339575379581
0.2780077418442977,-0.8279859297701598,-0.05923519307773807
-3.2399944549728343,0.22390107931946554,0.9790411340055172
2.633024083150664,2.894080165897264,2.937478737295991
-0.4558330921006718,-0.7160583578857425,0.0048235627003631685
2.1183300623806818,-0.42104973113115157,-0.03589754668051734
0.5137813786716262,-0.453818769359094,0.08221202611279432
-1.410484091470744,-0.7470102760219034,0.005143692139793943
-1.8869840750467675,0.9820500956367801,-1.690742894541063
2.8770020779901526,2.316920577367883,-1.6884589498367162
-2.6690432971714455,1.3946029593815312,-1.2493132670803382
-2.118026158940049,2.993264022463664,0.24134051326675343
0.08322245517778251,1.2342720567125929,-1.6713532823327437
-0.3641878986935209,0.9885399850107601,-1.7142776761247014
-1.8318881078149585,1.0957740222579444,-1.6014931861072426
-1.3408495775697986,0.919602994061751,-1.7699516641681134
2.0364936909659965,-0.3054124987683872,-0.37568760656165084
-1.937087814919208,-0.512899390263204,-0.1107037008528986
-0.4056911793912299,0.6880552446435386,0.8119920717515888
1.1359638991689405,-0.27194178752095804,-0.15375374674739395
2.262791543377853,-0.032114004603893305,-0.12222341017387454
-0.9464906302402916,-0.4837162064257719,-0.111803387572468
-1.9327886587711882,-0.47570448598297255,-0.053349341769579735
-1.4175912724369564,-0.30379178106231053,0.053441481126916275
-1.0710178090357778,-0.7229449401449359,-0.04292255776867156
2.1932969261645083,0.040835322658526234,0.46202047711899885
3.9084775818505966,0.2556444925428941,0.03351061765771479
-0.6654176197488516,-0.666934881629543,-0.021344239897228938
-1.6252356083245258,1.5624326840467349,2.0426316651414522
-1.1440269213938605,-0.5730995355791195,0.11101068506732617
-3.082112814938329,0.10961900689563654,0.8670099738895065
0.5000570387408118,-0.6261668086157264,-0.1458703117919724
0.9600853485017876,0.7595231141457643,-1.516628899106201
1.0753535399641663,1.2554217470295057,-1.0239759563810733
-0.46905762373981336,0.6426177332524331,-1.4134586884372207
1.3144206265020117,1.9191729601505674,-0.3368009116121059
-2.5816838931166326,3.0589917584505413,1.2160607860318886
-2.1245575324211865,3.524804801019258,1.629670247382348
-2.4888254286283398,0.536950699604624,-1.2781683594758069
-1.8240663537459705,3.7664117962252632,1.8652255693284712
2.400110649104777,0.476985958388789,-0.9440891052305633
-0.31663047040581865,0.1820749794455582,-0.6384360797965316
0.7195669497371675,0.0274608830167177,-0.8515592994069314
-2.0822291123219885,-0.0859670347847996,-0.6633043786564645
-0.08689693752807698,0.4958021024483235,-0.179471005318849
-1.8700305021556456,1.979250449368143,1.289631745486336
0.268065265624499,0.11749216845761444,-0.7183411301165243
0.647217174775552,-0.015099888636488814,-0.7195439542117905
2.5372081731172145,0.6974483500310087,-1.1839731625925456
0.4272162240716924,2.427949042062156,1.2803239045437869
-1.1725293995271893,0.17452270269461492,-0.7918561512704272
-0.806530209613547,0.1688109024551329,-0.8114379838431323
-3.592490783082431,0.15828504170628382,-0.7877863748828292
-0.8567272669823343,0.16275251204171057,-0.8053394471772511
1.616714895221688,0.46081545669190344,-1.0211132988523879
-0.04462519104630568,0.018422478994814587,-0.9337447519658161
-2.1566192769955563,0.354031780410119,-1.118530873448172
-0.9639495582293228,1.0163590679538996,-0.47372790148109384
-0.5669293028334634,3.0425844943948808,1.230566849705859
-1.6308793214913753,0.5310163444549947,-1.015252854621137
0.2032549207003436,0.657948322603465,-1.0742217827874403
0.3503700325864763,0.41056070718320287,-1.2584459437823878
-3.1032978676610403,0.48776625177047844,-0.9770927701581791
3.2559624044855853,1.1931833891487424,-1.5531390495568087
-1.0217916985992073,-0.185061532519158,0.0030360702803587133
2.0253288900111577,-0.028860815897356697,-0.2511086578444335
-0.31962906148174625,-0.5601505103618981,-0.30193634410211395
1.1752794484981222,-0.24206280058193236,-0.46670595888369304
1.9716191898204602,-0.23802965533288375,-0.44320352551479597
-0.8608430132754602,-0.5263651552089573,-0.2855611309768276
-0.8363174194940126,-0.519979900632682,-0.29055291099821373
0.828655830462086,-0.3706558380473454,-0.42469841751773363
2.0434063071060486,-0.41204317527301476,-0.4632200775349664
1.806545648047915,1.8120014708569523,1.6334669910638562
0.5171639227323395,-0.4394227850646308,-0.3522381667976046
-1.1338452842715803,-0.17195332005635527,0.09673103934906938
-0.8136220353464,0.6776947918016505,0.9271593625106652
-1.1851628458068588,-0.5407117077441622,-0.2400002753606011
2.8967737594188985,0.26918761202062247,-0.16906422919550268
-3.0063305053482328,-0.42952447174727953,-0.1072348784881585
-0.7601511250146672,-0.7267619389300722,1.1623267165866373
2.494687360794714,-0.9121799468598178,0.7207566888811601
1.3073390203472477,-0.7900647569415927,0.6278410271605176
-2.021440708749221,-0.8901051667818187,1.0220879983458313
-1.496969704182333,1.4626912211709835,3.2623992707381095
1.2299269925431338,-1.1438715270814324,0.4664213816506438
-0.1667036858998058,1.4145643769738434,3.0229132895606106
3.3263355506518466,-0.4053928905125744,0.9085736503380711
-1.8673715366517794,1.728979717021944,2.698484989304146
2.0919609764409515,-0.7709185237124102,-0.0019206185511552243
0.9803704809980471,1.4585373241367114,1.9946806693772399
3.1846494423378693,-0.5060395559029829,-0.19008517672915337
-1.1326220391569162,-0.762312503487135,0.29929996264450365
-0.8595534241192565,-0.8270942615776338,0.16469695317645833
-1.9211589531502056,-0.869242325742612,0.17700523899096876
1.1259656700324847,-0.5999507487802141,0.19804406095450186
-4.145156077998189,0.6536556879708686,-0.9250671257423118
-1.2004824428872176,0.3920270689017401,-1.123401068011884
1.8946350152982365,2.863393789283151,0.608972080904325
-2.454909407571927,0.3738720190006979,-1.1110115545716117
0.712024763858414,1.079416493470959,-0.7169340311561841
0.22815519017262334,0.4613781772127145,-1.2780320237616185
-2.101759943262005,0.41103731477575645,-1.0757094021499578
-1.326559430648167,3.0291053456087287,1.2854201297120598
-0.6456161347772061,-0.41556986443533134,-0.30025969526464
2.102623058553775,0.2310637492304663,-0.10816867705286647
-0.7348256515987954,1.030490045679219,1.158006078685121
-0.5182670198822005,-0.4450339397247184,-0.3688158364831496
-1.7370134725924058,-0.05288173840450742,0.11111148885845128
0.3304029396279532,-0.26258205444803673,-0.3178595156282763
2.2210689866485938,0.04687087736460083,-0.3236452324144979
0.845003961500651,-0.06407718232882886,-0.33001288154754177
1.1159136564461827,-1.6475779072724035,1.7086157779259914
-0.004633569148499807,-1.8240269293936622,1.4611820376848015
-2.7428272181806888,-2.0368453169661094,1.4663401605448318
-1.266873792274775,0.015737297532523894,3.424502216197907
-1.5487898936240634,-1.9099236763202327,1.6313769564270981
4.22913997283063,-1.6795148025607674,1.0611850667848737
3.9623579276711625,-1.5386026535056523,1.3379429673392307
0.6285014945293538,0.005765039451467841,3.387367939743139
-3.632504540642635,-0.35146238399841273,-0.2602577394833129
-0.4677716566768304,-0.21862093980843925,-0.40327749595369206
-0.13964254112601585,-0.34405287672262896,-0.4061051451377724
0.5828704818703093,-0.40177056779372444,-0.49701552476986094
1.7775542607501045,-0.02008527446804798,-0.45011137756034647
-1.2701289272701966,0.2589709658965164,0.2631687740954874
1.9155148127301276,0.14429421330119482,-0.2403882449336468
2.5844465464797044,-0.05189243398068305,-0.6355128991595183
-1.0912495427360713,0.034547281564470345,-0.8376158125350527
-3.4937918379726254,1.001125507251769,0.1766590611260213
-0.8852074356332071,0.008698986753247899,-0.8372760267833469
-1.3955934630174347,0.03643882130347817,-0.7439078210919166
-0.32414420127654453,1.6140578556458975,0.723936147499656
0.939677337997014,0.14192400046202697,-0.9744750463308044
3.1572504852424745,1.2726756846203606,-0.574067633138194
1.0536769569522701,0.16507102309452604,-0.8438376343794937
-1.974607901744893,-0.3882119138192159,-0.23482023890953888
-0.12457589094740276,1.0616304837876955,0.9182358594976403
3.13888414798603,1.389262723648563,0.6362819804271379
1.841892227132286,-0.058389506642030124,-0.32545699166642217
-1.6012042777963773,-0.39168713318656406,-0.2560905431960372
-1.0979489302891792,-0.36924484316495737,-0.2241541652355836
-4.0327195786768915,-0.210807620238519,-0.12454563350076807
0.5027910963360471,-0.3817070300467368,-0.42327373461935197
0.525723261352804,-0.661571630094832,-0.12840673588891638
0.49820511302697484,-0.7482219169353378,-0.05218117592945958
-1.9700295052303698,-0.6178757088633604,0.11090693505520868
2.6574514203433246,2.439897943470698,2.473882846122213
1.1923326780800365,-0.5701249803097698,-0.14085042118622873
-0.9557538242536208,-0.6774387712127687,0.0018991873994141473
-1.6218217389428344,-0.7294438157202147,-0.0044337057859706475
2.5922927342462367,-0.2767678197498325,-0.10793440545813064
-0.6526975819360937,-0.4505815611421168,-0.2667296238423485
-1.920625184390828,-0.48166405851948024,-0.17106169845461563
-0.7424748742992124,-0.4641882197033225,-0.25419445692259773
-3.1421677873230096,-0.43236934540747995,-0.19995884342828074
2.0052836393463984,2.9817561741633956,2.765033548413612
0.39103740687553035,-0.10026399172328064,-0.24041140657494256
-0.2348816878475586,0.24758419415252328,0.22670860536614096
2.5810046305434473,2.3834757004386065,1.9471062450101146
2.2978395670588605,0.37303330753217673,-0.921017955544884
1.2239849844841644,0.2586106132808796,-0.7950519791455902
1.5218176432420194,0.1442847604957439,-0.9062240198720118
-0.3233967597881133,0.05498651112297253,-0.7143792134862037
-1.9062453696451322,1.385084304199143,0.7747644116505374
-0.8232114681729591,-0.08642180535045361,-0.7320943980230106
-2.0203374950277624,0.8018778488853578,0.24949809099444642
-1.074009933799768,-0.1265669495339142,-0.6958229657694674
-0.7467325303917202,0.13700874678590744,-0.11395984200707161
1.1869809438803218,-0.07569885686569733,-0.24827224739059775
-2.323185986872758,0.23929053730870053,0.36836478030777003
2.283715622914129,-0.1977809721688118,-0.5585701260844627
-1.5056203317282029,-0.2880607760263593,-0.34904182998819894
-2.3580312373513634,-0.36662971964311175,-0.22698950138402565
-2.0308551862332083,-0.37344471592532696,-0.24395912696969393
1.7665582700046654,-0.33333980153976955,-0.5321946374196462
-2.079837515486414,0.020264787581902116,-0.7629461894001068
2.2586585728015307,0.9992737272792249,-0.5660670917571373
-0.3307333218735374,-0.008488886165416968,-0.7816472825863132
0.12344093251040425,2.9453285740366972,2.062215614950968
0.6349990379040898,0.35454090247614023,-0.6794286815833992
-2.9525030801404135,0.03853552756227099,-0.716267640604004
1.105297643790691,0.11572058967791686,-0.964457952351772
0.1505204605879217,0.059834176574945365,-0.7711296354762571
1.5316099651225403,0.24137339152097664,-0.7109256081055305
-0.4932377824446574,-0.13618266985715072,-0.73776637285317
0.12806591287956978,-0.09910600817497761,-0.7954004089982343
-1.1708683488477363,-0.025591868906000827,-0.6757661295068652
-1.1001895343505417,-0.0634815911857001,-0.7365056084909812
-0.2646015777042342,-0.10275443099583345,-0.7689707645535105
-2.1004249533096986,0.0006624927744418684,-0.6308992805861738
3.4921242904751306,0.8356995663175179,-0.9549651237144515
2.9232007448245683,3.5125896486573827,2.3069261530874265
-1.1476064073445373,0.0033836682517844182,-0.38823593185660116
1.9684001326116032,0.22672039771875147,-0.5025296620947058
-2.4780400632532396,-0.08776265627415357,-0.40854457848822556
0.6458972262581106,0.5714520425517281,-0.24727212954966116
-0.17763320772676547,-0.15831535641258065,-0.5938467346104899
-1.6612643735788657,-0.12922747102352392,-0.5137715544524483
-2.4557366920691264,-0.17631592868629667,-0.5164964303976093
-0.9870003413177431,0.14066720553601578,-0.857861190794067
-1.9291485342155232,0.21631375515218088,-0.7619506695375226
-0.060998396724999,0.1593547216229227,-0.9573007601072329
-1.952163712530772,0.1620913535267823,-0.8083554427231466
0.5781838754927768,0.11168119198247412,-1.0171233816352743
1.6795640262552984,0.4146949283684369,-1.0737066920584681
-1.9438875373791615,0.15765428463062633,-0.806167620710863
1.631983046408176,0.4049937607156029,-1.0656005796581989
1.4018421501393565,0.8368894941029622,-0.6986009803353908
0.936787018288863,0.5215224735806828,-0.8541490685840029
0.338603334242695,0.22997276700110425,-1.0453049702118298
1.2833814175440104,2.9305275005377296,1.4415636937348753
-2.362209528902994,0.1580598882661579,-0.8865467621197514
-1.9856706725451785,0.14759337933588376,-0.9038686916124585
-1.6349281696038844,0.19164776509193981,-0.8724917221329772
-0.22233574809273562,0.3108757144671591,-0.9761889864609791
3.4088104218220168,-1.1265810777832532,0.5069284225396083
-1.8113687819076885,-1.4521509593139748,0.7871171921514948
2.451425935983081,-1.1869335375484718,0.6280109679450853
1.884120531285677,-1.3828742431741539,0.5663232167257783
-3.2202265489071,-1.346832765373375,0.8936296158666525
2.1100517281183584,-1.5924440089619067,0.6136716865362375
0.15560000364530052,-1.2867109393050302,0.8815813092559748
-1.4700253967668027,0.4158259067795221,2.6067015409444267
-0.007962117837396998,-0.26167687343509516,-0.6026073426473615
-1.0476035836143351,-0.2592820062717596,-0.5381549569064222
-0.4046476464279249,-0.08055538005975625,-0.6246052338335473
2.628950418742736,1.1119381909351755,0.10160579919054702
0.5194842858965693,-0.12087050396504237,-0.5859364910122143
2.033788604765806,-0.01768193797976671,-0.7647791154619206
-3.8571343025079883,-0.11358799325888189,-0.36239540754066607
-1.2295194754917023,-0.1876379230650085,-0.41219478059245296
-1.3038779749497815,1.2380476790871668,2.452388240944626
-0.6066849930332106,-1.0117077164619073,0.33867454357602017
2.749298051121692,-0.6088266553761938,0.42003425365278907
-1.9922877406503996,-1.057313850777612,0.37382648474850705
3.2984503336213864,-0.7041972084642473,0.10223752694343585
-0.2539032236690811,-0.7920041463359668,0.40167668060353356
0.21222591102810434,1.0760926680649352,2.3932315828217403
-2.047119810247089,-1.06599745999472,0.38170168559503725
1.5820019491136752,0.21290451581798242,-0.9740672958284671
-1.6327020411137039,-0.02636596004238054,-0.7420671300010434
-0.9921681430699113,2.1474039056882015,1.3548544407963963
1.6553418564031517,0.2582052709809763,-0.8966158704023998
0.44341650600633065,1.0156732570857434,-0.029034206511898676
-0.4296642772226153,0.11093250723433118,-0.7663562297253343
-0.17326512430173022,1.6934387490052094,0.9314676632227958
0.7421272507949102,0.06857286406618414,-0.8934390705318613
-2.479563145478589,0.10923344123865884,-0.8346831164120033
2.192913269665516,0.5845667007455819,-1.1574578875826782
1.3395604636369343,0.3764035937106113,-1.0430709188506282
0.6597116349923047,2.73978892680411,1.4479853249017858
-1.63212734702661,0.24922837185474492,-0.9131462913195215
0.006188884312330427,0.20140570083861548,-0.886688713974292
0.065173241003393,0.3473871343264503,-0.6621621860677755
0.13080423846425407,0.1657739423265471,-0.9514833789721224
0.5637582574558982,0.7082500171847989,-1.5513975404341793
-2.2607207142665926,0.5914539160248203,-1.3600164257629417
1.1751367174623015,1.1507441321663197,-1.319088733118053
0.23105261382517436,1.4284528368295097,-0.841318601409031
1.3011577448829068,3.7584834530154727,1.193145703344608
0.3336740217505285,0.9556409641954845,-1.1802030227174936
-1.4060917294743647,0.55933598972796,-1.3976480182938495
-2.5934926264223215,1.1113383091448306,-0.8499454075280629
-0.00017492066345257802,0.19461906211434798,0.26138766267290275
-1.34417187816939,-0.40207608545847473,-0.18046976002753395
0.14620167834069964,-0.3726353858662615,-0.39420071533858325
3.057570450136591,0.05400730594789986,-0.5532405578581727
-1.3026749887255045,-0.4965984771149426,-0.28588612622898646
1.9991640694510662,-0.23851862048057013,-0.4583428591298923
-1.806514535431675,0.14275221418528794,0.3259239097261266
1.3269836207014583,-0.4081490775051315,-0.4507587804829987
-1.4383282532749577,-0.2123830958848351,-0.33690149600909824
1.501778589280571,-0.2140812716960638,-0.3700118552243116
2.1147542400667065,-0.16428956276701806,-0.5096951729841772
-1.729137227139122,-0.380055598322883,-0.35418251783357896
2.2589852345206696,2.160278339644464,1.6630829227047579
-2.048488934064056,-0.32016210179145604,-0.28936760590427674
-0.9480016148711942,-0.4313409932579529,-0.3768361141395446
-0.5827047617741592,-0.18874469592948726,-0.4029165736964469
-0.16943620584199265,0.19386960026541805,-0.9931442921085336
-4.312468477466404,3.4540448422389853,2.207906221936514
-0.2809173663670732,0.23592891324481002,-1.0077911754442574
-0.9600697595962462,0.18576003708932948,-1.0145407449326362
-1.1191531094378686,0.15894961322907528,-0.9907427694514432
0.4344583514491166,0.17921281301664035,-1.098928843151046
3.035306605182986,0.8291553287956246,-1.3374549665003048
1.4209882650847143,0.9859788175207574,-0.576408835119372
1.4253846147097105,-0.22791644440211178,-0.6440004653724047
-2.0245832834554482,-0.2694101119252622,-0.4519489041976806
-1.077413681770882,-0.23740831582746624,-0.4525072793661485
2.9077994092309205,0.30379861480550824,-0.6909462074407244
1.2214385813278275,-0.27649596141735394,-0.5767929564554003
-1.255301877240921,-0.1381015855277024,-0.521355313026132
-0.475304575387038,0.42158291415708427,0.05019947288227339
-2.201579234839462,-0.2428059821460851,-0.3792009710127949
0.6763982825556781,0.4715387913107245,-0.3310435032467749
0.44015799133815225,0.10626765152518314,-0.9138231801970501
-2.602097339068679,0.016966533756495743,-0.7231555294911698
-0.9389680885764412,1.4551921895651718,0.6289552826062255
-0.37204751815645526,-0.09129143753318307,-0.8077472050433286
-5.19561301381428,3.1205814977319073,2.1561028334041192
1.244994363712742,0.12221108283882876,-0.8977472370244546
1.7467479430238957,0.4243205518719692,-0.8112689588490458
-1.7739280019661552,0.76451545428547,-0.3181637570333979
-0.9679115300026504,0.19059983606230738,-0.725925015242705
1.0346758088624703,0.10132255640525198,-0.9601614692523501
3.1266236808372665,0.9201157108945031,-1.025025127094832
-3.3142647871993227,0.20355020985181355,-0.7383050046336398
0.5003588330788559,0.5794482393112813,-0.5937171466939158
-0.6844169908820444,0.1818071522334612,-0.8145241573690197
-0.28501739768001594,1.05465716522592,0.07326988597546451
-1.6677930557849852,0.3671041499144505,-0.8388359251486508
2.3398480264316257,1.1335562004384052,-0.9213930108309809
0.22844192730923005,0.3079233022603903,-1.1093029262432326
0.265191883188462,0.6242928601400074,-0.5627049136107323
-0.6913263605795955,0.19794256458936493,-1.040391408939644
1.0627368442949434,0.518504213521742,-0.9663700710442216
-2.0105798456429533,0.42373501691203347,-0.7709187723186598
0.35061669066741774,0.19522471180710785,-1.1047705005006305
1.8230351060831707,0.18485321525509055,-0.850219956502432
-0.38647857334050895,0.10788274219135822,-0.7461187820231329
-0.41789662246042353,-0.030840493349396973,-0.6435265259515657
-0.8336048565303886,0.0689898492199454,-0.592876852155109
-1.0456809153749198,-0.05701763906298038,-0.7419699475508176
0.6548139174611217,0.10198052533717655,-0.8085943242063929
2.3225771260245587,0.3528082768906499,-0.9514386532917782
-2.1484699366344806,-0.06213945406128516,-0.6699071683002221
1.4909779486413126,-1.134487373061442,0.5305390382152736
-2.3458368241191345,-0.9455024839759659,0.9005246899291669
-2.06199280036855,-1.2138434832654823,0.6422702885402016
-1.945414072763909,-1.248347447553454,0.5772196965042369
1.4196801265007288,-0.8464417600021479,0.5553384867621456
0.6953420973088215,1.4293992060749277,3.1240041124391813
3.9820679110706756,-0.7301512390337835,0.19915991480530854
3.617262321803539,-0.8085675801145725,0.29203310230391044
-2.5960412210595267,0.30613410139471037,-0.9321939051164608
-0.4463513605158968,0.23556814922338043,-1.0304414068073495
0.10477993735323683,0.3976997663593878,-1.102497448219076
1.4447945432090066,1.1493756855078232,-0.5882169606454848
-2.369111871221401,1.755198582553578,0.4288909553766486
-0.6452368601230594,0.6005963989317438,-0.9322159792563077
1.622885951058129,0.5365967705304071,-1.2980885635127708
0.537572702287484,1.4679107644020293,-0.08964546085056942
-2.5271312674471784,-1.9614043896664821,2.1115869990426317
4.170904718193293,-2.2095494951785373,1.4884617418244679
0.7486949793286076,-1.8919877587505947,1.9163629917129588
0.6740944975334399,-2.027460466283784,1.7658750178695557
-1.3847075733819674,-0.012743822874829393,3.993248374412141
4.595074808885446,-2.119809930785414,1.3859334226173645
-1.351916779843351,-2.335854726726488,1.7028849789977847
-2.7121105049230922,-2.3144717583256518,1.7768208594074497
1.5871354917693143,0.1426361340367327,-0.8119170523782268
2.3645811141419975,0.28762097753094534,-0.9647718119424262
-2.3698966913776607,0.016787487586160745,-0.6196594767304001
0.4904211719234688,1.7247182614747614,0.6861672768401781
-1.0313943800865142,2.174082263950717,1.4427875414039268
-1.7110219748203632,-0.010579805107493167,-0.6457576387580392
-1.2361392295196638,0.10781878017924859,-0.5099112171108724
-1.8449071044465393,0.019801480857176167,-0.5774096374700727
2.898559535182597,-1.0657849546915257,0.1775391098470004
0.33999788707766415,-1.0641292088655614,0.519727899450734
-1.2291838489296063,-1.067082176595843,0.44017873026563714
-1.9547865804370759,-0.9812628749791934,0.6975120348689756
0.3657959494735387,-1.2171763772356063,0.37006401640483355
-0.9268780590913878,-0.8867608615241954,0.7355753175659939
4.743548613310685,-0.23677492629337007,0.1985895449076187
-1.83213581799438,-1.067519784934568,0.5831344213017724
-0.03986347609790722,-0.6073408623274279,-0.15538618939639345
0.9654736118190365,-0.553717677256735,-0.2749416802164096
0.03810548990162482,-0.642977966262137,-0.21781777943101824
2.794054002071748,-0.16625042190454345,-0.422347806614481
2.1646647356393784,-0.337053908207425,-0.3412382975203628
-2.8950713035011524,-0.5635899077348653,-0.07627347024421385
-1.059693969399464,-0.645524317056642,-0.1475203736955316
1.1333173208787688,-0.5215852935517739,-0.30230921439061453
3.5407621557821027,0.4333895155799485,1.5575581068659878
2.997388439690486,-1.0401501025805546,0.33463408742113393
-2.012290048510134,-0.5265763681401247,1.3536201239533754
-2.9082457770927315,-1.201270831454561,0.6966502591337617
2.444714257777654,-1.0211348047039253,0.3602656812139402
1.0154338497847328,-1.3255026150910834,0.5136553626367749
-2.2577555571560213,-1.1569067162500026,0.7082598789263335
1.980597154330274,-0.8457692614617728,0.6311882731203742
-0.7793788770889102,0.20671479499167755,-0.9214500896248611
0.832228489560657,0.2534553960670033,-1.0764760012686798
-0.3661114835652123,0.05133109279283506,-0.9437623368857495
-1.9531726296977132,0.23952843876973673,-0.7886582102393013
-0.1945298248420798,0.3082188519904498,-0.9640172310503683
1.2716044628425203,0.3327903922446276,-1.0986602800674836
-1.5931044065326028,0.12957159110372685,-0.9055454203777209
2.214323670465522,1.009449775600767,-0.7779877601879992
-1.8551786187577333,-0.7821137123204134,0.1800047595036545
-0.8990060820400255,-0.5477719297581544,0.37781462748170047
1.2433154440293899,-0.8619811257868195,0.02595775106385133
0.8023521371793427,-0.6499504733069305,0.067464348576774
3.4123868674962483,-0.2971318373895405,-0.21573762216726888
1.5504477021103125,-0.7231077774165492,0.16268378676648146
-0.6308956860528814,-0.8811841388875543,0.07916013407462287
0.2672390276953389,-0.7238179935887207,0.06292861285210084
-1.5128179299416908,-0.1376809963692903,0.931160019660886
0.5719802994368993,-0.9084767768358261,0.13563636829996592
-0.5339198425255878,-0.6565416615839591,0.16783122250849403
-3.8765900441737102,-0.7889922437561016,0.3523958488258773
-2.5814899037254535,-0.8833416668790757,0.32019634535837815
3.5101998123673934,-0.5462364023685767,-0.17412443753671522
0.35013176517518707,-0.6291817655099544,0.38431942201326863
2.9879079067250838,-0.7175502484950628,-0.0697816796840634
0.2587288224931498,-0.544508877117375,-0.1277335275633368
3.3198281343676794,-0.1487517034957846,-0.4306280477220431
0.9743692170693313,-0.5010167033971372,-0.1939090028800845
-0.13787452036740824,-0.6759151452755489,-0.0815447950876213
-1.7353490291545686,-0.6948548989642122,-0.04691828548352282
-0.3746853317089155,-0.5814423321076077,-0.14457215821504737
2.2512313433373587,-0.39222240361865757,-0.2846102109426927
-1.5965020401889656,-0.16602318419959267,0.42961596987035544
-1.1028824141452473,-0.8583719601175129,0.0677517604734778
2.5676646793136926,0.548213751583945,0.7664629446876403
0.34692015001345733,-0.8497463386726394,-0.02834598390972942
-0.8882738334894152,-0.17109117515734504,0.6856384752966002
0.1624792044650587,-0.7924068194327208,0.031143839746311967
0.6570029736385287,-0.6419853165391982,-0.03116927393196538
1.8489983403814174,-0.6183447868598965,-0.04362266025138857
-0.8648885434425871,-0.819705582538684,0.03299683136287168
2.9727338523126003,-0.3228176775420139,-0.17669405595306334
0.784766280605047,-0.6841276746932302,-0.09705241095880342
1.911188406355362,-0.6840417183082399,-0.09235131727956994
1.4481929163323566,0.2913177834298437,0.6931837198188655
-2.293247957306889,0.555011318393087,1.3800065299502922
-1.586436374362749,-0.7762997728846701,0.05251075359681679
-0.5491403658102593,2.001527088622603,2.7231505048510334
0.5825385139377208,1.368948492376675,1.9634045184402458
-1.0770694100906444,0.2519872239335588,-0.6701944461413987
0.2067293979862224,1.0869853250896435,0.10682903188465111
2.874743873493556,0.7719325659206022,-1.152229585604293
-2.05404105650592,0.11581459322955,-0.7657773584654141
-0.08579982237276408,0.08729963891341305,-0.8751270636520944
-2.358349276522766,1.0930878988514396,0.1889592957273467
-1.6866710730750551,0.05573392256643035,-0.8329116574596592
1.3606142701273762,0.285741973709789,-1.0510006186801732
2.77307825718336,0.37009710222942327,-0.659314995892556
0.389332819642169,-0.13105389568820966,-0.6464633546408579
-0.11629870682512193,-0.2864679438423639,-0.5806554353557429
1.5483844557589461,-0.17006945123270592,-0.6998648901297019
-0.3336127859968515,0.012147900794629709,-0.44690464602655666
-1.219577349602716,-0.05313848715198305,-0.5093117095660387
-2.0385445370590727,1.4349742652925401,1.1527861355647149
-1.1329557469269487,0.23153691401379034,-0.02604004842570175
2.2444246382418584,-0.545693950802998,-0.10964898664110309
-0.11285773140659337,-0.5611105309917799,0.3029663912141557
2.411563968631299,-0.4326376332715509,-0.1618008122157091
-1.4381821948389357,-0.6726743756561471,0.1399703877359119
1.7916895226113128,-0.4010098599833456,-0.032405041932985525
0.1919967507118764,-0.886576470114338,-0.0022150498422742718
-0.46773059103139236,-0.707943264362267,0.09833010998603164
-1.949441590030834,-0.7909632014303941,0.08090108994820738
0.9579664396372013,1.1894630631801608,1.1236519912714649
-2.2717021384032656,-0.18536707097433525,0.09343300033831091
-0.5786042808823638,-0.5230496027127898,-0.2924881438056901
2.076085654665955,-0.24579924379407952,-0.4346247791109631
-0.5933832271956154,0.5777262586170151,0.6261198610122792
-0.17109773704777584,-0.4181256028821997,-0.14531745717250155
-2.3136910610154047,0.11937906984497293,0.39306670857936066
2.399523421073854,-0.14201724820223383,-0.432532486533209
-1.657987839359262,0.7573282352381254,-1.2492283182058395
-2.232325352531624,0.6347886413995373,-1.30260927776988
-0.9152471515082645,0.6063535183086269,-1.370221109498712
0.24644306878256664,2.0713200840385975,-0.18238389782979475
0.23196352037004195,2.8303134001220323,0.563809322564308
-0.3248835164326107,0.718630061817017,-1.4943967129238285
0.5785101570198898,1.0999783017892493,-1.1420093681515935
1.7422650762763967,3.86212848025587,1.0908910378474845
-1.1332817595735925,0.22360251417046698,-0.9576171330548622
2.0369093160259606,0.756846699825872,-1.2163049000060067
0.40060178911825645,0.7425399949600876,-0.5635305178000315
-1.1356501488475585,0.5769651389620097,-0.6091255861929322
-2.326058134345627,0.8748852178955858,-0.30912066632937507
1.7463299362736133,0.7091814491572038,-1.1736032281421511
-0.17461895434175392,0.15546541453178894,-1.0587745447005967
-1.9258125133248023,0.4160869145799636,-0.779068191906427
0.0798599409655318,0.13327889420421815,-0.5137271679549034
-2.4685055805894827,-0.06984296165654331,-0.627221949777508
-1.2281171404201838,2.132467206099186,1.4931666091610634
-2.163172896150472,0.02493339476207832,-0.5439221406882285
3.1932831714642043,0.7828424224446927,-0.679030472726508
-0.8435002904359155,0.08009483540529969,-0.6847046979991881
0.7504950433139159,3.0142769017424227,1.9919918674234198
1.8054410145726143,0.06373335628666038,-0.8444729998742928
-0.7783947626149567,0.49116800264515226,-1.237309836080813
1.0052404910493482,0.9896697001363421,-0.9232755736559229
-2.113674541815302,0.3741932649929322,-1.1388476103700194
0.12940894606478617,0.6584670148086699,-1.0770907977190476
0.7685673568426217,1.2053222118505171,-0.6408766556639462
-1.6749825145462485,0.5339124955244459,-1.021023241267483
-0.21224040770682573,2.565209774836333,0.9458905888504743
1.0186213052625512,0.6595507776427307,-1.3143303517138933
-1.805497250314674,-0.9607661533331394,0.2611707396003804
-0.15964754755027172,-0.6003231304436323,0.39666052777259553
1.8088212269541055,-0.8949206043369424,0.1215002130562443
-2.0293262042948594,-0.9850420271599261,0.2867554190124007
0.7074692007247246,-0.9726583588129073,0.18507802380043778
2.6744178208395257,-0.36513604561745755,0.3690911402502478
3.270544881832213,2.015356344265128,2.5145060991166193
-1.9114234126688112,1.6172852235122828,2.802579862641689
-1.589013491528987,-1.419701903412015,0.931073008246931
-0.1950971029372533,-0.9989993528601189,1.1277518530634318
-0.48826487669532,1.0158442258425857,3.2436208454158892
3.6765068247605193,0.5940551166955182,2.2027925267053123
2.81190811883572,-1.358120721702553,0.6702693685729508
0.6671260377047619,-1.4015915370819594,0.7514164612850948
1.9489017274340459,-1.4348995705767738,0.6884532177467236
-0.9689599419490178,-1.482695223047387,0.848445397370388
-1.8088522634100086,-0.8618106832506905,0.6021978972373621
3.643871459366798,-0.7712710989909224,0.15455539802381654
-0.2176712219523417,-1.2018259607869333,0.480579260274613
2.723867476014326,1.0724107183616893,2.3516152017768857
0.9447391510663283,-1.0800364049008753,0.3924549688659046
-2.7887160030835676,-1.129163290254548,0.5283315780657449
1.1787702134128506,-1.2628181896042932,0.3486559725730144
-1.871208346911725,-0.3360376050453424,1.273482938598048
-2.0711835863867383,-0.27170553419428495,-0.45345200252130435
0.984738398131387,-0.1908735992932772,-0.6398359044368941
0.06288780632452128,-0.22673166868995775,-0.5349401779934231
-1.9437062279024218,1.270187306905496,1.0169764387390665
2.155299189947018,0.02325659884663895,-0.7031957239772091
0.5551177191204738,-0.14171112713780268,-0.5631383848261007
2.032646056805042,2.48875097572472,1.7463370214424379
-0.6170211799541163,0.10929568876646002,-0.3159206034336687
-2.0515194384726496,2.4009825252073855,0.9594750212689928
-0.7582373544205285,1.9442876171060743,0.3264967288310609
-1.8857738547581997,2.8751386657816758,1.3873454786172175
2.485459367172883,7.598071895622392,5.181012604509378
0.6559461795347112,0.29602484995817263,-1.232613927398297
-0.8941492572392994,0.32289342793427117,-1.0728712331069064
-0.11864154851778863,0.5629342796701251,-0.8692690523682669
0.06551746406778124,0.4403777803972836,-1.1482092476091958
-0.59665397153338,-0.6332115022444403,0.46747027834795213
-3.8599934502751836,0.6452468425680669,1.9352278311829412
0.8733969180447261,-0.9509301159635576,0.16052763506776146
2.8651013724481746,-0.824946610053151,0.014722293740441688
3.461304974285251,-0.557511402803679,0.03736955596256207
-1.9937827567813868,-1.0123893804459672,0.32598232006447664
-4.888229533056758,-0.5033515436586241,0.6191220120543334
1.319178366241413,-0.8401341555393593,0.3306641801624369
2.0485297302151526,-0.14358423306613716,-0.4366993242138932
1.486144460638495,-0.4059382524047393,-0.4640424384307472
-1.1815762885005363,1.0281520848814953,1.1910025029276574
2.404580356512768,2.4497626014083744,1.9929304407874822
-0.5763782686301673,-0.46281215717910107,-0.35083173276689655
-1.6224447033659206,-0.45951566259297566,-0.2865839506946809
-0.813982548221967,-0.45718367742766275,-0.2626954780534408
0.6526706914061838,-0.376789075467778,-0.42573715630788284
0.041711120670907806,0.8889709524137305,-1.7288375087127132
1.3450950944053546,1.9317950638558146,-1.1649823355638655
-0.3053240573379273,1.0696762397737731,-1.7531028134297022
-2.0337852052940577,0.8240906805835279,-1.6102671487233586
-1.1723523949898573,0.838643148980463,-1.5962374203545733
-1.9601495513758145,3.6329577442278147,1.1041534147022347
-0.1254139901900754,0.794150418307259,-1.7157506200385197
-1.848263297388772,0.7880193886003243,-1.6028837642989446
1.8867851704084768,-0.29059747200833197,-0.4935354469703427
-1.5099741337070667,-0.46131685078716056,-0.28375356119564626
0.29468712399662694,-0.3909766971227154,-0.3874086453910953
2.333753228714948,0.2899891534217889,-0.06299277998026048
-2.471869596703583,1.336183279047288,1.5770053043994978
-0.021639813557562206,-0.5074430301908619,-0.3540576363704852
0.70601189684171,-0.11432554415141599,0.004727632834302858
-1.546424260454029,-0.31987749265923276,-0.126731827905397
-2.1826097524077603,0.29343498076805674,-1.0443778920602345
-1.6069974086656063,2.517692486881677,1.0022383667250871
1.7470006549972559,2.520359758550593,0.5334249610162398
-1.0150704814129945,0.30584856896770346,-1.1240000268892492
1.5751736760002846,0.6152820228693536,-1.277361433352729
0.5003567466051576,0.38095490535110926,-1.2114014852124766
0.2292458261816791,0.5522586699297773,-1.055630902118579
0.16830545797541954,0.6673506508962177,-0.7785395985272352
-0.3036228822019513,1.0862416983850653,-1.7717335591049919
0.6530502678293002,1.1104520443368846,-1.8759692009272362
0.006046811652916606,3.2016212632133496,0.3762281426300184
-3.0377376186728515,0.9353447013010576,-1.6443135726212517
1.2962286481593694,3.8537501945569956,0.6098897468706085
-1.4402310137936678,1.218914367873596,-1.5406409950994695
-1.6851473289069177,0.9561026075845696,-1.6631983994876844
-1.6442432589986542,0.9634650996034254,-1.6695928721090565
-1.088840432906557,-0.13426759104603228,-0.5692924393863403
-0.35777526811775745,-0.140728297664451,-0.5363230811403504
-1.982552855620299,-0.09011369900217904,-0.536753995231629
0.8020334133693907,1.0357787341874114,0.24117949891451967
1.855523768502368,0.5878516174117993,-0.2486926172180489
1.6011317188868806,-0.06259938615919369,-0.8067802547481113
0.9932915972550462,0.17133970111638874,-0.6902792127779576
-0.2645294137486219,-0.12760838863344826,-0.5487477914156917
-0.5684031416959477,-0.21736318829372928,0.007004942832440185
2.0208829195112803,-0.2693994581448544,-0.31156306957295304
-0.6803043290979733,2.1692130243190157,2.526284896411276
0.47796972744259164,-0.6067927449211117,-0.28302631862730226
-0.10766083369545702,-0.38454427575949146,0.01757286176225252
3.2104311786589803,0.011367926554128915,-0.5139615183722365
0.30297471907445167,-0.5295685649427181,-0.16069427926267216
-1.8524599135210222,0.4005666287180435,0.7830653744663952
0.19316641774501875,0.5652642585121835,-1.284168880669453
-0.6759867077300038,0.41693370847344974,-1.2747115044836035
-0.8123209188153614,0.39348217392420604,-1.2540376138522304
1.1976924687119268,0.7323493079127416,-1.3864935014076367
0.2771597690884203,1.0377902030029151,-0.8512047638172545
-1.2035047566795651,0.39290120584155436,-1.2294849888927493
-0.23776560242342168,1.1381846074158746,-0.538090877879214
0.884627887270511,0.9866932059092705,-1.0435370236942911
2.6701529374326727,0.578795228008504,0.44227318626119433
-1.6657022727414899,-0.5414372801982966,-0.08839811000511437
-0.7178843628809247,-0.41901450437721727,-0.1660377174184481
-1.6432953791690608,-0.3820521662507239,0.05510379774078524
1.6890713241308244,-0.4946924180667408,-0.35371961676279823
-2.5633127600089067,-0.5969817822741054,-0.08093756377571541
2.3154703611346585,-0.3924678282119975,-0.39881212853981174
0.19784488130725572,-0.33351267964618303,0.06576278836355016
2.0350304206286887,0.8649574994589363,-0.9377973923266115
0.5855536651142282,0.25146748524768614,-1.0783246481075202
-1.2622104652215747,1.5683534083495287,0.25362864473088825
0.5599250885963604,0.3470387064641264,-0.9743272206954436
1.1370614061750015,0.3295856342353501,-1.0771153570401912
-0.7206828557839275,1.0088340726820113,-0.14478804182416494
-0.5974770241638698,2.039042225194049,0.832224779001869
-2.12019752031504,0.15404234304740055,-0.9043295690656368
2.8056426290948795,0.8305443006293574,-0.910699261167028
1.2118949878957963,0.16165672458003782,-0.9080316397785501
-1.0300998692857675,0.24164372063272122,-0.5528726078365913
0.2112634074608968,-0.06015134736806383,-0.8531791187583152
-2.3902847693718057,0.00852121999098169,-0.7265383763125216
-1.705877605986242,-0.009326453234554138,-0.759520521571866
0.643113339676354,0.13031218332973257,-0.8564221008086274
-1.616347523953672,0.0010392384093513391,-0.770139294396071
-2.013881300071168,-0.8162862482525327,0.12031509033344148
-2.4795566636458553,-0.7718911326763448,0.20163724511461378
-0.06685981530857517,1.6671866668381041,2.507475871471773
0.7441381697361288,-0.7360229833476067,-0.04624270127563359
2.5582316188151983,-0.5027575698413131,-0.08282033295105092
-0.6307295182566258,-0.6485773117312332,0.06904920543715579
2.71261326249342,-0.3585235343820331,-0.04486838588066935
1.3562990973536524,1.666448606159867,2.4182267239155624
-0.18275401977629085,0.36638428140235874,-1.0338916750651397
2.2215472105254994,0.8337069634444443,-1.2106857658593122
0.015417893577917974,0.1689807251023247,-1.0672870097541782
0.2577991650459818,1.688291093758899,0.30282064819541465
0.7150407411376926,0.28058363655027,-1.1215933023923446
-1.1569659926797669,0.35429905817472807,-0.7858890751069266
-1.5192495737688518,0.62226437040268,-0.5984467965627687
-0.5975326169065983,0.18335207477941975,-1.0358778545218916
2.3713548492364684,-0.26373948611649384,-0.42646932573467566
1.3935380577462262,-0.3143701157823467,-0.4134170471613099
-2.3674230339689992,-0.5158718638573188,-0.16712653425737353
3.44873205374702,2.66969257057717,2.05622144067206
-2.01151955700554,0.029915417611088162,0.36346717976186976
-1.7425129103664356,0.4598901278656125,0.8076470172857991
-1.1346149307029172,-0.5554108216238672,-0.22395208852702847
-1.5645195401799201,1.4577142677507835,1.7214900336003043
-2.3062894615116076,1.9814281434083962,1.218940753407418
0.6596218355529964,-0.07458397200931753,-0.86055324227698
-0.7502959088288315,1.2099197183876869,0.4594301548552395
-1.7041759589784031,0.5811520916334397,-0.1421668626833432
2.425068898855388,1.0956889858264098,-0.4799989951500132
-1.7193666423808462,0.013547544979531175,-0.6816020574878059
1.01133700461443,0.10419540508762781,-0.8528782567951128
-0.6642554748382338,0.3554607345107845,-0.3931463078219888
2.4659129822682626,0.4634178762752008,-0.9154906981153064
-1.285148980294718,-0.1075819385711779,-0.6758168501760923
-1.66310295084219,1.8751135211261991,1.2804521343663782
-2.7318932486283884,0.5203786844125853,-0.0007712145371978794
-0.9354376431176803,0.07475429823630332,-0.6701299434155772
0.8979723826516476,-0.03159961420758801,-0.8063540141793616
-1.2406721751814427,-0.04654431038481674,-0.6345014292942536
-0.08657884282347317,0.375359667325928,-0.5297481695879954
-2.756970596242866,-1.0778601867340813,0.4476612380075161
1.4976161619010793,-0.9100169611087299,0.18732859214673897
-0.5240200434010531,-0.9448670023313682,0.360534208551854
-0.1222565360500123,-1.126701097577965,0.3826938083923166
-0.02082285831271495,-1.1590797298421633,0.31716092098874404
0.17132935264906154,-1.0860090724777416,0.3439364121129232
3.1429815178696465,-0.7023486116240467,0.12767458062203163
2.5391547820541964,-0.9028510841901575,0.11716382185706337
0.21847730785717812,0.06202591199389436,-0.973589499033813
2.008476190646722,0.6966121877981025,-0.9704563260068793
-1.7773615478200664,0.13221190263855592,-0.8079011902916768
-1.073601668689106,0.29383189193484327,-0.7090242875250288
1.0487525791263579,0.20115335179537838,-1.0506748858220065
0.5575738061954879,0.28364996075938737,-0.9110231705957741
-1.5860514871342153,1.2775941674334776,0.2568513216148556
1.4211556025635281,0.48210691579874526,-0.9452245884655086
3.4112289375512903,-1.3875572308505246,0.6746454862888182
1.4246524785672725,-1.6705417655264465,0.7775083029411889
0.45636165867381684,-1.5269198832739832,0.8108785646350294
-2.208147701464415,0.17432665819300636,2.705930636744437
-1.4784520961330816,-1.6215790625030964,0.9354043966556926
-2.2231748012108246,-0.5329007492718119,2.0102424272080985
-0.4215665729870942,-1.3831793228371714,0.9429604296286457
4.770848755373517,-0.5216121099999445,0.9935232282490157
-1.1343192842503786,1.0412048041627162,-1.921183733656633
-0.3414217978799558,1.6157139132793987,-1.6167661969350229
-2.219532107043885,1.4982754215762124,-1.406726298115063
1.2649144306078846,1.9901357392631458,-1.7124928094321756
0.5090069084266513,4.503934534411891,0.9789667806731221
-1.6490164233845666,1.0679933490274829,-1.9020398239066099
-1.1716108102562026,1.0907875202719977,-1.869002366349784
-2.1150541020466966,2.72816375132212,-0.22837978948660392
-2.891366899540968,0.24305880657484208,0.31450569291744834
3.0339883219600625,0.18668203962481952,-0.5712049383308463
-1.0550286010861194,-0.37599015524674867,-0.31490472006759473
1.1185182810689522,-0.4335257141363693,-0.42201382557400796
1.950115539576242,-0.15972230385329364,-0.5227900721998768
0.17964198633193287,1.9488812628220906,1.789265860861678
-0.9561586701885426,-0.3719301823933193,-0.24729052334239326
-1.9212468879881421,-0.281518060106477,-0.23389460342575688
-0.06041034509993085,0.28319672063876405,-0.9770779221278278
-0.564657540030914,0.3166263985886152,-0.8873627578663982
-0.8763463150790146,0.26881091577379035,-0.9935073329056042
0.43380906970644195,0.37948442961709833,-1.086996847450787
2.0062783826314243,1.7718208463436973,-0.06889147603575153
-2.2979618083679494,0.4762114285207751,-0.7080517576259978
2.2761713464917257,0.6992947857794487,-1.1997761336386081
-1.158573665359133,0.2265249265957649,-0.9543882230293432
0.2153927944333258,-0.4972181738014659,-0.3801674738720591
0.6190489688799102,-0.3208958370721687,-0.29867568106941855
3.2551410003251395,0.2891815741192954,-0.38386167572238844
2.161589077362901,-0.2627435210723204,-0.5319123200305369
-0.16683731891612305,-0.4448791296019577,-0.3077335973590494
-2.4596146444510025,-0.447717861864467,-0.2385476489504953
-1.7594826382154864,-0.457945255343669,-0.276801834873674
-0.788442278443737,-0.19263010599231803,-0.20129223043693845
-2.710030938094271,1.021851488163643,-1.0272846701815515
0.5559597232718029,0.7643136789843297,-1.5064743427422507
1.3678443294369236,1.060443834842319,-1.5115954985927815
-0.8352163217250907,1.5008433983829932,-0.556399977350014
0.8340080682668971,0.7530096109630535,-1.593322652842642
0.06703376377769475,0.8432184882097933,-1.3648266199565056
-4.40692805222336,0.6852535432529433,-1.277552465350409
-1.1409314667552202,0.7575123472917236,-1.291174049831954
1.653675559357145,0.022537066385486464,-0.288301994430166
0.12349852264180516,-0.43472997548437187,-0.45660753988068037
3.156751295313208,0.27073675751970816,-0.6746260257893623
-3.356992754693514,-0.256696983513108,-0.2570589696522576
-0.14864269989517484,1.7218513720385515,1.6304252865194195
-1.159082046878406,1.0239146996818556,0.9929008797362779
-1.7525589135145043,-0.3387695673483266,-0.31212024678848277
0.7713242616599989,-0.25341107891509607,-0.5448270040940693
1.1977182507328106,0.6401107245373225,-0.8043178827029595
-1.883310209318959,2.590471655275138,1.5497701895792413
1.0434588625373638,0.5976612249929227,-0.7432251645700644
-3.020778235107059,0.17162478466135464,-0.845731054619924
1.487151250581901,0.35284115194585364,-1.1311573539587458
-0.7692018650491097,0.6252503024972568,-0.4628485108997826
1.6366019214281473,2.3889724378205144,0.8703915457549847
0.032691437501572475,1.1375125677647129,0.05603463592297709
2.327964372660868,0.11714481756493375,-0.6848173456146532
-0.20033230060009202,-0.30963805817505075,-0.5211443899879733
-1.3590557093646478,2.3202795478728993,2.1357428243828567
-1.4985959793238486,-0.34629041469502736,-0.42066971987499835
1.0094296032708001,-0.03842171420447356,-0.568952317548378
1.2018457312031083,-0.2546715011276631,-0.5909853465269697
-2.2191924557338614,-0.27573904249909487,-0.3373953737741087
0.6283550665328091,-0.28207955926310724,-0.5414500331050094
0.9951782661989619,2.0892907540079406,0.3646225862352439
-0.9977092520296773,1.1044069910368925,-0.231773776674928
0.24404517226517247,0.3397109999910591,-1.157742488021165
-1.9194786934862798,1.9472577625154794,0.6037429643061419
0.47979223343927824,0.3786926763826474,-1.1925689669673287
1.465754298725899,0.9490382954159107,-0.8954731384400982
-0.1772879292497736,0.20194812807957765,-1.1065684771713549
-0.941589393790386,1.618642685407184,0.25752015858004496
1.818837009963383,-0.6722241542564706,0.2269702162326667
-2.2650839384464034,-0.9427957861207137,0.2723986502755682
-2.007185498667318,-0.8675681641267654,0.36958204414631024
1.747957487567339,-0.9003568547057679,0.12188544808547615
0.9981535015352895,-0.8945421540643977,0.09024361705371342
3.202088206675323,-0.018193692741388476,0.42645449876518526
1.2243421007878792,-0.19578378034650473,0.7008020324123098
-2.9445011774881396,-0.9354753330918617,0.31131249967599794
-1.418505046050863,-0.962677499347611,0.5468344650775979
1.4505980603630346,-0.8223594463911486,0.2360249456030889
-0.21713191334086604,-0.9712966529863617,0.37008266402649914
-1.5058265738849612,-1.1227800013478118,0.40703814501325386
2.9803809112383597,-0.3061221657053223,0.6319052403252604
-0.982468328578642,-1.052257940923405,0.4891350874030498
-2.188570902886074,-1.092063043108897,0.4323761772553141
2.5151612554660847,-1.0074626412225116,0.1427302339861323
-1.7213101724151931,0.006778462403786173,-0.7796434306166108
-1.9654373097312727,0.08232082719355717,-0.7278271182686841
-1.635922433136985,0.058799327402677445,-0.7351009311183186
-0.8209841377787954,-0.02847655450874669,-0.8177440633387901
0.7698273414903954,1.1248793170730427,-0.13228912143996022
-2.504123502948392,0.03188433286950349,-0.745946504843829
2.788487733554259,0.6348767255929452,-1.0956659717241366
0.6617762299984441,0.33510562046379855,-0.5680738283790637
3.464886383348034,1.729245026851736,3.5731745437387055
-1.366105910225162,-1.5920622586361468,0.9031957899694796
-0.8319819093678674,-1.4623231547232067,1.029383155133256
-1.4295748386494254,-1.5042834664832214,1.0136852543564892
4.596607422216989,-1.0098116077753687,0.49014573206448553
-1.8212659708801655,-1.5934923037369946,0.9314838864015421
-0.6085745547242408,0.28436995165289364,2.767337981117152
1.2901713369995533,-1.4728257460420908,0.7983125270698187
-1.9477056992378408,0.28627408540224997,-1.0439763411045984
-0.6661614748775633,0.3944113379540075,-1.134528447365604
0.17510439612993794,1.0377292500171373,-0.7141357112291924
1.4699693244644576,0.7563508489931206,-1.1041438646157558
-0.008330996197877623,0.7577158508762362,-0.6513443774126766
0.9850985693052545,0.6260881585853482,-1.0825130061580344
-1.597638654897166,0.3271476010891824,-1.0106966151312067
-1.6826009497209724,0.3194165620565251,-1.001856647273954
-1.8617626291232612,-0.8850305135300904,0.8104403251516448
-2.870069322497556,-1.02008149925411,0.7157838121904945
0.7499798878333018,-1.1358074467174606,0.4725728126739669
3.934966345525607,2.247364135045691,3.0615848292061965
-1.5408177003258592,-1.1487509742380169,0.5475946055702497
0.7641279021611666,-1.1246902294086276,0.46532629124622515
-2.1395881806016255,-1.175887128874667,0.5982491476991308
4.130376049636998,-0.645280529513789,0.11615029353773326
-3.4205680454113323,0.008756231329213724,-0.33016862728393054
-1.666513825692335,0.012274189993343737,-0.36365737608069193
1.9153917102503062,0.3752273719389329,-0.45746743739481555
0.15647753866726924,-0.08934199461336825,-0.502137496509128
0.8923317909910959,0.03355479072420472,-0.5649113297062575
-0.7236672678911183,-0.06019470403627461,-0.4614699243780361
0.5692540467840472,0.09724682713991054,-0.5021393402718615
2.33825654627541,0.5127752927980986,-0.5085926700322644
-1.6447093641857038,4.100550991063418,2.7529435599808045
0.6725610558632914,0.2609691835484579,-1.09633013732241
1.4894354721974579,0.581188206041905,-1.1442063150352382
-2.0943546801399084,0.293886226258872,-0.9403187409750693
-0.9100964428513127,0.19060556185905883,-1.0366651565581861
0.9520121617991518,0.5618213849094331,-1.1012194998447495
1.533972369693835,0.49279052137366675,-1.2533744049864326
-1.4134401120797098,0.22718410481237683,-0.948845485974912
-2.206188955979393,-0.03408528610166573,-0.6899205878205507
-1.836312000108139,0.010559585926931651,-0.6598585466314599
2.545099883005417,0.5564756612339516,-0.8505276563304704
0.0826731305721181,1.1334710227303582,0.38358619334309446
-3.0317813842772514,0.01361183843933237,-0.6629099229167599
1.69479554009196,0.12931925291730695,-0.8969840297791187
1.617131426422631,0.21909008088714843,-0.7869466122421358
-2.078166765438477,0.627851320985912,-0.2355397411709916
-1.9224154733097987,-0.19814231788988482,-0.22210363479240938
-0.5633175782844864,-0.3146218819658556,-0.39896371702623534
-2.0667568432902788,-0.369897073446186,-0.3521701572792978
-0.9543331869077094,-0.06399788573095998,-0.12487953834538801
2.83187529464228,3.3687323229446164,2.5501844229536172
0.6847635682823949,-0.27234349210458175,-0.5285562445812251
-1.5604113113482418,-0.2919925473881285,-0.34855052744449055
2.301083096265001,0.3220522047851352,-0.21131943556855448
1.7905573930817964,-0.3185030088523996,-0.561719907396987
-2.5750779416109117,0.626429628744648,0.694463679379808
0.9442428615816507,-0.24647799374190596,-0.46853035484158995
-0.7823053441921098,-0.40837135834135696,-0.3988871169474185
3.384610404132186,3.241862967953284,2.2640569963978057
-0.9509662107067087,-0.4403890688743903,-0.3715456052200553
-0.7734621391356548,-0.3587114950518747,-0.3490851183661942
-0.8423666291565546,-0.2814596550598822,-0.4149113995282344
-0.8620638872532799,-0.3850831596631779,-0.43959081615706974
0.9211932390555718,0.07279445798550203,-0.39222128710399684
-0.7431085546315837,-0.2606667820553392,-0.35985310011644456
-2.4050628264666742,0.17772266505329806,0.12417631953188586
-1.5886291378870068,-0.3218017711764481,-0.42674502133837955
0.2797149289349954,-0.2374687316803556,-0.5418419869051185
2.8764880971960105,0.4764892930736776,-0.3772167725267618
1.9973282495849602,0.09445610047217637,-0.36929886634217857
-1.7953722189193213,0.6064487982376099,-1.3961223410420707
-0.45787282865766,0.8692632754828589,-1.3421041920457975
2.462784022873849,1.268653910848828,-1.743380846651142
-2.189971800808926,0.7048732015027419,-1.2707134522377301
-0.44559742398295876,0.714838107548962,-1.4902744387180147
0.7954163536400293,0.739870495098719,-1.5810266374999942
-1.2120112335591644,0.7423810213119776,-1.2760640861441215
-2.169166373851144,1.0713620950128524,-0.9311052659232362
-0.6329779604174043,-0.7377715635031361,0.24084195126597918
-1.254178794180289,-0.7796945940524422,0.22631652134437913
2.6257049409485314,-0.3237423278312042,-0.036133016841861605
0.17070631270836628,-0.9481994492329243,0.07226952751096255
1.070386113654164,-0.605381311966646,0.18970307806723588
-0.29913958140873814,-0.857150163618809,0.13081651568357816
0.7836176286892012,-0.17737606264496514,0.5925769746395225
1.8496064762873008,1.5605663077654766,2.101428615475261
-2.3340068534238476,-0.865272598279667,0.501578815785097
3.613677040308818,-0.588340509919252,-0.02952983167482202
-0.16416367206661187,0.04810332453449502,1.3333148327803224
0.39916544843926977,-0.9145710737617939,0.17412300692960136
-1.6254587132772123,-1.022832264528388,0.31118295133453994
3.0101419726533987,-0.5526174610631666,0.24663601739765162
-0.6965869298047526,-0.9980896779274734,0.3158146802163589
-0.23167812130605847,-0.8976887589717826,0.20496235620750652
-1.1796379389141405,1.4365393397322657,1.5904061921203436
-1.7056768843619523,-0.42168746431187504,-0.2211410937572747
0.9046247003137522,-0.2713501131352577,-0.41696959590194205
-2.5140652797770766,-0.46682305392913015,-0.2243091283248849
3.6331354345038505,2.296162514885988,1.4079624439315923
0.2959841275848773,-0.48941483020640114,-0.38856826197971195
1.6619354507455626,-0.41298622219806225,-0.46918419370137215
0.0037444962788589324,-0.30673523199957275,-0.2667631145695964
2.7116858388949594,-1.3520511567068756,0.9115294350707717
-2.7306970945021414,-1.7530258288315337,1.1678342535138992
2.4345356669196456,-1.8883331560951933,0.9152712659197791
-1.3878410808770683,-1.6832767063737384,1.2000840903300456
-2.773913883491181,-1.7026116099356774,1.219826930330212
-0.07783284418906017,-1.5725825429738767,1.1065898898415105
0.8192703262557184,-1.7914282403638147,0.9665879226297001
4.2310497271545096,-1.338365184492343,0.733938535940251
-0.6615127827665329,0.4342996553449301,-0.9768874853643864
1.4133533660476791,0.8263499819878208,-0.9894435367370975
1.0821117243319005,2.6087138074282645,0.7644586622649608
-0.5517956727449645,0.3564090648147749,-1.0955255052223367
-1.8018140099757334,0.7300200970972054,-0.6031241699307821
-1.6987859643683128,0.43963783532695133,-0.9142839479467065
1.1484907853421351,0.4103591201846294,-1.259273023027353
-1.2297289344025206,0.2567245353482796,-1.077669629117871
1.2540799815303885,1.306927645428601,-0.8562262018481912
-0.9558322550323404,0.4938652257523555,-1.2248911269059433
-1.2466157996576284,0.4462286259066552,-1.182195956689379
-1.5969282031780532,0.5565358045498242,-1.1410093464258313
0.37635304585744694,0.5981715835522523,-1.3157548304188735
-1.040687708419231,0.4828435350825681,-1.2141234901452809
-1.00735573604069,0.43381647023872444,-1.2664309497653914
1.444077166440179,0.7975553220255642,-1.4686021588204325
0.6387040907538724,-0.18193010831883524,-0.33077320927649095
-3.02108565924727,-0.2544037089467257,-0.2926820940593836
2.74960024259722,1.9425007718453495,1.079735984181665
-0.769993002995527,-0.319545747074906,-0.39924601449496994
2.267486642014035,1.1025149776520826,0.40624497415515354
-3.0356657132703924,-0.25890898057673417,-0.2892978640295278
-0.11257402404130308,1.0439923837573097,0.9020385543063816
0.34200652191728165,-0.08232893739892173,-0.39378340462823275
3.23619615932634,-0.07877239214515465,-0.5174190034974018
-0.3191685061057157,0.07649788578288678,0.21484133074743078
-2.1181050897689815,-0.5529986532825999,-0.1519585199276282
2.5360814191653986,-0.2443426756408295,-0.46415727699238
1.5632616840907068,-0.47518877908381374,-0.3770507618463065
-1.6943904627296764,-0.40100459246150527,-0.028838307789100594
-1.3584565287683728,-0.6078200485306614,-0.17144784010313982
-1.5341211577003697,0.1313722070233885,0.444529609936402
-1.6028941035480002,-0.4763598893929217,-0.26615735677594937
-1.5090012961957109,-0.4091542639252719,-0.23096534532530041
0.7139082730629767,1.6002150802284911,1.7015303994738535
-0.03824755728179149,-0.4822942542972063,-0.2845108768049171
-2.3896843721043433,0.7447191117829035,0.971296318915653
1.9245767802001774,-0.1927008834041296,-0.39005434826309415
0.4418955070391489,-0.326579022900786,-0.34920621174948935
3.135649437848051,0.0915972606036439,-0.5956158838671075
-0.9807118731549234,-0.05423608665390194,-0.5634768789213168
-1.7691507707049996,0.09004890849606707,-0.4362422847858469
1.2910019170826466,1.2604151358528979,0.47997805510789887
-2.078456592471591,0.032165563031200405,-0.6443666158895334
1.384072364968108,-0.10106639654348702,-0.7659715972519213
3.072964432702102,0.43124777851541224,-0.9314888932077992
0.060724695970960064,-0.030374385587724713,-0.746797296987489
-3.087398933926634,0.8723339311680126,0.3799108787416177
2.317548463634769,-1.175790465159985,0.5419736877991872
-0.6033235967877222,-1.4812001765962075,0.7141190618679212
-3.2514167853690776,-0.32725112047500365,1.8734328806285447
-0.8572468454986315,-1.2072310381973579,0.9675534932295935
-1.429013911503303,-1.392415444515213,0.7964197951412832
1.1880505463370343,-1.1724257553514221,0.793177102740678
3.3169028074392566,-1.1823587433664706,0.48201115490874186
3.906449174420674,-0.8154632805445566,0.6054114554317143
-1.778023063016397,-0.12409139443512503,-0.537008776918227
2.08269311715796,0.09767781500625658,-0.87967389650436
-1.6429991512477276,-0.008481266145175435,-0.45291082258558013
-1.1607641646686073,0.0645360365803657,-0.3701991872475103
1.1484609340874792,0.004595425570475351,-0.7405356653383306
-1.031979108142512,-0.00947907632465571,-0.49207851982747897
-1.4287848591088765,1.2453154741570533,0.7058390488492069
2.182691975680456,0.18226434623356882,-0.8833528270708582
-1.8420022674744096,0.05810930181070998,-0.7178989970472107
-2.1107762864794526,0.028757398714327566,-0.7620598055976608
0.9609742120130944,0.013370778896142226,-0.8732108786611538
-0.4120361040896417,0.11214874766655494,-0.6852482394550086
-1.2784621177060558,0.047396138327023773,-0.7489573627805473
-0.6073773237188957,0.49491740108277227,-0.6259753337369437
-1.8082467504206206,1.030315381030663,0.21829048429194942
3.1675954215618427,0.7320643892859913,-1.0155650686331432
1.6775842326218842,3.9334676966601,0.45118160011598374
-0.8139406101114222,0.9862433918662796,-1.784177704847325
-1.7247154121201411,1.0392494783664559,-1.6482027056365431
-0.3573329108162388,1.11064531245823,-1.800935803073283
-0.5027955042050556,1.0851991217907915,-1.7786283400035376
-3.5137077219695305,1.180234349405265,-1.4595683391472247
-1.4322563987752168,0.978134840740607,-1.6359384763320235
0.4974394675980491,1.2035417756402174,-1.8565229882661995
1.2403167700096243,-0.4851123131184339,-0.3670688255598442
-1.528922629436369,1.3527997310574489,1.5129095929454766
1.29927458564952,-0.5279085233697768,-0.424333027665511
-0.1335664159376786,-0.5323630745525543,-0.33154367397515744
-0.6569403677758908,0.2558801364679677,0.43205397823929087
3.288047922912283,0.23994364759745557,-0.5618253975287638
-1.588431226981629,-0.4811067562587417,-0.26594655909731446
-0.7028687800182485,-0.3285276389757867,-0.278729912139057
-0.5360766245746919,-0.9383312552053477,0.1385052753928011
-0.9510144907405105,-0.9421300946459628,0.16614998441128795
0.3400168392164422,-0.9767369887420093,0.10348148750268356
-0.8360398240167086,-0.9255081120691657,0.15056869690734612
3.1191946905044925,-0.48689096729209425,-0.1099301320973053
2.9754466774548147,-0.5602029558316237,-0.1390127205872791
0.4078314262828288,-0.729936401541341,0.16940326280793483
-1.4831568280247052,-0.9063421170484413,0.1808898173231016
2.7586983810495633,0.3093963213520524,0.10199668101969375
-3.057390010647778,-0.4699655419812626,-0.1587485084603153
-1.800255343230133,-0.4554661272499397,-0.1691275283537565
2.1396369246921365,0.6643897550370643,0.6395735501952086
-1.1819940368358255,-0.30477757853109066,-0.05950346901541365
2.5363137391517236,-0.14637816097403764,-0.5405123820313911
-1.7437287992057209,0.11288900068402812,0.367775477298382
-2.529720214041594,-0.49529890476030447,-0.1794035693875174
-0.8451638340395605,0.057383762907672095,-0.1854673459551685
-0.1922963990151649,1.2721337400840838,0.9651868540727468
3.188911340694219,0.448811638773193,-0.7310798731418928
1.8786917341744,-0.05465734596410505,-0.7094388255114135
-1.610243395456573,-0.009951101489677485,-0.43556159845784276
0.7328329028361437,0.03854283106668845,-0.6374651016843562
-2.370847330499539,-0.2410033868469498,-0.4668438933374114
-1.5441311457164806,-0.2362379813753905,-0.5203096608987987
1.4715200698947117,2.9228276850249917,-0.06126073160970947
-0.25899323470277125,0.841660882920888,-1.5492017638937956
1.0000668786111784,1.120781136900665,-1.6791481267663426
-0.09913913765610714,0.8357000791966938,-1.6615609705725212
-2.6597869152389246,1.9821161813827428,-0.31947126275713006
0.25752100320982346,0.8312988444678272,-1.6814402059357767
-1.3071599789041812,0.8994286222127195,-1.4374247468958494
-2.55957896961152,0.7857414142473741,-1.5278605943832333
-0.4411201833570876,2.407652226984336,1.1129627961548467
-2.0143261901427567,1.7958700103590626,0.4665606324781184
-0.8290457972208712,0.2770491887387257,-1.0220968396033887
2.7816676081169693,1.4609231654802686,-0.8399922080634782
-2.980539803679465,0.5925455753992678,-0.6705320615833609
0.4728312566318564,0.38233309884310007,-1.1120014452248814
-1.7228645917593757,0.32776932490476685,-0.9934103159262498
1.1408686475805037,0.4292298290934241,-1.177768575606474
-0.7990742154678464,-0.7852635275922506,0.0012316197375696458
2.470683227053059,-0.6346134788833275,-0.16198366194368136
-2.4277661950475284,1.4808886227898765,2.2690541752495523
3.7264998753708487,-0.2925908597043611,-0.3242970015906713
-3.404177970588836,-0.6651911534288963,0.1772795204818867
0.9580341668876053,-0.5338711110494022,-0.1464645710032565
-2.8016853896468605,0.4139621487941248,1.1762929472587071
-0.6619228469276217,-0.7619266662149348,-0.019416248446961566
2.6078612555307656,0.6163851908889937,-1.0953535517797468
1.0280821754849123,0.21344745696084927,-0.955867301910049
1.5134574229179762,0.19904440519959002,-1.0558047775478632
-1.2739048483453572,0.07532026820943238,-0.7872304037162317
0.23385876774304903,2.1300837350330997,1.0602676760241578
-1.8308823837329302,1.4216371209875198,0.523869918474594
-2.539052738044363,0.06194536333957327,-0.7771065655501379
-0.6179037610398276,0.18649338277447533,-0.8390773018652223
-5.707134595432588,1.910073451576002,3.9318806284522645
-0.2509897517303874,-1.3993071549646836,0.9050445295079879
-0.0006786993845463777,-1.3852053616739108,0.7763232667740109
3.6660167600479467,-1.1737508066594444,0.5289551235302766
3.8839767630839552,-1.0879235111327694,0.5469311332859165
-0.8537404244626309,-1.5325183884177689,0.7843688084094759
2.725846289935207,-1.45352816938947,0.5637324381820044
0.6801984035515665,-1.4025576551823253,0.7432287064472313
-0.10608375874257898,0.10836162753762983,-0.9975963144018375
0.0980092222749449,0.29793659939293715,-0.8810211291437894
-1.4041009477950788,0.2591563967792119,-0.9473376422116035
2.5362386545496047,0.7244192460489867,-1.1899635003948588
0.5160286786998083,0.34932490931002486,-1.0684825584567617
-2.1478227398411804,0.13408801902160314,-0.8828900849396588
-2.053884275495264,0.1536620496249108,-0.8991412720509165
0.8499138631820334,0.20998257936785142,-1.063429839032899
3.2882669906351767,-1.3077727205990297,0.7076105314683689
-0.7745986406410688,0.9372347449524427,3.348653970552153
3.6307580080954507,-1.3019148773890303,0.6074202713789132
-0.8054096915954643,-1.6100351079074593,0.8755020239576858
-1.7761246978511511,-1.5402067012729443,0.9762756322634385
-1.6899861491553725,-1.5769902574067074,0.9141042032665256
0.8794720476031551,-0.49483248726930174,1.756964846847228
-3.166101277320699,-1.3259094708524568,1.1766573013398582
-1.3319769213661181,-0.5811360459379977,-0.20309979262328137
1.0839896141626748,-0.587523671726234,-0.3525199539405213
0.6082607219659495,-0.43134212355496837,-0.3558680557695154
0.19734097472853623,-0.2547744335085433,-0.37447070376964087
2.691144954519181,-0.15062948495396442,-0.43391695243318534
-2.0954244145417826,-0.5290571981076783,-0.18180718322857883
2.30256220370547,-0.3158243644321729,-0.4760585792454541
-2.916032232161266,-0.4820595729274341,-0.15463778298482098
-1.291135462587032,1.179949575361586,-1.9533411938314833
1.5457756366149056,3.902910294314913,-0.10859580253029925
0.5446875264559492,1.811077719285258,-1.8471419495658652
-2.1630749036647874,1.1504932293810624,-1.958084174082595
-1.808423545963349,1.1463738907981778,-1.9780273793121266
-2.5199544200887414,1.2600026001083522,-1.8410954193138578
-0.5608688397677142,1.2363513447178807,-2.0561920188916973
-2.015169385989261,1.1574989255134651,-1.8946812346214532
0.7774351452734762,1.1063822262265028,2.113232621554795
-0.09335888569202512,-0.5978742216121895,0.288589397238398
-1.5436052141350505,-0.7856485854915473,0.35503704950034265
-1.4126809793183177,-0.4051319364034807,0.680833579612096
2.9096362668409106,-0.3780291404718691,0.0787113438721162
-2.6746523540555414,-0.4567508198945621,0.6338411220606304
2.102788331431838,-0.2891727696536216,0.5211456370407758
0.46034721447028293,-0.6533697838916951,0.38768866209481245
-1.3242723381454602,0.6634935797032296,-1.0982027467620827
1.6093359747088845,2.453230609631386,0.010277577131556269
0.8824683326192886,0.7643892251758339,-1.4229242242509947
-2.200528866115413,1.7610129897535534,-0.01748324642059294
0.6399884403381261,0.7557397879143001,-1.2978021106340432
-0.7833268824321717,2.130822643226683,0.1284924775878728
-2.1889081515899713,0.4934123977285622,-1.2589713664531506
-0.6284832904882192,0.5472420150284031,-1.3077987482298539
1.533713025305428,0.12235271199370785,-0.8841858863354605
0.4247497848029504,0.09486451634363863,-0.6953187945970324
-1.5848206516488375,1.945231440279035,1.2050700067746003
-1.0585532696827562,-0.0948222546271566,-0.626075303456261
-1.7011287367717856,-0.0893962151777844,-0.5879124913051077
0.3802367698556275,-0.14210338873794487,-0.7681955955239042
-2.2836799497072384,-0.10398643250395134,-0.6204497861398162
2.7277590548510635,2.922742127005742,1.432492118699145
-3.2570710508469545,-0.18611094932451105,-0.1317262025469963
0.30611015110013207,-0.23463837390818512,-0.2526919316570157
1.879431913920775,-0.22515523204527715,-0.5383172453275192
0.6926804769789187,-0.38611252177947697,-0.42595263223879604
2.086911111062531,0.18251005100782186,-0.2606938049953611
-1.028601108853917,-0.19187920299304467,-0.3709567658052016
-2.161182391938904,-0.4312027786534127,-0.29913926217727077
1.4207218143974094,-0.34926211904071386,-0.5216260982109863
-3.4711756242775054,0.19294686971225156,-0.41714507575748666
1.2362054160629294,0.13920128294329726,-0.78454866022578
2.3849920338314443,0.6161895728646686,-0.7824665568207839
-1.6062560276486235,0.028204352731404484,-0.5956644653936626
-1.5626572587500493,0.03846435119222548,-0.6038973916314658
-0.08904177425844186,-0.06632412887529922,-0.7184177757437542
-0.06343730604410075,0.32771916752105,-0.5735932358625929
0.09754092196669492,0.23919624701485034,-0.5385762916526049
-2.2140712269328966,0.4342903896373675,0.9847765609233033
2.4105609753344956,0.10494321026509226,0.12415446854920313
-0.4535134839213264,-0.26588917335523066,0.25243671400642753
2.701767926818149,-0.08374605907184772,-0.20519453788160702
1.4098172784483007,-0.3595037897714169,-0.25391365036117813
-0.3995397042488446,-0.6610162293709901,-0.15355317355203954
-2.192435716345496,-0.6311122121969918,-0.058311093164457546
-0.41820479860164317,-0.6649482399614436,-0.15029903196987796
-2.3417738366941676,0.12878255620380288,-0.8716506866798174
0.08789921038481323,0.4871642038273193,-1.0412222499971975
-2.2099735671281215,1.6224435676980633,0.5474707655294005
-1.9015701262407656,0.13558711115230668,-0.9023393358520013
-2.291476091868118,0.18900332147532556,-0.8301498974906318
2.154786518252848,4.130737111599344,2.4340114194031055
1.402168988755602,0.2534972133698506,-1.1274627200449596
0.6345549528013996,0.42766298986118717,-0.8644119630786236
-0.599970609068011,-0.15016098975348222,0.8916150808767114
-2.251110501739694,-0.9105170830121703,0.3559452052414688
3.1705422750739887,-0.5036608636408912,0.20058703202377934
-3.223509574231254,-0.9193244318810612,0.3441545466481312
0.18791047154279736,-0.8608283295784032,0.2234870102524517
3.212202192849067,0.16203090010393995,0.8399059137567912
-0.5190885156951611,-0.92860288049291,0.25684031992258793
0.1654253580369976,-0.9990857573494272,0.2503524616390276
-1.5331769217002256,0.44000881855648416,-1.2334198473847888
-0.24244732661194843,0.5534083883251362,-1.3275279778120672
0.6427032257058142,0.5268342908500215,-1.369960408083788
-0.22502521318715643,0.6018643580095165,-1.2774527831831957
-1.5216797233669905,0.5434727467168273,-1.1359372127131653
-1.7225360659242468,0.4043444177017244,-1.2028889409676802
2.3423574926898953,1.060913845563316,-1.5370592474420308
-0.7485185368142013,0.46050324571475376,-1.2939977486548737
-0.19101727732425855,0.8542611422388849,-1.642576129240416
-0.7094903613892524,0.7104761480647,-1.5829499500077675
-1.0627416252625792,0.7718511718646164,-1.5172903057486502
-0.6038119846757264,0.7942656623130833,-1.5864480158469938
-1.1485938507136988,0.7067928554975355,-1.554150530731593
0.3062962755071613,0.8233607504594986,-1.658425087678267
-1.0880838785357885,0.7655805205802128,-1.5123245323164294
1.6869087565308436,2.8094542063085433,-0.25135460750813166
4.305706700703247,-1.6230518879163212,1.091191468751316
-0.9315620514857069,-2.053020295732923,1.3497307895981656
-0.2017121373030562,-2.062586122439741,1.3845857146169345
4.01398374314032,-1.7723583505049736,1.0348159513177622
-0.37587436285731696,-1.8948037434746072,1.2797441133566096
-2.707327789375318,-1.9351017593231798,1.4762449483105995
1.0707103660663475,-1.913651207183283,1.2749493037353963
2.5637424051273086,-1.9160870965613683,1.2581637468500928
-2.447788030050839,0.614780444224331,-1.356748353566585
-0.06561670063171897,1.0090989827330672,-1.132828629114174
-0.7761040065991733,0.578956714210548,-1.442380574070493
-1.1506142262869004,0.6334880702667017,-1.3716251234333277
0.32458448379315125,0.6567875838611587,-1.5059795151683832
0.12849025619268994,0.7386920377878122,-1.460330656947626
-0.34094613382992706,0.7722316940613215,-1.4474424810088478
1.6715884584611664,3.685174737874692,0.9867112608279311
0.062238739665524366,-0.4320423004181597,1.1175304070132845
0.6023656905216278,-1.0384304321391673,0.30616667456260194
-0.9171685058893252,-1.17540763421486,0.42570103450010743
0.8129998210966874,-1.0714744506172003,0.3105012267401741
2.40835375848977,-1.0884790501834025,0.29267674349532186
-4.149197815487541,-0.46599082647433354,1.1697402337472511
0.22146059958142839,-1.0276078252152796,0.5812762849396883
4.443611583776262,0.07492149282286402,0.5841960874795284
-1.3785338553483264,0.29110473342715093,-0.9094809265455501
-0.5580250832909311,0.32324971456848245,-1.082069567219477
-1.8208383777179173,0.3750134305378327,-0.8481326145791686
0.746809704416925,0.3983344238835531,-1.0510305194922578
-3.4170803606625872,0.30323389783854154,-0.941371624989826
2.1913699321625866,3.158317408643508,1.192867637858353
-0.6724428117569119,0.4773497888021951,-1.0035419934242393
1.0398009107120083,0.314168906289063,-1.1796751354344173
1.3135369049319026,-0.013572412877456483,-0.7333796887443782
0.07244125188239195,-0.288662335027961,-0.6067097792045759
1.0252294259139747,-0.0765186039431712,-0.6534645448199625
-0.7377930024117041,0.9210476934543497,0.563607378704556
1.9249303636637656,-0.008071308368723466,-0.7763840275927149
-0.6859919734592146,-0.24056280678684258,-0.5833332235063264
-1.788615037427151,-0.23260527732337416,-0.518962225448034
2.4027497737498855,0.23994472268240216,-0.7363397879445792
0.3881160058135774,2.1888455353719745,1.9091403326392355
-1.53599671915416,-0.25832461185729616,-0.4960847398056721
-0.638958486271048,-0.0022785615715890384,-0.41138614005587254
-2.0325902702104446,0.6360697422198153,0.4376449836300111
1.882169792026239,-0.06440407776582938,-0.7205790435300679
-1.9735484565341523,-0.20804916004960103,-0.41963978540563307
-0.6246924809220179,0.765783472918499,0.32802541876298213
2.8980991646167067,0.2718809360050522,-0.7596119740001835
-2.2051999687270256,1.0143015614275384,2.1116162290949334
0.8631183649083521,-0.4699669427422952,0.5647135075614488
-0.23525844488020264,-0.7564640166724255,0.25031333768732356
0.5003700994211462,-0.973719811791699,0.08919500625531157
3.9964283183283644,-0.06903095737178365,-0.13877774691142117
-3.242788308493094,-0.8752402839176905,0.26934386454805176
0.5277957266939054,0.6545342350462429,1.6727964625754939
2.19877068028292,-0.7206401408946181,-0.05652220622930282
-0.19564637791876027,-1.3602214347199544,0.6872310457172011
-1.0054436495932073,-1.4382191092803933,0.8067918759664885
1.7023598118963714,-1.360735916981647,0.6444077509997553
-2.264085580769723,-1.3950548440876154,0.862794749846319
3.899620153492132,-0.9840484877597154,0.4519096370792973
0.3813016183023337,-1.517504607837627,0.6861054121826137
0.7036552591365078,-1.5367455001777783,0.6766792826579767
3.1296054174478827,-1.2944651213391845,0.49165673254770587
-2.671406383401434,0.28921530502793164,-1.0091334360779902
-3.1951911368830856,0.35835300208401283,-0.9349857365890075
0.19528673413927863,0.4575395822534816,-1.1534983848530715
-1.2775028764775431,0.37473044985880977,-0.9887278533120866
0.42855558507816155,0.25521080972514576,-1.1857760546573743
1.8873713845755233,3.312280665396797,1.298285698202478
0.5046272974371204,0.4466761552074847,-1.1671874499678287
2.0189948094073245,2.8091470329262482,0.8213233220786018
-1.1613642154049661,0.10845619034583931,-0.6778822979383958
1.4957546358802218,0.09250341721770086,-0.7633031769443039
0.2508541888467638,0.5212921339484713,-0.29915401732041913
-0.28529417591401424,0.03553118979304971,-0.7720485504059466
-2.1031638520981075,-0.03795044384525825,-0.5908785481025537
-2.4020355164145504,-0.02528047779187081,-0.5787803665615144
-2.208293915502399,-0.10685478339386076,-0.6245041443740472
2.521302629910195,0.3289125987229934,-0.9029948401141943
-0.9701571952864014,-0.46371672238746997,-0.3272037357136565
1.6628440830671956,-0.07632281078987492,-0.5524568827333205
-2.361233529708714,0.7836203649511687,0.934237949050851
-2.1166631429869573,0.8032661736499453,0.9853250570422672
2.319757961754209,-0.14806767614760638,-0.5284553415389442
1.8759196909809597,0.8782201283966282,0.6667436675425122
1.2165230073919726,1.372085571865729,1.213044532200298
-1.4826369330661653,-0.4339636910470434,-0.30991347916281775
0.18142104295023354,-1.151968620831568,0.3205702896959042
-1.1420558919073713,0.23530900145017727,1.7346501074192844
-1.2214163294422533,-1.1442553432041114,0.40469377879839397
-0.002285821336359096,-0.9517630367032479,0.42658900677235945
3.0857571280852283,-0.5881778799630631,0.4695872642731938
-2.436551872192814,-1.0530199030562464,0.5096782366762707
3.4374789699063535,-0.8348439871279769,0.120164764102919
0.9023989815545722,-1.036811190855786,0.263095518643059
-0.647384703471142,-0.4791591807003736,-0.32496797975384717
-0.028415850407030832,-0.24430607086455605,-0.39210579845570387
-1.6766739588581658,0.5397998646647021,0.7302217926575155
-1.0867309214581946,-0.4860840691053428,-0.2942520236630397
-1.0723732280072902,-0.135068645515435,0.05477216668881522
-0.28110087477050727,-0.4899059658516475,-0.26660520669219373
2.9480054451109146,-0.0356939531762195,-0.5656889753064738
2.4838475248939424,0.1757561478797383,-0.16153895635418852
2.081300542144905,1.825403775672314,-0.0701436961261272
-2.274412589484936,0.21516468899764857,-0.9561742790374682
-2.475320537781546,2.3075732388176116,1.0855308574269724
1.0743162121382173,0.37459619009039685,-1.1241229347322477
-2.243271385751407,0.20096761283902306,-0.9494097852379043
0.5726084700050956,1.0119283387761453,-0.43623373652430475
-1.6469424658611826,2.135010522496404,0.7151112713244565
0.8102269865180185,1.3084272794838947,-0.2253229554309265
-1.795709282119601,0.2763260810631533,-1.0510924481292765
1.2177056218897897,0.4222946563952802,-1.2691694133788172
-3.0812743438148447,0.36106673004857753,-0.9387294914714145
0.2211340843649356,0.4365800109093803,-1.13887978661927
1.9950035379529103,0.7349648866405236,-1.3106088419052035
-2.0440415394327522,0.29500639499144976,-1.0450819011016483
-0.8601198605386506,0.43826311516377525,-1.0719040206652026
0.6935506432220463,0.26620437913984873,-1.2020271084344667
1.0420914126693606,-1.1747347535553228,0.2907345167929279
-2.914805677861226,-0.7998176670424374,0.7958359624560268
3.326703244301912,-0.5164933844172637,0.3255288498789371
-1.3624128303287397,-1.096125197016469,0.47657021604596417
2.785618035306184,-0.8770868549504716,0.19597473283043074
-1.9237749928528067,-1.0070552854421468,0.6159112019457664
-2.656835549567862,1.5381764274863592,3.062746132519099
1.611593493492155,-0.9892324978026636,0.4617960862404949
1.244263062348174,-0.6082127615405002,-0.09838773219659436
0.33128543124686166,-0.8128405440034154,-0.058062262659779165
-1.4176381262556201,-0.5936114682995937,0.1664231929489293
-0.1745531991305322,-0.5982571377354658,-0.014773092140710759
-1.328939642607954,-0.5831290769621359,0.15577793780526938
-1.8527357546364338,2.3445651894576276,3.0733053658374003
3.9589181143776715,-0.05483242417196257,-0.3697890315373245
1.7956373699893016,-0.5302389945220347,0.05291559266264652
0.37226614329434066,-0.5907059841867445,-0.2971949856283726
0.4218459253473397,1.0806015589810414,1.1566411748719012
-2.9981468428087275,-0.4709137299626075,-0.07342287390806324
2.515706154736268,-0.06217411680847767,-0.3095532643345133
-1.4556111222815427,-0.37022416811619613,-0.06945101780660877
1.6068269857413793,-0.4316259399954001,-0.33587436253675274
1.0639943712663753,-0.33658240251014504,-0.37933417477006776
-1.1162476175078377,-0.5233443975017417,-0.16435521569937955
-0.20689942799850047,0.504083253929797,-1.4086801268133844
-0.36020113283741456,2.232042452206897,0.10598288330527356
-1.2869796738642314,0.5056016508921544,-1.34166698431623
0.19691330297188384,0.685378661841253,-1.4051188897438827
-2.180082340756228,0.5496699748074119,-1.3091091224368647
1.7288597256658216,1.008095750029895,-1.5744818287139464
0.7156105835556549,0.6564724942160313,-1.498222422888688
-0.40102058013325836,1.9865421462624917,-0.1448432118225059
2.787228883129631,-0.7414076322069822,0.03906891445401148
0.4987497396342511,-1.019567551753418,0.23379319737584012
-5.855514653959334,-0.7625618253163051,0.4460533906228043
-2.2451642539698584,-0.9917378717716533,0.41998114319276353
3.627824002446994,-0.5020668072441787,0.014785718366949184
-0.975759050049173,0.3920867834907098,1.7489675676382799
-0.6948828394857405,-1.1105606777489794,0.30982645850092194
-0.6293753012720408,-1.0902725426523872,0.29459415272082995
2.031901214953706,-0.2579998505319488,-0.42267112812507535
1.1986284261307836,-0.17198654939120495,0.022770196455645434
-0.0636356899268229,2.2184231974179656,2.175128870209104
-1.6076420170403691,-0.4125369050613117,-0.1306907335526865
-0.35903355589652663,-0.3670568558142483,-0.262190735260292
-2.4124331269869033,-0.4581773082032508,-0.13374421226655836
1.8819714886928531,-0.3519577854277396,-0.41096091753286373
-1.6150549219885852,-0.5165739894411258,-0.22804330356313063
3.51743737927545,-1.0465382973272812,1.037696629720127
-3.1503523042071797,-1.5795562462736095,1.0302074246053714
-0.789008305174465,-1.6027178902702017,0.9728263202392694
0.06871305884910468,-1.6385454340800565,0.93721747131015
0.5983846228625243,-1.5374058136546522,0.8226547230284643
1.9058259022359965,-1.206066536892624,0.8140079235531266
-2.208210435418149,-0.8160927914165654,1.7915373959111172
3.0899982320080204,-1.590651065866384,0.6925131051679372
-1.8545119919167055,0.07917670818195956,-0.6476281058689745
-1.054270697522831,0.04330785317777056,-0.7553058875495776
-0.6411813921222754,0.09826695059066001,-0.7334890781551149
0.624899128828278,0.13801945594705742,-0.8625084141418285
-1.7118452829385662,0.04756308742938849,-0.7156964570350312
1.4070462805187296,0.21662166307294234,-0.9810254982234798
2.748408906978228,0.6237455748534415,-1.1064883653584638
-0.07594478928289426,0.07093742887057423,-0.7548720875548709
-2.320098164193753,0.5694227287279701,-0.8934397206273973
-0.7562185886782227,0.4570558844591384,-1.1908496195684908
2.471432290258017,1.4269384031583212,-0.8907959690456057
-0.9350468606068508,0.3687096100647992,-1.1059726773263543
-2.0353866548232102,0.3994860274843868,-1.0507014583686334
-1.9896417638533441,0.35526835227434794,-1.106462160625946
-2.041064308422879,0.34938193667878936,-1.1004026497014892
1.5602659656419657,0.8542041561314307,-1.1152714458426645
-1.5407659318246278,-0.4132875638927724,-0.3377635072532794
-0.5545754125173014,-0.23879752231396004,-0.36850928281443074
0.6435181013538479,-0.4148777235557527,-0.39885883437026176
-1.9794976181959245,2.172368803268164,2.2204359703428955
2.582092558936797,0.008148229700113658,-0.6010702455950186
-0.2600822160602794,-0.30175389623909943,-0.4302672830108059
-0.06640363889011373,-0.40000086075012387,-0.36284066986654245
1.6508370817911837,-0.23025004329338683,-0.43662883845249584
1.6844237250982983,-0.000391082501811258,-0.7581726950683191
-0.572138643304938,-0.2633759900481254,-0.5739776189737704
0.5878533131264385,0.9113859398484594,0.2795420722464881
0.736947201784405,-0.16237936093982944,-0.6617283935121722
-0.3439961633932568,1.6716906195350254,1.1879911582903997
-0.8648153650217167,0.8715189016884267,0.5258420661388326
1.6710942494817886,-0.02003397053397047,-0.7176075170720363
-2.3647636362115576,-0.18260915936029917,-0.4292065219739812
1.2216708176955264,-0.28367985688193925,-0.4416865572334351
-0.8509373346901009,-0.46916800933647074,-0.23290132237180863
1.4672377272178023,-0.36955445385958335,-0.38415315502110864
-2.4838899296104033,-0.4224012382543053,-0.15565702896289735
-1.8018723300118817,-0.2904866997231831,-0.03822984559903532
1.8754633336048883,-0.26628763710033626,-0.311046578011977
1.9254142360473667,-0.40962158330706155,-0.4676383779818284
0.9846795768949982,2.071572215123982,1.8445471671814084
-1.7056776010295074,-0.4074051342337448,-0.020662944191080942
-2.1768809007786,-0.5247637869839626,-0.08230518535925299
3.4153427605428743,0.009652316892036201,-0.523512529892211
-0.6509901150244742,-0.4562609657638082,-0.13800510721312903
-2.242740462239704,-0.5860763929899376,-0.12237727535928734
0.0212985485051729,1.2483937648653856,1.5180927559268518
1.1848719726586732,-0.26354538573972497,-0.33463803219666416
2.3302774286243304,-0.32215938560075197,-0.3474844751713651
2.0278185044246078,-0.6108697566690799,0.5400046790819524
-1.9948368499280458,1.640134803002213,2.9927161024225586
1.6274254876834642,-0.6164530773883726,0.3101858460488867
-0.6227909917489374,-1.0675536074802936,0.2868801309237872
2.5474003455504937,-0.406512535079978,0.5241613947064034
-0.5516621064340457,-0.9560796090227851,0.37664040896209466
-0.3442236032765565,-0.806188504311802,0.40858489000170295
-0.08934851841906237,-0.8933693342365884,0.46641471182864785
1.8035542537427782,2.3488257599366813,2.135146108700995
-1.0236063124118884,-0.582265792444716,-0.20993999514166758
-0.9590956396319618,-0.568389082206201,-0.22135551312607496
2.2932005101023076,-0.2605635267147531,-0.41610803323930523
-0.9716126981789082,-0.01655020872591777,0.3287429255147657
1.981096731849786,-0.31175953669221157,-0.37024327457071954
-1.5655983965753402,-0.5040217112301425,-0.1402206426645029
0.08229544786440622,-0.5743051353114744,-0.2838279154894235
-1.3879635096053389,-0.8265128365439598,0.09377347175476101
1.4460543975961027,-0.6106698305125394,-0.025782893307135152
-2.818245484974322,-0.8018455749886239,0.16932591908601208
-1.0290926397279847,-0.13317785377862162,0.5930316579003736
2.261519533566206,-0.5520085276068644,-0.0025667749178626452
-0.7694350515459045,-0.7776634699437978,0.10436526659270981
-0.16360495742200998,-0.6922063537457737,0.070163334299803
1.783510245270491,-0.07242394649473166,0.6135272193243166
3.605837123369916,-0.5705004053997581,-0.04767317993132525
0.2826752023435756,-0.8436856610155852,0.20973713204040176
-0.20512150709763222,0.10537010365599489,1.1153318363210702
-1.6290901095301629,-0.9383036112124696,0.3330726771065523
-1.79355119423483,-0.9019121639534358,0.32443570981259306
-2.2094580966024586,-0.9055750168050372,0.35204955979296043
-0.2605755153930154,-1.05127270345223,0.22867521213760716
2.8131619475963703,-0.2767538804935269,0.5913697233475672
-2.1469728210284624,-0.10710054766964715,-0.5275575833927472
2.365746252286619,0.5761574561865577,-0.5717056890086981
-1.1653839078585293,-0.1653522756270016,-0.635681977348048
1.9261212072132607,0.11404301153528004,-0.7772468462671955
0.29296304128558665,-0.16775267821867845,-0.7257348254965952
-0.6497691406135497,-0.14292502250113304,-0.6793632874018254
0.10120615454363767,0.1127112870856787,-0.7653885483681164
-2.039697244155354,0.16183043422974733,-0.29385785260350855
-0.5847133146538934,-0.685511724942248,-0.13072404496932324
-0.9059112929413364,1.36632517773545,1.8614785925998523
0.3003105852117186,-0.532857032378708,-0.1435245480880063
1.2549396836961773,0.9477140184136434,1.4111710161029825
1.3352785071513038,-0.5459793036420665,-0.2764399718631967
2.752767529554189,-0.2252978776775188,-0.36381520882231405
0.2588575588894365,2.2939266026003704,2.6456153907002973
0.9554266372391074,-0.4906983442249928,-0.20585462651991995
-0.5498492351292732,-0.03297471530145176,-0.6945831697047654
-0.7161114869858151,-0.14273835216009542,-0.5977604623384881
1.7399561511614308,0.205387978363886,-0.7626429546588289
-0.024705765331666147,1.280033837753472,0.746429736967176
1.7070977645058796,0.1492712334407085,-0.8074369191004387
-1.7306148166137176,0.028485323938888373,-0.3954919917925492
0.9180430470489709,0.014186214517366312,-0.7348116599484765
-2.3802035945899536,0.919863888301285,0.47274844344048245
-1.8006669564132103,0.795626070269704,-1.596135557916286
0.3229032761706613,0.8766896532275094,-1.726644866070031
0.391535923885024,1.0397180105207244,-1.6909747602493224
-1.8450635984314538,1.2846595248464756,-1.0869513805905695
2.0432300320043653,1.548884276751806,-1.7093073736929718
-0.9146535696126934,0.7558282561370804,-1.6308434450364253
-1.194753603822876,0.7756909408140471,-1.623920278966654
-1.831159447034587,1.0380310748760486,-1.3398833312428
0.9880308476338336,-0.32065044302026774,-0.5078120860201892
-0.26072333585545715,-0.2723224264296108,-0.4553428690541814
1.5875300446989016,-0.3233071705887976,-0.5454223990295971
2.8648912645631692,0.12404506922532302,-0.6118574111016862
-1.559265339824112,1.0340467078312552,1.0289358151653438
-1.699458494647364,-0.3599104811553078,-0.2894878706738371
0.43696067750608725,-0.43188979219883517,-0.38623371200682477
-2.3912319328716967,-0.3886542731002938,-0.30818495755958975
-2.212536078995489,-0.36388445259169927,-0.353989370744775
2.713286005434791,0.0656499902048423,-0.671518279879545
-1.8371128384146722,-0.3167422422619319,-0.32567497418866703
-0.7446190546283038,-0.07351249854649859,-0.3227577927929141
1.3275889861860994,-0.23500698016998606,-0.5225134814188015
2.3031904035356763,0.3185547883022444,-0.18668219886090495
-0.5446324984196984,-0.15596316993102757,-0.36828269948671305
0.09386304944330054,-0.3367520252807168,-0.4381356639434593
-0.6861626833324393,-0.7942326151194463,0.6131685098409128
2.8989800685575604,-0.873463040671331,0.06415673143894204
3.2927092791398103,-0.5053869886348171,0.30454379162346173
-1.0405517811708167,-1.041378652162538,0.38359387031025743
-0.07566409407987365,-0.7291311752102742,0.43626518665784303
1.5159294451477265,-0.6861333145936735,0.2844504660798722
-2.3072045940762935,1.2163417567604873,2.633632752510436
-1.7334403728235495,-0.8333962896764934,0.5479975256038476
-0.8770667011321047,-0.836804238198931,0.16295107219003557
-1.549976190395273,-0.7416979706739913,0.308809999504554
1.8846634057687017,-0.8014112230055364,-0.05685747291506716
2.642256913460854,-0.44817762519973137,-0.04170693785864332
-0.5535368997955031,-0.8529345248662861,0.15163813106502833
-1.4342294941200473,-0.8204347038624573,0.190363992320329
-0.9554749411491664,-0.8585576530493432,0.17969682058153477
2.2198612859414655,-0.5348905448073651,0.05895362274618836
1.6886392164083477,-0.49677482553391206,0.23986854552030698
-3.2865770020788805,-0.7446484781539736,0.14754254809112102
-0.1491444612242009,-0.6719794074975518,-0.03816990993477917
1.560550711649519,-0.6984784010365834,-0.056201720121978826
-0.6000072925650107,-0.6805638072720468,-0.0058964348212320146
-2.220724696395452,-0.6176729714636656,0.24403160584320566
3.5162559504902826,-0.2467496495405883,-0.24336883272298757
0.2937548981082535,-0.721449024956388,-0.04035756064015022
-1.7706838890845935,-0.3927275492400684,-0.24283870867026255
-2.535196665224556,2.4507766290026267,2.581901013618562
-0.04899811488830907,-0.4471610601418885,-0.3994902036113323
0.05279737760052397,-0.44678729498268704,-0.3298585756059097
-1.1273235615833501,-0.3408115666631969,-0.23530467395092386
2.432054911579186,-0.14860988599744482,-0.540934678452925
2.2539160540495464,1.3953530383844734,1.0231612378875832
1.8952978052558576,-0.22552235963940076,-0.5435985008641308
0.8379834731666256,-0.27885759187864667,-0.3074585349133616
-0.19852189252856034,-0.5417938597931745,-0.12327762084235853
2.267567731030278,-0.22959648665539983,-0.3469826808357216
1.3246450342716987,-0.4513953572949083,-0.22005394046173343
-1.0794310841702819,-0.5848600684527265,-0.1989935613458711
-2.071830326766071,-0.5563382033728943,-0.1522794083842941
-1.021567884804133,-0.5798774815017226,-0.2048479690848002
1.9352109143329748,-0.45216632703908716,-0.4093343835536023
1.9196297171476662,0.5429878721346425,-0.12237535234427041
-0.7792643175067925,-0.2501703410148469,-0.46915319395730015
-0.16799803648800096,0.07587891471976696,-0.40227867307223103
-2.461578402859672,0.7509855426116925,0.5589521115631462
-1.1270686181477008,0.22092272803194604,-0.009081269362631492
0.9426395364605707,-0.14180173070234742,-0.5865404510741236
2.3094693046754733,0.3007996084769272,-0.47635678933192876
-1.699580155615635,-0.2695622820080583,-0.47736099110826047
0.5131692224107641,-1.1329580310637717,0.39042447079147746
2.2826574191933533,-1.1020315079965566,0.2322803785156866
-2.1423787181328375,-0.8924120961139743,0.7365183285712856
2.9480043967107172,-1.0630279266284504,0.2462873795131155
-3.9179005502351067,-0.9683041967736039,0.6591859109621201
0.05548909578765303,0.8347202760816764,2.3595487015213874
-2.674485082835273,-0.9893745434522144,0.48762148459991367
4.96637330598523,-0.40954145135050846,0.043989301260379726
-0.271901429020653,-0.1561227188694971,-0.5845393003507859
-1.9891693673834325,1.5640129065067656,1.3176537498228997
1.3290094709377933,-0.1673558201906194,-0.606035354720419
-1.9368693476247822,-0.2528273008364566,-0.47688451282987815
3.39400672351954,0.3759260368121169,-0.8764452644077774
-1.531969045481558,-0.19671902590232854,-0.4553284829225038
0.8031642346565872,0.18152746129984929,-0.47736354732931263
0.22006082248993444,-0.11097893898970111,-0.382592701915106
0.8035143925692292,-0.4105116570573254,-0.277627222781706
-1.9349099264416627,-0.5200332229381045,0.008479775567781678
2.1330677743655695,2.161797024398714,2.176849370762749
0.3463246565220197,-0.07384535372377439,0.39423105406372705
-0.9723965364496245,-0.5985376572052941,-0.0867822143002887
-2.3072527956075537,-0.5643320489292939,-0.02166079283444748
1.9303695630286803,-0.47634943722683254,-0.2852916015480145
0.2168513420782854,-0.029261169500318273,0.37901120909603353
1.236092072036983,-0.9002198672381966,0.38893696811826817
3.5014127908299355,-0.6464781106044775,0.026953886248666552
-0.09549781406998502,-0.3619928966314777,0.7736724603313141
-2.249075597300917,0.11762507588464075,1.599972970888311
-1.1198288529901879,-1.0385827961523104,0.3820867962800232
-1.6217248829419604,-1.0103149955225197,0.3997140918833751
3.794259153157142,-0.4973292974222047,0.08336517859999931
-0.19911432485685146,-0.9617946411494122,0.43597914267348903
-2.2216105995036286,-0.6487940304479485,-0.03280899253512262
-0.7268503227857906,-0.6580237632906771,-0.04569098049107844
0.02526616488925332,-0.5951644607276665,-0.05008772907389234
-1.057594834214363,-0.6441566817967993,-0.032683525877599894
2.579074229127613,-0.4333204028600136,-0.35317060389376226
-1.4942685667498767,0.7623838356726685,1.3163741346323938
-1.4257338036074036,1.1796269486879076,1.7031741185371296
3.71652685874075,-0.00891809855302958,-0.39904555173510603
-0.022519588589400546,-0.3875678158139246,-0.47420528996335365
1.7889984353200756,-0.015500631351910163,-0.6400532267345007
-2.030750171075068,-0.3254698470705625,-0.30313879720093306
2.5338110865950716,-0.014203676547909725,-0.6589860959116852
-1.587205029278802,-0.2649576966685324,-0.2861249187605572
-2.889903419689606,-0.32723957690349864,-0.3247929988548798
1.615313296160677,-0.28377966746924316,-0.58464846141415
0.9782732719967108,-0.2889574018179241,-0.5405365730375025
-0.8642620201860347,2.5667994126723808,-0.34919568293585423
-2.6044848230802464,1.0622863201912986,-1.7378877993473933
-0.7752504295591655,1.3443278239185976,-1.7244628804091624
-0.9658180876758818,1.0787211531910692,-1.7731268056115954
1.0406901633172583,2.605341028962968,-0.9264450525415533
-0.5170600259545605,2.061268312174582,-0.8684285066566784
-0.4094558507823698,2.8489886176755093,-0.14528725137788562
-1.7351135803955247,1.3108316779636775,-1.7223844658359382
-1.5944993660586457,2.2909839966090737,1.8562770714001404
1.2021672657157618,-0.03483321895445185,-0.7110439902268617
-0.9110156643298668,-0.19467027852320556,-0.6186275270030233
0.731174176956021,-0.09476920809377962,-0.7270076842830155
-0.12299148151820331,-0.05944064282393121,-0.6912856036161306
0.0194414780560533,-0.21777535591984531,-0.6653899647479284
3.030967923700886,0.5204308916115838,-0.8971213504134847
-2.1502041121549884,-0.1607872723291085,-0.5581566222763833
0.11208860164913857,-0.31343285942274984,-0.4534529148312738
-1.8975890753416016,-0.2053661165184095,-0.2015437953231198
-1.6817654278111311,-0.34094008146888116,-0.29608475451551486
3.1332310826112924,1.7019365877168957,0.9107408287720945
0.703409541732148,-0.24589680913372394,-0.3730402278544373
0.5022756927417789,-0.39012134050374037,-0.4086324697178314
-1.2149418785499981,-0.37083741472334286,-0.310980403113785
1.8830103603496695,0.8024950332260318,0.5265838587987451
1.2439626103054813,1.8455786536353282,1.7578863594173577
3.3845471738719355,0.03307230947625846,-0.532500606510822
1.8424251632525597,0.13355534144440098,0.20691976099876838
-0.9631559453647602,0.5362183640220783,0.8864094734065457
-0.9780230655047919,-0.5306130749160645,-0.15399207692252542
-2.280928766955302,-0.5008911457344076,-0.08785318729977849
-2.352258192239202,1.4204211844782,1.8051198543249944
0.7510801526459981,-0.6188440729034325,-0.29116469745641316
-1.8505198856798506,2.186271421939435,1.1699663353776797
0.36665624928027724,1.8026428223182245,0.5929059080283581
-0.1856760001408921,0.3044117276622199,-0.8728359884068196
-1.61283286723336,1.0459907003886195,0.07609256472521234
0.6462372661249907,0.26237890536036756,-0.9034938987599159
-0.3645751201194391,0.09961479397632397,-0.9533920164086057
-0.6495062827971994,0.1086090817667861,-0.8648386236784753
2.514389568624734,3.360438693580403,1.3857769300863374
-0.3393634903525989,-0.09985146864270616,-0.6524893239772219
2.3276536900163403,0.8342674340244408,-0.2986423958237825
-1.922857054491818,-0.1276077213649766,-0.5100379916665806
0.6874265183851649,-0.14660529640241168,-0.5868801687180732
-1.591891751011904,0.6187312464559462,0.22169164114485823
-0.05338476130834101,-0.24229797489087712,-0.643189390008243
-0.0357021765121318,-0.2349524285847835,-0.6483990862176237
1.156574037034146,2.5658254521727106,1.7147897765620113
-0.9689811837999786,-0.4215224935115223,0.0166710841360782
1.3581411661242473,-0.6009015775491077,-0.26489682029233746
2.7057934705419426,0.3652489997913048,0.15456485370843165
-1.4260964944677503,-0.527592398581945,-0.20231787295899806
-0.4600337295664109,0.5528348035584373,0.6653593952951586
-0.8702228183834205,-0.5553273866433892,-0.14798777077726544
-3.9537282829479463,-0.4382554494218276,-0.01655464753344909
1.0331927764643511,-0.2705932304608133,-0.13989761145378352
2.127666804247014,0.3599057585105785,-0.40823694657274756
-2.2535154382905414,0.7400931793241223,0.5602051831719985
0.439370821099338,-0.20817416826065574,-0.5872889014173079
0.9154132273901179,-0.1456711005242505,-0.5730886779551044
1.1309746745355578,-0.1761309197914813,-0.5705214815021813
-0.8820969332910891,-0.3008819050458019,-0.5037809628642902
-0.5948871433783895,-0.1803295104020624,-0.538059209863543
-1.9446221662849663,-0.24437487164379368,-0.3905369266023645
-0.29736609650749246,-0.6403344643040615,-0.08129396946682417
-1.767802556469692,-0.6988248271930205,-0.0059296421109245045
-0.6471854439294906,-0.6601260303111095,0.05580404254141123
2.982557763856938,0.8510150089547581,0.7506497968244534
1.2217922335995133,-0.08808367136424487,0.37338970514002195
-1.894029776291405,0.803330689730229,1.5006776860039837
2.037299232239089,-0.4216728916163482,-0.0366970544132028
-1.1388826925863658,-0.7713330720507081,-0.008415096656402799
0.06880470025090837,-1.6129563786062782,1.1576544793054842
-0.4080480137317668,-1.6244448882872096,1.1929488375113584
-2.6792061993412117,-0.08545103850966963,2.9207289453129572
-1.8565976885074236,-1.8600825343566418,1.2080058673372367
-2.188954547767219,-1.8525405059716011,1.2248105096584678
5.27917857557286,-1.0331091305343494,0.8962727212075781
0.04821866966641207,-1.5939458356024319,1.405304306797561
3.505904280554043,-1.4270845249484332,1.2230581483284906
-0.5607527392816539,-0.3500279766512567,-0.36995084982706566
1.632691588818166,-0.31041357453166923,-0.34794149047433737
-2.4676658882298903,0.2705606645315489,0.44490035001149103
0.16566323901727648,-0.29666470903745756,-0.36746896714393235
1.5016265331921879,-0.1606917746996124,-0.11599723614332202
3.2593744395089983,0.5525540045433979,-0.18137164316119317
-1.3193606929711197,-0.3084552452407033,-0.3427313253095266
-1.912025389390353,2.275779692108101,2.33186444952934
2.6607078674535543,0.05328352763564561,-0.6148649214659055
1.8067832725196817,-0.2057001853593171,-0.5500165473825605
-0.2725254984595738,-0.5529406484325403,-0.33413476964884703
0.44926494317269394,0.21212729903160052,0.2873982079764624
-2.8324651289288805,-0.19129991075165056,-0.059593809315716686
0.3318681081016057,-0.18485306699578646,-0.2121859240805456
-0.4235769253470648,-0.41818558600387057,-0.31739094154209857
1.014676346914216,-0.34690819920951643,-0.473639952993926
3.5918541406106836,-0.0023381734927598328,-0.1063710791377905
0.8528202272225012,-0.8133529288905522,-0.07949952351676749
-0.9420926143241647,-0.8028198367403309,0.027223929943912917
-3.368568843649758,-0.33534006359348023,0.5416842325967851
1.8680996900537554,-0.30619950179124217,0.14104090080168816
1.5771959471709924,-0.7908101396745211,-0.09158138050533166
0.1846177670451978,-0.7584248024336732,0.08530312218886482
1.1549706469593501,-0.28441475226794544,0.2809368364185785
1.3253707941373125,-1.1346619077785802,0.4547624421255967
3.97801092445972,-0.7339488707953152,0.32404442863679217
-1.870419598468034,-1.0446730076893103,0.8655620313978725
2.530169025725906,-0.8025810162381015,0.8120018217012525
-2.592520074085008,5.717239568834279,7.426786556362644
-1.7974718742683033,-1.1581743440814323,0.5869288365238025
2.1646480460227813,-1.1613498394633053,0.414717705859569
-1.7522936822271618,-1.2862731346137135,0.6044034323065942
2.4902389084173837,-1.5874295564915586,1.4449521411590103
2.6335575373267748,-0.14154736565520074,2.994911193189759
1.170549644177593,-1.8593412651236116,1.2409540314809895
-1.5869020865009793,-1.982477455496051,1.4282479919786042
0.2830720383048351,-1.7370967159549329,1.2783732205686544
3.2964179103846654,-1.5878897238102991,1.3205938901369947
-1.1745054450146735,-1.6860195582440982,1.7053417394675918
-2.5225053497169148,-1.9389962634098235,1.4633009519053803
3.040720303285768,1.0584080583590116,2.8528782592659216
-1.3715743335775967,-1.4761581524652367,0.7831036525922063
2.2315049279669767,-1.4168429766653332,0.5728367371196957
-0.3976891669361234,-1.4955305872720688,0.731951384290198
0.9879628218377112,-1.2623095426662543,0.6931443814818196
-2.4114222939435637,-1.4623510566528883,0.9158636711394571
3.214488223996883,0.07169216435118334,1.8352916624295013
0.13706356350223614,-1.4742327231287138,0.7629665324902668
-1.4360752173978284,-0.4737571667671314,-0.2992708019689694
3.6206106025247795,0.46602875708846203,-0.2833697426222957
-0.07228738448593522,-0.3509560402866509,-0.40259798593477697
-0.18590001078007404,-0.19339007788782833,-0.42950010543126227
-2.5971304364174492,-0.43118478645212727,-0.24785733727263948
-0.9556817934608526,-0.45621421449429794,-0.3383009390310457
2.263911465572869,-0.34942538202636914,-0.5526340892745851
-1.7435635304229025,0.34642793452399806,0.43464068224595626
-4.052116510395332,0.6392165363749691,-1.2385133744733126
0.7958114419435144,2.6671316549855733,0.49098716086978256
-0.21469407087606054,0.8803293376844364,-1.0713907941444698
0.4664042519810726,3.6348245105505805,1.452621602401486
2.045358585349411,2.551926469930991,-0.11720930553332921
-1.884640091816394,0.530122322346486,-1.3150275299311616
-0.5838022447550391,0.696279887487417,-1.3612176427823623
-0.31122552011842697,0.4998182214028445,-1.3239293414489797
-1.185532863599694,-0.15502214047468468,-0.5419909959972863
-2.0267437345717916,-0.12478720216732225,-0.5039321025202497
2.377671332603999,0.7673521899213318,-0.23984637366563613
-1.8352563787432525,-0.10751913165219369,-0.44876262845790593
0.22600078944068627,-0.08982211672978449,-0.6933180963495952
-0.4913787155304041,1.435192123608316,0.7636084789425046
1.198107212119951,0.01608957495846614,-0.7624871679442088
1.6675560603078554,-0.0767634794320043,-0.7916027429998594
0.5698243164341461,0.5601707815544491,-1.3040939130212752
-0.2437184552917041,0.42524655684082974,-1.2303242114570425
-1.3871313875768003,0.5936533339512186,-1.1982333522509863
-3.007465253249634,1.566154260603931,-0.05307761701844458
1.8385066874174714,0.9545644352954871,-1.418401423209564
-1.2597363874514182,0.4341532663019197,-1.170892331918144
-0.14892293974064047,0.4381489991375002,-1.242699572643675
0.15725197319030845,0.3735533089782021,-1.3040855676112506
-3.2929332921416834,-0.3918811136464901,0.19323893134674963
1.8780416301911989,0.32503396018253555,0.17101791789979975
2.6279129633288645,-0.4035322234927471,-0.38131964527030265
-1.529593752228946,-0.4980191896457859,0.06485363543143419
2.0296066244530717,-0.521245469897828,-0.25354844484765604
-0.04637625668266954,1.1330249478034795,1.630483618542694
-1.8803218764826675,-0.6373259686618714,-0.06941218118285179
-0.21982942963327545,-0.5367176773263238,-0.17913375700152792
0.656515829161493,0.22215124199514277,4.12512016486048
2.925460115729225,-1.9555699417912566,1.9979613957563913
-1.4543259102492854,-2.435431479473615,1.7930365368241687
-1.459742082411917,-2.3030855893791107,1.7710553662712034
5.844631014240827,-1.7940967186541517,1.339414158290782
4.516521121148786,-2.1965290935153226,1.4614505267596782
-1.5460417452763169,-1.939757637633574,2.3007138305287045
-3.6434173282625073,-2.333130968948841,1.8746351604214964
-0.8518033095428236,0.5996760734436732,1.0211655296126103
-1.5296115123169565,-0.5705000500779914,-0.0749897256596811
3.5662166416815686,0.01761722330989146,-0.5137887422225264
2.063421026470766,-0.4159873832865346,-0.36460272405206695
1.1372744847854261,-0.47744786142081924,-0.2444496702563378
-3.7337350261574453,0.8097067528908767,1.2422155826630543
-1.0380669893149237,-0.6514917096726957,-0.14054278531399267
0.41703047323830766,-0.650160447593704,-0.2326233801612074
-0.5682551335028737,1.9620468222563312,2.1487650194778105
-0.7417182035238187,-0.5536114713126525,-0.25631810814914785
-0.3111629677745187,-0.4486462773898615,-0.1103377005416337
-2.0812654674079814,-0.5252988826991498,-0.18749753905940467
-0.2171392666848399,-0.4389111833714749,-0.12081337369472356
1.6548077828180547,-0.02628275332425202,-0.20577250007892162
1.3134375247666563,-0.5303198128816538,-0.3210766942019378
2.4020360321743373,-0.14810308112202056,-0.4474718486730017
-1.0051639423875494,0.7113208840760994,-0.11461668876926864
0.9334262102782181,0.114258189538266,-0.8654688801137337
-0.7971114559081994,0.4684844510810056,-0.3045973601383813
-0.8297049767052336,0.008399426458608947,-0.7474702443029873
3.1836817074238803,3.5460868038398554,1.57715726829935
-2.028030982926548,0.018403870642592704,-0.7544611230121769
-1.180156698192454,0.4798640128232289,-0.287482627044476
-0.04732885563830619,-0.024962376715800812,-0.8557169439080984
-0.7073690972603492,0.3383603426313894,-0.9579298930955861
-1.554841279857352,0.2378881130979302,-0.8982616995041348
-2.5091625097608596,0.15754534743080523,-0.8733644462817676
-2.015734375891586,0.682267576700439,-0.4167756320897822
2.5372838894665204,1.0773948545929788,-0.7702325882017331
0.15057169007001006,0.35995416965138827,-0.9478599015456755
-1.9933328795810017,2.508278736570625,1.3685959073563234
2.047558702319732,0.725972231967474,-0.9077724737449134
-1.043019328791975,-0.3318819792516723,0.25695062301596994
-2.509203891475176,-0.681411974763393,-0.0018130867024370816
0.28238089111570935,-0.5076361677815138,0.03719411565893519
-1.5014441901204798,-0.2424354276623893,0.3158613149238314
1.48255390439235,-0.5128112481201439,-0.14152016982393464
3.51198509487173,0.21769170971561141,-0.12742426583694463
2.017092734384561,-0.46825054702637986,-0.22751276431237438
-0.12946749022785145,-0.5627694062940035,0.015416823593862771
0.9520767424408642,2.8852275866506063,0.8873520792069077
-2.2096711693059308,0.3545389305088128,-1.1112272665819478
-1.217157438040702,0.396555795471082,-1.1199629868327161
-1.2555300191365122,0.3412128673482351,-1.1649325512530595
2.675225868330789,2.7852427506477633,0.241833468255063
-1.701998602357423,0.47333110232656733,-1.052272191636779
0.20727190869906773,2.9784799712296306,1.3240650739716713
1.0529905718176085,0.5391510101842938,-1.2896138010639435
1.1750941635425438,-0.27574644947024307,-0.43856463353818176
-0.7229096844629239,-0.4085375074286746,-0.2979212973842231
1.823817723505309,-0.40379411560112605,-0.46049576664769565
2.1215386908664042,0.06831349112524297,-0.14587231591583047
0.10575695650062308,-0.519253349976183,-0.3391375930501918
-1.6443600917195371,-0.5182821902704665,-0.22906334731124456
-2.409592305761654,-0.25751757074654325,0.06241671313583008
0.7977274549585225,-0.35240006613794356,-0.3460914559247612
1.0208843628406645,0.9881528266128806,0.06868738788326566
-2.3995133917224454,-0.03464321831137754,-0.6777312970598817
-1.1127987116407707,-0.062093032411592315,-0.7443857910993471
0.8264018901603422,1.989018777470456,1.1073613190577478
-1.3891387844319272,1.558144436324977,0.9387148697216963
0.8500739324342139,0.3160991016108747,-0.635361445150635
-0.814875768725079,0.010793537624828282,-0.6478520801396799
2.1809418569994854,4.612860597083722,3.1452408773248743
-0.9020620375604619,-0.034674739695607026,-0.792075640956658
-1.1660716672999165,-0.013794391963652532,-0.7865643411526237
-3.106250360771561,0.030436445986195923,-0.6878665812079432
-2.2061829273746563,0.08719243613605607,-0.6211618775537139
0.24352297659481317,0.12697095035655717,-0.7199872199044163
1.7952107323303388,0.13949003125322695,-1.0063014703226585
3.0407690550904762,2.3237934838128673,0.5804998180791243
-1.3646567683105586,0.13276630157854724,-0.802702550442382
0.03222060111766055,0.06701086218021549,1.1859700984278516
1.9303507255036825,-0.7425427811407789,0.061529527085864365
1.2107834070826684,-0.6867947418115171,0.07844670469356266
1.360434992376855,-0.8184744314015344,0.2710935382905228
-0.5414777940946232,-0.9766655845635326,0.16907980222088437
2.6492391720280173,-0.06732292592881309,0.5021452441226575
-1.9053846576407842,1.6888067952343766,2.819881775107306
-0.09486346607216271,-1.0168295550849598,0.1612376554141844
-0.3061162708583164,2.502039414616436,1.7565350594110365
1.7530487958133343,1.2626340922319588,0.086663912598443
-0.831354036123631,2.60418418696008,1.9657894810076646
1.655515423706826,0.23209893579695576,-0.8914556331567334
-1.6861643218543687,-0.09593984317020895,-0.6803068757669429
0.7261173150503526,-0.10508601890901577,-0.8279201164571146
-2.383292366956862,0.9384342382876109,0.3446021581623596
-0.17069542567129878,0.0990600126773563,-0.754298842601317
-2.137966969939668,2.356925333933975,0.17430729309525833
0.2835340111315172,0.6929627361164558,-1.6225792265086816
-2.480620860350575,2.420088867686829,0.2383801450611489
-0.4054401438507848,0.8989796072380485,-1.4855707062035284
0.5290827901831354,1.5191739185574968,-1.060732767270884
-1.1024756456775227,0.7295614460244964,-1.4768538722518125
-1.7605016892333056,1.494117067666541,-0.6925287621753812
1.767106085154584,3.9815718865782275,0.9713201380662366
-1.864543343341793,-1.3333183861313698,0.7498037210463434
-0.7672645833425483,-1.350352914988952,0.6910353327724599
-0.7744517415350591,-1.3427930114101965,0.68695792406645
2.140644263991398,-1.1303603521855117,0.5936547552525115
-0.3956499852173292,-1.305951889415834,0.7211527093230703
1.5322392612858844,-1.5192583401763198,0.5591350403753096
-1.3740576444592951,-1.323743017684109,0.7149435063739301
4.6403966265964085,-0.5495850873783914,0.218100438873975
-0.6817758761434888,-1.2606075911836638,0.4939009778485187
0.7221689886500252,-1.082713951761082,0.4356001842861485
-1.8163422229623232,0.9539748245299599,2.5754032052911895
-2.990132775515931,-1.1529070048746624,0.6577830323469375
-1.6311540437557905,-0.8341918401541526,0.9400724949049164
-0.0831801480791053,-1.2729645084858883,0.46203469338094455
4.185505768433772,-0.770237834642519,0.14801695478131247
3.0916737247262733,-1.1367580143719307,0.23710432366190096
0.6515087736309162,-0.8639543690556173,0.07463938401362982
-0.43805520714442386,-0.879342881432943,0.18041590590945022
0.07652658851242551,-0.8617657105906389,0.21463724207848783
-2.761096401361828,1.644178066749201,2.738127263798329
2.611698587687913,-0.5086651562706815,0.14618356735099453
3.217800931709755,-0.526510696749003,-0.16896591631539687
-2.288441599045466,1.2571565004285241,2.3767746100510996
1.4411491946090962,-0.6747750384487378,0.049628896093470334
1.144784212238297,0.9942110934543971,-0.6012087523931153
-2.2990332399308895,0.11878327550191331,-0.7541971087955299
1.7403697367850135,0.22647477624279727,-1.0943787053190068
-2.173968253446343,0.08636407766437333,-0.8209017217434821
-1.2138495258167605,0.06892351194622502,-0.872492383436205
2.56629037705092,0.6505016765323149,-1.04485029984306
-1.078679176227658,0.14343921939071627,-0.8436829513496877
-1.6733948746900698,0.10107514066702149,-0.8592892264726755
1.2201592822611018,-0.1646989390587666,-0.23345351483746538
1.4949612850683982,-0.45017194112186676,-0.3028321874197026
-1.7390710995256882,-0.328401511992395,0.09565282590585834
-0.004891691094334835,-0.5881916614969785,-0.2586823521526514
1.791719871300858,-0.4658210335226499,-0.31307339357836833
2.7905708092906742,-0.166353756398458,-0.43738743086120385
-2.082674317163692,-0.06477703134058886,0.35970125693116295
-2.944846045237285,-0.22537702767712642,0.1932383066558493
3.4929775397969167,-0.5076482309250431,-0.11256210482804256
0.14752626146683914,-0.9256697019041377,0.17556842546073229
-1.6491855219038782,-0.6684875229106294,0.45959804621565065
0.8693054120422596,-0.7449018451190699,0.0839312141775171
-0.7426150640080543,1.7782328948134571,2.672052531228563
-1.96144135626091,-0.9051679044880349,0.2217438113057813
3.533595377225814,1.984068913482197,2.3133060202394273
-0.6634264277944846,-0.9309278443343836,0.1535249080832149
-2.3276283184161533,-0.9588920247160359,0.4151184043498754
1.8630011765452061,-0.7428125898947227,0.3918819354713615
-1.1244326521178103,-0.9499258867171776,0.410718758613606
-0.8128541690098584,-0.8836940406391606,0.3276961486841539
-1.3703479857419534,-0.9181788992697643,0.3055781413522435
-1.0481249615948223,-1.0427820237795362,0.30256241219816543
3.127186238021927,-0.4745417154573899,0.3714026418926768
2.9361410391221865,-0.8597241153224688,0.051388620815416106
0.6095931825145551,0.15451370266505096,-0.9892916299082083
1.8326743278200408,3.1250445434153558,1.4358825024924502
-0.6058903061268709,0.3166559783376108,-0.9498745308944803
-3.372329392810892,0.24412557015008837,-0.787433395740308
-2.0235329843933667,0.18830976539519828,-0.8405652928242028
1.3724533347414494,0.4117578473199621,-1.0768626831455999
-1.198030190750638,1.1651934586808383,0.11898037446398985
-0.8941434031324049,0.14035410568715273,-0.8872143527910661
3.7818485970710687,-0.8126963551422928,0.2990793776487651
-2.149298594048684,-0.2546059219781962,1.6095709478086535
-0.4252050763513222,-1.2419708379941339,0.5712505125981284
-1.565718201366979,-0.4979400202945029,1.3964633535683861
-0.14841557731540844,-1.1297831203934745,0.5424132301597125
4.223098766324633,-0.740315789312093,0.23423609815179905
-1.7651300874586289,-1.2743330607177845,0.5963114658996106
-1.4488409753482963,-1.2828959317003619,0.580919411368389
-1.7150779399894647,-0.47728319580012235,-0.2598007060603814
-2.510495791505507,-0.470062460607098,-0.2149595731284248
0.7187375086113661,-0.354589762651108,-0.4304611593640609
3.4087709545240505,1.6322078778303497,0.8639154544487602
0.1559240246561516,-0.5183576560380148,-0.3568528716069715
-1.7293865335613525,-0.4243743990661313,-0.21073597842432
-1.145704639331146,-0.2852115513227542,-0.0925917706858212
2.7305389790312193,0.4221769000338881,-0.002099966936700111
-0.05467152090041898,0.4450611567719625,0.17486211384187408
-1.0179102384789995,-0.2907461604083173,-0.5222251701455355
1.1758880230082331,-0.02076635238925242,-0.5245792586683253
0.7168067041362441,-0.1841756338172525,-0.6392043933929596
3.0088947832312622,2.8178942670676377,1.5217432271414986
-1.9023972549597061,-0.2642651781078486,-0.47977160952011816
-1.625583229412594,0.6325484989225508,0.4045675288977319
-0.165270541619603,-0.1071319728435592,-0.5471537074355389
-0.8973426013578224,-0.33294633861978146,-0.4943069102214715
-2.0365095104059545,0.1712133477619238,-0.00036146968607085156
0.6249717369241077,-0.1323557991720868,-0.5719294164431474
-1.0345942182816665,2.2955699074784173,2.023462295406178
-1.5396458855726465,-0.26838694953183084,-0.48647485221810055
3.070955628329645,2.8788516162258553,1.754218703760404
-3.990421670086086,-0.1472517822913473,-0.32327960585665844
1.385794813170106,0.8946783858788149,0.4408497054572748
2.22355992329019,-0.684711011500003,-0.0859620017147816
-1.8450965768861711,-0.6946032130619908,0.2820903107254951
1.2249371525873047,-0.5630378592561702,-0.03816353127509359
-5.384976045995283,0.12390072920439786,0.8320397582592198
0.8009256828961127,-0.7778341953821164,0.08232999827470651
-1.5114128893932528,-0.6005297453876625,0.3643686933265594
2.8745080479323835,0.31899405677832315,0.5849515523036073
-2.401121083971732,-0.8098857287454057,0.22351973077029547
-0.981705397035173,0.09877397446413767,-0.9144813488514202
0.6900472629760911,0.38356443332757256,-0.9980569148963189
-1.516142444451649,0.3221090654115204,-0.692111714594254
0.9122405035923593,0.17296294590987804,-1.024914488841822
1.6818505611031167,0.4502364693868328,-0.9884679584157054
1.3951849160608762,0.32173374232093344,-1.0856720815645762
-3.407284070026735,0.15892102293548258,-0.7961555513119403
-1.710340545622173,3.0899459192236556,2.0599620574098014
-0.004417521209166953,-1.8731688317150879,1.1887671122117354
-2.1425284607684834,-1.7057017364428297,1.3883483840968427
4.538360281248562,-1.25313746188539,1.0258173681590748
-3.049380350277616,-1.7007778304098098,1.3651752152723586
-1.9416276104080754,-1.6897546785066915,1.4438176316723466
4.511179010797499,-1.4594777666950658,0.8307187674733253
-2.014483523254878,-0.21806504923632697,2.811198780503769
1.3122968223310552,-1.6664459901965714,1.122364498517122
-0.013234643510618822,-0.18835356995074878,0.24711824578434094
-1.5604590134614318,-0.5509969883319563,-0.07484332583726235
2.893644334422025,-0.1598767825747892,-0.3415202525974213
-1.1197708509788526,-0.6379545171459131,-0.1343188443891409
-0.6880505796278333,0.5211060445455712,0.9852368274156674
2.302443119863648,-0.3738374792975876,-0.3164120939276154
-1.7315697083798702,-0.6368474145588187,-0.09517594855300718
1.8012433713046476,-0.19140857498272576,-0.07611445900407517
1.4814190691347466,-0.722105696439205,0.0908641126948719
-1.4161318984226339,-0.5965130166448459,0.17953224993245956
1.4714011815423387,-0.6513981363771213,-0.04909819449440556
-2.213099619495777,1.0986672124722903,2.0365636807691727
-1.695474703278065,-0.7083424242582659,0.20828822213554285
2.879735768230191,0.4929955618336465,0.8336281366899368
2.8601050672407142,-0.5073044286428265,-0.1945458474757126
-3.4279789088127757,-0.4620996871197856,0.5660764375970159
-1.8482072863612966,-0.07198449236116784,-0.26947138824949185
3.508145689499176,2.691029162702629,1.41163538562705
-0.8654645698673087,-0.23547548624206585,-0.47467554468065926
-1.1980520849547016,-0.28207759402050436,-0.5054743670680144
1.5131341516195513,-0.2249327575301799,-0.6605025437960036
0.9386719900538478,-0.27699357941312996,-0.568084244992679
-0.9367845938564143,-0.16771164519366505,-0.5348059491350126
-2.166439999630741,0.0452041366789137,-0.15894898894888676
-3.0471632766511827,-0.8864992770125728,0.7007937260386767
-0.6135120046525533,1.4314579664503784,2.9178802084308515
-1.8321152784647556,1.3753094352709645,2.9463558198764668
2.9459232050166597,-0.9050123290405311,0.1266113788800958
-0.45792219360488723,0.2764928262343704,1.8367861776400245
-3.587695160109723,-0.967713963525439,0.6258469538352999
3.65298994706279,-0.551239536320836,0.14400141795699875
0.6629025964951865,-0.39391708444482937,0.9453900815150109
-0.6159912928525549,-0.689957356534987,-0.13173920259256927
0.7331139253887443,-0.6966816213279565,-0.2137252635370542
-0.7018377446390373,0.30079865190748956,0.8790259280599717
2.186411712725271,1.705909387445194,1.7303756579191136
-1.985619085211607,-0.20259155666377443,0.3837311899579389
-0.20114539525153,0.16460338045182957,0.5082413382536974
2.0408733216803943,-0.5166733534105764,-0.34340329995526075
0.1958088109508146,-0.613960125654521,-0.1752249777271936
-1.3571148043375925,-1.3108717610215277,0.7054918179856502
0.007917467543996009,0.586733028639819,2.339266305767675
-2.6505337823288864,-1.2857567791522098,0.7738570796318155
1.0442949506258363,-1.211555428482514,0.6252048096752846
-0.9723554419465023,-0.7955488394174131,1.248101206610646
4.074573261064625,-0.47317132353028374,0.6457756604667452
1.983149895021101,-1.2983327761111867,0.4565778303157142
2.494711380519047,-1.290158734884439,0.4964757840445478
-0.5373377823051736,0.5970062596415513,1.8200854937887687
-1.0761472194462967,-0.9902652984934699,0.3221234025781526
2.3178535323395635,-0.774646170846008,0.015524306527442452
2.8049058461740835,-0.7071368264179632,0.026226608349411117
1.8712493191912059,-0.6868584320265128,0.07481142795579687
-0.9753143708625013,-0.9814857443610921,0.31186456729106743
2.873741511710596,-0.628004083560216,0.027328082907786842
-1.6887306322125186,-0.9217689597882449,0.40114036752233756
1.5167973499150609,-0.6678717595448451,-0.08532518744739116
2.052198873406249,-0.6416699006547067,-0.13222491966741848
1.0474018495689337,-0.6408891581661572,-0.06858717631547674
0.3514869144450031,-0.5738013909468251,0.015473155512232061
-2.014789148086681,-0.7684665389411255,0.06615243584478792
2.7672362004167983,-0.40577944716177633,-0.1764807054258851
-1.235858555179738,-0.5908869124898646,0.04849795867852413
-2.049464197517842,-0.7767031605807277,0.07274527213925133
0.03881418082558934,-0.082902861758184,-0.7976529253928464
2.3149202455931657,1.3730111072098112,-0.035268959004452614
0.9582211086412549,0.5575569680949799,-0.3045333056567421
1.3201563068359219,0.2407157051341387,-0.8754450632126338
-1.5352735841173382,-0.057499331438580846,-0.710837010481072
-2.287765570341126,2.5839902216796546,1.9142797043948074
-0.030431843747842986,-0.09939070996909669,-0.7844639385495686
-2.8993373456454434,0.11712926449057333,-0.4884632137517398
1.6705466552380308,-0.019697152134835968,-0.739050610666439
-2.872893101276055,-0.22889657785284684,-0.4398098492416815
1.3723587600539575,-0.07298610724415155,-0.7393099172309143
-0.414605539719882,0.906566662961435,0.5645564493476575
2.3001804326359494,0.35467540599780545,-0.6220707893540041
-0.3575275649737462,-0.10782023968264413,-0.6136461328340819
-2.918842655081967,-0.1846501819397841,-0.38405566448933665
-1.5338793543454137,0.14679681352309193,-0.11056005382480312
-1.0869711889910745,-0.341794307177556,0.07749775644522507
2.6725609619923083,-0.3419760351244389,-0.44293107988889496
3.10026601047654,-0.001503965472516101,-0.29582063162503003
-2.0530245302634924,-0.5780251570933644,-0.11870250004336882
-4.058843597661889,0.03860207805342594,0.520704916047263
0.7849755370794449,-0.5452276497994426,-0.26584374676755307
-1.7508980488971477,1.9916886412667971,2.402539719616327
1.6621921881970747,-0.45734031862339103,-0.29127213515952755
-1.3776900906366358,0.9420924398337279,-1.3513273476031478
-2.086167140649374,0.7201033870978888,-1.3905709901558572
-0.815961957692962,0.6982460387400544,-1.4596754970278873
1.2872321279074372,1.1879826431384082,-1.4188558886218554
0.8608432029659061,1.012111607811665,-1.663939629840208
-2.1481385017380554,0.8142233397125634,-1.2838823686709924
-2.7025582093148106,0.6856129860881703,-1.3347047775368934
0.6386412283757674,0.8279568340747405,-1.5716562577234778
-0.2982621494347131,1.1954222708522868,1.1878057990293749
1.900904502456341,0.35621335919824004,0.1644883843470019
-1.6984196044557627,-0.442749108215997,-0.19948532320116746
0.17499155554391782,0.8130550769464309,1.0064634000847732
3.72485072845388,0.6903175375465432,-0.18075971984052283
-0.6352724100035116,-0.3975417303393408,-0.21366878108162898
-1.6440985556438996,-0.17948955591981747,0.04022513237132839
-1.1855630648658637,-0.007896084949741271,0.2250713603277009
-0.6893755989711446,-0.7666892008692956,0.07779872948736989
0.8610595758896565,-0.3617031068856495,0.3791444602683524
2.4556894084924177,-0.6590589656952858,-0.1288376038261208
0.07432563552831022,-0.8435927523249566,0.09942812328661799
-0.8650770395044943,-0.013089493737785911,1.018091673359366
-1.5919275061691611,-0.6147547383601973,0.3890876341914728
-2.326022599729138,-0.2910805087692378,0.7214583121582778
3.4840963470488444,-0.1685467543900327,-0.020836293752486957
-2.0273309633340904,-0.6442648642077589,-0.05724189892254976
-1.4847957137740442,-0.5714389061609375,-0.05246980453232156
0.8217046346130708,-0.5229007625830216,-0.06977408962871084
-1.761009084480301,-0.4353578312111113,0.01647678143252174
2.570989080144991,-0.41656162054273227,-0.37012912529475145
3.1814874046143338,1.121388735706542,0.8909830031449898
1.4238915841607047,1.9257167503445263,2.2363871261420702
-3.0619866585777444,-0.6327426840099756,0.001596459507030117
-1.973519076206735,0.6960337800254579,-1.2882077932967115
2.2150476361455516,1.4054995175385954,-1.476933865827739
-1.257253269375095,0.6046702178183929,-1.438458834673723
-0.6743990289748734,0.7031785519564648,-1.4791652345187305
0.3741415637976959,0.6962591959468931,-1.5414099602943094
-0.3840835253942442,0.6241269380251792,-1.4279038757377447
-1.744977241015221,0.6276735696887582,-1.4184559621704547
0.5112009686148412,1.2432763332686148,-1.0004669551201149
-2.9004457061952134,-0.4961610399739966,-0.1256344707393974
-0.6895166712432275,-0.3041350616168449,-0.08748227388316554
-3.0959023380775323,-0.4735176065482689,-0.04962588639622052
1.4263803095780696,-0.5458941566258715,-0.21836613956800743
-1.980320994688728,-0.5160501784806126,-0.09434156168291413
-1.911335690468265,-0.45845187195138526,-0.05224566561677775
1.7494242268960525,-0.4631736009174684,-0.3866562391998805
3.189565984202526,0.8609625976792641,0.44878341308990655
-1.5956967185349908,-0.41792625713232984,-0.3247373804396102
3.8192452233002414,1.926476592454103,0.8561679015754466
-2.496289509612781,-0.3334523423401311,-0.16111358185514715
-2.973362285566971,-0.2479402122032342,-0.09894820127529097
-0.07307754931580024,0.2666777635032329,0.28586588631235293
1.560044683570799,-0.39082945003645053,-0.49344607776140104
-1.3513115141934737,-0.275079436238763,-0.2621722715627434
1.7038277217957714,-0.3092516772159797,-0.5442221817094272
2.102441324559019,0.30814462763298167,-0.5577866280858931
-1.472141419829373,-0.19232352814800568,-0.47182757947386017
-2.815980553569622,1.9136990621499708,1.632964939581444
0.7389825106940561,-0.1533306494162999,-0.4786992687948839
0.23688625041799147,-0.13476820864595038,-0.5631339909519242
0.5588288231258995,0.11537483175682872,-0.40867962193245316
1.3785689946717021,0.24942936423325884,-0.4822519667860406
-1.0035743800180756,-0.27336637468292163,-0.5361880924547835
3.0536200071668875,-0.5559434537805941,0.25976095579769465
3.364110208653972,0.30661687190234277,1.0080952549107511
-1.8442396811117066,-1.1027965475344443,0.40652797345529995
0.6573584592678864,-1.0487867266999804,0.2683654874202405
-0.7361131468282284,-0.3923632263663819,1.031769104578202
-0.811388626969993,-1.0089881285754665,0.44474865151863596
-4.28895854522589,4.628128072549479,5.935374486803504
0.4801495927599357,-1.002592284459552,0.4373894821274936
-0.37802214217060554,0.12343724960357559,0.12852490607476147
-1.7209107367862508,-0.22202175737325258,-0.2138693072605823
1.599099022379836,-0.1078111152901974,-0.4659943419906023
-3.659413326515885,-0.24707123844948695,-0.23340160891069917
2.9458156745239803,0.22115213203221648,-0.5218818981777108
-0.8122373383085258,-0.29624638740871295,-0.30892156958941014
1.6355960680041617,-0.28231685270508156,-0.5002408505472314
0.4625259471509293,-0.1791434776468134,-0.22162269924269484
2.837759131225654,0.1250695427096233,-0.7348238443315442
0.4721151927732455,-0.38728909831319275,-0.4301764452200597
-1.3906168319240035,-0.2849279696513353,-0.36512461111370953
-1.1183974328369666,-0.14942593655835326,-0.14965057048023442
-0.8732151334475167,-0.36299689630467386,-0.43370277993108763
2.21009145763896,1.8634675192203043,1.2710290791885375
-0.030903475600331565,-0.1930585839037157,-0.27172080829529927
-1.0504935571729714,-0.38725397279803603,-0.41048422808496454
0.9740849054385834,-1.1290231013029255,0.31325105491557687
-0.7435303111495761,-0.8665623935219932,0.5901781797468659
2.416526327447168,-0.750812257855229,0.16688695027747502
-2.475591831323467,-1.0964239619881684,0.43783134312187055
0.507183521905554,0.8729155198281993,2.2671363443533683
3.6272114592323206,-0.6623522514643908,0.04482951142247412
-1.2641352289095478,-0.9835397453448964,0.5308112730188188
2.93690442827134,-0.6915584505119184,0.2841058463838411
-1.8344946233748474,-0.6142687150514072,-0.10735931817830621
0.5243698210307349,-0.2414685751975117,0.15873211937063328
-0.1464555235748611,-0.6853538607334003,-0.17752542031913046
-2.2229841045998366,-0.5643269409128493,-0.03320050522480459
-1.566506177663285,1.746805375456584,2.220487028560446
1.7288328120411656,-0.49192293126500275,-0.2732202809211844
3.1574366103119407,0.03096522967064162,-0.31225830597767906
1.3941233506537614,0.8363987940223919,0.9294326793862353
-0.6918321870525702,-0.7794507707149488,-0.022384849209410217
3.6451176493528687,-0.04964051567212422,-0.25892090428871606
2.5410951953005734,-0.3671054690959387,-0.11871339735705773
0.6274730955925442,0.8947623178123963,1.4272460471098616
-0.9432123456725888,0.9292121578940096,1.6119285750220722
-1.0910031836474263,-0.6672822190751032,0.09518139639895339
0.6123739733969003,-0.8126308540280142,-0.08655805907860747
-2.3261323212956193,-0.6241418880023344,0.15000877060744003
1.7982470020744095,3.2500706079869337,1.882989131316486
-1.8456940155412294,0.025721643287756044,-0.7867723483325513
-1.2581628324480476,2.5534084228158713,1.6608768480892122
0.02391887512888459,0.17388010612586918,-0.8600055882310931
0.3561150621294007,-0.012850391505502988,-0.9064513075845987
-2.5844028839254287,0.13333731414004218,-0.6449330742258165
2.70510543450212,0.5755822125375162,-1.0677500796106594
1.020569716048449,0.21048446894716422,-0.9407723035838161
-0.7155133950102288,3.8271932888420577,1.5298583107082926
2.4069879803422003,1.9602246952620022,-1.2320246630400205
-0.7820495125507272,0.9551393541223602,-1.4099992030166268
-2.4351696633833164,0.6909669817291687,-1.4428312141845394
-1.6209269485819755,3.8435082960962568,1.5793425301425406
-2.182877974163377,0.7226318797397646,-1.3991952867914557
-1.7190107429729258,0.6817661610120971,-1.4824992882271861
0.7435210434949794,0.8233593876463834,-1.6657151330756956
-0.8221655394117784,-0.7591867783500242,0.06266673372321616
-2.45380538186751,-0.7635050742998563,0.09043244585945705
0.7026963660791536,0.35217292897564023,1.0622562849807862
1.8780963075242638,-0.7217191287118533,-0.15525074015435683
3.913252050374285,0.4416957397058967,0.13626535300620404
0.9987849798649808,-0.8670678842773687,-0.07202984452794112
1.671938406729723,-0.4889755414852269,0.04056306403983365
-1.7039757185553517,-0.7741553123996763,0.049912352884725834
1.5174169448438388,-0.7657606835969184,0.004320374036411036
0.12506704313149558,0.11079029358388263,0.852688857944913
-2.46208702645805,-0.5368883183314597,0.3625138529167461
-1.4398853901750621,-0.6500207660672822,0.1301511137499904
4.035334823503796,0.13924379145785917,-0.16109001801027517
-2.3227530191430326,0.7077625563839156,1.5304247546524063
1.2666724394184161,-0.6774401226421501,-0.12938918390595897
-0.5446613468737229,-0.6515000163041781,-0.030885722906975086
-0.3667103342439385,1.7991180184017634,1.647563212339442
1.6521667082645781,-0.16392696212698876,-0.603723915758018
-3.1144276405309763,-0.26091602608267844,-0.3786212332074729
2.5630413647205987,0.17258176347770574,-0.665925046798401
-0.8860150217074284,-0.30800672999132284,-0.41522008351106665
0.5725813243094529,0.2316261254137884,-0.13283486035712352
-1.168592572263225,2.0569182090480336,1.867637674564352
1.1266392623387589,-0.15199687280939791,-0.5753035653799297
-0.6234349352066526,0.0680790186067467,-0.8938275972238651
-0.7754943231763683,0.046834226346538964,-0.8736544761530132
0.20426991724578827,0.26657560852238393,-0.8512359780559497
-2.426449888225002,0.21934899942093877,-0.6311039321072083
-1.1879888939367396,0.24302024098321623,-0.6459261497263413
1.3023374636070475,0.1753902384387687,-0.9503271433314925
2.4905638141493416,1.5037474602654268,-0.07184992651169171
-1.7985100819959525,2.1570634891828604,1.1046622509217934
-1.6841666320395792,-0.2716179771640499,-0.16835071445301572
0.5266094909468616,-0.28821555359972917,-0.40474504841525294
2.1964527395018214,-0.16598986834034407,-0.52763871288202
-2.0892859729302926,-0.37204504334763194,-0.2432826387091
-1.7110124537804496,-0.42055319319692425,-0.31776677982115215
-0.19907872287335016,-0.46343980348526803,-0.3911678628634942
3.5264813778059425,0.1885480578257679,-0.7010586312633439
0.3612433693804668,-0.048093716401614514,-0.21532929274844465
3.9799185899602763,-0.4273217645576906,1.1219337464438897
1.3965643973086885,-1.5934661320500676,0.6858219270832446
1.266675854238927,-0.2872890480338293,1.6289247937689992
2.5348347033865073,-1.4601813647476516,0.667167368415701
-1.8395471792824738,-1.2972345382150527,1.037416571388632
-0.15225540181133773,-1.362916558562633,0.7857600641096537
-0.8598374993575113,-1.4668512174049646,0.8359643607146754
-1.4794110180450804,-1.5057269536122282,0.8195664862474512
1.5143456379436901,-0.22564702822661295,-0.644320540082097
-1.0700922516997304,-0.31389101581339984,-0.48185636131859544
0.9334220976271952,0.07678898599057472,-0.5649988253002078
-1.609939523718245,-0.24577489509544356,-0.406295907534002
-1.534798889243489,-0.22683858968254633,-0.42122144656567645
-0.4905680935249412,-0.15574381971150536,-0.5530082297418869
0.7772893067964595,-0.1903743330656641,-0.6144904358304115
2.7619119401727223,0.16515856455969896,-0.7554519601710731
-2.3039056566595852,0.536014534372397,1.2992196104815446
0.4051228974044368,-0.7875055163946824,-0.08125072532914249
2.4050266853115154,-0.5540164174372512,-0.23513378460060314
-1.1106129273913172,-0.7261507837826101,0.05649495530396188
-2.219919233295167,0.04470103312700258,0.7893719064933256
3.2844782010825964,0.0642422965864464,0.043624917052255574
0.9321302479857552,2.1498899681146435,2.403024916265402
-2.9253486748413606,-0.6125904911641877,0.1875409104207575
1.6568010782719234,0.5741716455844333,-1.2196151353614924
-1.760064272344163,0.2829356522493084,-0.8718591433466208
0.3881370150954016,0.8447620806625631,-0.46346629090112823
-0.3247625069169242,0.46625589669966383,-0.9349341733977762
-1.030415330830219,0.24059485686099685,-0.9721636117073953
-3.437756447462038,0.3458077840598765,-0.8018123851622302
-0.6341636290796058,0.19283945477432288,-1.0479995026342541
0.7384459653481593,0.5081790169643158,-0.9471914133522114
3.1769023682917386,-0.46201872251214404,-0.1338723604746343
-1.5948388708086876,-0.9035583262441982,0.17849309066832394
2.648130906481637,-0.4647586220352847,0.08168409013257928
-1.812495689996941,-0.8793557764314657,0.17970769997712266
-0.11295485903443749,-0.9553306390724803,0.11183213794694716
-0.6321743351571096,-0.9180804913836316,0.12505923391394985
0.5680831828290245,-0.7310472968202845,0.0761149747815497
-0.06898511800511414,-0.7198427711202309,0.11060463004029009
0.6337526149462441,-0.3518612539208158,-0.1344824315595168
1.08935864966459,-0.4788039637102285,-0.14287190033780645
-0.6164612961627957,-0.48107664869326533,0.07021978907538864
1.7039581027279647,-0.5886570879312366,-0.2771178498823763
2.726177153276629,0.3066545913995581,0.2287737607832612
-1.5530972020680223,0.09625349625572896,0.6653582424623392
-3.3066689377350422,-0.3490614934359755,0.2435575495058493
-1.5013277716104336,-0.6581458007273752,-0.08542027813602988
0.48763345813290887,0.3234965608669878,-1.052435869747634
-2.8207887372327245,0.28985448603870484,-0.9515795566215939
1.422525774628573,0.6843028713477372,-0.9473508394197534
-0.19307746930281952,0.20596404734639662,-0.9956030589174957
-0.4313555213262742,0.21496273717874323,-0.9094125270719405
0.9516087189661355,0.285891340532278,-1.1376606974994423
-1.3755635157963926,0.18582099181288583,-0.910684105805396
-0.6073130457615206,3.292359358559198,1.986417617462944
4.821405516940987,-0.9066359425992158,0.978661020474722
-0.8709075381213229,-0.285767786902167,2.5729682863577805
-0.7988790721966232,-1.7490705996345646,1.1257009795929713
2.4826532242217563,-1.6689083510905987,0.8488746075402342
-0.4524467878184502,-1.758587857683049,1.1093445703506117
2.9249274887214947,-1.4211558705580953,1.2236491743576434
-2.7493971375405346,-1.7132157942368997,1.2298422809708909
-3.1245805472804027,-1.5338586672606056,1.386147200079376
3.8008286092840544,-0.9262387366431966,0.312698172316716
2.7915596758877403,-1.0531406136116601,0.3960779329110906
-1.3493334744446195,-0.7427522221991425,1.2389433618428638
-1.6511075783113227,-1.3372094466859286,0.6547802166231911
1.9182169550484953,-1.490329745481208,0.5066832495151642
-1.5971520915369262,-1.3366735244550894,0.7267369087416795
0.17357726790193256,-1.0806412472943392,0.5756259460864044
-2.49180292806928,-1.2644632933701212,0.6678400620389884
1.0093844886721888,0.2435041454241441,-1.0788856200345327
-1.4245078747166393,1.8434361981632423,0.5973985911867205
-2.225879727658956,0.13870475192194648,-0.8693488884123296
-1.0064362604178658,0.7778775045206703,-0.47007442901953245
-1.8663337612237467,0.9384851069221672,-0.09103724909587202
0.20122239095965794,1.1767426096558646,0.03498353519602989
0.7909728102897985,0.2628175849420253,-0.9997595079906941
1.4245101377355442,0.42976330801315155,-1.0788126552092248
3.0484869784961237,-0.8530684973745913,0.549069885574822
-0.9133139230306598,-1.0014807609350425,0.8581765320018955
0.7213646884042161,-1.1106803274081134,0.5553241681084848
0.7269909297897504,-0.7882237401725104,1.024919768715107
-1.9361465514859368,-0.53678577619358,1.3649991373545995
-2.9741551700078,-1.2915814244884636,0.6828491984388846
1.3213367363818767,-0.8768337480442586,0.7008651674082056
3.6112200586797507,-0.896168363661017,0.279301759947366
-2.8692862858471564,-1.241795435026224,0.7337873834022319
-1.5022563717260413,-0.05234440630784376,1.8543312651934891
3.805576620990742,-1.0235390357123852,0.21544801045984024
4.61959148419598,-0.702918726997247,0.16748077004074244
-0.785234947848031,-1.3671536952181735,0.5916262976559169
-0.8822692594805054,-1.3205704176937878,0.5735909423619214
0.9322990029594894,-0.9855699433522759,0.6360692031246155
-2.835672118459678,-1.2366855962923864,0.7290850297602071
-2.073676953874435,-0.19728162558453416,-0.5295565184915043
1.1716066460664216,0.20949421271118154,-0.26210952604308724
2.03542998318506,0.18319717797835078,-0.6647546460149439
-1.7782234728857167,0.29298523261955906,-0.04271115946926714
0.1959149605225323,-0.19118924297373463,-0.599480808238373
-0.4710471517261851,-0.1082073158102744,-0.629575135849897
-1.2008548821583704,0.3821331914488474,0.02571161461255299
0.03766644824783562,-0.06687704183204066,-0.6090105385614917
1.4909201941929309,-1.3839452849982106,0.9949485814981333
-0.24347252670405983,-0.9470302947838195,1.6662837080781876
4.448076968071334,-1.173882806942552,0.643133850821238
-1.0412260524156218,-1.6602012284691443,0.9475265823281984
3.9379709602349524,-1.427194976956863,0.6078342413801973
-2.299251669197178,-1.6269504269410322,1.0093218823779921
-0.6226362749111389,-1.602738363789931,0.9675942881834569
-1.1651524621840363,-1.5044635727151625,0.9222202860716046
-2.2649518898872856,-1.3421284232677095,0.7952826985640268
-2.3293419905772743,-1.4003715829538836,0.7533331371349745
1.6550410626568621,-1.4296009124360687,0.5953008434865454
3.858984043960006,-0.9208492696566246,0.4087266372278311
-0.8570559309444197,-1.3538272398093527,0.7132445670982764
3.66401879721139,-1.0542529899442368,0.3381139783493462
-3.302002075248005,-1.2975136361094461,0.8348021389674682
0.4615432472210065,-1.2741227953325138,0.7408734099218269
-0.47902811860113814,-0.2591669603891839,0.4561249385779501
0.7523529060421861,-0.6331350323295117,-0.13847670225590197
-2.197848379009932,-0.7881841828301891,0.07731593023775543
-0.03454941193198248,-0.8276936468841907,-0.03544347793015346
2.80492144969176,-0.33320601821661816,-0.25463212773746624
-0.702070165742778,-0.6053366309359487,0.19423369384653189
0.495521844330316,0.650731764180335,1.4430593810368333
2.654250660190543,-0.3579213333781498,-0.2324905201043559
-3.8345327737468207,-0.6418622682665213,0.1964643926324888
0.3800171798325048,-0.6770925481675508,-0.07746079023607047
0.4319054637253058,-0.8751314986392282,-0.023660289601453235
-2.2097845760954478,-0.7580324980006973,0.08098404270326819
-2.739693294332801,-0.6207562759258177,0.19483577736595672
-0.5005659559785427,-0.59698289993683,0.012713209247310517
2.4841780426975353,-0.5192650641089521,-0.1682402954076424
3.7837372399177025,0.9462646745594057,0.7545150420920003
-2.1473455720434083,-0.4503992777024128,0.46754492755475463
1.7662813554450942,-0.7140733173404232,-0.049646395592653936
0.7331501206633992,-0.7456518376511475,0.13778703959170552
4.246622100024006,0.9975153287902946,0.5837698072674476
-3.3131770308100315,-0.6815245146195485,0.27845258606838846
0.45505951211169715,-0.8820493360382957,-0.001862695433922387
0.8285446146221621,-0.2780014943481211,0.5730384933039363
-1.3154079266945078,-0.7615986610594845,0.12289592152272169
2.2462179165080682,3.418500469929422,2.14805173727361
1.3036032021010315,0.05063289510296598,-0.8010464452022149
-0.8055264046999014,-0.08210494838380385,-0.5419795865691488
-0.07219835103231174,-0.24486140701485165,-0.655575057861311
0.5445036101848899,0.0902520251235964,-0.5943002368770458
-1.3533020700902703,2.4910922131929216,1.954054500483602
-0.9614808517581462,-0.14060135258970272,-0.5791479560772816
-0.793466408328196,1.8537104617486257,1.3382548658640356
3.181465685719513,-1.9006739073405736,1.1059854217753522
3.5989601508126445,-1.6129454727094177,1.2051745937106557
-1.7588255628537324,-1.9123502577990215,1.373601674248514
-0.8682977544813562,-0.6737091189613661,2.5731986657905472
-0.6013405408383885,-1.977351234668164,1.3355443820358401
-1.8527027188961804,-1.9468014957773248,1.3191674959251174
0.9789644900300768,0.45146293786057146,3.4405898440330085
-5.0663329615429324,-1.704672181668706,1.467562015510351
-0.690425983285824,0.7397515760708024,1.6853804607494978
-2.730859229844115,-0.8537053692949166,0.2097031203724707
1.9688655825786852,-0.33029863916673613,0.372861260179011
-2.098151679747103,-0.7148710630365595,0.3255600211252227
2.6453468069270807,-0.5569321288705404,-0.11253302212848283
0.6825781639658839,1.8185484618011585,2.529006904353655
1.2575861752109165,-0.6712339641480195,-0.04133757753292176
-0.1732133291856138,1.1149848593420193,1.9903170039495424
1.6688138000888886,1.740722212098489,0.7389873421827358
-0.6426886305318839,1.1338796367047483,0.75478132825704
1.613829215755242,-0.13545284382377012,-0.7335601385608027
-2.060991244536213,-0.12220665686569605,-0.40344585718995984
-0.6946790239782313,-0.2495255953485893,-0.5743033990425775
2.4037524040938836,0.16375919720481397,-0.7393806575812527
-2.09183073999001,0.7917850183111343,0.49078753728634256
-1.1160241392044428,-0.19169747274875906,-0.5031151430045326
-1.6532675056026116,-0.2690276583477836,-0.4786732286952788
-1.2313283926528837,-0.010150810082754038,-0.1844060442811071
-0.5431815536368974,-0.2682054931154726,-0.5485793700540749
-0.28450692807400285,-0.15675134120205436,-0.5760692556098342
-0.6788414666246843,0.21398114971748305,-0.030755879978425438
2.455305646589724,2.4187456308855246,1.5013766166691442
2.281763300876881,0.36120607732430915,-0.4580255616459383
1.1656985359735028,0.3953487559994237,-0.11780859114755264
-1.894155327120809,-0.6304320422266457,-0.07987819872507983
-1.050543271048972,0.7067675854021941,1.2230383283528485
3.2348468578923826,0.8951937336302673,0.6162787539378412
0.17778589606287254,-0.6999143637668158,-0.17482881262621813
-0.051710190285639376,-0.4931199890231342,-0.22036654010961576
0.5572357731693747,0.03488225933754003,0.3784536327509771
2.5180130452249347,-0.35518587988178624,-0.3318546557402562
-2.310712303699979,-0.32859859225921584,0.2448372654900711
2.7909220002850206,-0.7054893279720738,-0.07623445247961128
-2.2394290938754513,0.17539894572485157,1.3589744402615225
-0.47913879924763236,-0.9664724089309558,0.17132126993085697
0.4849934967945558,-0.7576400014970062,0.20093903358022713
-1.5709796382144956,-0.9403740181297915,0.2244900296634802
-1.039430731196387,-0.9924570105261075,0.21935263156068774
1.4857798216178413,-0.7542790457986825,0.031718237348868195
2.202885886481136,2.4264590216135202,3.225017040122822
3.099488796581861,0.6393447825152421,-1.115753921914132
-1.524789170716358,0.023942536746275368,-0.6936243003177629
-3.365086367488689,0.03252720980422538,-0.6628819662694406
0.7942035749604673,0.12016568680606501,-0.8429258272307059
-1.0305918882641827,0.2003584996598376,-0.5134152192383858
-1.0371030864803965,-0.05978331959947657,-0.7573759657452037
0.8268706929767492,-0.006177402258757642,-0.825849647636625
-3.8265778067001888,0.04202232816817621,-0.6362709170109362
0.9525167216757903,-0.0634429698206761,-0.4856883154449965
0.4998259930451081,-0.28378504569804747,-0.6182620036711929
0.41377128611388403,-0.20266372587962123,-0.5027189856846911
-1.9535922770314844,-0.21468958790206363,-0.4243626430173969
-0.17383757386548376,-0.04716015300774346,-0.5000085817106074
2.5535958286932168,0.3022863501230858,-0.7871690481280684
-0.041781019396203045,-0.2582152310657701,-0.522039499777181
-0.7652209318641315,-0.24627327301494817,-0.558614564289355
-1.7744484620978833,0.20837876394335786,-0.8912390926587149
-1.7354688356264525,0.26036084591280323,-0.844325930299098
-0.3895543779390361,0.3183910371541153,-0.9881213467181665
-3.039194949209975,1.0093610674974087,-0.08877629605558743
0.3912545654083156,0.43467603882384764,-0.945932528747628
2.125508742756202,0.7909372149199984,-1.0418829592549477
-0.11971618713465268,0.8366449028127132,-0.33364612521003056
1.3597790192345924,1.4769595751634235,-0.1353943199053887
-1.5088000711722112,-0.7953881208621242,2.214717333444148
-1.747892122985951,-0.40532028675755327,2.558043504821891
-3.1342748724332736,-1.731655402191304,1.280625106319572
1.710338342706264,-1.7836584948345624,0.9758357251943134
0.12449210967053033,-1.8718124145918131,1.074464550172407
0.9576972800223131,-1.8712332784953565,1.0231296914229893
3.8388297794309025,-1.547144209608108,0.8420217416258283
4.740937724097969,-1.2453439612400368,0.692879924745188
3.6724138051908457,-0.5713130132861008,0.0639653208304239
2.220861909864055,-1.0139682299883155,0.24422725658297592
-0.5487095306335469,0.8219678162396904,2.303737441281188
1.565768184658938,-0.8264149163397553,0.5970738987131201
-1.8010604506505552,-1.147089013344488,0.4440397318021757
-1.8190104699849572,-1.151121371695385,0.4473166450075334
-0.3171529623252469,-0.9098618759224836,0.4262601414197473
-0.958243591963793,-1.1841006395627405,0.40988051419495025
-1.3014378766300885,0.2613936352501526,-0.9765666500565867
2.254647194806352,0.8304836762020639,-1.2008337787961179
0.5427975087621951,0.32462400483217474,-1.153048501108167
-1.6507726423617302,0.2533836360491533,-1.024768346158967
-1.9415279815124453,0.2631952409748181,-0.9364004248110795
0.06501844476868314,0.2802056964337769,-0.995009911997041
0.24376131343229318,2.4177004340908326,0.8932287993167758
1.3678642132169279,0.5153832182839237,-1.1807793691543826
-3.2207678028271025,0.5886644822195464,-1.1623773285588634
-0.3744183483207468,0.5297783470579708,-1.2321508106847492
-1.1189735542473604,0.5348564769688686,-1.263625493879257
1.299205057817149,0.7880544259970707,-1.454668329110539
-0.8537325890109588,0.46290248759407576,-1.31861796768604
-2.3286010337269274,0.5776937729778869,-1.2099102837828908
1.0563381154019893,0.6267567658061287,-1.4781196990881171
0.3213695011243639,0.43801283496950444,-1.3811297077820825
2.777120315628194,-0.6893667391611576,0.2089108621755854
-1.9423184812153558,-1.0757053179094078,0.3828497595657422
0.4465191833804802,-0.9205417334800096,0.45758695244695635
-1.926545086962692,-1.0680918514685358,0.37757926502534916
-0.660140791083956,-0.9742082775191344,0.2961663591326938
1.3695161350680374,-0.9652728940956,0.16613008602793644
0.7150838261698093,-1.0980394911224505,0.30558381598887285
3.1912454240125214,-0.6556697072725424,0.060390806749136806
-3.081671976732853,-0.6380318157675159,0.11508277887791815
2.279863235987854,-0.6548981623087277,-0.24534072524682898
-0.6897623699034914,2.281724660074951,2.8543973084861363
-2.455475193851961,0.8218624989504059,1.5201866458132394
4.381885216342519,0.09661830786143495,-0.3222628350636143
-1.9901207634258673,-0.38665572355873984,0.29603686020741043
0.7782136185952285,-0.5328632739297977,-0.1351127808470082
-1.314992830979131,-0.5293952857218829,-0.004727138420884634
-0.3543684057948184,-0.9339482844869549,0.22036608421564788
-0.7896535644225349,-0.8513278384965015,0.38546899370993537
1.8409410302492246,-0.7511602183514231,0.03531100632889191
-0.5641746896237987,-0.9849810804280468,0.28931123950071513
3.2634802502837132,-0.5660489830053188,-0.02817044803751643
0.12600082672938862,1.9075369671988767,3.073401989400518
2.732906056812832,-0.7030006614520325,-0.0002979532427988983
0.6632907370750682,-0.8330129163191613,0.18016743331746055
-0.33582688173408626,-1.7457758827605252,1.0960643281874178
1.8288522861621723,-1.5223073749993943,0.939731488425335
3.3186887120171034,-1.568644347592078,0.8694752479311165
-0.41310672645710866,1.01729349676201,3.6622488564105518
2.8844898878366214,-1.7587782540656312,0.8726434293222256
-4.356656189905065,-1.629540525260476,1.204829324603241
-2.723125209571573,-1.748452946710144,1.169937313563739
-1.8061342233759596,-1.1850634078609668,1.7323848089952536
-0.9188609690977882,-1.2532488902286998,0.5027987034998106
1.0180263241114778,-1.1243581401740905,0.4374806221099915
4.187991863579656,-0.6683981124357209,0.14036204350236248
-3.179011687628425,-1.1737330844210714,0.6013771030757734
-1.5394761366551821,-0.6877196132772025,1.084460822499842
0.43722102445753436,-0.9582629653176007,0.3586236116796209
-0.7168474926834273,0.24194222685256506,1.9924703097410237
2.2167153389769787,-1.2644896668866574,0.3859831025136486
1.124111271461348,1.0841642139825105,-0.7294844968955675
-0.05201996322241075,0.9185344304418246,-0.7226858570533108
-0.1761557372332675,2.3988830137581068,0.8249777295781694
-3.0849828058431212,0.7245713132086758,-0.7048500665020194
0.8595288115010641,0.4827684367171149,-1.2364519963745602
-3.1889748591960134,0.5536589947504216,-0.9918758533947233
0.5694276268173966,0.65018582238191,-1.077437626761138
-1.4137972943267811,0.5757261137499233,-1.065681583766839
-3.1779344015251714,-1.969472469385726,1.4439483933933515
-1.2962728505852636,-1.8096924885254035,1.3676991536512357
5.439031588055354,-1.3480829631734443,0.8937486121270397
3.756305658456945,-1.6234825544593219,1.3051399326518842
-1.6800232570851292,-2.0086252946289145,1.4484851438420256
0.8814638493230008,-0.30152965667590736,2.985467954074142
1.554402352427847,-2.0221914133171337,1.2530333327020098
1.3914158121593205,-2.096079283197496,1.225262358248076
0.26431095611428823,-0.28889937664446136,-0.13489355458817592
2.217210671479182,-0.5010237615493509,-0.27051923906375536
-2.0004040137264334,-0.1468091044042094,0.44712925563645434
0.30392614396108064,-0.516462917329104,-0.14254987687147366
2.7017016702191947,1.0844401531849384,1.0201263702591532
0.2862414881544492,-0.7030191896793713,-0.16697620702445926
-1.9196566847462941,-0.5900428699860094,-0.011376945068100655
-2.3582648037640443,0.5161959607907326,1.112659540543831
1.6165220751601388,-0.3240233739976638,-0.41525153823252764
0.5310074559640666,-0.3958760277146181,-0.2809309087768176
2.3051563021744514,-0.05520342416604128,-0.21973980767220974
-1.9221547257927967,-0.09226943816709529,0.2756552014310658
2.0536433701317214,-0.34975253661070976,-0.43109305757911703
-0.818510128479421,0.9652717889600559,1.253169106372434
-0.17606506736621386,-0.4801816580306154,-0.08786032523441582
-0.9363629445525825,0.08373931815365897,0.4268121772498737
-0.7926900239466714,0.521718501705276,0.06158084595417942
1.4490030865862435,-0.04274872649040263,-0.7281745124437006
1.95431136997997,0.1570602122942108,-0.7406238063896187
-0.09018678837056938,-0.1966215622455541,-0.5977204900437167
-1.9331102598488055,-0.077386253081436,-0.5435834500932143
1.5060213359332049,-0.08527275392355016,-0.7855004801986354
-1.770912516365255,-0.16763658611527812,-0.5826146785425813
-0.018330113062571967,-0.0012890546639253344,-0.5811903800872239
2.4203514133965838,0.13149491493400423,-0.0030049377125220588
-1.6174793461363783,-0.5628350035226893,-0.0885723220826845
-0.16258842505021703,2.006800368961716,2.1783588739113973
-1.5304613662466906,-0.6030176302004964,-0.1487914789913765
0.6776463052631068,-0.4665381996830329,-0.2367096320609856
-3.7607146496214257,-0.4309373215803744,-0.026680338538595832
0.909475392435323,-0.20556227143077876,0.09871478130253876
1.5547246213029136,1.6967568775355715,1.849977473931292
-3.6690718075995816,-1.5279975492888171,1.3272518759387892
3.886700019590008,-1.402649350799226,0.7773105376348927
-1.8268205569086486,-1.512370553800367,1.3571889114269768
1.8994201089071119,-1.1450231882616178,1.1784940738174512
-1.2892315870021733,-1.7804974890364267,1.0815507313609518
-0.1942148725092315,-1.6689044104394457,1.0028258824877547
3.2388960362792694,0.6374281501524087,3.083493067663667
1.5603252811168353,-1.6100250747206744,1.1945668012898514
-2.14316760919726,-0.5739597025051103,0.28912654283085976
-0.873411834884584,-0.5757968230111524,0.10493106002126074
0.608236199850903,-0.6556007747947951,0.08310078190101246
3.3279688703211434,-0.27731207128631974,-0.14561203896911556
-0.9180835762255269,-0.10995758316977858,0.7311074077973392
3.638929070763083,-0.3277572732288455,-0.290553986935111
-4.022961766668492,-0.4479939880826983,0.41617644096223644
0.8409526512580641,-0.6964820624792196,-0.09185263528300323
1.1291901063251297,-1.2007620611842338,0.5265186655520784
-2.026509796011821,-0.12635344648723362,1.8660124077943059
-1.677753861643112,-1.354541435075611,0.6593164652417772
2.1406858090053142,-1.0232718246219579,0.4927302025936591
3.766841652282193,-0.7732500702313662,0.46023785756819363
0.1537369150561813,-1.223962836284648,0.5983390891688881
-0.9742711328714488,-1.2914085866316678,0.6572195036359744
2.236196350833308,-1.3804381144045315,0.5028897650029204
-1.9558952644012513,-0.5807516687206665,-0.14145920008135945
0.2688331567795124,-0.5106081374977478,-0.2706713838685184
0.527147554910165,-0.5489270420355805,-0.23729865907244127
-0.18213224559104613,-0.418932726782521,-0.2134474114012168
2.7365736041302577,-0.039388572282514515,-0.3496112483485285
0.9534417293878046,-0.052278785146877844,0.0564037512137599
-1.0343356417178435,-0.6124351163716939,-0.18273218049123988
1.577024787111656,-0.518142241858281,-0.35011180835115946
2.779801677520364,0.07683261869820998,-0.5810929352917601
-0.34810854140992914,-0.44097158246834206,-0.40861560489114235
-1.2868508222833455,-0.4134281783345379,-0.36404127459669455
-0.956471623981953,2.7631310190390765,2.7523452869779916
1.7314842787349691,0.05221713415144562,-0.32198036305648037
-1.8683931419343496,-0.3936374212754393,-0.3374047225125319
2.43786644713398,-0.09676787796872818,-0.5923050108743733
0.5430645157375027,0.21499671493104122,0.0018208305480919508
-1.0685787742452715,-0.5858377674808041,-0.09056980160258213
-0.21868041059705456,-0.6205674956105947,-0.12642777462669455
-1.6042252350528226,-0.6201128463840601,-0.11391634460428988
3.402531819611523,0.43679865003488244,0.0739713519047054
-1.1607784999820427,1.6556579752061131,1.9135457998226344
2.9442297731496745,-0.19637396100962565,-0.40452836633171674
-0.21304172798486368,1.8087791983018269,2.258427383019396
-1.9617548478505678,-0.6123139387122696,-0.0959890641757288
-3.019394522078225,-0.20864790966186741,-0.34179135784356457
2.2070247314231497,0.012385115297212403,-0.69137812744339
-2.2765058196521863,2.2889199833111085,2.0362693607901656
1.5706312771121782,-0.008008580769879535,-0.46000624281252606
0.42555880916311933,0.08322175753142899,-0.35856342010072856
-0.18952884832754,-0.15661121373263656,-0.5748242524101395
-1.4984055800399754,-0.11476162488683926,-0.33273286110097533
1.0121524132592041,-0.20160906111283963,-0.6268682439445492
1.586589150420522,0.18304770462832937,-0.9682318615807596
-1.7643591606111257,0.07675759464145135,-0.8225473994348572
0.8843005181928836,0.22326836137334707,-0.9430673766639028
-1.4362710363232891,2.7842409531615377,1.671940079205493
-2.5813445750410113,0.36948041267088766,-0.4678009057255956
-0.5575058291005984,-0.0019323370489066733,-0.8594813963721478
-0.6054689389287012,-0.01813119648897366,-0.8475389198747765
2.717853892025898,1.012249476960855,-0.6162165088300997
2.284878508344045,0.26558074194590875,-0.05457453570316747
0.44418536810060383,2.3250299106358003,2.1354863876373105
-2.0252809538138874,-0.43295325311684074,-0.2738970682807303
2.450742455089681,0.040211060246893325,-0.327682778961514
0.2680163385718771,-0.477812676472032,-0.3945111108144958
-1.7353463405648821,-0.4607473586903899,-0.2766585183083343
-2.1456854752502887,-0.4044637250887,-0.2051197759082569
1.7768548607850134,-0.15856723883825016,-0.41066310674136197
1.2703418585828636,2.2779459351915596,1.29187941527241
-1.594914446069051,-0.03496682650714839,-0.639717558782346
3.834289461640438,1.872722927546561,-0.17114079113674116
-1.0743727934869045,0.04905312497455967,-0.565407377137174
-0.055617257997582124,-0.06859076629335738,-0.7199443163805634
-1.5650015623393339,0.12991627514624418,-0.4998251552161093
0.502366909208778,0.03840267088229511,-0.8393782470552188
-1.9004026879128335,-0.0049900523238618905,-0.6374514153457705
0.7513754798204656,0.13693194454245883,-0.8762902473889281
-1.9864812287519,-0.010164276495477638,-0.7509136908457362
-1.0382147748013304,0.3011400295415149,-0.6968474125153709
-0.2621920601827331,0.13380832397153336,-0.7815634782443477
0.11635228758879078,0.2329696655849527,-0.6295422955569492
0.8158861526003928,0.1508086547809738,-0.8877057653733355
0.37324416580466596,0.1443462675267689,-0.8570947633132543
1.2353824182934254,0.23465278864966652,-0.9865343898667036
1.6562012548375291,0.3866983619098177,0.2511958137145439
0.9754286742766541,-0.13117774071757876,-0.19551602503947507
1.83092244839382,-0.2256076048484594,-0.4587831139060783
0.3864469234130104,3.1684278663824488,3.170558170747797
-2.1756153604433357,1.361330634520175,1.4585049972152884
-0.27408670529625134,0.06340831748143898,0.009338642583145994
-1.1806831722184172,0.6755742511548388,0.8402692300312491
0.6737639888432329,-0.3660687388413465,-0.43495725046352546
1.6861783585987025,0.8160684062862088,-0.7784510831977095
1.476985853728381,0.9652772037482243,-0.5094805716072585
-2.93772375606758,0.7723257051500102,-0.15129604505594366
-1.4697695079617368,0.4500693827711978,-0.5304681977591056
0.6912521376357713,0.14805798161392744,-0.9654379081971163
-0.7966518790856203,0.905016238834994,-0.12582345144325466
-0.2761034318639692,0.18147622682766337,-0.9512188275267057
-0.11358953048797656,0.2813790665245074,-0.6809303125431172
-0.7593018340321968,-0.7724013117227942,-0.029833850350535828
-1.8946949836168854,-0.4018197918279114,0.3041250087426338
0.6107862789482643,-0.5373928883300261,0.1422230202313766
0.31047040574201584,-0.5932621510211247,-0.06753929174469903
2.4256242820728677,-0.4714998904579704,-0.21711044212046843
2.7586541837351994,-0.3984513852778425,-0.3052227294360705
0.659827176272945,-0.4948367984397505,0.01138966842603276
-0.9319118304237018,-0.6330646208183984,0.06031045155510018
1.5992578170778526,-0.8499281083172422,-0.0012395091745525026
-1.5056396690986753,-0.9072992366658919,0.17826080687675389
-0.44461442859159794,-0.7236569354751001,0.13835255003734617
0.8423460698997032,-0.6737319212871955,0.0023010725490659172
-2.332075634103528,-0.5525223846336478,0.5764539334167413
2.6616608430365702,-0.4168068577354251,0.13433529789452456
0.8073544688419425,-0.945095778541588,0.05250121243432351
1.9933479170445836,-0.3916473661026864,0.41998388987622076
-0.17465033478901418,0.33849696892499814,0.10118732680628506
0.13924900639494617,1.2122653460207704,0.8144133335909216
-1.0181246891419804,-0.3190764153672117,-0.4934941217759436
1.3378080583095056,-0.1754168932640864,-0.6681101800483022
1.602098850109759,0.18975336257911313,-0.44781928840675167
-1.1706455755059788,-0.3533590782759452,-0.4656386310436845
-1.9193488175075895,-0.07681632447126867,-0.2592648115173673
0.13097880568672435,-0.3401079438698127,-0.5525364136051384
2.5219218958693284,0.1944443963685887,-0.8835544360982102
4.134054870296872,0.7981646173889422,-0.8999401043462053
-2.5584659448069704,1.2204446332495522,0.7866279068198075
-0.7245847844557135,-0.00881304390984248,-0.695032109721834
-2.0490636761313774,0.0697485782299147,-0.39429585186049376
-1.058329512154889,-0.08176123626955463,-0.6069425861005898
-2.6642280237694296,-0.16851735523507277,-0.5364721181433946
-1.4244152504126033,2.055550141061313,1.3928101693961583
-1.967967335153165,-1.130210764268559,0.444142541308101
-1.9397353943263338,-0.26885821909118574,1.2868881515244548
1.2002582198210312,-1.0585872741511497,0.25748642283866086
-2.2294835024746513,-0.9602534486092724,0.6002186701093393
3.129672338758103,-0.8004777338821015,0.12547871434016383
1.1404218700033295,-1.066568623745291,0.2652022619670095
-0.645538364957443,-1.1117715826622094,0.4281457577794595
3.01442721227886,-0.7511987957426917,0.15343065182096613
0.12736427355305066,1.4069562434959273,-1.3273132955987115
-0.38724851134808563,1.0298018401817823,-1.7062540539793507
-0.8500313403428514,1.142532938359524,-1.403025283629486
0.6516677161394472,1.3296381653608231,-1.471682952562792
-0.07785215166082667,1.0172112004748481,-1.6439300674938573
1.1249128149832424,1.171089348732012,-1.827947470104295
-0.8897733508099047,1.0088133123884462,-1.6640801606199789
-2.231073837980875,0.9025104466488703,-1.571582464440254
-2.3190352761052733,-0.5413568399088927,0.6669074761301849
-0.06842469865211213,-1.0103623376522632,0.16224084945712164
-1.862155583452772,0.7356286976115288,1.8747595245837858
0.456098153029534,-0.8034228385538996,0.14463064544302248
-0.4685237812411224,-0.9127224553189041,0.21338759797551662
-3.2786744091878455,-0.7802537774939364,0.39252709671407565
3.759758910256763,1.6137733528463707,1.814432979088771
3.136491351661431,-0.3146297223594717,0.11961000226783826
-2.203567719106215,-0.31231151093922976,0.01637153572803077
1.6143140620486613,-0.009191471808932388,0.04470397934246617
0.6483332964827646,-0.5871730366055942,-0.32391828474155804
-1.4989817863310853,-0.47914212867754596,-0.16837770595749033
-1.1591723271954322,0.305566834760335,0.4370113060673508
1.3811461171417836,-0.5725056619352946,-0.37845014618322015
2.2948797181242577,0.018106093469360287,-0.19295830398007904
-0.24751262181637518,0.6381298999034571,0.7382172307983759
-0.5935930907563858,-0.7988432468408074,0.004085174907860378
3.1146415801421803,-0.3548354016857749,-0.24266361012881157
1.1577508953315103,0.32341089936609735,0.8780431609101729
-2.7240231214753226,0.9240522818828675,1.672204226719757
-0.516264030156824,-0.7293132010697848,0.03874971247106481
-0.04868770798834711,-0.4637380707183637,0.3267731514772897
-3.0404084751513345,-0.7553699628710596,0.13328028678750145
1.998978890625097,-0.7248433644895247,-0.15042290691443005
-1.5335662413323723,-0.23269585788701103,-0.41983760757785926
2.5229628314276824,0.1307689238978682,-0.7251556650690802
-0.3623767175879336,-0.15493154959222596,-0.4869642370155051
1.612659963876952,-0.15491919574683416,-0.6134159393799924
0.7082292881420005,-0.3441584012684979,-0.578142248298475
0.06791725223105924,-0.06161615385639671,-0.3057752927787117
-2.895138206565519,-0.2620203246954431,-0.3954660033237
-2.372044164577774,-0.2899872220048369,-0.41434251300677094
1.6647765663427507,-0.3899649408230976,-0.34731243228049974
0.41380347044936916,1.5926499888636383,1.8447875146012394
-2.040567387538758,0.41047468138661836,0.9710167404755622
1.7396375558714312,0.2657694046963695,0.4745303469294936
-1.0148493451164813,-0.6654353721512444,-0.12995861043414303
-1.513370424585365,-0.5358394921324924,-0.013183067285789904
2.813660567794628,0.7812206429969671,0.5372218487997497
-0.7877028537057684,-0.6252467623721173,-0.16505897523687393
-0.7073094963293106,0.3728760258333594,-0.21616450266811793
0.9685803640135294,-0.08716956540665055,-0.8426002018502889
0.8167281939961326,0.00676410006947729,-0.8346078413633596
2.078702617814426,1.5169226657403352,0.21825506624412072
-1.8971891734405024,-0.0796880919968047,-0.666645614650971
-1.1764628458932227,-0.13559877715645152,-0.6835258835170337
-0.5828759407469404,2.5670800336963433,1.9037048258111522
-1.6004307856763946,0.308593954051857,-0.2787994727316763
-1.658733953504453,1.2272162390234198,1.856151597534448
0.530399212440815,-0.41043280085342837,0.2144068730333125
-1.4978354127861633,-0.677184560399452,-0.05128750695061682
0.676322004010276,1.3509693464327126,1.5865121408640406
-0.11708560216674231,1.9436724145770188,2.5265025687959635
3.1349261960198582,0.9694463689347815,0.8415774194935469
-1.1979542689781655,0.3230256929001594,1.0049897194279862
2.5578580471113574,-0.46156663643132306,-0.32520214985587953
1.8615702957614122,-0.13584701350447584,-0.6285160525652946
-0.45337122757404746,-0.33787913641796946,-0.4261037365893822
-1.1687943710726965,0.7927564287659561,0.6270249852106645
-0.2240636329906967,-0.2914424813517386,-0.46498381394056076
-2.2277665059808407,-0.2645024483964937,-0.3529148545228432
-1.2137419851479652,-0.22877988951923553,-0.3590412953689233
1.1803253603456463,1.9687948008528722,1.3313715541272775
2.160325947394745,0.6088574036136527,-0.10532311203129231
2.674080631743825,0.5792477503022291,-1.14238575031524
0.48747621746115827,2.5707087356683713,1.3301184861137836
-1.999691928489262,0.0991013401213477,-0.7417167137036855
-2.4440516390147646,0.09288000412038164,-0.7111604126980715
0.19789639173170845,0.03491634470202558,-0.8461359510943504
0.5052089805334228,0.14937201911914894,-0.877849756268711
0.9888994181868346,0.1664522955410781,-0.9167748996558701
-1.679440189920165,0.08015541149765436,-0.7512097784800708
-0.8265268923549768,-1.4753670583856384,0.7340473891545802
-1.795339252146635,-1.4632578164397037,0.7892097344689419
0.10260730594441317,-1.1419805618032344,1.0338855240312008
4.252226999957404,-0.556472450102281,0.7327527501911093
-2.3214921642436614,-0.9719221131717848,1.32583504973445
0.9242642425791402,-1.3645009352726514,0.6137315168350995
3.5847518352948056,-1.1389650181104771,0.4222591224189355
1.447124915234877,-1.469844407871565,0.6642523870427515
1.4226863634632223,-0.48623985349006693,-0.3637547351551325
-0.22419689632514106,-0.36338450117008037,-0.35443460995036147
0.46208041560330093,-0.5098047862460922,-0.3674727746016569
1.7517314142900358,-0.3584556425322276,-0.4043978009210383
2.938811454290535,-0.03299235886148169,-0.5535059313218746
0.024461087271706053,-0.28530387364615756,-0.18345847094159493
-2.4155957639687116,0.7028236123136061,0.927828856927041
-4.160444713732724,6.282448025857849,6.342463264394972
1.1668989048663938,-0.8874184765660249,0.07479490748580675
2.606068969411692,-0.7555419235951583,-0.037677322243142915
-1.7206110857240837,0.8867089202846365,1.918805001996215
-4.322249400875767,-0.7933788935261535,0.292986699262013
-0.3017105070849642,-0.13644352424065506,0.9169480690558929
-2.4074231910949218,-0.8700842142001405,0.2146485191930625
-0.3582143442756662,-0.35634688477005766,0.398523289231356
4.1085943738486055,-0.25603643122255354,-0.17449268250790362
-1.0148306705980679,-0.2890047842692671,-0.003015887008082693
0.6047564594418431,-0.4586738443052614,-0.3206523696958381
3.044787341406906,-0.0296346580615392,-0.3778322918629979
-0.9124970351883362,-0.06700547859312472,0.17908181473322457
0.8411473825922833,-0.2371557428702269,-0.28117943324002537
2.8747982572205393,-0.00728947291572462,-0.30293695788276914
-0.806897363931479,-0.22288713388236775,-0.15572902828164945
-2.564485271913656,0.7739165275237856,1.0615159579933913
-1.5817185881201181,-0.25548031350684136,-0.2040144264981387
-1.4879017312224252,-0.39186741426791394,-0.3669063776306085
0.9781172445756187,1.233678273497134,0.9606158717404831
-0.7277455396928845,0.004796252115546021,0.06315247464097713
-0.09359763827344203,-0.28317566447575465,-0.46348896918063415
-1.9539471408619593,-0.20126914786736852,-0.1331863159880734
2.398050660389697,2.7002502497397525,1.9516702117883846
1.1453392026060414,-0.33012599576198953,-0.5162708202352981
-0.5091674863703843,-0.46873380564820416,-0.34928917078563687
-0.9933785333686694,-0.2821376395342997,-0.11229906231159079
-2.265282792013252,-0.39636610327272065,-0.2014311532415517
0.19054633247126068,-0.11392916402132673,-0.3321332861572805
0.8598768557395027,-0.4123931968584851,-0.4182610058886371
0.10561800642580857,-0.17468192656071865,-0.08544184148130234
2.5252314208893276,2.6185250461063436,2.127417572169569
1.783477880592604,-0.29312333888329917,-0.4928232689531051
-1.778950250109263,-1.3695530427110705,0.6918414942475654
-0.6356811583201226,-1.3209304051769974,0.7465994669395205
1.686109221525797,-1.149246803446611,0.453895211131403
0.04740377126762047,-1.322214235028232,0.7039538823903505
-1.48125035799685,-1.337709042518542,0.7330749165652732
3.0966419418038544,-1.1368297569986565,0.43255819007639773
4.032206548216836,-0.7972344996012867,0.36729477947965317
-0.821090121970178,-1.2372497751272937,0.7906643317469212
-2.180612847851733,0.42633141261698315,-1.1630125226752748
2.764837974215851,1.0440783885169536,-1.5277670912816725
-2.631533581266568,0.5442524096210664,-0.966785601275116
0.9467995154808135,0.4905796576053132,-1.3432712744974145
-0.502020551549415,0.3583379241453834,-1.1550950751373747
-1.3450932927128547,0.45283762170696007,-1.075272153203167
0.1942194878775781,1.4080041143169086,-0.4056990198086625
-0.8093606776944873,0.7269459317712138,-0.8707108788098327
-0.06186372667668458,2.8669379041469916,0.3247081102127055
-0.6356036513457218,1.2860309631186326,-0.9924508960400633
0.8704869978616874,2.9194201456626527,0.13451415396126679
-2.298134262600232,0.8609062875333833,-1.4262976664499465
-0.8964904763605529,0.8700420111363261,-1.623611563355427
0.07522143446713109,1.2283971855119449,-1.157820487230569
1.0986460916562737,1.0578975697015733,-1.693742856107249
-2.152937374735995,0.8256619438510638,-1.4923611773307803
-0.6562336825223529,-0.6254715098985101,-0.08725366285834694
1.9325305327489304,-0.5116293762575362,-0.26497420165585106
0.31222127007945005,-0.5666725885986857,-0.20798366833270762
2.0793005898635486,0.12116783076950552,0.30892886989786167
-1.6863394605271123,-0.6178634861376899,-0.02634614540838888
1.2323951013028476,-0.509509094618621,-0.296958599981392
-1.5909079243708097,-0.6559511438768864,-0.08822163844981092
-0.35300034245601675,-0.5547929165365785,-0.17246629108825295
1.5996462846755082,0.4480608802823987,-1.0086171495895098
1.6421232927705656,0.404301792939987,-1.0644819178476748
-1.7200412605765736,0.15624379702250513,-0.8198592471070983
0.2088357200858253,1.6638571523199117,0.44969373746602403
-2.4379211856295426,1.6418106669783679,0.655845214925995
0.3130958747237933,0.27460008120383184,-0.7805054455233273
-1.2888437374750215,0.27094583276837303,-0.6796311853926479
-0.4065757732792028,0.25007450630788275,-0.9036220185185845
-1.0230368130820024,-1.0586081853077363,0.2897032397445394
2.744945818889324,-0.3851621512687137,0.40561146134894854
2.3347399719771396,-0.8709654784868628,0.10472431907078802
-0.8146076914856506,-1.0880671125326014,0.292043306699526
-0.3334579193086088,0.12004632239566344,1.2769294687516808
-1.9992955208621848,-1.038902667213888,0.34077992243236654
1.6963927176822742,1.1172808244205372,2.1503281071305897
2.339677957315651,-0.8057954682165906,0.11726083241312148
0.765835483454232,-0.3976009640573069,-0.33974451578746695
-0.7489354070179379,-0.4465941383736629,-0.2677162885727233
0.654608866846366,-0.5249614131956247,-0.38979205314893123
2.6371131495344136,0.11390405916631718,-0.5816866442322548
0.24530393097033393,-0.5262750734648172,-0.3638922295277474
-1.0599207884881805,-0.49467143659182705,-0.223740180994961
-1.2671435906340531,-0.4669380700731198,-0.3001288408377249
-5.71156876488873,1.3906079493017323,1.361902924209879
-1.9196589415914398,-2.8449736225543347,2.256980077885932
0.9467404972982921,-2.719191691902186,2.13762124176689
-1.886786000602047,-2.801961553613238,2.309471571927511
-1.260711366808843,-2.8247259518369794,2.282328888547164
4.577818691317293,-2.59480713582755,1.8921337331974362
2.8160261155068236,-2.8766490026107308,2.025181987934141
0.8431819771015864,-2.785040910542472,2.1021214248900244
4.165241180932341,-2.6646600705531176,1.9540415628332513
0.6448593448042873,0.6655109825802538,-1.4082117906544704
1.6442209439580067,0.9649065977069978,-1.5325095658902395
0.09558390980571561,0.7132736301429554,-1.1418636382592966
-1.5727405561098289,0.5369149304208592,-1.3244444514745581
0.25211102858550827,0.6142487144292845,-1.4332293726214385
-3.0064687640209615,0.542411857653222,-1.2374561505300863
-0.18370119051374595,0.5261429108058672,-1.3310717979578675
-0.7532486966184406,0.5951512602799012,-1.254532884059049
-0.7108528535884249,-0.9054243856369864,0.2261240785870081
-0.710549085430104,-0.971189876290579,0.260321707001133
-2.1142118069617557,0.0858564546567166,1.2414969589443055
-0.25705989393556306,-0.9103538095725651,0.20164097976828604
3.160594560089274,-0.3366595678827215,0.05667385742560869
-0.4076709506746009,-0.8300001565070724,0.32090099503445574
2.989251281738434,-0.49948995185525574,-0.10562086667658306
1.089243600197707,-0.8014773663907018,0.10737833823071267
-1.969335298665185,2.403864117614867,1.8820494245048083
-2.599496829651304,-0.11955965135212002,-0.4909460641174012
1.6147549135749921,0.22822942522628079,-0.6872615221641013
0.7396297155317738,-0.05730668224266896,-0.7601655429602452
2.3637381297396236,1.8728934205249117,0.6913513659362218
0.2139664633216967,-0.21973661753864548,-0.6892227360537909
0.6762614745647725,0.08463448476835653,-0.6020767527181691
-2.1437241526569832,-0.1691164219245063,-0.5687350377150404
-0.4699740330840205,0.8625178306981407,-1.1312689647398377
-1.9590992380048984,0.5507296908659375,-1.3316215024820017
-1.166558307086412,1.4422868582716193,-0.6574814200647368
-1.9223531033192516,0.5521243566223274,-1.3342998518369709
-0.9475709695484061,0.5457286823550321,-1.393120622262444
0.38403316571369195,3.392210970043186,1.1939465431321776
0.17434383595659697,2.1410548920370234,0.03341650297027465
1.7312783774645333,1.2123931909570949,-1.4626414773400618
-2.5253071684290305,0.7401365260351764,-0.36990368078715635
-1.1854302523213955,0.19949355711631148,-0.9319933453820359
2.1315108297151055,0.7005511055597865,-1.2586194305534104
-0.36473223836136276,0.10813374517182522,-1.0125287923575086
-0.06430965026871276,0.15769333913827235,-1.0568412729653787
0.10706496366442189,1.1583057879090548,-0.17265308856951622
0.7088078769655879,0.38371391126269183,-1.0232362151768783
0.6718658014550861,1.2378341511663957,-0.17294474426465414
-0.9984754501647467,1.0742121917045304,2.976669122124469
-2.1249313420805276,-0.8913480746943466,1.02912630062254
-0.764484518293823,-1.2723481421389835,0.6104800448056142
-0.342896547792087,-0.7637497209284294,1.0801752352760863
1.9301019045015453,-1.267143845124022,0.5151555671742256
-3.909721343625125,-1.1040297732663868,0.7149318628751161
3.414309803913889,-0.5680157566837065,0.5796869614371779
2.2257807648960592,-0.8158663752956713,0.6593441367878432
-1.1415667727123247,0.03916933270167848,-0.8492282939352258
-1.2129604132463632,0.07715936780179358,-0.7885115786454676
1.8847311981827288,0.5664476165167424,-0.942708557815197
0.5962238271209276,0.4917874751618504,-0.6136941348413747
-0.24083551782916932,0.054758296627876166,-0.8377956364014294
-1.6827148799724096,0.05984281422676898,-0.8251539178693093
-0.059086398619249664,0.28526703528067565,-0.6647145411739073
1.3345159629227819,0.2580362250749521,-1.0230330353227484
-0.9670685445914821,-0.09577207058791382,-0.722450467719029
2.755566302944442,0.7947522354282343,-0.775211128484297
0.8287148633690259,0.23531319931661732,-0.6567218791453283
-3.3988244940498764,1.4413663837435395,0.8317698074655068
-2.083089769963846,0.012591680766330727,-0.5575410967242336
0.3747399293167697,0.4783940987286973,-0.3750213127531756
1.2786910666813136,1.9204742848681942,0.9470734149875648
-0.9797109764253226,0.06198026131238311,-0.5762161755860986
-2.0662976626987084,0.27370171588291703,-0.929944037442253
1.3265668525317873,0.6895048085397875,-0.9330424412685133
-0.6856725470245677,0.5251660304463078,-0.693085939551095
-2.5028803229766594,1.7901387377714448,0.5883957704112324
-0.8063784561585529,0.23035820834644952,-0.9859062363823218
-0.8079143358804072,0.3719865451997642,-1.0135366382880777
1.719814157123489,1.8034602323989868,-0.07559183656502816
0.42759447381960575,0.551956752258849,-0.7739875360518959
-1.800379610937635,0.32844329429498303,-0.5834481523828565
-2.9966927456787684,3.1656830427984826,2.1962365497543934
1.8168109287262642,0.29561639130213396,-1.08191898034475
-0.9967367171347686,0.08677431959619748,-0.8130878790234928
1.1892189383999314,0.1754615361413808,-0.9512318508605025
-0.29686511984463354,2.122444289854289,1.1236922820678945
-0.8900402879741515,0.050381497594844456,-0.8765289071430346
3.0438946675760787,3.167059507058636,1.2424175764825922
0.9401029340006187,-1.0307882000522233,0.4968486000227726
4.456429683990199,-0.6191146341706806,0.3821563541776186
-0.5933955086004495,-1.3039429201124018,0.6415954925433711
0.5808166000283776,-1.1182497675587937,0.6697573564810518
0.5159627453225852,-0.9008069077634642,1.045764806737934
2.477821693569178,-0.9120479325160592,0.9265905244834987
-1.7961665057399994,-1.265343464959828,0.6974533144168318
-3.2658733294523876,-0.8410395082552224,1.175610428171924
-0.43704034706202827,0.28322588189871706,1.9515542645515518
3.343523526243146,-0.8693229835389751,0.2475392755935096
3.2112380699703893,-0.9592056537294726,0.2559628363671028
-1.3963475062902828,-1.2231971665388228,0.515634924668739
0.6916545150154967,-1.1058953368660467,0.44505892903810557
-0.19002083024104086,-1.1556619701272053,0.6310938473536083
-2.8561021265723237,-1.1631470600342488,0.6513147983389393
0.4515024405645451,0.0016715153404027305,1.6616279303759944
1.0778815027515958,-0.3964729484130336,-0.45997311843865774
-0.6158467306822634,0.8937552121674596,0.8004253429069244
0.7491859579984115,-0.27251779920557273,-0.5312505154700553
-1.9465541266484134,-0.3484182084363024,-0.3704064977974622
-1.072264313573572,-0.38329517404494806,-0.40741198962305114
1.1812972064259282,1.1151369996535658,0.48555850419992286
2.869656622640585,3.5514141038917066,2.684106166654498
-0.8244347216636977,-0.40518060642180687,-0.4115142775430859
2.227015178888627,-0.449042176669193,-0.3225105733792898
-3.7674851764382575,-0.5530394203013558,-0.013486497476483833
0.7848662215709965,1.1162119401442019,1.2073560674618564
-0.49018653747203667,-0.3838406198505005,0.07421687136815555
2.2839652404107755,-0.3715171640594613,-0.31986333033632786
-1.165109031211111,-0.30629291484174237,0.04771757780665212
-1.8481232219691879,-0.46785173663731844,0.05110812198384173
0.5853539000716492,-0.7049490303031457,-0.20635481672737302
0.39423038444304664,-1.3241609872420792,1.1675628047203057
3.207151237208824,-0.7027259353007554,1.113408224393524
-0.7233070780403685,-1.604693554011582,0.8506281957448868
-2.1492488069885,-1.580635367024511,0.9263188585829462
4.35737310094795,0.1121290879627963,1.5012441249333712
-2.0458723856761183,-1.4671354063845337,1.0132575290184065
-0.6701158086030381,-1.2870989532388781,1.1378987928542617
2.015257997542178,-1.5249758774432054,0.6853751438691664
3.1689814043475746,-0.773031683532805,0.07823431915933579
0.6251471345473399,0.9339532911367935,2.221586157800352
0.6522803766795853,-1.1734705596087238,0.3052667907671358
3.100917023411285,-0.6846080032829053,0.1885774409804228
-2.159731297141217,-1.0800486185157228,0.5074382226936776
0.18973023037021788,0.6487399445418588,2.121826244307764
0.861492146205131,-1.1488628127122074,0.35522790066490983
-2.2111909710891338,-0.9430542604694865,0.6678305087679562
-1.0263161872805935,1.2172648268349742,1.7074795076144176
2.341534251870807,-0.3384246227565925,-0.33701438979412623
-0.06191914821425124,-0.4837797024520321,0.023776618172350356
2.573089770082311,-0.18209092688337025,-0.310074699999325
0.9393969104423635,-0.5346695897627293,-0.19302342809585374
0.13623243676380228,-0.6710502196638763,-0.11892322877059011
-2.4289382031678692,-0.6256268395904057,-0.05988709192240554
1.242236767057395,-0.4378240276890117,-0.18581427807473652
0.5216046326992616,-0.4907958516892159,0.011639762756655202
0.05316714175434997,-0.6594434814748957,-0.09943478698468439
-0.3921617307151551,1.4907076097252496,1.821783189579157
2.871799197051609,-0.3807601176259594,-0.3301291880566175
-1.377969139845697,-0.657585942299228,-0.010439679403125996
-4.116064729610581,3.7045730617303514,4.2017754894506165
-2.011614393838593,-0.4364504540991937,-0.03953473004391371
2.6986705496304233,-0.42711297693784495,-0.2657888299888522
-1.4961133459009306,-0.5580605708671794,0.11088281192328416
1.95909931242557,-0.5879042940620257,-0.2733721749175511
-0.21384387010453698,-0.7360328441098211,-0.030387389735220698
2.9243567540373165,-0.19174806422536345,-0.29394242832105444
0.03723332759986483,-0.7468276610220337,-0.11617033172631346
-2.2608126343221757,-0.6536766606134252,0.0557371415453509
0.18590324122009588,-0.06339621814440359,0.5073136268988505
1.256345680797239,-0.4719284413435837,-0.24161603474195403
-0.5600323291446595,2.6832365153019593,2.5343157526311257
0.7260878376858513,-0.23534791233152075,-0.46432353969520834
-2.3975406901164735,-0.336159392001739,-0.2627773594981573
-1.2834003937476248,-0.2620757253654381,-0.29650386964293696
2.5072458503917634,1.1390395079110032,0.4743460906169952
-2.168599894173355,-0.20924290415093555,-0.11507147168150746
1.648186702725045,0.8443007781605125,0.6171617338881756
-3.391006731471616,-0.3256320833951044,-0.2848602301050996
1.005960815152493,1.6457832165621264,-0.998609147729928
0.5477943973956138,0.7725126302519442,-1.5970553113486579
-0.19309462721308046,0.6932557414507741,-1.508592682398828
-0.025461715987922382,0.6793487947906941,-1.5133245737295813
-2.47028244310683,1.1972377665576572,-0.943706424927851
0.8231275091912142,0.9540433502873343,-1.6154839762982094
-1.176437290754856,0.6416811846719055,-1.419705100919087
-2.1696162691842376,0.726208358643543,-1.4014309340146802
-0.32922766436440876,2.570577829244286,1.4531199724831327
0.9592240418845822,0.3710859985367445,-1.1139349250505237
0.15043008670816838,0.11373651009902898,-1.0239781045151122
-1.4863724528611724,1.1858214846480615,0.044000149390584074
-1.7213816309643364,0.19927413378211137,-0.8735828065790898
-2.132685930914075,0.13751322657819265,-0.8914942392691043
2.435680933612137,0.7393882447516688,-1.2278474806311879
0.5397398037600681,0.1556543478814982,-0.9932972254364569
2.9705915723767347,-0.4092118239015452,-0.19957439554411238
-1.2145709441199983,-0.7132481615359869,0.053409439538180996
-0.44448563110919637,-0.7629828481479309,0.03040394553699
-2.032818070039362,0.7931644291783159,1.5263665423755406
-3.1581465412957894,-0.6997875257976492,0.09093303964535726
2.8183066410120885,-0.3318989313928575,-0.0784434184250546
0.18049086635146153,2.9074956388887805,3.3737576104372855
1.6968400483254475,-0.6285150317434735,-0.12795509424592844
-0.7662031614041315,-0.22738278149034796,-0.18799765971441904
0.13949920804294114,0.8370290188141746,0.6171402842187734
0.48446686976943365,-0.32179194088771235,-0.475690234620605
3.1144589471876745,0.1102336823361428,-0.6942375085338163
1.2047677453165997,-0.4057076756414043,-0.447745862731379
-1.6344559015089175,-0.4002320520432326,-0.34695719420560095
-2.91808893202453,0.24087112050721637,0.3121158004943738
-0.14045034457820407,-0.4028045569308361,-0.36371174933369826
-1.0977344760215737,1.332026858962289,0.6815384266353354
-1.9073557722138252,-0.11673948627881495,-0.6414008925572011
2.15434416681844,0.5298912980385713,-0.6084423112302653
-0.09290358728056416,1.060358841602793,0.3799211644408094
-0.3781336226588631,-0.14894957783161186,-0.7219484905915704
2.530131197321089,0.3737758004140832,-0.9895573799927693
-2.520200720697145,-0.07290202482759879,-0.6273067744552473
1.0138651961342273,0.01923722076908207,-0.8489439156220128
2.679735684915011,-1.547120763566018,0.6566068317676946
-0.8426684657518666,-1.4633353014140225,0.9419927360203947
3.008809473425303,-1.554202072741723,0.6396976397864833
-1.4967261355790868,-1.567926611256902,0.8865219240938917
-0.9841373154777268,-0.6598031759160047,1.5695141497426346
-1.3970070381809285,-1.5524394456490092,0.8723790882500381
-1.7443238973127573,-1.5493493704112342,0.8925558611940926
4.582993811010582,-1.041822998334761,0.49169439848089413
1.5651057385217138,0.5467063022761539,-1.2147643876110938
1.4556918384605828,2.48964787048534,0.7752029591106923
-1.4587376403314682,2.227683589358441,1.0009224167667883
-0.1948197041044786,0.11805446791626065,-1.0227068585682095
-0.5085632308890029,0.31374182844175535,-1.0574575870681575
-0.5978125492051977,0.161923932625732,-1.0192483816113622
0.3590906324826244,0.3274212852988404,-1.0432297487491018
-1.311365956129229,0.42043141345571305,-0.8040581465592631
-1.0838548415190117,-0.6022729452761101,0.7350044679547
-0.8279277121101097,-0.96022730950881,0.2969604709679416
-0.9494165765580178,-0.9283099552935732,0.3637789658183885
1.5575145989561054,-1.111711708418005,0.15047849739244815
0.7227222315450479,1.8422035586996899,2.8944028587040562
1.6533617278643777,0.011594633388142388,0.8719001268531724
2.6734428300690687,-0.6908401634198111,0.10776663635583444
0.5283528339155605,0.15871464176677605,1.1972718022053628
-1.3291138625778254,0.5253627620497351,-1.2554592434315415
-1.1497927381429938,1.0550659855313553,-0.7814846189388599
-0.5070240521223411,0.6590875654818377,-1.3289567638394113
0.4582057400972859,1.3160465992558399,-0.8478477768935037
-2.62747689560541,0.554447210420355,-1.1891756921565622
-1.2929289323112128,0.5268361826292589,-1.2581554643877235
0.7698703581020635,0.6249082549657021,-1.4661624603585763
1.4687534321932643,2.380264072290106,-0.01954830054293616
2.335887497163489,-1.352504255357757,0.48542120913760667
0.8911727341650595,-0.7313797532725286,1.1643800076000228
-1.4806711949472584,-1.4211693802431842,0.711981052807585
0.5931450695740665,-1.2623592426360184,0.6221594879170796
3.356099512836251,-0.8458799153291349,0.5560204280196879
1.781587110934496,-1.4058381396183968,0.6525685695772921
-1.4871136576333321,-1.375915768544331,0.7651448110913193
-0.8217811929014385,-0.3697940742325756,1.7200386836172452
0.11222218734653312,-0.6060813844340477,0.1560116548941329
-1.876761583734336,-0.7273581310573864,0.1161396543224974
-0.5506329197322676,1.228069676941902,1.9801110886992974
-0.5086797468330172,-0.6989472062212957,0.09197535747087422
2.1896405872241615,-0.5805221177838263,-0.19733302213058973
0.8464292631270441,-0.7836201070948764,-0.023945765980631126
3.548335211637204,0.2019889237487768,-0.01659090472092271
-1.6960812493758723,-0.8136508424602441,0.07384847245259753
-1.4892430446550013,-0.6659370509823888,0.23484567723804187
1.2162715383768083,-0.7572134865646543,-0.06655116255873167
-1.5464444282445717,-0.7760898623615893,0.14360465511689982
3.879961946138653,-0.04553492658024552,-0.2651012854976191
1.692869647628946,-0.7277546800790763,-0.03738795308773726
1.279375522087767,-0.7496906898981123,-0.07416294361506606
0.2093525005519748,-0.7909607234467181,0.0414083517614188
-2.352123370387342,-0.35039542576435706,0.5785093110500416
-1.7943043514319499,0.583883645120556,-1.265044290859693
0.6053937861671239,0.5732276760322449,-1.4111339875986415
-1.0960371074491182,0.5623715792611419,-1.221573785944672
1.5604608174340737,1.0184391321745037,-1.380584102951075
1.0323658180898148,2.033924437132167,-0.2781294559756749
-2.1057357345455077,0.6459413267860805,-1.2019014220915163
-1.409683372270775,1.5031570968896604,-0.3243519546619159
-1.2499239656590444,0.5627565721518437,-1.289015734748614
0.20795790904645034,-1.7708055525289799,0.9660967038786981
3.905929529229394,-1.1824819118417669,0.8733550486797711
-1.2384006201427369,-1.5614890808889272,1.1766773268997963
1.1543160603819085,-1.4540983056311767,0.988733888547734
-3.910522151782422,-1.589756148971988,1.1255697656586632
-3.149721778501856,0.40943892707625096,3.1556956156602824
2.895621490017399,-1.381815359533546,1.0982692721214067
0.21027639413500682,-1.6282553464921845,1.1205044937663537
1.2102807631685302,0.4062040632593995,-0.752592816481668
-0.033552325869316384,-0.02120424795610157,-0.7745712387686277
0.4289399351712845,0.49803229269839416,-0.31319478042252835
-3.4712733272759433,1.661473806207579,0.9215722665942456
2.547072407168441,0.4425382789382304,-1.0376045426335914
1.940678394986568,0.22415829799435544,-1.009131666804642
-2.18128016893565,-0.021468425660473845,-0.7142360432782915
-1.646208877271319,0.2560083474832872,-0.5116200953109495
1.6766128928609607,-0.7786845154682526,-0.06918486125111498
-0.9938753838347567,-0.8039520517103087,0.14005942179213413
3.5255090887731755,-0.18688595948858117,-0.123317817037521
-0.42842400087508076,-0.25144524502583826,0.5483308334211708
2.5812042567563127,-0.6303320359764452,-0.15544924508745253
-0.5580084373128626,2.1458831890811023,2.9871878546520136
1.2107831016000634,-0.8789561912603358,0.04163813398538288
-3.3332630235478864,-0.803525533334406,0.20968532741358803
1.6527143977033782,-1.3718510386207217,0.5613798432646454
1.2453275759808495,-1.352317161857947,0.7577105994426732
4.00863958476059,-1.029325488561675,0.4048539054677689
-0.8395782698988166,-1.356565329034047,0.8922091083390589
-0.9001674344153756,-1.4514207108370287,0.717151861178051
0.684151480759549,-1.318702930473864,0.6718433176778117
3.575598557919147,-1.0995823996902685,0.4680343392558754
-2.3075590217517403,-1.3954431443180308,0.8525749734410427
-1.1326105065974215,0.08753523673992364,-0.7051671515915285
0.4408811120927323,-0.05924027787191251,-0.8794972236234025
1.1937173184774112,2.872366293962649,1.7001068896674312
-0.7040599509467185,0.5508070565331121,-0.2886191560618739
-0.6216886256460116,0.14040518771029534,-0.8698473710671559
-2.4485045886735075,0.669162180874886,-0.08894483261857826
3.021743824861324,0.94014889935448,-0.916342569697919
-1.786263510842891,0.040339302346058585,-0.71495322398341
-1.0399080085863208,-0.7020125563251449,0.0318015961747785
2.1561532220105324,-0.5440865497535213,-0.12753890526297026
-4.11975272359767,-0.5904959673681731,0.08689117890170517
-0.29010147256186886,-0.4250955232391019,0.11610896602982138
-3.9708326255057615,-0.368436319149653,0.4210195560265106
2.33214712709694,-0.4145718638219105,-0.053681857273260816
-0.1733163717243826,-0.2333520785948233,0.4936033481844924
1.7478106420426007,-0.48480743787132713,-0.05786084894152528
1.7848162826778393,-1.2902308897881558,0.5671861273456541
-1.7194719429410426,-1.3503069553813158,0.7729019854248449
0.858172222207255,-1.3251130719150148,0.5683981400743715
-0.6501548815871743,-1.419313456057377,0.7416583098462722
-3.695947073747118,-1.3486077609874314,0.8189992298032438
-1.2963556019503868,-0.8928238592670156,1.1931254609964934
3.7221172110558465,-0.9542625194801264,0.44011177162130377
4.050211198096237,-0.5457288629461919,0.7394746578327114
4.6036170645772785,-1.1880680220289197,0.5384984854627791
0.2516784001457517,-1.388668732122165,1.184128472503844
-0.3209007596830217,-1.7216097801060506,0.9365704969710887
-0.7485538270258626,-1.6266545144231714,0.9906883196204886
-3.6705433269635535,-1.5274630558891127,1.045032015160808
-2.348641813944624,-1.6534982134627076,1.1050914106146001
4.495714951331149,-1.0203169031106663,0.7914519326751663
0.8142726195366002,-1.665136633006803,0.8371238449774214
0.21760863979432785,2.055092893357582,1.1563317217901603
0.5401751197755608,2.347778526429608,1.440186152989692
-1.115965885608136,0.12510234426879047,-0.5394312431360015
-0.2498427268782353,1.1786900743003035,0.2740676301982523
-0.9448342589694727,0.0040707902309206345,-0.7152552312534919
1.1874004192743866,0.6160662405101482,-0.3594572495959017
1.429314902923915,1.1122900465467696,0.05159614739041116
-1.9874156055472094,-0.04074697159422187,-0.7023411187728382
-0.4035571560944579,-1.2796190284022302,0.6734361077336039
-0.2716119900522075,-0.21102617052144215,1.5241049697321747
2.5708040974684443,-1.0540363181860208,0.3866349307230458
-0.6494494839678175,0.42499812468425263,2.309848558918814
2.457857835054866,-0.7211883442910121,0.7527720478738272
0.8294344870726241,-1.3618138893488616,0.48723620450604166
-1.3722278937680308,-1.29877655634588,0.6675369778583939
1.9116463393369032,-1.1828641260561612,0.524013911832701
-0.32532564475747144,-0.193162281077376,-0.32467664558244963
1.5230906396431512,0.32556639668792653,0.12420045836176305
0.671084992501131,-0.22724211340824918,-0.29332751406008645
-0.21358691352116313,-0.4736403016393487,-0.30931809846299946
-0.5553565224337563,-0.2772956491061134,-0.34303705334093343
1.4496604898180097,-0.2619300551761214,-0.37225118776588223
-2.8858127778345293,-0.3177335997668646,-0.14650446339011167
-0.8782978472062097,-0.39938509012038226,-0.30604814697120875
0.9859036691571513,1.513061744868083,0.04399800810455677
2.435168701348814,0.7885940787333907,-1.2772298971469256
-0.1864829604240507,0.4124534650818652,-0.8013856627767293
-2.4837960873490577,0.25427305321155946,-0.8789810487611294
-2.4882672413645515,0.24834918150432955,-0.8752748999731319
-0.29994642530492094,0.5483219512080124,-0.6371950929739644
1.028826310200297,0.4333821475465675,-1.1745544051901975
-1.9459807672316622,0.7727663489877657,-0.4209787209461371
0.7185144475905677,-0.6754285905421823,0.011715307150877527
-0.5736791353952188,0.8845538890260884,1.743798087280742
-2.4739211336866807,-0.48738444328679636,0.5235867691641026
3.191815537593646,-0.3793684428413502,-0.024520696912499647
-0.35241777755614717,-0.5290427301462218,0.23142946013458232
-1.82635941839036,1.025407579291721,1.9009558488370588
-1.6137386931799362,-0.7828935191106596,0.16829162179960325
2.350102089571748,2.3565328364944307,2.96626784824916
-2.583208209879955,0.003552009592310741,-0.7063168661015886
-0.7018827585711997,2.4306844115383472,1.5628414913110376
-0.168800884024618,0.015527452752690326,-0.7870236293063848
-0.12475226558708793,0.6841596642339106,-0.14955294573190317
-2.0294012825712158,0.1733222267346242,-0.6002207857034316
3.560248192189446,3.3880033643063556,1.4107762351310642
1.9161968290160611,0.9021553431118996,-0.4041845552206542
-1.097492240924465,0.0005865217268107469,-0.7974224120760545
-1.848071787448934,-1.000265367226549,1.3287918703920165
3.756915097728073,-1.093575730343849,0.48098574615990053
3.777502363556653,-0.9913874276661113,0.5787578547839145
-1.7017481536095698,-0.8796896324375632,1.4094011322520472
-0.8886917818965212,-1.428084694121237,0.8829388626933516
-0.5010235123903917,-1.5353633890419494,0.7630820452589865
2.1447383494064676,-0.7184642674230596,1.2063749967771424
-0.4030496314977256,-1.3847698267474138,0.7251506742201623
0.0386441479274497,-0.7615761884691419,0.01848444182887983
-1.0974807352749678,-0.7868090177940572,0.13239956057491176
1.3834281187998827,-0.8992798738011842,-0.041830537494246284
-0.7244850309382098,-0.6408001130876764,0.26160169053453686
2.86529447327443,-0.5778056592035641,-0.13292847256766885
-2.037141701374714,-0.7656880096871251,0.1807931683202265
3.145125873305148,-0.5136700047643155,-0.21311353792957172
-0.8837342308446592,-0.6643116045241622,0.2834701179776762
0.17629085227388933,-0.44741129973974314,-0.339051925352546
-3.401120893722967,0.25499714706560944,0.4309984482778355
0.11015558139803353,-0.15181945733633911,-0.39394788275060316
2.2010637567837814,0.8693001034202789,0.5656835380144319
2.2561966616396223,-0.1694628354354205,-0.5230998446164773
-1.7411336094066396,-0.41292492073990006,-0.2357810219535663
-1.0249128384168718,0.7584120149306857,0.857748951677562
1.2562529383580652,-0.4110213859315684,-0.45667981955420983
0.7028813264987248,0.847460408597412,-0.7442787706342229
-1.7593601780683417,2.4673988989603175,1.2872364921753008
-0.8628706979223943,0.29338397634100133,-1.0127579764824808
1.2340447763151197,1.6652746151028324,0.26811192507820153
2.3588982365864815,0.6153204458820029,-1.2142554378803718
-0.8095909518507044,0.1706995969675404,-0.9988739190984728
-2.103514587097694,0.19260973990851982,-0.9286004617754192
0.2066741083511393,0.41626243820023245,-0.8106959989061475
0.652874695073597,0.37430405172337544,-1.2002333216768963
1.2084329897487613,0.4009529331310474,-1.2484154263778284
-0.7283930291947783,0.42989126804862693,-1.0659025593594624
-2.369307991563007,0.28218610383657494,-1.00892645596738
0.4320070457431256,0.31000150085155137,-1.0479320756169133
-1.6569467300689589,0.2669668986365072,-1.0448669337148058
1.9429055456422688,2.026676630280697,0.005932736173533152
-1.6985343054998079,0.36805333319339834,-0.9433019884741217
1.9857500479613905,-0.36679454421470886,-0.3931694647041459
3.359680179293143,0.06054820681883879,-0.5605091397291287
0.9601520726455345,-0.32202089591712935,-0.27490094380449076
-2.738546654966038,-0.45157505045554935,-0.09795675884343112
0.916531486739896,-0.3799030204947019,-0.3181133648437355
-1.0124675850732523,-0.4705462505023886,-0.12123962205985496
-3.242198599840335,1.535657197982035,1.862006429410064
-0.8180943002762305,-0.4897619975011322,-0.19920697220970587
-1.5107241353214258,0.05504296268359232,1.4350631250899886
-2.0074116915851516,-1.083307677856277,0.3860501490470478
2.5141273599618543,-0.9962790936666855,0.09977474121413685
1.1633670500934803,1.099634718014691,2.0325015808906244
-0.04037899450936603,-0.9458478640830636,0.4175260497326109
4.711701736976387,-0.12688904505125526,0.1076178785906271
-2.9460513298165285,-0.9605283022756076,0.5335170530302356
-2.146100432965566,-0.9865294301117955,0.4200572240288204
-0.21390553408473945,-0.34304503171116646,-0.42679652477486135
-0.7639900931172093,-0.1320794900410128,-0.3791435699320459
1.5267929275497052,0.2588485488072939,-0.2986110640874637
2.7888102200654705,0.133319494714404,-0.7230195444334866
-2.4111023197276413,-0.26581234749544796,-0.33006188504912654
0.9986739468301102,0.714124700549601,0.36264963868697847
1.5120207891064936,-0.26321213913972447,-0.6070459377126928
0.16217266661483512,-0.262934938033402,-0.5212350015575998
-1.584735089951108,1.5821827569769669,0.13897290570650908
0.8539096648427523,0.5549924613551013,-1.211492291816832
-1.1163396932670906,0.28281934886287113,-1.1158066034006247
-1.6154549616642868,0.32379955378027725,-1.1057878203312177
0.3033404585643377,2.1825822786318243,0.5139353510583092
1.1767851905430358,0.8112526843525765,-0.9573256805819588
-0.5556903455296327,0.3596546397821314,-1.1143061971114065
1.1906864550648362,0.8817161783447277,-0.9483522639295366
-0.8554357356217108,1.111376671579489,-1.991082810291125
0.21018386256107746,1.2401977338040016,-2.078440878884413
-0.1026834189122064,2.023176355892166,-1.251819857474741
0.7082057625419653,2.5393343612915924,-0.9606840604219232
-0.9014432162564541,2.9240581772297083,-0.19441989467968598
-2.110846585578935,1.2068478464141177,-1.9149007134560316
-4.519387798062745,1.1889140557076856,-1.8026388197785115
-0.5421967239818719,1.2348276556052393,-2.028380687626276
0.47867385610292845,2.574191599361673,0.9249796567718194
2.192478116949461,0.8682045063636528,-1.3464785499097187
0.007223667874394496,0.3023505526018056,-1.1033742599406569
-0.6480347272125292,0.31610772686819116,-1.0694638697402232
0.6990210024329042,0.520128982963842,-1.0608132512502966
-2.914672042546157,0.35395024941910314,-0.9460765714997789
-1.2259099998763443,0.740871266974631,-0.5705361776121751
-0.3166798863160799,0.19208260507213815,-1.1016328525109307
-0.33151568633887185,-1.063633304251138,0.4820889583169077
0.07961630658496176,-1.2533334126618825,0.5083954314145017
3.0927830437092343,-0.8408826953663256,0.2447689125373806
1.9265809932263283,-1.1577294669557916,0.31275782989728157
-1.3996239408502493,-0.28899253219842685,1.4684317892649619
0.43986685480556,-1.3058636834338653,0.43718588035822625
2.8857339815911596,-0.8923024171775967,0.3138018717762338
-2.2105890456909796,-1.2270521490677349,0.5603448857635376
-1.9587029250952712,0.34581787555153354,0.3360708686675957
2.776525323617313,0.06490744652929385,-0.6336016222565465
-2.413227346280069,-0.3715888740863658,-0.3269819301508593
-2.4020847599198683,-0.36332555806454164,-0.3323998931521936
2.1188875915514283,-0.1444219243087927,-0.6362046640096897
1.1384870106290377,-0.07978564037490063,-0.5318909605735282
-2.0966332034171367,-0.38347020896836903,-0.34044000442349565
-0.5491953760531124,-0.08460360157835922,-0.3182216790868782
-1.5271233064318364,-0.3558348610204414,-0.1724259686022142
-1.0897092513628754,-0.44233292846607086,-0.23200575137589924
1.740326269243749,-0.3080788089046126,-0.46227530701010333
2.3840444776584224,-0.16579460704515128,-0.424003312219735
0.335766813945017,-0.3725381516794294,-0.38673738751259207
-2.2250134188160824,-0.14731373307595,0.14191669583958014
2.4471266443623163,-0.20589393649536092,-0.4830604405531174
0.1445419061243786,-0.03051809428633022,0.16074665544651087
1.208366770001079,-0.5846354118804983,-0.21632482056641184
-1.8525310998944977,-0.5709348678274111,0.045270138343973206
1.7145913539027489,0.1238902951199911,0.4165572079799652
-3.1410016524456785,-0.5450046193173216,0.033484332560535235
-0.8560326083871664,-0.6756284130161443,-0.11574837789574838
-1.0489896736862163,-0.5364088285973034,-0.12785882886405583
3.615441243659681,0.5359950196584156,0.0726675044225589
-0.9115716175524562,-0.5163850503550999,-0.14657393783107847
-0.691613787323806,-0.14082261362887447,-0.5609741390990426
-1.6434690547764874,-0.2117779736914464,-0.4339427156890255
-0.9932662678311409,-0.321795443522163,-0.4948921324152172
0.9444631084595915,1.0975959631658447,0.5921936445870921
-2.0967035343136935,-0.2742060603285653,-0.4493408853634041
2.846489672848039,0.22672111647386808,-0.7302660893751604
2.3686702627619187,-0.021294914577257493,-0.7703103290232961
1.086913999770726,-0.017470532750625052,-0.6900280680778355
-2.118020365788263,-1.3785773636553071,0.7082215909694061
-1.7116476157551288,-0.4261144400797895,1.6327370579815152
0.46113090266518286,-1.1315907044104996,0.5126836106704429
-2.5712897389937512,-1.1306004358228299,0.9120090847165633
1.7101031526899837,-0.2938214403551265,1.5759688151341855
1.9676750544652661,-1.433616984877822,0.48080401370954223
4.629829608485076,0.20634190345762862,0.9882567894320288
-1.666785151414657,-1.3224200333234983,0.7274046269370366
-3.3214997186461304,-0.34577722753163287,-0.26523083960663296
-0.33475392492240846,-0.19274388204120346,-0.33168569273316406
1.8950847005837632,-0.2664962493813562,-0.5115380338701373
-1.0414666633041272,-0.41825618218063326,-0.36894888410683124
0.9196003201730353,-0.18914401992950844,-0.5182959050455148
2.967392345791088,0.09649317103926514,-0.5974623159459956
-0.9231447452922135,-0.39555260861017055,-0.38827211117422555
-1.7555005911836634,-0.36500403612852167,-0.2758442204593585
3.2492473310298187,-0.347216939565739,-0.24778608863720292
-0.12399837532677771,-0.7383617722092717,0.18038511876390145
-1.3896840897005815,-0.7499418205239671,0.11448055509906682
2.242084670228306,-0.6487934760999973,-0.1218124723268298
-1.90649098191457,0.2523664586208294,1.1446830884494545
-1.033023047331121,-0.8447616231157856,0.06387478512057054
-1.4263017782561582,-0.748078852969696,0.11523872830268746
1.5736408438113836,-0.4522089795982274,0.01969837105017571
0.5293487921416717,-0.5525683518886022,-0.13038165534501148
0.6516235865454445,-0.4497345097419426,-0.22090808082169255
-2.116646705176171,-0.6797990376695464,-0.02132243620984755
1.9487687287860582,-0.20630276765133176,0.13266563057031405
-0.9183139788006853,-0.6618797751587401,-0.10573675048840406
2.4979210112857526,-0.30167332073938496,-0.18513109613903928
-1.3712619086399118,-0.5615153490892422,-0.08186850190804236
1.1844198029077957,1.9998597854096742,2.4820911364205767
0.30076145454106995,-0.1455755950381667,-0.5370488883183963
2.767806185963018,0.20897778850523485,-0.6779105567036173
-1.6129620407225382,2.3349076929976387,1.9413941333489158
0.04984186570642329,-0.29591623774787745,-0.5665294950752685
2.0246426488017284,0.03634598639197952,-0.6183226565891354
-0.7289902945066125,-0.03293990216342965,-0.3790135913486734
-1.640092315393734,-0.24266282649290702,-0.41079113455082206
-3.3521141091600937,-0.23570097898000708,-0.3855851923127297
-1.4383779338282132,-0.88983709829002,0.26661716628191956
2.514061452301271,0.6720099414239975,1.3514802752797384
-0.9798871574069241,-0.9349433705126231,0.2610774924872994
0.1380022091480804,0.07952499162304923,1.1837518377145202
2.921065438609189,-0.580776980415663,0.0018649207330885416
-2.0757109964751965,-0.9690138594430319,0.2703718268551022
-0.13601957028380998,-0.7878963896249024,0.1786521545364296
1.2836857901068557,-0.5711405778663452,0.176146440832567
-1.2139853664301379,-0.6458428355783612,-0.006093587663433665
0.9606054605190797,1.3232418114000573,1.511961000977186
-2.5735266705455424,0.49199153373893556,1.1592358273151895
3.019640934082,-0.45368485834969624,-0.35465059496742435
-1.1109788615621081,-0.7441650478189177,-0.0373884333647788
-0.87059694637636,1.6799546622039248,2.259239359288557
3.4685444586737963,-0.2114379843609511,-0.30975438450118103
-0.11095193353182581,-0.7606546861363991,-0.09155674816783645
-1.7126610436022802,-0.7202899184077808,0.08624998468238033
-2.911300656588345,-0.4524615762218232,0.32492678252903884
0.1540768101048711,-0.7557709472662023,-0.08887351311888261
-0.7876295961494671,-0.7278115820989429,-0.04439357564273185
-1.8680838662443207,-0.47828778380314724,0.2740581189981148
2.625782299341485,-0.3508306658164443,-0.13349915561962228
2.6788580475272195,-0.4437022811103888,-0.24047105863427437
1.599597361556932,2.1572231274156013,2.24665253614472
-2.0570202306294134,-0.2722477576405731,-0.3537707677103253
0.44281721112195105,-0.16381435029860858,-0.44439320388440345
0.7538671552682614,-0.2473319412129082,-0.46655856335661533
-1.5739581090103705,-0.2681819420484032,-0.3850188537576447
1.1094750405554255,-0.03603904089220392,-0.5815333446021594
2.1377680143563453,0.32601588582157043,-0.3035529551826091
-1.6689614625633349,0.3264792770249967,0.22351878714340248
1.4688835720710254,1.9735313385265145,1.5705783213501878
-1.646080212347627,-0.3465154839448019,-0.30380456731248207
-1.6689535306560577,-0.2546065714434308,-0.1977951319454859
-0.5282594109115102,-0.2595424644315333,-0.44864200289258954
2.034649199510796,-0.12065204672356014,-0.5603471308236743
-0.8809583994558875,-0.39055859263859594,-0.4049036656747378
-1.4642652880361544,-0.3294463394920041,-0.3230301208636485
3.1263167698357166,0.599202141914454,-0.3009364591238795
0.5513064411326176,-0.4484703916853109,-0.46544767889686356
3.236454059168665,-0.05672125715407982,-0.5605910516526482
0.27038412030729186,-0.3873853051702676,-0.08519582794207124
0.5474784716734084,-0.22106386353447588,-0.0664272828781291
-2.3501750851645524,-0.3767727073321864,-0.0029080796747705372
-1.0970684240312645,-0.5685870781301019,-0.2095726491676081
-2.449199778553723,-0.4941590121468309,-0.08778390244502801
3.047993910179921,1.7543439331765927,1.3803535441822012
-1.948446903972271,2.1575438851247584,2.4546671796220094
0.08757656083204278,-1.554671836691368,0.832926808656981
1.271419169390148,-1.3388266301299356,0.6645346178339882
-1.0791400733500267,-1.3812754266247216,0.7882642847860941
-0.0642111083350596,-1.4182571803294224,0.9237341992979532
-1.9564265274134576,-1.4792831485988234,0.9229943151925566
-2.231403367130703,-1.5143159155076282,0.8824845103606997
4.1674286219539285,-1.182933653900264,0.44656739931555756
3.5193193359267716,-1.3249983757896784,0.6195150765990806
0.0830436485582312,-0.42708781660934736,-0.43339454179779874
-1.4077877615174244,-0.13265830225336894,-0.11171952368225951
0.363062964642393,-0.3186290034171436,-0.46020470391576174
-2.3878599651763297,-0.2028360707933641,-0.09149084541028722
3.5156904589036544,0.3978472035289695,-0.6157288159280773
1.574985165335366,-0.34541002983875774,-0.5234681710700008
-1.537076581047546,-0.3574262553473543,-0.2908270824367867
0.15454224825130727,-0.47991459701637307,-0.4103995737788329
-0.8208263900258337,-0.5104968065996676,0.3413500458211602
-0.9688629996756525,-0.8377111992983259,0.06452895669894658
-3.8704127481085266,-0.24065032596539368,0.6945872254732302
-0.22418415920989604,-0.6717032548993978,0.055405062283857553
2.799085737084916,2.0277516329952365,2.307888429675516
0.7602246426285697,-0.6681601224972477,0.1730335035401846
2.7521109585919232,-0.44811130997540227,-0.15532325590020793
0.22323397463314715,-0.7596052126704566,-0.0038561397725512176
-2.617964413158187,0.7706002772447516,-1.3142669205915252
1.54010971559481,3.6600254311463836,0.7875052901180154
1.3931367128911523,1.0911650642171182,-1.6387348545560256
-1.3775858390533162,0.6347485662481355,-1.4737406976154992
0.7196015945305041,0.8527261897004229,-1.595081694054153
-3.1453804214627916,0.9551518805984145,-1.148891152861887
-0.7805094804211903,0.7704754690342243,-1.4292569502791606
-1.8476639479059256,0.7160034638130423,-1.4094283047533702
3.706843957631216,2.1751485830460036,2.7279341891568514
1.4192626808231588,-1.134515117962239,0.19592076398204733
-0.65829678273872,-1.067520037055144,0.2926167310819401
-0.921689806893458,-0.9958253725682393,0.3476680527255478
3.267575574147508,-0.585427959700592,0.16248732206536654
-0.9768081997348064,-0.9026671092845032,0.45457490755193375
-3.3697053051812014,-0.8471063238297379,0.5739414523171578
-1.198974762020885,-0.8644258543734242,0.34441777229412524
0.8673678702790933,2.5262360520116935,0.7339138972052651
-3.5415854611454547,0.38867426024412555,-1.0416468588598924
0.49729996200698423,0.4964849778762285,-1.227449278241204
-2.354645881464521,3.0797319209045244,1.513550600526742
-2.490019629107829,0.3682277334337805,-1.096098179524469
1.3402458194232378,0.6436613067476411,-1.3099039687509428
-0.8273283806706866,2.770355272808636,1.1988102845795514
1.3605100891663502,0.5273294310629837,-1.373082566705154
-1.8764008496826188,-1.1245528466773833,0.5235289132329081
3.169658808861079,-0.925625129270383,0.12105130056647095
-0.8283419144933833,-1.1823054569370866,0.41174846304803836
-4.199692881470552,-0.9901073950777883,0.5974542167397507
2.2480836051448283,-1.028800982427914,0.1860567434278533
1.2471235793091302,-1.0220073759807942,0.24596814324100363
2.786772489714133,-0.8847403563470458,0.27524835449810997
-2.066700093894216,-1.1387119886410602,0.4664730081544256
-0.8614631706864365,-0.012725896141076401,-0.40231674404167406
0.24866471776115925,-0.2863710080763015,-0.6047468153659
-0.180118551236292,-0.2471530263303654,-0.5222498287768568
1.4943237572929229,-0.1764735815326776,-0.6945174217814182
-3.089840597715656,0.11469471189355239,-0.07129068615543292
2.8942752711460518,2.573694343370643,1.4540504347169247
0.5306219561774956,-0.12400764249268109,-0.5838991447320123
0.21936251421781547,0.2943318332237173,-0.17410809859799622
-0.7916150648916194,-0.9988169344046532,0.45046593698257786
-1.8592163041914063,-1.1074027478450021,0.4226842355682589
-0.9948917854703803,-1.1343299490423602,0.3815128650604687
-1.9127615105125477,-0.5530819791542844,0.9734003959735508
1.4834261437601566,-1.1413598652842718,0.30431676421331666
3.5256177283385957,-0.45871650845277845,0.34146137972538976
3.414217551419936,-0.7303443362132783,0.10955456723502843
0.4989036656321921,-0.9904651242660238,0.25923458611747696
-1.8506124524842777,-0.8045224410353409,0.20184127819409645
-0.9022691573024186,-0.8744870436982151,0.10227950742497564
-0.08299442564753289,-0.6927420074702186,0.08013699311215668
2.450591087181272,-0.6104644481431325,-0.07624951768750127
-0.5312719770794536,-0.545711007457489,0.25912968810051096
2.6425161758059508,-0.4290089092743053,0.045710979616337605
0.9089308854615973,-0.29761230397664806,0.4199495029873256
-1.4860529444655737,-0.867484371027401,0.13654174590653814
0.0961830182351933,0.33608174967566357,-1.0403481944461472
-0.7666991242402923,2.1178276756303847,0.8530078156205023
0.4570640499888476,0.3787133774911652,-1.0086483626767835
2.3753904410182445,3.6090288394487002,1.5420095535500367
0.5188522474191387,0.37815012138084764,-0.936442237238614
-2.1109956615426597,0.7724838929816173,-0.4153732778537302
0.09026534100132029,0.6749803319250264,-0.6548285517598427
-0.18128060112403377,0.17308778646652415,-1.0610527654089201
-1.2489918826304578,-0.06951891339503072,-0.7455902437939423
-0.5340145542791789,-0.022658032015089386,-0.8137111010385497
0.2708181258624869,0.21357080507236265,-0.7127061294638976
-0.8406192377204633,0.045273626997667245,-0.7542630586774773
-0.04665074554152332,-0.058713475125380374,-0.82602837684328
1.3232080048438775,0.222792774965882,-0.8879806723543707
-2.1535340719645215,0.020504268581234462,-0.6600277554127175
2.610759635052941,0.6210897884744058,-1.0055358224775295
2.557976089596673,0.23518266098298307,0.16074989865163414
-0.37630028727305903,-0.528009889514594,-0.1873020709307357
0.20668737553614272,-0.22475734638775086,0.25552383654133815
-2.068347846882248,-0.5289396197818729,0.02430393473345101
-1.6578447322639382,-0.6394227694914375,-0.09482570516672896
2.1154920999968625,-0.48103481346825494,-0.2924842318503874
1.0537628188176957,-0.4853672986954376,-0.22296243483363562
1.5715513212227563,-0.5503878726918476,-0.29922535196386885
4.225056443409365,-0.9661459568598475,0.4456438132088899
-1.931238227819781,-1.4370606553000977,0.7835732884179852
3.041961254244384,-1.3463449463083053,0.5472827220600301
1.9803166132920247,-1.075971293564616,0.49140575590164093
-1.6150434174753308,-1.3503599172736545,0.8710675358645189
-0.12081113100941288,-1.2574572405107778,0.6992827819962092
-1.9057049773449557,-1.4340924653822915,0.7805378638364723
-1.5466101281668532,-1.1876067948685831,1.0102623584083552
1.3215333305445987,0.2592369891733951,2.612962394329432
-3.1765257777292124,-0.5820095416897032,2.248716356650174
4.454034873040653,0.8844932671447162,2.7937502379037444
-0.4185519210567725,-1.708794790105718,1.0678862319901725
-3.98160358821448,-1.5733524549960818,1.2172095403109333
1.245441384841288,-1.666129943498545,0.9126042883922555
3.2769501185467145,-1.6427955182724399,0.8490169283670411
-0.9883544448022569,-1.631643061042323,1.2146555000037003
2.1504508010689483,0.3655872841371815,-0.9161465356265812
1.2098568232290896,0.041659927947065675,-0.8881844089730208
1.6915459215176274,0.37309355990885745,-0.9212702833979565
-1.5654040885329357,1.4679119605154758,0.7769057727012717
-0.21921962013097715,0.10723188599576744,-0.7573003858044303
-2.557049295152511,-0.08986891886821671,-0.6316282196745716
-2.445955254903892,-0.07270236101486062,-0.6473330860500781
0.4398621326157991,0.0729810115580304,-0.6760123563813861
-2.3361979072928176,-1.3690227434368967,0.7253652020052433
0.6596957145168474,2.215919653256055,4.071426098419579
-0.7843116251001762,-1.0347950823914767,0.9887823566097684
3.721361344254664,-0.5639786457752047,0.7521011228819214
1.7644079498631424,-1.1365681534682992,0.4437083080961669
-0.43249882332311884,0.7793489864428398,2.577264269632355
2.7526731692111737,-1.26505851137182,0.4754398083931957
-2.3727534464340976,1.1105946706763454,3.1622456002059702
-2.4911899331250993,-0.38143116959218737,-0.3040949794998734
-0.716012181382245,-0.3448452718281743,-0.35807797948851555
2.8368521625597785,0.6184280735187351,-0.032786611274539454
-1.6884605460441673,-0.38312662891751637,-0.352551809034096
1.9027377408877117,0.12592677072527414,-0.11603817737554085
-0.27314681286755566,-0.25772924931821517,-0.4600109460246849
1.9517744186626886,-0.2929933373613018,-0.5828024298805148
-0.953495639902554,-0.38358327646442314,-0.3233067962596811
1.973092080204682,-0.18746507605986884,-0.5894619489184038
-1.6407679629765457,-0.28785092445340554,-0.35452288345316035
-0.6625691034656302,-0.16641590342498247,-0.43311927353718915
-1.2812724032767278,-0.20868941739525376,-0.4475651692832045
-2.943182783445159,-0.0036936508653880613,-0.04076643176663083
0.2362141730411393,0.11377762957727253,-0.17991951920490623
3.163212128257673,0.14412291459910664,-0.7423218030689822
-1.6384981904432716,-0.2947207624789697,-0.3506020693008141
-2.071282992762941,2.062851625418793,2.3575996962165116
-2.2412144268048406,-0.1922467215756838,0.19638243069010802
-1.361823269436792,0.0007160190800569808,0.16460872976003166
-1.3523060778006344,0.682208163533267,0.979046673356253
0.1068200456752265,1.5531203946079908,1.801103674973503
1.7511584669125297,-0.41783644815572174,-0.3471652185746114
3.092521093372028,-0.010712536375222534,-0.4726280857095955
-1.1470343636514393,-0.37938999416026037,-0.1833399103742049
-0.5156481773050021,-0.6833440495917776,0.6233018693998356
3.7405523600855672,0.17718401922880148,0.9134559587396877
-1.5964769658135278,-1.1285384891316443,0.42075035028140645
-0.6215142080158391,-0.3449383405430526,0.9858159240577004
-1.952091025186736,-0.8665041638937646,0.6863405615857028
2.274807532076946,-0.5721602128877606,0.7980678700023758
1.1817827933525749,-0.6587774152372565,0.5803128824301671
-2.350753382949048,-1.1238155468617992,0.46497736907027476
0.3533495239004339,-0.47935426034378686,-0.2130806128812993
1.7030428590245237,-0.3003987231882896,-0.2692605178420667
-2.1168932802939047,-0.5853894195048391,-0.12536426608066506
0.6470566311338668,0.7088073948557372,1.0041356596886104
2.1734887521217336,-0.3062489117131849,-0.2656935120672916
-0.7014653512394351,1.176833086607055,1.5298995011514762
-1.9894200169738123,-0.5672457290289865,-0.14247180126964282
3.2579822951349873,-0.02525781518038875,-0.49126016143684237
-2.217531447729497,0.010608899449511724,0.2885354354697156
-0.7036863612507462,-0.4132442254769306,-0.2998930657053983
-1.917138035867803,-0.5112830773982344,-0.21871814573118836
1.615462199545785,-0.2102462079462656,-0.42808439999425446
4.052770936835425,0.5479759853201449,-0.45532790718349464
-1.9139030752598085,-0.5051857284519365,-0.22246366120065109
1.7739649452225512,0.30725326857168705,0.2324666676860159
0.27258204821113,-0.5547099588017388,-0.3349335469275873
-2.2716362179995078,1.1894922991988868,-1.887745705667946
-0.3501969249578066,1.1528862359769363,-2.0649757646602556
-0.6234539253789068,1.3296263091431642,-1.940641847268131
-0.9184545686957525,1.206891560550762,-1.9046874341119093
0.47400834859222796,1.4244513183864778,-2.1640631431304236
-0.3060202477139405,1.5702719045072777,-1.67702719948973
0.040972915647708844,1.6922617662408963,-1.7151744395961817
-1.3038846213071655,1.2629553163553644,-1.8342797264587734
-1.0037264148010703,2.3244744898418634,2.092847696711741
3.3225586957015687,0.33006526306711437,-0.831598686267493
-1.6479761356946288,-0.2559806967852326,-0.40035529264136105
-3.458745871543861,-0.2137414527251609,-0.3114552020543013
-0.36436137780856087,2.383805666688986,1.9928749027077894
1.4854566967290777,0.042319894217101334,-0.5834988927087132
0.9859391855012265,-0.2752285936732639,-0.4826665569270914
0.10405535066280125,-0.3607415879296109,-0.533398070146932
-1.0142171678749232,0.26163839434554564,-0.9902628514658539
0.06240634896326019,2.3311614854834892,0.98257108418942
-2.0878065122473513,2.3902544734636626,1.1625860052273538
1.5140963837851242,2.69311233400928,0.8736426255859646
0.8225034611962607,0.9400091350298664,-0.5746636452801842
0.11945739450111238,0.33484026932532074,-1.0528113483689303
0.18445934177537132,0.4471740719920914,-0.9632461831800688
0.7636273730998661,1.5903283713987044,0.07877205777867761
-2.4109095921586565,-0.7073925742058041,0.4489877245100233
1.7842175920583392,-0.9389718836141058,0.15205628501726473
4.148461300507457,0.9564800101582341,1.0010238438982009
2.5294746877602905,-0.3671379700185719,0.20710016084032376
-0.7133420523493255,-0.63194425872233,0.4555234725799557
0.25083760966584295,-0.5692697198364375,0.33273305359370753
-2.177403144741938,-0.9341470568937289,0.2482720374615068
-1.0024471068146126,-0.7667960801503857,0.31552298161179754
2.826951537546294,-1.3072713229019919,0.4033344102747314
2.041003490179319,-1.3918914602905086,0.5255789875767074
4.289837421028461,-0.81203012058539,0.27102952576851924
0.23569713847113968,-1.218623379202646,0.5971417436705835
-0.6474394462221532,0.28379263215108674,2.0757295024339917
-0.5424791948910063,-1.305890410895908,0.645546803618228
-3.295492300269449,-0.2503561100529439,1.788560117004478
-2.36971224115694,-1.1988470493364578,0.8560545890365918
1.3969647555891374,0.016331982150568868,0.07810326299112899
2.5436802607529714,0.5589140468825693,0.45395646372826115
-0.8634626323156345,-0.6467659924852538,-0.13783636370772062
1.9680208716300092,-0.46508988328748363,-0.31661515567989523
-0.6506307415778365,-0.6801184265905283,-0.1334318236757085
-0.9171104183882118,-0.6047149482112733,-0.08040306327061157
-0.9509076805862237,-0.5621739051853075,-0.024261887785344407
0.34986404524544357,-0.5109113869260145,-0.16179781212388014
3.559305295232797,1.2924950161070115,1.3140396081683334
-1.613568448442679,-0.8032617844875174,0.08138264891044128
-1.8850639008336803,-0.7878822546036514,0.09050409513002933
-1.4713117330452588,1.8563756576445962,2.641730231656302
-1.1583902263458934,-0.5749980836051002,0.13417574375451546
2.0756451329505707,-0.3046873886060471,0.3190933192114865
1.8537559931700176,-0.5638760657447709,0.08988961876318238
-2.4405413615571785,-0.8047155044250849,0.13291597440784655
-0.7659514198563983,-0.05487329882521465,-0.5574830021541327
-0.17650553731602953,-0.2517085353327364,-0.6154280915632385
0.2515738856367271,-0.13299006140041003,-0.5807546578434012
0.9025641577293967,-0.1378775828817628,-0.6946607745917571
-1.6707587119469807,-0.16040222310908633,-0.4919435837580147
2.5584487514484526,0.17378866155721784,-0.8682228009848182
1.2156624264331128,-0.14957154668106123,-0.6046991099585067
-1.1805042446561775,0.010015725357809533,-0.3080115288960644
-3.3060696471658475,0.8502035518111286,-1.4163017213090754
1.9630591922502925,1.4530525061469501,-1.6147464375506178
-0.00038201647201194206,0.7246723066532998,-1.558426676458486
-2.204510901303508,0.704398338598332,-1.4084821698236853
0.15996852221009805,0.7004040575066823,-1.6317046841897327
-0.03390824810501521,0.8002351105504535,-1.6250506005805079
-0.11611855727648158,3.5493374817167576,0.8745869744792323
-1.2054428125439616,1.2660502378564142,-1.0035893805272067
-1.121489511433833,0.23337609992429584,0.2903134338278755
-1.7977637395119757,-0.42473116940165906,-0.3125133785856502
-0.35454784504377157,0.08228087463736952,0.16816705817233404
-2.1230505186107744,-0.41818129805198145,-0.29548358897602245
2.6037055003048493,-0.09536334981420208,-0.5913214391384594
2.1479822776241932,-0.28902801559654534,-0.5849901709426202
1.9299213785741454,-0.021251052978618075,-0.6158602146200554
-3.4146633456255713,-0.06170943275906455,0.05466737336750272
0.5910074718836337,0.03684405499885073,-0.8448215902430587
-0.8113692846369754,0.04449269357448927,-0.7606834327899725
2.4256785467156092,0.7205909709668767,-0.6150516345666552
0.3460557129128271,0.4357482682099279,-0.323615105556402
-2.4933199215877058,0.799107419105865,0.19789843302543253
-2.070182104633109,-0.05373186419404116,-0.6771045091899741
1.7328440005087438,2.80478590418819,1.7469143455561134
-1.6269106585814863,0.051168223772874055,-0.6067304275716073
1.36403726841828,-1.5681726854718743,0.7954594992266997
4.008987258368626,-0.9791553847317778,0.8721994691603164
0.765332205272193,-1.5509684908617887,0.899485043611146
-3.640593444868418,-1.1734403695731213,1.4629627435725268
-0.028582411456305905,-1.6820958530132957,0.9700312723392206
3.5167084965466904,1.3067973635991206,3.315411135556882
-1.7296089520094218,-1.5648386271161585,1.0931527073950622
-0.6934099390670149,-1.665276442555751,0.9276256579621414
-1.9658310184045742,-0.40475083091147124,-0.1142489835969219
1.3481036259005512,-0.5035147445415187,-0.3475167189063292
-0.43791132972898106,-0.4990622428078446,-0.31267265323314264
2.345641711744712,-0.18562545364305974,-0.5109379537969706
-0.5498149874267408,-0.45866302269558296,-0.2513217162667221
2.4519572323735823,0.38884533141023814,0.019853519823542113
-0.05130178477411708,-0.4962830802601479,-0.26328393869863936
-2.1693321982063836,-0.32180694609155747,-0.06883600038259208
-2.4265873595982916,0.14084428386651307,-0.865269274303842
1.6258098631034137,2.7822308209566544,1.1732239654739443
-1.0955609082723292,1.6407528198610761,0.5512503901341579
2.2595621486868542,2.821232935847445,0.9027025828836899
-0.6924598608901424,2.6035018424999823,1.4698888699173247
0.17687983082585837,0.19008240206577112,-0.902429466280552
-1.7040970534012623,0.22928100228070172,-0.8037706863453343
0.10238073121813514,0.07908135182740197,-0.9922970690721958
2.15298051272048,-0.0681710029093423,-0.6115013004287069
0.5091408597738906,-0.291015577527127,-0.5146575795714056
-0.22893479547645462,1.2434543074894508,0.9377613920426271
0.6502189050015095,-0.25038870268891206,-0.3628862858298157
-1.1434117610627599,-0.1284068731189661,-0.16285402900438745
0.055214913199273144,-0.4340316121673419,-0.45874869098543725
-1.2213201367160853,-0.2422051519189125,-0.25090593394511956
2.235544638746004,0.8593874640559125,0.269025043006702
-0.741704882975571,0.24960271223726702,-0.8912634692258463
-1.7919985832093033,0.2600437433491688,-0.8309988378315923
1.2423142346629181,1.5345847537416624,0.005821327692795623
-1.1918924818869256,0.13912186363817708,-0.9580092632469485
-0.622013294633701,0.16703672687990173,-1.0076595844664222
-1.175368187623276,0.14990561331968572,-0.9651801118432894
2.2581418173029504,0.907043633927089,-0.9760264445050767
0.734908121479925,0.4519147720370267,-0.995936862228491
-0.030868311050320243,0.5075638489758255,-1.1087944980370419
1.8498702600906578,0.9043931563565003,-1.36769204079714
-2.083239772010226,0.5315066570508107,-0.9925025942478167
-0.5963157729136048,0.5316473025345216,-1.0854939369313683
-1.680777123761292,0.7784577632759914,-0.7652455815800329
1.2691440417914321,0.6413372968760898,-1.3936949575163868
-2.095778239546408,0.4314645104527178,-1.0919426547524655
0.8058053759805535,0.49636650762966733,-1.336161551225225
-1.660665839676319,-0.7560466922895401,0.263985749203586
4.229117706048534,-0.39725240598878114,-0.1250877783582014
-1.6528662888333785,-0.8378262000678505,0.3355632046317098
-3.1732995496792182,-0.3406342614242555,0.9323126345805296
-0.6042810578037805,-0.7872996573479056,0.3189917532907726
3.4720529043654444,-0.6403477020941878,-0.07447329489614164
-1.1462849579206884,-0.9652775312482463,0.21712007432927735
-1.1465501834001284,-0.3068049704674034,0.8628009125183663
-0.11255507877199128,-0.8574827184073954,0.008770137085773216
-0.2511988710880507,-0.8773344868917073,0.027446212382533284
-2.9034992113776874,-0.7274996279458966,0.19281864394754333
-1.9062163034954729,-0.6418025007460506,0.23760371756286225
2.2608758984927326,-0.5700340160766751,-0.1207074385958473
3.5298645167854685,-0.17568333857008905,-0.23500519631319894
2.0096216435460708,0.3652715772380374,0.7765770048807925
0.17542864548654818,-0.7043758641129797,0.06310231179599855
3.394462279170866,0.1281269686327299,-0.12509383506748903
0.09724102651087088,-0.7404146254306271,-0.1111898820461522
1.5950892744095493,-0.675944032770081,-0.19145407833148517
-1.9131712193339017,0.8686688340583298,1.5338731158013739
0.22327562560779315,-0.6416406853496202,0.05825441428441884
-0.5442036517744506,-0.4344806123647611,0.04414007337229161
-1.464974090411551,-0.5443207164230476,0.11301967710228564
1.4553115834870796,0.2866046245208577,0.5808338153758893
-0.42868402910105907,-1.1118407113357427,0.5238746529547725
2.6503237341476686,-0.9437364872156004,0.26112404190279825
1.2105667370961757,-1.253185415834395,0.4180286285372067
3.1180548834603505,0.06265662264495318,1.047501342863668
-0.07725911098606825,-1.2666535404981614,0.42935455176899545
-2.1411171258982304,-1.1721002829864424,0.5091684438751302
-1.7692793945094367,0.9526528041683352,2.57347728451066
1.7602888823661826,-0.9132013088459059,0.3014766647244914
2.0290829123205114,0.7361118470558383,0.28814263324282113
3.729207178259448,0.35718587414367003,-0.7722324531944735
-0.5426586627850962,-0.39843923789703617,-0.42047139493840646
-1.5427630543852273,1.53919079015275,1.52316618652556
0.023339656263253992,-0.16482010523100804,-0.19807675056213966
-1.0256319600722261,2.173771683590286,2.147864804067281
0.30721525256793497,-0.30485536460398627,-0.47621457209328655
-2.067744293360209,-0.3587020389689133,-0.2695535939418584
-1.0388921675939908,1.8061897681519314,1.4935906552061393
1.1922032281785426,1.425602894724616,0.8390379465818215
0.0028107103515033773,-0.10577433078633394,-0.6455829578429237
0.22009426924296063,-0.2484076957018335,-0.6326978276710136
3.0168995738761972,0.6612966299852523,-0.6366244178734922
-2.2977513912228624,1.1531509725942746,0.8466798729737194
0.8174317603556347,0.25855060524655954,-0.27870418585712237
-2.9218962548882383,-0.21178091615607011,-0.4554693453989058
0.07665396097103723,-1.879965067808691,1.0841001283825156
-0.8782405001490449,-1.8501549992378146,1.1281600911589975
4.851743656763131,-1.182275017913149,0.7320724579747176
-0.6017708199164488,-1.810336684277179,1.0907818943321212
0.17612958276193222,-1.8677193932185188,1.0718738055667802
-2.1840150237478224,-1.8134791663232024,1.1903590898447847
4.148004281372437,-1.431437395333419,0.8119048846028883
-0.5781188578463076,-1.7710256598585197,1.2209152868247795
3.1849621084598527,-1.0499321422675068,0.3677320301108786
-0.6406936085643936,-1.0729245483024543,0.8017667559888275
-1.9794267138534427,-1.2483295965178087,0.6725317080918746
-1.1655394222182727,-1.170905881797485,0.5531011248670447
3.346205219001562,-0.2958508352883213,1.0001471129657182
0.9123359516014834,-1.1311485616717147,0.47752044863417564
-0.5342136602588637,-1.1780288883264094,0.5165043314531388
-1.945539136370515,-1.2465337842998394,0.6697623277459885
2.85360093345148,-0.3180220263894225,-0.26314264399873344
0.6998195631168546,-0.17144858707427182,0.09950775041344893
-1.7148511589374893,-0.6287421890943679,0.09258075075808954
-0.9640659161449179,-0.7118472921443245,-0.06426808243723575
-1.0145874614950317,-0.6735106172271477,-0.004810960076348393
1.9391254116446142,-0.5848868110981386,-0.19060118655255948
1.2825797774445291,-0.5347070594135194,-0.17360134471927058
-1.619157408538903,-0.7079405147920472,-0.024579577619717775
-0.5653339999656487,-0.6474588837420509,-0.057142675402319716
1.9044140817134012,-0.5429105750157945,-0.2189617849130417
0.5168300330920408,1.1423900983781576,1.4998201850089454
0.5524269781031786,-0.37652803493545006,0.007645127046090032
-2.0350210345428943,-0.6467427649997587,0.03447331331522265
-0.8992403880224435,-0.756323115646429,-0.05571980904567885
0.7888023524731211,-0.7450979233866534,-0.16539770709716084
2.39441938960545,-0.3768928678524939,-0.3185599125585984
-0.2448937340421561,-0.5252329860806071,-0.3433596567748022
-0.020069283322040114,-0.25616293310198474,-0.3734646289917664
-1.299593284565507,-0.46327282796874353,-0.23371494406434176
2.4793090112886293,-0.014663092439077667,-0.4583905882978875
1.1445091209694205,2.1850847565428473,2.0075058152245964
1.588053508407315,0.2274977355483001,0.10816990588196598
-2.061563365362051,1.0647232295005546,1.2237159071758132
0.981184874008878,-0.25131135344584016,-0.4685835188275589
1.1072541988611235,-1.1173644370708982,0.6031508139115699
-2.27508762239987,-0.7691555002145557,1.015452104807766
-2.8400618491962577,-1.145793908793409,0.6387561151961443
0.1839603417823374,-0.8976526938849159,0.4906136547686514
0.17663031280684585,-1.307666319888099,0.4575991973429449
3.7592475422470413,-0.8658244083785014,0.17182849596902972
3.980197868886916,-0.7439411925750788,0.11176895338259864
-2.0080429580502694,-1.1943928703973652,0.6119501015341059
1.1241137403522212,-0.8061104361056168,0.5067896570123792
-0.1624182730217173,-1.1977425939610478,0.36260201987376983
-1.39901989971656,-1.115041137548304,0.5486869628768476
2.7829527578309405,-0.4424951860175985,0.5647575496990695
-3.4282898281788086,-1.078008504719615,0.5016975455588701
-0.9459253301252666,-0.9901462131611367,0.5318169887444497
3.9293917008393806,-0.4741859039152874,0.07156103137035369
1.20157204518785,-0.8416758780428781,0.4443418049306878
2.6481745474616205,-1.313256885651237,0.5219588389215599
-0.2619912389728102,0.9715020251808506,2.7863643093424564
0.3687778927226314,-1.421587942975691,0.6763698396884714
0.1339283150263676,-0.9562624141830631,0.8763392932188833
-2.163995125860368,-1.3970892711724106,0.7460590141172542
4.476975205446744,-0.7579927750852008,0.3358814787349367
-1.0483186815248307,-1.4085979875790058,0.7581149767976884
-1.8433423347123108,-1.4095401634509996,0.732730187835467
-0.5061601466736594,1.1915175936161915,0.06837878063350712
1.7239803832718679,2.9637222715926983,1.4099435346655245
-2.2757785701662674,0.6793624270917963,-0.20999225800896987
-0.2742697839277438,0.20475286553043245,-0.8771184270489765
0.821299612627392,0.16326263568171773,-1.000855768358993
-1.403331122731991,0.0832784208724774,-0.865867674171758
0.4700224076571335,0.08622349054413606,-0.9094760348707963
0.04009728090957834,0.12887736962363863,-0.8289396773653948
-2.1879037304683235,-1.4059179844838625,0.95356293088534
3.776669945813484,-1.0426570109153077,0.5297299780331133
-1.1038382544661793,-1.3913141327984222,0.7735243004189266
0.891069511879755,-1.165791360427771,0.9107014565488085
2.31335804451294,-1.3125585007108218,0.6690149006595209
-1.485805836454478,-1.4738734174187593,0.8696994958956632
-0.6681127524990041,-1.5680872005303104,0.7909926232042741
2.6460983910121465,-1.4647492904112818,0.573899787742851
0.1518762079153689,0.26748650716976163,-1.085421076009913
-1.1443398685611368,0.31411072032149406,-0.8467750381439815
0.22371199441992043,0.14874944211902244,-1.074794633039181
-0.5725623014217871,0.1857809837515959,-1.0430017967206737
-0.8013418302392361,1.268915814136258,0.0795707889818645
-0.4190956655966514,0.8424275435220888,-0.5117993948436704
1.6174205391165744,0.5074536863017761,-1.2538837256423356
0.680050600587919,0.2881512455227096,-1.1287024237515382
-1.9465498390764444,-0.18452688515328985,-0.4558592246577868
-0.5019253811240506,2.828278521699359,2.266049841465203
-1.423974600095229,2.5150144866876643,2.136807178394927
-2.0377141759638433,2.600051363768508,2.206165992584339
2.503774822355381,0.25818754349749445,-0.8232343810075797
-0.4636389059028833,0.8752677144971969,0.4967225414855627
1.7360496113726396,0.9771530013231475,0.17177648758460187
0.2715627715558963,-0.06255409924179521,-0.5357617034962492
-1.962662855494661,1.1104250981215615,1.3978488579159933
3.98360340999243,0.5181097456270182,-0.3622048090687828
-0.0968358161548329,0.6054179125567618,0.8587969556495112
-0.02650362317915981,-0.4143612602410633,-0.059132554339413834
-0.6227105450655923,-0.486043586055992,-0.21186357751313017
-2.3681291336066455,-0.4119013147987468,-0.06558918865584612
1.3227202831629004,-0.5803560358905562,-0.2858274605444473
0.36983389008858103,-0.2648200131527705,-0.19096235958514376
3.2161006820829177,-1.8978819755868814,1.1036401129897757
-1.367405060006055,-1.9943589251586125,1.3191791351555389
3.893638048089692,-1.5497922477005506,1.1258625862275597
-0.2724968678605886,-1.9437816499196423,1.3002343092906261
-1.4703295175584274,-2.012671935211022,1.3351441625687575
2.3088952514796937,-1.613148812100929,1.0315143444593478
-1.8179941050088058,-1.9553565581247014,1.4029059815303522
2.283413484557192,-2.004493503754117,1.2462272347764105
0.4111729641588203,-0.2909556111934048,-0.4235963665467305
-1.5720840295681449,-0.3062392734725851,-0.44218076674044515
1.9749141516144155,-0.05329180558909799,-0.6284461615098488
-0.7194217707521533,0.5206818617349669,0.3658201049570679
3.3821114973107047,0.4301103188416352,-0.7509788529409629
-0.03494475352991098,-0.1359570050987688,-0.32439469929151704
-3.4731154908285475,-0.2873656817745541,-0.33498813645717723
1.2978271054068902,-0.25201784767824903,-0.5001688697963711
2.6833713517417284,0.9356783740013542,-1.1188702231903294
-0.9362525005248415,0.17835925983695725,-0.9907281281862161
-1.7474500213572515,0.15503780047404045,-0.9271468348407857
1.5258016172274538,1.4237630525649636,-0.17842042545731499
0.0063523407449750015,0.13872745785863422,-0.9533953805782657
-2.1861476707513408,0.15129755566121994,-0.8983344915584099
-3.415334680325794,0.36923616431424194,-0.7082265975412365
0.937384652032643,0.17643259418114787,-1.1064901986154145
1.6502867218461565,-0.4369878787435542,-0.4453061851327139
0.5507403354093593,-0.37865477545525195,-0.22348838304379698
-0.8240317430308421,-0.4225051386242639,-0.18991580484318107
0.8870298268191097,-0.3340349317703598,-0.37448712014052987
-2.1397364117399023,-0.44843927029729935,-0.16985635231866955
-0.7124881693597067,-0.45630251072579575,-0.25512674177325934
3.3714653873304115,0.10062243527853026,-0.6155681112956868
-1.1347825433818495,-0.5132455027282529,-0.2753124208115033
4.007259186449222,-0.08280127700858159,-0.34087291434801203
-2.2251209052753684,-0.5877384413744826,0.3070198602834825
-2.2382966929101586,0.12344672788307709,1.0018099465349022
0.1931463248844029,-0.5697533487381092,0.22258748299300563
0.025566762441343132,-0.49684544997904223,0.34707993437639945
-0.4892009799330679,-0.6751131408406842,-0.013775397400948361
-0.567052443555422,-0.7234531674251884,0.1219132791210449
2.2815726823794003,-0.6380167768301226,-0.13168915095574196
0.773496987647957,-0.2928401761684034,0.6441641673198137
2.331768460259755,-1.0751016633618453,0.09756103951962991
-1.504265510203454,-0.9812670265454139,0.3689796266101098
-1.7224916634378178,-0.8634535882448812,0.5490766852139566
-3.211908807759442,-0.9272944335258758,0.4457696549353771
4.752533521961767,-0.16770670577708446,-0.09269018299247296
-1.8843597325356463,-0.8783268696418703,0.49100190673314664
1.390451359467083,-0.9617735298153021,0.25071547907276
2.623582997526942,-0.852343315205611,0.26894372982420134
-0.7046607465577368,-1.1132690716597557,0.4444081363730594
2.243195169596895,-1.0336503234071885,0.2642041942034853
-2.257095206628093,-1.1780469714338253,0.4992627727195164
0.6171617214919594,-1.0107841373191817,0.355138694118903
1.0450021080150333,-1.1155926649984662,0.3067996362513167
0.5550160951850194,-0.28798852523046403,1.228360514498992
1.2902844381562169,-0.8921867565649393,0.2980642360881567
3.5633084529354138,-0.5609405870530723,1.2549107016594199
-1.0818300091080597,-0.9393049793091057,1.2420520266534711
-0.7672163190841358,-1.3747966658189714,0.9455201947799997
4.7680914326250905,-0.8356691086052117,0.5044246249196532
-1.564283822819607,-1.4444505451855687,0.95618254064873
-0.5401398230334082,-1.4610489170710386,0.9008579694645432
-1.882436319056551,-1.025143754793722,1.3657540768982814
0.21506877720490802,-1.464346398535301,0.9307476443544102
-0.9228629110655033,1.0068974278296872,0.7910922943743518
-0.0772648165031592,-0.30957696405958407,-0.4771394710792765
1.8838386020388942,0.07567138886971204,-0.6299467233085647
0.3157673047938042,-0.35688055664406476,-0.5530778898123845
-1.9716246576266316,-0.24557070078333534,-0.39237673821804187
0.8488071901577424,-0.2020371142881591,-0.6199372541669892
1.1262020114505136,-0.2182445131956867,-0.6288708344952098
1.161968078292041,-0.0851264838238414,-0.6533890862936442
0.495547925385922,-0.5291039698260906,0.02864533491781507
0.7798508170136461,-0.6299848082991751,-0.16474163671025055
0.608186972560544,-0.5743448059632771,-0.21267336620753313
2.287355172919567,-0.20345220021632873,-0.26336195390307454
-0.37653642635618917,-0.6686589595768229,-0.14967888285336584
-1.536347893629599,-0.16004590956221526,0.41769613824580837
-2.2468183180076817,-0.5999240056486003,0.006089089475973077
2.039252801262277,-0.2948765382274086,-0.2765250502973838
2.927271945792822,-0.19781649554979547,0.3364213979841292
-3.8750136522972887,-0.8335791409492379,0.38725226952427433
-1.8190980116382864,-0.9071541859195938,0.29993722836616826
0.829126354679087,-0.8442397609941505,0.14912566788128132
2.5845969365059114,-0.10184682661046307,0.5356465708059245
-0.8816221275161854,1.7090484656884233,2.8323069072410774
0.9611930271431598,-0.4275479787678161,0.3502605818874667
-0.23096080243427344,-0.6470587908898222,0.4462253594870098
-1.4611075203009998,-0.1955229864435857,0.47268520709002954
1.4420785238753053,-0.4362509376928046,-0.06860497581155078
-1.4463542847543738,-0.7396615907681257,0.10072489585971937
-2.214076636625297,-0.7774012856997478,0.0911548087014562
1.9401980179686191,0.06286074200805894,0.5811454409060801
-1.521566363077406,-0.6945843906682262,0.15747147962377486
1.9980119673843055,-0.28190436579539174,0.22479822985484654
1.9659904844741145,-0.6911688193978244,-0.1685360517322165
1.7306315163567336,-0.2517756340777619,-0.5143602492586797
2.8428625949839685,2.7048300699568513,1.9246022523470432
-1.1507604014389063,-0.20258424877191064,-0.3576969807154182
-0.1559247476191253,1.6811075886823057,1.668529060660653
-3.398627669719863,-0.30572260090520065,-0.21235209929998142
-0.18109207402541483,2.218600028557728,1.9699192591322519
-0.5109624172299202,0.06144910421028703,0.025872070990018172
-1.6960942205630904,-0.3589781197298958,-0.2893048511708101
1.8751412094817221,0.3063527140407492,-0.9620804131058053
-1.4067410263090856,0.22094132086580875,-0.5037985783046861
-1.0088358858179736,0.010424375224845675,-0.722370173701835
-1.6234509652411167,-0.02587152927511686,-0.7405344127889381
0.20663583873018385,-0.08740955869106035,-0.8234953927845174
1.5953240289794617,0.2604528430264761,-0.9209602846443147
-0.04315778446076368,3.210806527393797,2.1606853806375956
-1.9279264614290765,1.1517529766177468,0.414202724943898
-0.05994442201596816,-0.2783717649594692,-0.507810510624999
2.146964834896959,0.5189903998466242,-0.3875466070442962
-0.6640590743500885,1.51301358880959,1.2590177991987852
-0.7802510178272976,-0.11416697248818622,-0.3957246364577364
-0.4402170669223989,-0.2245880331655104,-0.5113255731268764
0.2592209426738187,-0.22489106169130768,-0.5553746590175245
-2.2510609432321678,0.7043959198946053,0.48625750291778397
2.848033567144922,0.5499620484286029,-0.6284045012657045
-0.037431412625989306,0.6262010062945319,2.0640988275555494
-0.7513611881608067,-1.0791614691403815,0.4105234328123084
2.9129524439535723,-0.9463382681841906,0.15839724340614933
2.271756645534382,-0.5550157805632432,0.42239722903685006
-1.1797946857752415,-0.26135465218336984,1.0485979414710829
-1.2495641760175429,0.16193768779267131,1.696617405072312
-3.3966904028821134,-0.9534441840517819,0.5852903504634661
3.2636209504997815,-0.7524498905680345,0.1288977746400427
0.6140380075398165,-1.7338048806171764,0.915048533203698
4.8182773607634,-1.1147942561184234,0.5631198715102601
-1.9582499683148467,-1.6840604659649203,1.126329410049097
2.6055961675888852,-1.479747297947798,1.0072808315341064
-2.213466500532336,-1.7087635987362586,1.0787518077304672
-0.5590678373907488,-1.6978121137713944,1.0459380525372557
0.05019625923814845,-0.34389461382745007,2.355310457766918
3.3503675496798313,-1.2021236726753148,1.0914278564950357
2.764336629760711,-0.10465717236839991,-0.4846748971296562
1.2609393665979862,-0.3885873617250936,-0.33512089699832787
-1.0586261483417876,-0.36826953252092154,-0.020406895888106024
2.894054809667045,-0.03265201055566637,-0.45411482330933167
-1.1224244254223634,-0.5283974361223076,-0.1613783826125912
-2.2576818966826995,-0.46324003294858807,-0.124537518733844
-3.0338644432463755,-0.5227221022842382,-0.12090715578991718
0.5603624217295436,-0.5000563829857059,-0.28084498766799154
-0.5035446762386894,0.29654432364387445,-0.9576085676139381
-2.6161939834119723,1.1546493022814228,0.12523260854747692
0.6530215731497283,0.2628725879187477,-1.0890247917376383
2.0973140292402532,0.7752884319245829,-1.0477034023686411
-1.1086344009120808,0.29640671038564054,-0.814720953582246
1.1338737442948141,1.4954201535533516,0.06429747670873347
-1.7343241002721907,0.1500362597675745,-0.926505837238937
0.747458000600378,0.28237673846603595,-1.1052601211725757
-0.32226492653211514,0.9358322335762903,-0.7915132018517158
1.0017983613494679,0.8144421636262772,-0.9637161644652206
-1.3070860186566235,0.5364299238984054,-1.1291752107558208
1.866688735434298,3.0028435234465443,0.8554836015045825
-0.7470475830503838,1.3010105883658187,-0.24139664947223705
-0.3697236984733526,3.1559241705243086,1.4012665851370476
-2.578744482694668,0.39721476479132733,-1.0252872685654864
-1.332338407558103,0.3081423914958413,-1.1331244468071509
-2.1306210556950775,0.16548153637341026,-0.8098189080686928
2.0425320321254774,1.5075274703226291,-0.1541126964455685
-1.1432382565768477,2.387127842383178,1.31643137360524
0.1739450652967846,0.2506265670157097,-0.9518827859237954
-1.172414605297776,0.09413281944096014,-0.9090665858429361
0.27841393296238504,0.08296051377975007,-0.9935860588218894
1.3922257658779356,0.9950398433789852,-0.4555288494933056
-2.237298304959472,0.16407345424873188,-0.8035947212634198
-1.571161418304994,2.164413170328463,2.314796907107231
0.25576670626840936,-0.3315579938010904,-0.33293143732437797
-3.384060076624327,-0.37588934883167413,-0.12960754930028442
-1.4269235452981903,-0.4469857950354549,-0.2883824280213415
3.27535788680842,0.0617533909451605,-0.5572879795462644
0.1623768962882168,-0.21790380646625934,-0.41448274513078465
-2.4440900199791202,0.13992596647833028,0.3802027974915813
2.062569862444674,-0.3750065709425894,-0.5003422278883655
0.8118075670850975,-1.0838815765582672,0.8183172280872892
-2.7507382819712736,-1.3575298920680927,0.7553332721139243
-0.8081495942078569,1.184017248275759,3.1880247433902626
4.243362576137393,-0.8833125514305102,0.25646275038274424
-2.037132446749799,-1.3630967753728391,0.7136596283329442
0.6446200441428901,-1.4299219244941899,0.5818759327963349
-0.38786001280852767,0.3184750294358283,2.3206281649936593
3.0070546658123414,-1.2906601750448223,0.40509381808799566
-2.326441936223439,-1.274825440922264,0.6298313986707876
-1.1387025004132731,-1.0449616904616852,0.6357816857451758
-1.028753836130557,-0.7980823718989,1.0606544804660945
3.2238036127870617,-0.6184080118552653,0.7184731367382922
-2.3159596095080386,-1.0661417433740068,0.8243982201099712
3.5785879790355106,1.3166811779506906,2.5023732932670546
1.7911698426648748,-1.16340362477575,0.512925968724005
0.7980473691906275,-1.1428878599152283,0.4893786151657411
0.869812444470824,-0.27191055644813267,-0.120761820777874
3.7544382314526836,-0.01050228727060249,-0.5274215621662731
-0.3911204400031471,-0.5751603689100888,-0.15932067998178692
-1.450483372157672,-0.5831005865285895,-0.08779925985532175
-1.1831447258447678,-0.18241931594541233,0.21925020014278512
-0.4011290647649169,-0.10052299811962441,0.09880466220274628
2.472160843256969,-0.47540241123824367,-0.4220777161594695
-1.7078132144140132,0.34495001234893646,0.7390532308675478
2.9871102984089815,0.30921301303102694,-0.7162127028876141
0.5120036582140349,-0.2383821655513046,-0.5681026038724943
-0.8282464919674344,-0.19212988859609043,-0.32701030167338063
-0.8716828370648839,-0.3518395602630229,-0.4692576275161268
1.4919378171765523,-0.19132432824876008,-0.5791631881743068
-1.1524491459091992,-0.3318833760711022,-0.4623556790172722
-0.20991004643364125,-0.30578309006260984,-0.4592129798541652
0.7844665441630074,1.5359028566119606,1.0761604595198573
-1.7329634606473272,0.9685900993224351,1.6233037063111746
-1.2832747493164778,-0.5383028673347019,0.17369547038274954
3.8476227188895042,-0.05066052042099585,-0.2633450006813196
-3.921762230022557,-0.5136280046497506,0.1736282168934685
0.6125447784552466,1.56208666795517,1.7919835111506242
0.9306702109826841,-0.4762164253164327,-0.20801403800880428
-1.938906196407985,1.503432910405645,2.1181709448845942
1.9202469009377257,-0.7742748657565639,-0.21164953381952575
1.6736417154444132,1.221706438385339,-1.6892069692616243
-2.2844884071987335,0.6766989062056109,-1.449905581816174
-1.5743416079088357,1.7898797745945116,-0.476327895473238
0.9019139821246369,1.5849276544910473,-1.0409662632103764
-0.618574546608139,2.3838600394977125,0.06618749546311488
-0.7125748103603984,0.6943937344142398,-1.5575088224802978
-1.6781479485067206,0.7093240689608825,-1.504167590413311
-0.5780694168802255,0.8464120807693098,-1.598125377532585
-0.6603894072970944,-0.033872714253806495,0.4240879855067741
2.198430370915902,-0.3880174110832237,-0.3899499333586444
-0.11902509003187219,-0.6144858442707033,-0.14470375115377004
-0.6278583657161726,-0.5343436813761762,-0.07777698673178629
-0.05318520365396766,-0.6549721694711481,-0.20367305967569016
-0.8104709904969282,0.5702371142703917,0.9548603808625518
3.220725736957809,0.06741372252671084,-0.3688047559951278
-0.6032608218066535,-0.6297702159366283,-0.18180724746268415
0.6421052693976144,-0.10816486513335737,-0.8273195885655599
-0.11704850666167005,1.9529303209085072,1.1860219504963527
-1.9443767058439982,-0.02195261455855067,-0.7117446608560513
1.703370594609592,0.4384640910950731,-0.6745243140503162
-3.493535229085472,0.4069496249339147,-0.23226915999606307
-0.35234809075730067,0.04567977011253622,-0.7986310081915935
0.7886392017010252,0.21124632508704125,-0.7286132684966568
-1.2727575687402217,0.13137832040360303,-0.7097252818738009
0.1100596708284136,0.013863608723674037,-0.7101786469939638
-2.0759590073344043,1.4653132534955233,0.9058778312757344
-3.5092750961673738,-0.05148768992541026,-0.5749652402997755
0.6136245034583386,0.17430609723252097,-0.5960611976177937
-1.5269374924249102,-0.07849546010503125,-0.6814929362694833
1.2710259791943095,0.13258015440707444,-0.7964246582321624
1.0117101739195966,-0.008474639677414728,-0.755934168024487
1.9708930648887864,2.177937628654645,1.088015341917949
0.056432648702048886,-0.9805427578284991,0.22763825848733354
3.119848264967357,-0.6230719548555693,0.0176983321243905
1.444939430309758,-0.5784783942011276,0.17776370910896763
-0.9986925464553534,-0.6622992549725083,0.5088600716678064
-2.92513739191195,-0.8646729680139285,0.35462045763495503
-1.045621361328409,-0.9233205143351816,0.2674607558684475
-1.8924666481629162,-0.9333687593029485,0.2500470353349512
3.330328060517176,-0.26672859728434545,0.24589694077776628
0.5654416703335411,-0.44099535794335126,0.4923130622700089
-1.4715753496836266,-0.9514485472652078,0.23089100067756388
-0.2484648431122041,-0.7627904194771928,0.2548372385613589
1.2820965848066346,-0.555343133029965,0.35554427776107655
-1.420353792704882,-0.7993827051243101,0.37723478029558066
-1.5242623387560106,-0.8044549827255701,0.38547140321303397
2.399975220105365,-0.6802523133653506,0.0924869477881228
2.7376059191950946,-0.26978130235915726,0.3902292648557408
-2.0133888830494935,0.13904581369255709,-0.7891045212164671
-2.0521077691336944,0.08047582478355782,-0.8321608472188523
0.18501079229548198,0.635216101457589,-0.7102314644102676
0.7875310301850165,0.42671914204390865,-0.7619874003032269
1.4600138652142425,2.433429454919052,1.0387675699968772
-1.2076869429356365,0.039963452539752746,-0.8643447198188107
-0.69151512480001,0.24152355038736129,-0.8783723301299625
1.2020892922165758,0.514228682002652,-0.759366477153171
0.8296190668113855,0.4985354337696078,-1.2529259285850216
-2.1182818299513713,0.40909602256676836,-1.0669506192396374
-1.166600397548565,1.292676415909937,-0.2178216869470784
0.04732304247558065,0.35111870442014964,-1.2483996469343475
1.2946807901862867,0.7777291827485663,-1.1227779162918983
1.524031837744559,0.7852485671725165,-1.3499249178356914
-0.5604314649838831,1.732532418219038,0.12407393006125195
-2.4267903252521554,0.4231183424042708,-1.0551593233795882
-2.06571991384834,-0.3491604108325465,-0.16975392915947476
0.2776445411533173,-0.3105338909839296,-0.36587545642471997
-0.9387432912705165,-0.14710515922311948,-0.041040641778842174
2.00367779083432,-0.24381863714495933,-0.5384243981636246
0.2657346417517774,-0.4469996991395232,-0.3405975029979675
-2.859077843782847,-0.3914102116009139,-0.25037885859737236
-0.7748263128980499,-0.4444757984527479,-0.27617439845635383
2.4648387818226216,0.6434570036995092,0.18776829331632153
1.8673817438797455,-0.6167232383591892,-0.16071062696928215
2.823414022162452,1.0793604787507132,1.1488693018921878
-1.9704110837128763,-0.573845835299779,0.1646626284946392
0.12723896797751766,-0.5812130605526967,0.0363427594749995
0.9076529583109681,-0.4808541985201504,-0.12321917352511122
2.0312482018698743,-0.4589982077118198,-0.20616497607704684
-3.914842835077711,-0.6078902416443323,0.1507143117880927
-0.08022323140662889,-0.7703152239489769,-0.08033971882103239
-2.3166455492317386,-0.4647989770504021,-0.23402798749202475
0.5924516893281304,3.1802521107966624,3.057182458112276
-1.3958923490404982,0.15068283233451377,0.30204842717987707
1.9947994377798783,0.2569971325112806,-0.12736807259203536
-1.8190548138608065,-0.40204416661300957,-0.22106582223424906
-1.2419611793544172,-0.43586954098253766,-0.3142339851799652
-1.8327891764606465,-0.4608446201475831,-0.2652507805456132
2.2488095766996703,0.12902691795902313,-0.27495726360099276
-1.6167883724602559,-0.15898793337557135,-0.5942989448353863
-2.503232843526727,-0.06994816094479532,-0.4340731248861487
-0.7550113710948659,0.20053242266044272,-0.40975820342792946
3.216802158154616,3.0850586594993943,1.629313913591408
0.7148467195212952,2.5921320671017902,1.8260893963798135
-2.904918563828473,-0.02298646901726095,-0.4324972889607995
0.22926875567793178,-0.1456609938229266,-0.6426250947832798
1.5310354540010598,-0.03381028055591624,-0.7363817477437554
0.4401856926494876,-0.6401234841109902,0.1908554577885142
1.5664321878495653,-0.9850290697640414,0.02505090625251081
0.7345597064552161,-0.8146918003266874,0.03582568983043745
2.5746988667457837,-0.5850814282104593,7.748598611890684e-05
-1.6023475765626565,-0.35176732224877205,0.7312052391669066
1.9316679238696468,-0.8590479042124366,-0.016363930674460358
-0.7490463865139801,-0.7317341401615947,0.26702885319923914
-3.770275774938644,-0.2935105552737817,0.7581846216760438
0.6474977697064386,-0.6294326969351718,-0.026115165593966008
1.0553452999598467,-0.744538224765762,-0.067393831509621
-1.0486318393955119,-0.609832424341997,0.07028418238389463
1.9136874877608252,-0.6622729057112706,-0.013563470931824025
-1.96915206094231,-0.8199530583266148,0.1142179905611632
0.7770032311213793,-0.677297050787355,-0.00897003037431084
2.703610676099467,-0.3630608646826866,-0.01938398995227415
-3.223972572728212,-0.7543954510679601,0.15687269215504127
0.3105481156173875,-0.10305996182114749,-0.2576683082108008
-1.5483496450453011,0.059234295431440376,0.1091799387343445
0.019108476250663056,-0.14732883232792834,-0.21691829791462755
-0.7088948631242936,-0.3779609767329005,-0.32509796541319563
3.0112746022727634,0.18255202147368987,-0.48204724660811415
2.1326865435670035,-0.14866056516781923,-0.42459074577482614
-2.4919616264809568,-0.27056423213180525,-0.11703223411495095
1.114562583548086,-0.2328492015671978,-0.4975592949703348
3.3666161294776162,0.5750970231694575,-0.8666956614758767
0.10681565295269146,0.22143919302774812,-0.030155248272214656
-0.5445972320742278,-0.21190453732733255,-0.5235899456848271
0.7447657966309593,0.23506311930949564,-0.257629026943223
-3.344070769617125,-0.1482133328133762,-0.38400948745653873
-0.8436347748064484,-0.1926599764850628,-0.5153455796136804
-0.7247807442017428,-0.2390295959389916,-0.4985396400905181
1.2220008390629669,-0.1508818176717849,-0.69484709732416
-0.16371355366745824,0.18177174789547307,-0.9443114805866888
0.49553151122556777,0.27253246773434303,-0.8809784095186005
-2.446153047550705,0.3495821543160275,-0.4798540403095345
0.6390310219463311,0.14538849602546292,-0.9018112620792634
-2.317050550626467,0.07191910993802841,-0.7998048079083289
1.0375216004061847,0.6247282553808732,-0.6715356686680395
-1.0889186349139715,0.07738589931163231,-0.8034103567163411
2.3533597679818685,0.49478197541204305,-1.1427217030005152
-3.4319178099115093,0.14376901897994754,1.3833904554635765
3.0018502223880636,-0.5972063665164545,0.09057322917872238
-3.262696421308937,-0.5189692076145052,0.727247065423039
0.2598977112138126,-0.8684591171780336,0.13024844828447432
-1.0663570413782573,-0.980149036235321,0.22514954365722026
0.8889606499494693,-0.8949185279830615,0.1051251942515646
2.789328706901546,-0.4984312491442518,0.30991734216668276
1.9508877380130079,-0.531032220102804,0.3803281317679819
2.5116226419113934,0.6609954999712682,1.4627400398112218
2.775429733065516,-0.7160815958942376,0.03453926118599594
0.06821208991845996,-0.42777072265091276,0.7957386678712678
-2.287720528913286,-0.9849317250212324,0.3201134514419888
-1.5099447349023194,-0.9929523770146881,0.276634772256355
-0.5610675441141835,-0.8837808855332175,0.20672596384791073
2.013394535108637,-0.7727170539258613,0.11078288931984706
-0.7834424872657753,-0.9905020618549105,0.22959901621004092
-0.865633369294399,-0.9179339713001439,0.28510886388794865
-1.7611983766208603,-1.0708287939925007,0.3735849593259464
0.9433862771181198,1.0529669194563502,2.1861409709187596
-1.295523064207513,-1.006870893369828,0.3874550418248359
2.573486210354505,-0.881469256546811,0.09656037016942504
0.08672450933023933,-0.37437613579773626,0.7779953031359232
-1.6268129441458743,-1.0471037838440251,0.35284900967829363
2.8233853601547283,-0.7393962175135468,0.15930107109618727
0.19790137961043003,-0.5471135379209685,-0.3263435512506399
2.2609947725315305,-0.3028379993015167,-0.4897599314899468
-4.014504854238433,-0.42494779046999576,-0.1275277125931172
0.9484361811349907,-0.3721003958854866,-0.3410537616877184
-3.080871818714015,-0.427078626005594,-0.10735022901328717
0.9829581339154106,-0.2837171418559233,-0.05752276214871808
-2.1069861088429467,-0.3657661542316031,-0.22983155810153694
3.2678773125877827,0.184143452694946,-0.3785955346115829
-2.031512381111053,0.3164843419402439,-1.0600576436877502
-0.851577176624682,0.3123363703502818,-1.0555766881122635
0.18729758158297555,0.35767428437240456,-1.0686088372066083
0.47298703649330953,0.5049485086586339,-1.221860696940035
-1.704265896404347,2.984474697403113,1.5610252965265048
1.808779071481093,0.7925580568730246,-1.149549618280373
-1.3071682665550364,0.2502389910782746,-1.0710499042398283
1.3354458843781383,2.642533619250549,0.8056679748792013
-1.9496950236851205,0.15426638761071243,0.12561956932432441
-0.6958429965430493,-0.24927004211562773,-0.4571697240295552
3.044498306963162,0.34107527309943214,-0.5248908556627737
-2.3469154904937417,0.609364507220903,0.5975876977168617
1.6742798161851464,0.2335788581157001,-0.09745179042846557
0.435991681580975,1.4315036657975762,1.10586519552923
0.6918986776070968,0.3904677943457002,0.11161241353938856
-2.2229365898915687,0.5803733801506551,0.5289242317450158
-1.5709819576098027,1.8067544566963225,1.6530590840790473
-1.633593473251884,-0.28449648155749285,-0.3715735440368258
2.2549163730822515,0.08935058959524417,-0.5667166805997852
0.3373688743722351,-0.12435530278000825,-0.4569734343151093
-2.3556268927597586,-0.27119562345444664,-0.33401681043356957
-0.3190913035066215,-0.21878248919728052,-0.5182935538965369
3.2971480353160887,2.763383477525762,1.673025742770521
-2.2946671381777795,-0.2633719232666852,-0.3416968746441395
-1.6322777297824276,-0.8454960650203186,0.12242987897032427
-1.1893666828107097,-0.8276881845705993,0.1601416537974407
2.278598239611767,-0.6176166475883266,-0.07193930541071338
0.37251541367342605,-0.7475545854232366,-0.007564519737878875
2.608653748294338,0.09277116344573198,0.5265326280507788
-1.154863472858886,-0.8801552696713144,0.10979575886387476
0.20556798150031122,-0.773261428498805,0.015983023390024748
1.7545450943989411,-0.7737212153152139,-0.004793757571555082
-6.109552933761764,3.84494868192501,1.9930458876430204
1.3518401852987278,2.9572066630403424,0.791775239379634
1.432409768456112,1.7355230285123244,-0.37240128821664925
0.1794604091362134,0.4740038767519223,-1.3107988269949111
-0.7973002702690786,0.7169436556168065,-0.9653737438783405
-3.2367805413149355,0.4754024338737959,-1.0662285758637182
-1.9163477468179508,0.40214702531140833,-1.1871024993271468
-0.8660066299261605,2.9400173046751155,1.2267294119195087
-0.01883061633301172,-0.45402830023554597,-0.2996705253675532
2.18280275809051,-0.2571655632299741,-0.5216653401062268
1.1902216846335099,-0.35390931720224067,-0.19907009453336172
-2.127832831832105,-0.4992445099749708,-0.2193082863994389
-1.6199433030413801,-0.32630628029219644,-0.11275018283178244
-0.45711713188339337,-0.3426187031949708,-0.2830324489506468
0.5230032486469123,-0.21999057354562823,-0.1796521988119017
2.066522587718107,-0.2259791544007,-0.454680973961469
-0.7584051437540003,0.16659758874573546,-1.0115773706132163
-1.694693434096342,0.19052096159836215,-0.9650006262580231
-0.6583181733419393,0.23293397619656034,-0.9761881055268186
0.457202165040391,0.39264410720462667,-1.1125680698112637
-2.443798626109707,0.24541906269077657,-0.8710885433931167
1.5741256066056777,0.6011051807847776,-1.0621104681013662
0.1409284926228693,0.19220965814449326,-1.0059620199435304
1.669841822045879,0.5153523857543496,-1.1754215480200614
-1.5141311337434962,-0.1172296991568058,-0.5234782517924973
1.022015774034997,-0.08621243110218572,-0.7293035807414523
2.394120976822001,0.15032582973169148,-0.7410221915232971
2.2638310080103765,0.027500061958965837,-0.8211208599923263
-1.8366200598062776,-0.21786918883028247,-0.5274645949998619
0.0936625020632311,2.5751707053573596,1.9724457338984869
-0.48931745940526306,-0.10258163525059427,-0.6255439529735765
-1.775695312713076,-0.15586407146915546,-0.48754965457216237
0.17085626806578671,-1.0715665556180725,0.2325106862065528
2.1312343310229633,-0.9295940155005514,0.1583193376802757
-2.157087540419167,-0.9578416448204908,0.39384472743274707
0.5235624885105947,-1.0277877418629286,0.2639501904326035
-1.329833182016516,-0.7626510112726507,0.5461747081054599
0.7008373711377307,-0.22177969771784317,0.9444719258521893
3.7004961159307324,0.19101034464687222,0.6063282356097002
-0.2199969365084149,-0.8453577176543068,0.33815445313406184
1.7985770987550778,-1.560208021023688,0.6282147381537792
-3.2121087100135712,-1.3729677847032173,0.9174524308500565
-1.3816412254163761,-1.4918017040193192,0.7931290964229473
-3.613434498316252,0.6394224458015112,2.8618803813760905
-0.5484791436116639,0.5972744455494189,2.846215699075441
0.06528763268030092,-1.5517713309556929,0.7330520600531036
3.544350491905071,-1.1938768950470617,0.4974142813634311
3.5102604391797785,0.3397918938584901,1.9524962032424835
1.3121660369119608,-0.2622284016669073,-0.48097330388234616
-2.6018023743103273,-0.29080888419593803,-0.26861223733063105
-0.5388646657748666,-0.4426851563586633,-0.3941272895952169
-1.504571841049215,-0.41790903698160975,-0.34656312553867724
-0.8501649434735689,-0.26574154715881143,-0.2396365399129458
-3.3115802643963264,0.24443950398245756,0.33092857657339103
0.5796336200058014,-0.25400551719297637,-0.4399023786629507
3.377735078398998,0.3318740612958211,-0.7018446189209997
-1.466998052449747,0.23367478903737585,1.3444594250383484
-1.4670392520539757,-0.8795867272827343,0.2511610883352346
2.1471661232819796,-0.7214939658629378,-0.041626192381363517
-0.412573025596143,-0.9382384842232391,0.1395846788715791
0.6144301649336273,-0.9421354579299166,0.07665409273746795
2.5116547137664633,-0.7237181225873711,-0.06318039664702545
-0.49615444627442445,-0.7604009703566126,0.17425604813325118
2.449368673887104,-0.5310279766737734,0.14446324236198396
3.917261481138185,-0.5040162968743673,0.47928987660576117
-3.335573365950222,-0.15169416783172943,1.5980989609276572
1.9544377879826713,0.5031406557890507,2.1413868846877677
-2.505218764415231,-0.8499210072640115,0.7421597903829521
-1.7249097622301812,-1.2297282991783363,0.5393584857196039
-1.074086101237368,0.3448900657233216,2.0346660369507323
0.19828847277236183,0.034004709231661503,1.5553559006615212
3.6739232989328148,-0.916476399368769,0.2062973035107757
0.14949189264408502,0.7833517288189412,3.128215139670489
-0.8597603653371048,-1.6046096382996515,0.9658596632695785
3.3078229649032513,-1.3817638119030273,0.6820382968510863
2.986249306879071,-1.300441795553888,0.9171523006163048
-1.497745555237378,-1.3354965549097564,1.2459977835093046
-0.19809777528328776,-0.6110755774354889,1.9283337344483795
0.4828618943362238,-1.5559444221633092,0.8277322061190348
0.7738430251528793,-1.7121955579746784,0.8448885081028459
-2.576053790947302,0.07385337781059848,-0.6736480251755482
2.2037176057786168,1.3497963425160997,-0.023061729492586995
-1.806188882259111,0.16874456679572733,-0.6183378551923056
-0.448641308827681,0.9276239213828787,0.04082645458933642
-2.2352762973704623,0.9780692385308506,0.2031067025352964
1.6246676711002594,2.6069793140663906,1.4404488477464374
-0.4407991147105467,1.3337301811951883,0.43723927777982746
-1.4320377337562595,0.20477555781618414,-0.7662066181535329
0.5890586427325804,-0.7106501294781774,0.9808902739322064
4.447411856520348,-0.724652665541768,0.2013843028548113
-0.6164450348698365,-1.1169287974741673,0.8412072573874485
-2.7992012445558467,-0.6854166623327544,1.2850444603363065
-2.596632355071936,-1.16716578673744,0.7635788925727647
-1.380821616559562,-1.3192237996009113,0.6148683499632065
0.45233429795490626,-1.3713655476467885,0.5262323064601105
2.202627935285023,-1.4151547420360153,0.4368817734049535
2.7552862151298783,-0.065687950749719,-0.6244586245820815
-1.5883727175669928,-0.053716999591240384,0.11021271024146913
2.037471268010972,1.2701862972134195,0.9586892061850978
-0.1125673919254167,-0.5085673900851109,-0.35472917314154917
0.26166621479819363,-0.46125823630151314,-0.3264526605741706
-3.879366930581673,-0.3901822733887862,-0.1806571255726173
0.700479629178721,-0.3702979374106104,-0.4304389284543977
-1.6358543418735798,1.9184252304279872,2.0515413065185126
-1.6051585717315673,2.162148758038561,2.3133486490202584
-2.1321559520301023,-0.5022494925861529,-0.2203168588603727
0.6313748316656221,-0.4063813483156799,-0.39632047486712896
-0.7921122590107362,-0.21867535247938116,0.004152163720717354
1.3645093845933527,-0.5200692934616641,-0.4309576651452601
1.6583702581464919,-0.20012253121399606,-0.26501829737142124
0.6842460553574934,-0.2447200317050328,-0.2556969610629798
2.1822620861237727,-0.14907267618270492,-0.42928548780960823
2.5855398321654373,0.18210378112496078,0.12901673690133886
-0.5759290579158328,-0.7117828788027821,-0.10683445577392484
1.981622853814322,-0.5605943881422041,-0.30049424256520724
-0.4403089299950683,0.4759370083758555,1.015286324239127
-0.9526686867743998,-0.6536630073707158,-0.03807426738548482
-0.938165666961065,-0.7033234299014686,-0.08905707003078207
-0.49552875316592937,-0.6492351430074872,-0.06822358112833651
1.1347732706318423,-0.1320948487879364,0.031492532114464004
0.3968121024418159,-0.4362902162139716,-0.3399988097260201
1.6822781822465773,-0.4028369907140737,-0.36294547914808695
-0.5725337309208547,1.527967092758649,1.76921533103872
-0.14168211045159554,-0.41598916044743633,-0.315839920174154
-2.8645038985150544,-0.4535665914527915,-0.09671660296159826
3.1330625472544296,2.7096060253813614,2.1261867894757067
1.7502625183840628,-0.4403485920106522,-0.42377076401877245
-3.2509570314669776,0.18220399272505233,0.5068371712594922
1.8664111032454507,2.8074878229048688,1.6336454485796108
-1.4823308256635634,0.24221903482633508,-0.30680788257646097
-2.009415278774394,-0.07417675827979552,-0.5663869411081074
-0.6084489007795487,-0.007493809866108117,-0.7180505572096109
1.7023971364364483,0.1078767403770102,-0.8454156831368242
-2.2992870864297386,0.048858909145100174,-0.4607341860058692
0.6324249146089534,-0.12884962630090946,-0.7032901801231487
-0.0635051309429668,0.014093310085445102,-0.7627221492753101
0.8825879901897167,0.4206558039101586,-1.2735581657809687
1.1110265599251763,0.7384001445518598,-1.1780163853352463
-0.9614148035880077,0.28683799788698955,-1.135043694639802
0.5336041231107903,0.5555656423006676,-1.2752431709448635
-0.3102114354667272,0.2867525063772254,-1.176780283625868
1.3992714654154568,0.6221441000002073,-1.2875694823297015
-1.0949987467594091,0.32544771724265775,-1.146545909861842
-2.139771828077566,1.1971527557017787,-0.2423346456498529
-0.34922732804094025,0.3400503400790752,-1.0994648714035378
-1.5596693420039431,0.24486479546430417,-1.0201183750654865
0.6111512146088176,0.3734741601760151,-1.1015268732817707
-1.15425494647753,1.6767800478075987,0.412591455977422
1.2560972720077264,0.4861986469247162,-1.153725819773912
0.5543356245162185,0.7246504831973748,-0.7489964024531929
-4.328933051430259,0.7624242156985941,-0.43389240850545996
1.763064214572394,0.670812702601271,-1.1289811703876582
-1.0414866136300789,-0.1959289682826522,-0.6176373986426477
-3.9944251498000933,0.2588699181905318,-0.2940966932290039
-2.0342626725413955,-0.1837325158259828,-0.5613139127828503
0.6474560581921194,-0.04513664355824344,-0.6788568552356621
-0.6100155970915226,-0.1977259138870783,-0.642831341588945
1.0839454618473199,-0.03781085327189112,-0.7096637868155196
-0.307679679909459,-0.07929619582498336,-0.6766278958122904
1.8447888075691226,0.20475419296844052,-0.7601579422296604
0.1968735314678621,-2.021887762844069,1.223176762539778
1.1793055811548308,-1.639688034389492,1.2849375102997453
4.145189319031933,-1.600537479575236,1.0015229958245186
3.5204099736215992,-1.7537501054901452,1.0437139185129853
0.6771867635928729,-1.8792990449472353,1.1661839127190252
-1.4424096918731313,-0.9758696311740577,2.302172775409224
-2.6766100031862345,-1.6356445145308802,1.657971524811189
-0.7612712282063551,-1.9439963863083376,1.318577871802207
3.7279623955716166,1.5317705602290574,2.791805537542472
2.7630616155495202,-1.1628477677029225,0.4524700811129883
-0.6869574908208584,-1.2341183857768792,0.7653694756272583
1.1762165449796977,-1.3824473477330075,0.57287579012885
-0.21911443750365478,-0.9945293298387751,0.8108688169546706
-1.6843779354300856,-1.3739727167106803,0.672983902688825
-0.9392579176222101,-1.4300309538094345,0.6549561863808292
1.8034602267359563,-0.9568385370671707,0.7392998846312363
3.1535419725288163,-1.5828282997927843,0.8876562103366173
-0.21488968830323096,-1.6520488691207087,0.9840971913923673
0.6481748029185828,-1.772586864757644,1.0219118394059226
1.8112051054746874,-1.6181277208302187,0.9145646244146807
-1.8350932044706965,-0.014579576661432062,2.7710978288741566
-3.4796889642078495,-1.1631502149626098,1.5700009406647664
4.339435587081338,-1.2539228645234581,0.7365860315901087
-1.5197322058141869,-1.709291442652271,1.125352014090662
-1.0432020703992724,0.11353340064704011,-0.9308774733976262
-1.0999528852080411,0.15274424012499135,-0.8716187226386684
1.7043304354750763,0.4976543619100827,-1.0566493647973056
-0.6166158796384951,0.11897326818236394,-0.960075507083466
-1.1971803024911738,0.08600656645247523,-0.9069169250187967
0.8475294377095645,1.9535813994774949,0.44349514210235436
0.14102903308639056,0.4028979203072847,-0.8052800483004788
1.8892833101876867,0.49472271845257165,-1.1720578318801336
-2.209746508050471,2.808188650511042,-3.481962287979184
-2.6429071978197944,2.6887670684262535,-3.5443173256101854
-1.9969988720470502,5.792819977485032,-0.6395659988864193
-1.5754471457853452,3.646262199417319,-2.8194678846272376
-3.3521302391259136,2.696994564783059,-3.5044283779229106
-2.3685296114326047,2.804568912443356,-3.5751556821356982
-2.2909453124404844,4.218601848785648,-2.0825831308571026
-1.4284987578759023,3.129828357396702,-3.4255176679900194
-0.7178987706855368,0.503696794775697,-1.2617271446852156
-1.795221644768916,0.45065174029843064,-1.2422223129098873
-0.12989727823349975,0.4353744226707546,-1.3396026563891168
-0.5105090312446695,0.6125208716231813,-1.2850774021008546
-1.6772460317453928,0.4701282530827408,-1.2596323015593234
2.1531609804184284,1.0678851639402753,-1.5473903887177096
0.39123622146729625,0.7413155894739328,-1.256355756101511
0.9168530700933767,0.6605375403259635,-1.398759321012458
0.03296496483238699,0.22929914442517504,-0.9149370137551364
-1.9933984259311892,2.2380008505277895,1.1315539060172959
-1.221785825538519,1.7742937511792756,0.7162824937980978
-0.10241069562731148,0.20898875313320803,-0.8961568645286857
1.5780539261000608,0.44337518330691644,-1.1049866581743126
0.325069228560943,0.24736299652966745,-1.0481001677975759
1.2325605673608582,0.48883951015898813,-0.9553716219079418
1.0534304094172533,0.3680356396450782,-1.1091883519472976
-1.6153335175063328,0.6429422254260485,-0.1911790273346172
1.8466987956259695,0.2691478931114427,-0.9252592340167373
0.032378680622865044,0.04885381466688169,-0.7462876036622358
-2.506723840711281,1.2053490659295962,0.5887911485071528
0.47308916267585593,-0.013551371552516612,-0.7874151109120271
0.4075411621896155,-0.08473467462887345,-0.8217044796400061
-1.6826624293930337,0.5455003625385825,-0.10659991179358808
1.09020578284817,0.07687320296602816,-0.8251061559059726
-2.74531991253434,-0.5122990483373847,0.16457170620124834
0.10859289698002557,1.3980178322504357,1.9556468153018225
0.48873679891659394,-0.5519251493716241,-0.12332616129223703
-0.07586945319135038,-0.5821362487969891,-0.14759493124687037
2.278497784386562,-0.21344342533936686,-0.06163789031963297
0.9087254540466656,-0.7313217712687252,-0.17852172139962844
2.4230824758304528,1.179897491433161,1.256925644367017
-3.6990798981583533,-0.5040681033924533,0.14182901169922443
1.5585977330716076,-0.8274372637611345,0.07399037193259192
3.8713683125019775,-0.18271781384860822,-0.14247250172451192
-0.9021325386349217,-0.9282560169020969,0.15816111306029615
-0.09088239316637747,-0.5700093525602081,0.5287810713699247
-1.5645437358843972,-0.2550597358600365,0.8375330059997935
-0.5347124538582679,-0.48261091553279706,0.5881565359130599
2.1468184147592715,-0.6362911234293808,0.16578822895769926
-0.551091854703999,-0.9384199799290127,0.14195145868344333
1.9337430217569067,-0.9243624197456289,0.14925076900609544
-1.9525887850443688,-1.0109977010731235,0.31489580606030293
3.999312063243944,-0.33025995678290065,-0.07162054603255817
-2.7346683430909144,-0.5720270218679935,0.7452280293779588
-3.8476242640704448,0.401174366241801,1.5976859182888525
1.3308887170501122,-0.9129641644747779,0.10689443051711434
-1.5011792876682077,0.5903048177617884,1.8884590228677474
-0.9931688718961167,-1.0003689634841155,0.3262731422491882
-1.141448625309202,-0.7636211130978505,0.0025705315892650916
0.12254609147618599,-0.20146480832319677,0.3609915667166272
-1.0039894761381767,-0.5399997170230032,0.18193827516801875
-2.340985027002242,-0.5662217193859879,0.20324398431561558
0.19964041982190736,-0.6507372585442665,-0.09378243103773604
2.802779276559483,-0.3927611225376687,-0.11863551717803121
-1.2244083331563749,-0.7749088371409038,0.0133985385236791
3.0746932023381097,-0.09452360137783025,0.0895188710063673
-2.1369766442091316,0.49301018957834797,-1.0473556619983755
0.8463256331053564,0.4607178487885391,-1.2941032602213456
-0.9530533672688986,1.0136893177884598,-0.5571651787337345
1.539455870940361,0.7724000580125255,-1.4340570146252436
-3.4648691583631845,0.4917160088321845,-1.0411541981246781
-0.19167387714641212,1.0588704346638564,-0.55164561359128
-1.8323329987804382,2.86204302368318,1.2739609064958008
1.3614896528301936,2.8628422181914917,0.78599677667611
1.7714450515026388,-0.0447304038934945,0.9940373289767459
-0.4874626361363454,-0.8435028412689587,0.15497475206029598
3.5680348422586743,1.993037939982373,2.2135813475033195
-1.3632076076882986,-0.8447571241234008,0.31663190137072356
0.019585402091560306,-0.9022777691549024,0.2583609866563616
0.03461577591393195,-0.7484088117277143,0.4054765215777673
-2.2295171591175102,-0.3891343646870842,0.8164445552732899
1.0713819863846128,-0.89624819953975,0.08499181677639159
-0.1370344838423383,-0.8249019117760623,0.07603421542453351
-2.2578254179881556,-0.7452887642553334,0.16750493970448083
1.3352842234288256,-0.4708409629107077,0.045698219892667334
-1.8061011671780602,-0.7302739322475242,0.1314103635072899
2.292597707034975,-0.6307634269108923,-0.16031573256631432
-0.956801572227883,1.251460260512047,2.087894361164397
0.3028464019883138,-0.662073857513181,0.1919721772974459
2.9389014509454823,-0.4740200416871929,-0.20566974205951097
0.972463759450054,-0.21926691286250677,-0.49642993937790003
1.3674404010844818,-0.022166128019489084,-0.3189317051945293
-0.6415350193612258,-0.4102668686410836,-0.41980286523081517
-2.775748668731824,7.859714821634422,7.647871087996563
0.2964659386258395,-0.30284475428117974,-0.4881337616447718
-2.2407500831343974,-0.40775214107282454,-0.322690374687827
2.865395285998975,2.8455314256933724,1.9144794499799378
-1.8308675207213088,-0.34079667784919376,-0.3827597586360487
-1.832283423342452,-0.046947020103504794,-0.6006515275906602
2.0810694768395512,0.8360011115533102,-0.40525500704646805
0.18346207596874672,-0.06247438287306683,-0.7200340546916021
1.9561154863851375,0.44296018525725517,-0.6956445575674688
-0.5805716647287634,-0.12366131593542168,-0.7160168120184873
1.0713769320481217,0.10645611976137365,-0.845894893023258
-1.0957456073649965,-0.09524958464656516,-0.6228010778848773
-1.9842299009484508,-0.11910850340073124,-0.6299951968635725
1.157054784763222,0.3171347731505673,-0.8652630743671007
2.569548827862492,0.46757683627751034,-1.062293145084391
-2.1680552269784776,0.07869886311966189,-0.7031687395551932
-0.39915519059485666,1.268787510188969,0.46724983111908125
-1.2731418023089733,0.04420340747603165,-0.7414417372901367
1.412287166465053,0.1921055905417124,-0.8646393264922029
-0.20429355960410048,1.2018780449560817,0.33785337988157255
-0.9854167626431767,0.7835077255609135,-0.0033920281457829908
-0.17569003100240257,0.5770588551846936,-0.2605680373622011
2.379519912549806,0.6486139573002075,-0.8945293985233163
1.583969077693923,0.3833915533727564,-0.9650946052883366
-1.9826369816254599,0.5157068841661999,-0.44820505536892713
-1.9312002080855106,0.18967774794280126,-0.6324612315324607
-0.6131124119880937,2.474871842018909,1.4113755256306475
0.39900717073972974,2.385827212115489,1.4231485809165925
-2.956605497254658,0.09810010981130783,-0.6723690651224554
-1.1001130290173544,-1.0269014193835238,1.128410068745857
-1.0167829360573373,0.791812585712256,3.093339957938137
-1.8407487113435617,-1.4578079531942105,0.8958335875355772
3.215399191473056,-0.9732917462669926,0.9799632244582875
-1.9009218398320713,-1.5133672297696712,0.852094049406605
4.074545775291976,-1.1516350221866523,0.4286080149392389
0.2950721025515194,0.0336575416058643,2.1599822738167043
1.773429352475638,-1.431297188036542,0.6248541291832482
0.7408945086380871,1.0185916250312486,0.04715366852873021
-3.0734778747483618,0.19437769910000008,-0.548882462191218
1.2654018030392697,0.25186591419912446,-0.9074958315396052
-3.1891873627810536,0.530889099790974,-0.18475760671817715
0.3339858324130291,0.11554847932988739,-0.9019454873443121
1.4597129739145271,0.08776072668451979,-0.9602567771827076
1.9277354317663167,1.5848836390488936,0.3603990500816967
-1.6633665656213383,3.0033344559048727,2.1596099681985743
-1.7498828880970991,0.7065475504092428,-1.2990590623869422
1.2724797817853282,0.9893976154101944,-1.5425083104508273
1.709257429747003,1.6190394671459123,-1.060845505409675
-0.8977649904897104,1.4615275212459677,-0.710965761953594
0.026599275283206894,2.301316193863031,0.08584860039209231
-1.7382221199650842,0.6063851400339182,-1.3996527627561268
-1.310827640004483,0.6674443591381899,-1.3071419287201853
-0.856374030606958,0.5769988247252102,-1.440266093705365
-1.6744597374975536,-1.2528951254207619,0.5737225808669898
4.050878402266218,-0.5354849079143471,0.40654972093308817
1.8070921463343412,-1.142003240450625,0.41872733461281547
-1.8176998793417434,-1.2179253754185708,0.6398484044869247
-0.09023045697775915,-0.09559652723095878,1.5149703695587344
2.4780833706620173,-1.2516623306148686,0.35651566086813125
-2.16445404488577,0.461537999693242,2.2961401004443505
-0.6164493558405932,-1.262862776550317,0.5877906960624978
-0.6081437918343947,-1.2738687959288602,0.49779874572723026
0.9625360072714424,-1.186862201670541,0.40061121093328633
-0.9091372291913371,-1.0983715641284977,0.6526177175939805
-0.9968874182057572,-1.268240886495807,0.5185805463658416
3.0949632499532105,-1.0413186765097038,0.23619600010784397
-0.5639520577554468,0.03533762204462702,1.608669154565887
3.2289495609273464,0.1466304871327337,1.3582647510848886
-1.9272641679012146,-1.2418714323631004,0.5634212776936334
1.5950621876536126,0.22206679752604455,-0.9633239995177926
1.104070899615103,-0.04250168605406821,-0.8146240259977632
-2.006387819251799,-0.04305640518664695,-0.6171487454849831
-0.5505837847737295,-0.13879405574021467,-0.7360848697564146
-2.613129872221808,1.6632742561149076,1.0409337899356
-1.3715415687812997,0.20383078242996747,-0.4060314987323732
2.2877113915003013,0.45766025120825243,-0.85627018739378
0.5103744462092441,0.5966593638649267,-0.3015094898721223
1.7057690825691838,0.20771030026836212,-0.9969137888235925
3.385042528863672,0.8399003075928504,-1.0617723520796953
-2.1972237768084244,0.0034202108929742353,-0.7373790479354022
-1.6442278446582068,0.07805386096811036,-0.734198098770551
0.399010343907473,0.00604817100672531,-0.8262142301287937
-0.5191691249731114,0.16229178777247447,-0.8027937674848395
0.18137794182689015,0.11420793552270567,-0.8982521878696121
0.050222849655922185,0.0635211276193699,-0.7584881702273014
0.12449024837082255,0.054288563794103344,-0.733014669020274
-1.8036945849182306,-0.0823747348497286,-0.6635709240154022
-1.6889991198841756,-0.018088383662316236,-0.6277164502076316
-1.981416359318906,0.15292967650813893,-0.47070010207861507
2.0683251771714803,0.2035776726524488,-0.8856683763127698
-2.059656782993544,-0.008447193133658985,-0.6102072336287426
1.9816557942654938,0.13863402945729578,-0.9225546237425545
1.01019611843248,0.016253286690734416,-0.843743623796044
0.28048021958914277,-0.9615182400553764,0.08951710696454482
3.425585489501851,-0.16369817088608776,0.0737838773135
2.1174024060599286,-0.38588040089130293,-0.1372912787261576
-1.8386730748975966,1.6399777920011804,2.670529146900605
0.06177553742524096,0.38297769906236,1.3801526490939855
-2.255734756641412,-0.8954626811959014,0.2143898575375692
1.8887879098249156,-0.7550607343256754,0.0790987417449401
-1.079114427524654,-0.9434949997270452,0.16539633159066228
-0.65231707551304,-0.08197145063064076,-0.5568610403592855
1.1442716013241376,0.1228067543818066,-0.7585931634225335
-1.015710138850421,-0.11769924377332476,-0.5924894010405255
1.5706038212885325,1.1906487139061297,0.2559773538852315
0.4207043054426757,0.12110412007837,-0.4260174290596396
-0.613373491888672,-0.17613553229986925,-0.6623587167960707
1.668505402399461,0.3443522091302153,-0.6019941891664007
-1.9201873295056198,-0.094964321234242,-0.546823896109635
1.7033133774673783,-0.0626241057052089,-0.11634570325096556
-0.15375997005617612,2.0681688352449332,2.1914770282890843
0.7121464935708426,-0.32309226994715456,-0.372038578583376
-1.697654050763395,-0.4360531241573318,-0.2083104347799883
2.3675209082367203,0.5203270152305863,0.19404386644919372
1.3647922875080083,-0.4334525713327021,-0.43291019754953997
-0.250123242391535,-0.29879853259680267,-0.3243649489871969
-1.7830977825399346,-0.4913417900150348,-0.2509304508350273
-1.952557024904571,-1.021950018241393,0.5407668600519381
2.0346838392260396,-0.553301827746178,0.3404289945305861
2.6088456593335665,-0.5529627504924736,0.6634695999474954
-0.5590437059647515,-1.0349061514901425,0.4601949787528655
3.370689296752845,-0.15783553861172195,0.7615684568562731
0.26053857326222174,-0.7763547842891163,0.7301152360559456
-2.952741343167462,-1.1039643269297281,0.49396512425369954
-0.2469525677748912,-1.1562279633190857,0.4274125417737046
0.1196681553479097,-1.0164208609203607,0.47720650781216145
3.603436556938937,-0.5207464052950961,0.11253028704107754
-2.149469583270595,1.497769748290148,2.9582500417911697
-2.228580039254494,-1.0459978207813243,0.4854842631715239
0.4788525531258628,-0.9815652173012992,0.33078539396328827
2.2268705253410213,-0.4598275039166956,0.6046200313875002
1.7743557782085526,-0.8906056003989273,0.5357456604164377
-0.5265817365066107,-1.0893512663904847,0.40274166993197186
1.9626889816153772,-0.6288064066145558,0.14591120680583713
-0.8056682964084139,-0.7350772799572743,0.14991584874921784
3.6296688537705433,-0.2526711089737707,-0.16501650972635498
-1.7558246807951676,-0.7666599354790662,0.15037910957511622
0.33241896956731837,-0.8236079896781082,-0.027760693057666114
1.3922646007800337,-0.524592614794967,-0.07989387410954867
-3.054262286567967,-0.7884658683043736,0.16713990009119678
-0.3735728613736055,0.8231233274392321,1.4875796393730796
-1.8061081091617173,-2.456715456441104,1.9374157650621373
2.487901920437357,-2.4851619437251524,1.730486670482326
-1.4113284513672868,-2.4599147546080817,1.9149019158152045
0.13035714411129173,-2.3638443106882296,1.7388555169163273
4.207701089839755,-2.2712575216979287,1.5600506119592694
-1.7559735745135248,-2.4473726337155375,1.9293909708260388
0.5906337718381611,-2.3615760068925296,1.7848173662171203
4.81523867983221,-1.9512363288340695,1.6306549254277296
0.6259520977553764,0.03030272513107787,-0.834072621246528
-1.1814273659439203,-0.09555186497166462,-0.7020889432412212
-3.4919220893561467,0.3276807779190678,-0.24692545161154314
0.32126728860828824,-0.08779736870677365,-0.8003508676823858
-0.8606466266288978,-0.10474505405953681,-0.7173379615320332
2.2061357429913535,0.41009097007372525,-0.8099778390110148
2.4297114855089115,0.29480247269649035,-0.9918288060299908
-1.662900784269223,0.9002417286477701,0.255151779281491
-1.6951984064608079,-0.0827058090070881,-0.5815702934380547
0.28851125647316234,0.014918694856712312,-0.710311830800985
-0.19147287038581703,1.163205831901556,0.3955374762827923
-1.9253624293728873,-0.043645467306889243,-0.5884510431839125
0.067190280583688,-0.09522604496865965,-0.6854809482350838
0.5801133756323706,-0.14469524374962703,-0.6912114868629633
1.608800434934057,0.16041205209342163,-0.8203481899780665
1.3257755971583995,0.3875642225817975,-0.6173608871145222
-4.146807412540802,1.8709085233857847,2.8286710708475207
2.7224795920711005,-0.6213680019746117,-0.09156908262423817
-2.915050333902725,-0.7578747777124548,0.24242382838736434
-2.0102640153862845,-0.7970313726518671,0.20638950030382563
3.071158564674023,-0.31097344887483896,0.10556002913232095
-0.9379729712836931,-0.7614244547017441,0.11796137821227698
1.5034030310279378,-0.8534789908134436,0.013159671006562903
0.4749266902702563,-0.7719659628652678,0.006638532993201431
-2.2961263744092517,-0.35296201630421625,-0.34338035616450857
-1.9644935846308176,-0.21752687151018354,-0.2058740990004017
2.526347058450885,0.4967726091358215,-0.18772867335284055
-0.5748302446248511,-0.3350200809395658,-0.3836850886358461
-1.0589755065558435,-0.39638606040442376,-0.39814334820713454
2.102664140251999,-0.0954924655050517,-0.5842372329918356
1.1845608896059812,1.2540393847962403,0.9304398337315354
0.7998428411259003,-0.21702215990875484,-0.48474136429428955
1.4127125274534829,0.5707221144250546,-1.1349934988879333
0.23633621653517053,0.20440226893584632,-1.1168489676780609
-1.2087164193222435,0.21148837346217375,-1.0302212940796285
-1.3058429001665615,0.19891303970772994,-1.0179201626758518
-1.7738644780985262,0.28643065737150447,-0.9573908124741977
2.114250966170266,0.6525286943785094,-1.3263160492842823
0.481038495342367,0.31781718534111236,-1.1447838037736935
-0.21340783624018822,0.3516390657135528,-0.9379029735464701
-1.21024774623691,0.348977947056186,-1.1801604882285521
2.2475985341862517,0.9171951045487774,-1.4739459815203875
-2.1936095636717003,0.3598532821137811,-1.12353720506908
0.7238503093805656,0.5308803446035532,-1.2720582818964932
-1.6731231950221688,0.37832123628649816,-1.165139112043576
-0.44565951779956064,0.6714458264585383,-1.0439377416414872
0.0577459883941031,0.5887896938095086,-1.109113087303524
-1.1724545927903456,2.5324107493101837,0.9504196351706098
-0.3399089800831517,0.42234398435211606,-1.3324025991549988
-2.5662227799294794,0.5250826320617328,-1.1697564084139052
0.5834219127399083,2.6615527199429865,0.6084170711313612
-3.046211975716643,0.5568275241172909,-1.1552800209198693
0.7490843844866093,0.7862675262207539,-1.4197197896445535
-2.047521420155032,1.202236420946264,-0.565725874827442
2.6584059957655803,1.2281270834692162,-1.5987426600625807
-0.795625988607275,0.45395837520223553,-1.3190775283759182
0.04605881825923367,-0.3807656157995056,-0.28172049052081816
0.07369047971684078,-0.4798935919063977,-0.38372986299805695
-1.6809976314876478,-0.41255810440703067,-0.3079891380304621
2.079807268228818,-0.23744939931257839,-0.5431878683375853
-0.6612709870747948,-0.247769288480704,-0.25973141162096214
2.5274848076567613,0.004969519374086419,-0.4983306994704428
0.06909441860233904,-0.22474438778777112,-0.13627429502672506
-1.6572317631275806,-0.4241639107855022,-0.22737250416621554
2.1345791166656665,0.06296001669484383,-0.8439625386299289
0.4675328989223652,1.4525451865751977,0.8483401178998492
-2.9551069411352207,0.09362149958082057,-0.25204089181310096
-1.5863620722547997,0.310977371782061,-0.25232091353255953
-1.7994416719967938,0.29320709767331027,-0.048327003875635745
2.7916450598262608,0.22146878157293823,-0.8908980915254906
-1.102666007634638,-0.15500295911649872,-0.5439171458106583
0.03171104723241688,0.2776819150795754,-0.26172483642561517
2.879928172441362,1.8601921990370822,2.4774443676574576
2.5619029252350636,-0.6268621377112067,0.14229349638348168
-0.05185000463521128,-0.548462779571856,0.446612493626515
-1.8121520958794037,-0.9157741021215827,0.3209478253651846
0.6013174371238342,-0.7116100301284298,0.5200768163505386
-1.9304342051938899,-0.935207603731413,0.33834805361484566
1.015348662903636,-0.4231389693700946,0.36122897715667807
-1.8697006814734678,-0.9749773438974073,0.2792161325510983
-3.020937240620294,0.881753019886025,-0.5623357015707856
0.2258833942987543,0.3211970869668123,-1.235727095805516
-0.03665422338257494,0.4619103357283782,-1.1701935374107262
2.232420029714163,0.8447581775306494,-1.4165932816976714
0.4761836636899868,0.6883306579239044,-1.015881733509024
0.7732450004089989,0.4690356955117961,-1.2241948424879672
-2.2102795516421807,0.435496261900829,-0.9898335854125766
-0.9808262478030556,2.2797593957114017,0.7854883078471677
3.6958504986019713,3.43451430084627,1.2106747151701953
-0.9457260919710547,0.05277364282480342,-0.7766724349694124
-1.5861981345547416,0.054628846552435814,-0.7365183725616429
-1.7749074759424712,0.08787177840910554,-0.7420789945403445
-0.06080358878658497,0.24823581818339485,-0.8101942562627613
0.7919597917274586,0.14910055742653902,-0.8877843124550974
-2.019356349002239,0.0024860551572393587,-0.7589742780271693
-0.1478830248020296,2.0795270350369557,1.2353903773976123
1.6422168247951439,-0.2922554010595835,-0.5756131197479516
-2.047586935183599,-0.1274797007880932,-0.09549055831688244
0.15477186292142828,-0.24469775116548168,-0.431193714654541
2.184609430381786,-0.03364709208208709,-0.5450581405140059
0.6777621567546896,0.02464739492202384,-0.22318968747689036
1.1135914003233358,-0.2257140623440518,-0.4996953052986403
-1.1452614589056214,1.3229362097949582,1.2967908752844957
-2.0305163470431062,-0.12004827189315173,-0.10071974361046089
-0.4408501971179972,0.4492384825035988,-1.2116612153970976
1.2113773776597467,0.6084587610634582,-1.2759741338258903
-1.8692948991336784,1.788705699346233,0.33916802444492705
1.6257124225881965,1.4350264328858369,-0.5911716718158239
-2.047094583418011,0.6529738570014261,-0.8069383227525389
-1.3147493262017742,2.5004405173302953,0.8177177563125587
0.8137808426172153,0.3538767398366962,-1.2878681453533094
-2.1579054777041216,0.387814650924855,-1.042674902546653
2.8982848668052346,-0.3248072755844363,-0.3767838193192408
-1.961933383028611,-0.5879158751324903,0.07792554161067419
-0.9765313824027791,-0.6023531711447105,0.023291494782925467
0.4662205358787337,-0.6385038207048449,-0.15391948759242224
-0.945939029972766,1.4802884401907228,2.054601536109917
3.2049831623091762,0.26554316557692054,0.16289318603789277
0.2846873407933087,-0.6062679303354704,-0.15925158459767105
-1.683257030875422,-0.7093804641979303,-0.0280837336994369
-2.107934387993171,-0.39756607134894106,-0.21222198037899095
-1.8022599563334298,-0.45881586968682564,-0.27554817974310747
1.756985853935485,-0.3933494670157886,-0.48721097510255656
-1.7116485702293214,-0.3435245687508196,-0.18901601291128173
0.28587930509188203,0.04088437416824834,0.09295720569891054
-0.9663679392118114,-0.18591836179746843,-0.27265659411705745
2.565104497292992,0.5682958311470879,0.1493886929077912
-2.47483938728802,-0.3244480191976878,-0.15276994004241856
-1.4542936640272814,-1.0168956914066327,0.28618970646732594
2.7413218733334017,-0.7176019033332356,0.03546301522935059
3.0780891153578103,-0.5941770197092306,-0.0030098701891780838
-0.3085478026029031,-0.46263119701555777,0.580227954472643
-2.224638367003723,-0.1889530030098647,1.1183826720429302
-0.33076752983097907,-0.8190946440712316,0.23480193006188188
0.3498351975000119,-1.0238901500580677,0.2519224796279692
0.127647450157592,0.22584419837309136,1.4395577982329693
4.131653311957337,-0.5217400119240277,0.9028152779516767
-1.0551941214599945,-1.2724599100436609,0.9456977617873055
-2.0519546432349554,-1.4633076952560178,0.8038128181625458
3.751177194363467,-1.1396288081228374,0.4113998006349765
2.2869488539289695,-1.473708383250585,0.6123632846216776
-3.8506965066401806,-1.2272605521324518,1.0209390061059422
-0.2779207891976778,-1.2949754433381193,0.7279846985549286
-1.763275590248514,-0.9572681532147185,1.2067341040882622
-1.0958075883889675,0.13651165904065785,-0.7524048152306165
1.7287003876129405,0.6312861570234852,-0.7882302436143112
-1.9347573208381217,1.4455017575717866,0.5198872009232427
1.624140919539395,2.7953876574504037,1.3609078471083766
0.44344810245667154,0.5019927191129784,-0.5067082816148326
-0.787624001464741,1.5921081549746683,0.6757332687590228
0.17612036876957987,0.33142177993729666,-0.7346010477049485
-2.365144216463928,0.17462541346633606,-0.6928939818014408
-0.8680996837846514,-0.463416309712705,-0.052820006598900876
-2.119714966761497,1.099235960248874,1.4928667440424253
3.3542979284840566,1.011669096740098,0.3949574600690599
0.4999857160229482,-0.5187099025254346,-0.2616575693613891
1.8536876789439816,-0.18247921960181399,-0.20051698489341818
-0.5424175381856913,-0.5061004934760738,-0.2030659325888397
1.70233472431545,-0.2512852277364899,-0.3818643028971615
-1.4851993324323418,-0.43691634621885195,-0.10332705536173488
2.996125602772659,0.8853414194483481,-0.5391431027544741
-1.4072688638401312,-0.043346239112753114,-0.6362284913784467
0.3749320153552785,-0.14260739674913245,-0.6662548806607986
-2.1757439405270382,-0.12386707305670602,-0.5172760189357433
1.0254093196605019,-0.08155996592699694,-0.767798070120662
-0.7029051816342934,0.013111666781864127,-0.6344488658911609
-3.8759334513466253,-0.04629149194526188,-0.529729764617012
0.3416954481777837,-0.012908737475137749,-0.6852734609395906
0.6563640146394736,-0.5931600601022252,-0.11691718551706021
-1.4919519821480083,1.4623460941028987,1.9126691203413062
1.1533008424593238,-0.5005293489547026,-0.2248253080685001
3.3467429937199173,1.6894238162085038,1.2224388233306696
-0.07571204743214896,-0.581725558334522,-0.07775599416915605
2.0420376963521343,-0.23349137609978268,-0.14616386600731637
-0.1196377346495426,-0.693741372007199,-0.16857425063959705
-1.985620180674557,-0.6304417011182126,-0.08483210380973247
3.431623344924314,-0.3843192830936612,-0.10682044660268758
-2.7696560053997237,-0.8849534430494858,0.2508434195932073
2.523887753740007,-0.6521298943605995,-0.034064355507517415
-1.753322577605353,-0.04169267603312775,1.040965214876984
1.1654813541634927,-0.5277332931951134,0.3208846636248932
-1.7583259331074501,0.4138414105434742,1.4884136229884046
-1.2324551897847047,-0.8885925750566573,0.1575288797675026
0.8961369640427554,-0.7671598563548189,0.08247268068241632
3.4937154526680723,-0.6976060868807105,0.07778379773518866
2.576182909249434,0.2836901831655994,1.4311514764466278
-2.0029542123065633,-1.04157144649141,0.462188887145548
-1.0392391245754455,-1.0020645329796,0.4563846047638218
1.0747124730659545,-1.1759682796093358,0.2618067762210344
-1.2335093752835777,-0.8561093501228081,0.4403838022393796
-0.5415479051080263,-1.0953020204115722,0.32271307852402425
-1.5912086942356432,-1.0849498068508712,0.38299786502488137
-1.9782330366316077,-1.2316543375030804,0.7537640954755634
0.0914174426233563,-0.12510069296649443,1.7197738689796
-1.9779096946479369,-1.2218727375041232,0.7480015927408165
2.3076690616246327,-0.892573502671887,0.6295199814627013
0.6655775853217553,-1.1993674197147561,0.5417459937781259
-0.5861269617800506,-0.9535733055851467,0.7960513331630936
2.6083910970780746,-0.9189089793844495,0.7287088565678803
3.4050739623297686,-0.9736758004214151,0.3745366316041315
-1.1096965898120115,1.225109051243873,-0.5538445432588108
0.8491853841420406,0.8123772739019871,-1.2507433219720845
-0.45213612555415733,0.49669759510341827,-1.2049557528872923
2.070448452134711,1.0476201916041636,-1.5074249956271677
-2.3394398017924485,1.4497236172226833,-0.21320723593306495
-0.7198551491906586,0.45909005010767984,-1.3193214401954432
0.1464373276709808,1.065929655207078,-0.8831864401205047
-0.7330450233812738,0.5925268377567022,-1.3415501649334458
0.7546272457969264,2.9987706287955165,1.0625277419118373
-2.5163969478760198,0.5050934535628773,-1.1306194553688487
-1.7647481603236796,0.4498384051443158,-1.2244505372231103
-0.40570896700778697,3.232995925146338,1.497360787009929
2.066726081317432,2.4872346338801843,0.04861455228255288
0.7628054689977518,0.6990708126339348,-1.3436961073258582
-0.4793434638472506,0.5735555791097604,-1.0665743150884435
-1.3477984620254113,0.4105616669549612,-1.2313130900917284
-1.7405979529969429,-0.10830787414224363,-0.04338630342465109
-1.9928166933864728,-0.3813846062621864,-0.3423189037904409
2.02250326179718,-0.1059244914227301,-0.5699231248431182
0.16062967909876652,-0.4015768703717961,-0.39092639306371807
-1.7585462177312143,-0.4210212138443491,-0.335307383716807
2.100815131165926,0.2045660208882988,-0.17639722831091484
-0.9738673008261023,-0.04094808673306183,-0.051166195786492855
2.119862495835342,0.7324149685203789,0.2784235401798507
-1.874886987761644,-0.9644286675030362,0.3661740573488879
2.024657282414198,-0.9174457274457786,0.14373232018568188
-0.8186973592233597,1.6169704090768262,2.8335611339750555
4.394644129022269,4.56309554214505,4.553668363925674
-1.4785650054302366,-0.8151418644705714,0.4922704815055482
0.08222348386476779,-1.052109443226644,0.21272230571148462
0.7296160623481799,-0.9430039395582801,0.16252553541494452
0.49287708189652546,-0.8175975219553382,0.2640975102138875
-2.0268251221514597,0.0560486968715565,-0.8232319389071767
-0.5264070107374934,0.19898415184286317,-0.9452993186839458
-1.3221827974083094,0.10763556623926591,-0.8936061817268142
-1.983859321060903,0.07294883761380595,-0.8353335551152612
-1.6555454325651244,0.10377237914746122,-0.7950494940757304
1.4057914228622237,0.3975314186894858,-1.046878938617406
-0.7746656036965095,0.34057252999925525,-0.6698758037888243
3.2965979999814468,0.9455102988041282,-1.2034619246243015
-1.0242395650633973,0.511880647545304,-1.0439779388026509
-1.6283396368290202,1.533199946577752,-0.016106421356205738
0.9941421625813909,0.6376993534302776,-1.2943890719907927
0.8802982491189205,0.6503060990789051,-1.1882617333204497
0.4343237262393365,0.6145272359030336,-1.036907392078936
-2.883445001612366,0.4084241166185041,-1.1008840693795772
0.8969009472789001,0.6843116661179395,-1.3124310161492991
-1.7343002675637853,3.610518398628767,1.9502379363825564
2.141666452847214,0.3808193179551662,-1.077273420340398
-2.2032442526608547,0.3342607052200476,-0.5659318747900469
-0.3837511752459763,0.03935903216494811,-0.9083777419776308
1.1001669006238743,0.34744269147131296,-0.9917132736972573
-3.599733346473368,1.1242497596887557,0.24965396635044748
2.1762402062186372,0.5893978807583199,-0.8838636719526737
-0.5691393638526453,0.11149038900232237,-0.7825281412406433
-0.9281793146698842,0.2429794815485498,-0.8566961249258143
-0.2877985916777285,-0.253220151738891,-0.49621997174448007
-1.0350592518971582,-0.33016672603918157,-0.3804404575100161
2.1460203408814063,0.2165115749527617,-0.6759226019230876
-2.8714856158381212,-0.3055372673739301,-0.3548988134264783
-0.042328609962745976,0.25535071488061534,0.16517630824259874
1.2027130954854441,0.7363691954656416,0.44614884477812206
-1.5596925545435345,-0.29543250474640415,-0.36546149876812944
2.08234294205135,0.20539686044168012,-0.45504530848551294
-3.7179513807837297,-0.4478548524449719,0.0036991185651179415
3.0558621787881215,1.6189865035993787,1.3090883030645317
0.844304361588821,2.379389411192872,2.4499074158287764
1.871828228792457,-0.08122708867059314,0.1212430148953497
-2.1686571696299946,-0.6239446976327828,0.002236802054060512
-0.9617776535064273,-0.6072248214634651,-0.08190533899697133
-0.945461451118654,-0.6029631866487682,-0.08523428123833614
-1.0463431968805248,0.08777333322434527,0.6260054668011671
3.1580376909245422,-1.0344962895980807,0.5528096536076553
-1.5003254895801676,-1.263297336053193,0.7660265355863608
-1.8706289770852815,-0.5509209770592782,1.48260523427481
0.07075765658221769,-1.196304505741484,0.7839285098949261
4.231769034687709,-0.7552705727196792,0.3288245476404696
-1.914208426449172,-1.369045907861118,0.6946640669483924
0.7405753329361845,-1.1525365366926115,0.5087828330743337
-0.5664782199177889,-1.3886798483398453,0.6203312847581047
2.343005065715038,-0.20349174821837743,-0.4663719965361392
-1.1659856815054712,-0.39107796677624623,-0.1943542473919801
-1.706403709835425,-0.4148564678873827,-0.2236255409437067
-0.7162676787778542,-0.29509661156185607,-0.30184179081098367
1.6865109114597348,-0.3111799071364797,-0.36989784899187267
0.12336619013048708,0.7307048886983964,0.7076742677232793
0.5131327412420462,-0.2832565169007336,-0.30925547705224793
-0.4624895185289478,-0.37199332171733857,-0.3533507655341453
-0.09385744539301104,-0.7067042674325001,1.8121647007637616
4.1155014088174,-1.14789959294893,0.6260576710638903
-3.2855158321544518,-1.4150738416340067,1.1632216417346732
1.8440880114026683,-1.14260973622661,1.0221648881631198
-1.559871616166564,-0.7768017411608004,1.6079961413373935
-0.43634749527635525,-1.5678865484364501,0.9146373473665166
2.8975915573599513,-1.6021785785270646,0.7219057074361835
-0.6283744725896984,-0.4768066360058985,2.0306832550002003
0.9749108893477961,2.002951925011917,1.7713033116011228
1.7354115895960578,0.4081395538356247,0.015999890490696403
3.6008439439994455,0.4264185193951269,-0.7584733654186263
-1.1484419862795974,0.19304197105091908,0.03428670230531031
-5.270610158451474,2.50433687855344,2.2032600520147425
0.9362532892212418,-0.3872386107672109,-0.5554616175797721
-2.727713544783356,-0.18975319921550968,-0.1992142742278675
-1.0071492540580849,-0.30148149322570444,-0.4015733358286217
0.17371873058519288,-0.006346314209347174,-0.6755945755130234
3.067124648407336,1.2062869905115672,-0.20747732133273897
-1.6459320707424128,-0.09096125025306662,-0.5627955019309748
-2.182983367989953,1.7663997131221063,1.3163059745021726
1.649472927596243,-0.04243640293294027,-0.8261590735689244
-1.6186075141782434,0.06445810083617293,-0.41721272427073464
-1.125267525724066,-0.1629367412432443,-0.6351182981879419
0.19262997986429975,0.1469780330012539,-0.5283554537912147
1.8459459700555265,0.11790440275650023,-0.7941133172312401
-0.88005075524,0.3019137407176507,-0.1011843803334324
-1.8555136708898863,1.3773227189121817,0.997542816193361
2.747372275333325,0.4342255951724205,-0.8156256755460994
0.43263997856855074,-0.24801677600329217,-0.6564427250396666
-2.0559934953300893,-0.17397950546570198,-0.46366479546873274
0.5532956262456172,-0.08931645246797082,-0.5175091436965996
-0.07063323926280358,0.013831809055262191,-0.5616272062329059
1.996003281513149,0.5249199782859243,0.11849752840957453
-1.5277355545131148,1.4020264608451751,1.1758955381723255
-0.6835098912400526,-0.21638475365049095,-0.39142651490030056
-1.5542051800994812,-0.3677745475208467,-0.3800939825061761
-0.26689031030000726,-0.26044709999826965,-0.4704623220851434
1.7297054548369932,-0.22893761685944805,-0.5370857550155325
-2.2966675366271585,0.16067725958867193,0.1500917832128976
0.6568967013508702,-0.29244312113987164,-0.5116643711088428
0.42438475444098583,-0.2914387597535517,-0.5932809150250015
-2.0663217537199103,-0.28111405626751085,-0.44239232126952227
-1.7485937094354258,-0.0928267874649187,-0.25580847589385824
0.4923239422123828,-0.34704169988526473,-0.5684750302445345
1.949721928582312,0.27999562306576387,-0.36130558009625224
-1.6630468737096893,-0.28222984582506566,-0.46655990599026864
1.420067092652526,0.3975822670614179,-0.23590016135644443
2.3476316326754985,0.10908914885618684,-0.7064992938212001
3.2985896050013754,-0.10636575755580525,-0.3882123394130358
-1.0659416100235046,-0.649818793186289,-0.1248429217387786
1.6541863588466295,0.47873097906865775,0.5047881425682684
-2.3302447364424106,-0.5204366819935637,0.039641775521900575
-0.636519097872174,-0.5131911227848424,-0.17575932463676452
-2.3764186281675665,-0.577960496583897,-0.003651955752676876
-0.2324371621344788,-0.5459236872644161,-0.003040469772324376
2.161708764293529,-0.47994745590279725,-0.2927987969229872
2.0251378815614864,-1.7033553170389364,1.3900076057515005
0.3492707989150909,-2.069412922306909,1.2593347112173725
3.789387224662356,-1.6321760210038316,1.2129028590862856
-0.08119792718602181,-1.896653205751503,1.2439580574239402
-2.349642849508431,-1.886831467096353,1.4078286058915115
-1.484941062164634,-0.5442741122021683,2.78595258806948
-2.119447703902306,-1.925896176300053,1.4147103467421394
4.652358652130443,-1.52388874623445,0.9978571576544611
-1.6342544002366692,0.5337402346309051,-1.2272018250875896
-0.7712675131036167,1.3955479496837555,-0.5435701618731349
0.14194871984202717,2.0841985073819895,0.10432803249273832
1.317806135238204,1.3699869397225686,-0.9185442719802006
-0.7031595227255941,0.462920474983316,-1.3253886066172564
-0.7000974486844856,0.5166672731482691,-1.2776949751611122
-2.0487808271574837,0.47898281105968754,-1.2490643997359132
1.0980896289445754,1.8919406325401844,-0.34040731939478197
3.6495761232196804,-0.4677911609037466,-0.15001234753377726
-2.4830659907891066,-0.5675748800214134,0.6040760984785327
-0.03684600078646226,-0.8803374457138631,0.1565727784942399
-1.8997301708987242,-0.8404021701491987,0.2538834558802047
3.12222835996542,-0.5542947639691075,-0.07251672081789103
-0.22080453731944324,-0.8084067145173205,0.2824679066199431
-0.422204258599655,-0.8141535786314343,0.11767890756359321
0.6865070719278838,1.5792012574784002,2.375187132502784
2.570177793091005,0.3970155323312919,-0.28782532696926333
0.3773666224469851,-0.40388131795124527,-0.4817272840554855
-1.63307421766425,-0.3727200755928881,-0.3717971622878978
-1.94228891801709,-0.3109734649967337,-0.3085837030735809
0.9470024986681139,-0.023065152881252365,-0.03272010213016607
-0.5758860411193735,0.5829874554016186,0.5090450951764522
-1.8086143766877063,-0.2067203349449762,-0.14274464520774258
2.0576699832864276,0.00973875892501106,-0.6609262526565793
0.7698398029483601,-0.31396559158844406,-0.38861127273188895
2.701551536736944,0.029338437198574544,-0.5197121498789371
0.6961799662161958,-0.17713150324986598,-0.227001686151486
-2.028351631456692,-0.47880019937978796,-0.2497619482988281
-0.8976846015335653,-0.41686273407802793,-0.27718936365753205
0.5691072732423643,1.7915209749722278,1.6454023838360987
1.8525340577471747,-0.3470977129185218,-0.5166071570556846
-1.9354742981360105,-0.4623529167422169,-0.26412266068648543
0.7411353669391734,-0.3017093882552651,-0.4100831908522433
3.081220189186262,0.20440903424754375,-0.7097717225495446
0.2791507147309838,1.292426006781574,1.0399671434365478
-2.0553068140266553,-0.26792450492832404,-0.25308780006164183
-0.752875607704336,1.0636403644195054,1.025505687653504
-1.228805979305269,-0.3666499538958319,-0.3295899226712753
1.9309014772866662,-0.017860023539888154,-0.46430068570080957
-0.1916612154826082,-0.3785214295536279,-0.3883490165057678
-1.566405705668103,0.44452489979552284,-1.2311665949810504
-2.966229563946943,0.5633973653149377,-1.2080748265699472
1.3725275187712518,0.8081278769595667,-1.3589892233888727
-0.010578152058441046,0.3461340202153877,-1.2786032533564067
-1.7900512687672703,1.4284132376991063,-0.209395556211228
-2.1446596931186264,0.42433660406615986,-1.1856315030256106
0.7557901593289651,0.5435742087600817,-1.3822903848229018
0.06292120255637777,0.6745412192520807,-1.3598407990027022
3.913645804403162,-0.9866458212595997,0.26021883711158866
4.15680680588377,-0.6432994796761574,0.5227507716105407
-2.0160907071059433,-1.3449685815119001,0.6793883827748334
-1.8218187183686587,-1.1638423873470924,0.8014236173071703
1.597010395319339,-1.1656041460601265,0.5569357864486526
-0.662852719356615,0.2667272955130072,2.1879590812814875
-1.7913103700924784,-1.3225455996268016,0.7298452749939258
-1.4113230254481532,-1.11179498202754,0.8250820994263575
-0.041936484545057974,2.275914298972323,1.8775052135249608
-2.20833599561967,-0.21103917596749577,-0.4170903632963963
2.0992464518341976,0.2514499001637906,-0.5310844332884196
0.22733886377351634,-0.343367531426818,-0.5773668094412702
1.5665947231698358,-0.005249705164414868,-0.5632534800188633
2.683258561968422,0.2628160723180753,-0.7545030735187427
-0.1904262373170845,-0.05249117053168537,-0.5789307506812132
-2.147643675575884,-0.19990228782453806,-0.42670321051098925
0.07989768510406176,-0.607151427860149,-0.2563202360421716
-0.09998364418843507,1.8240469489870703,1.9584788136210698
1.6094547940049602,-0.4601975081862213,-0.3072212068575543
2.4305210022832813,-0.257330540114436,-0.4168635453825091
-1.5489794352479183,-0.33593327030087566,0.08597416987122748
0.7639080227022057,-0.44245673875152586,-0.2616033243697212
0.4544582215214681,-0.47592751150733514,-0.30128665698604545
-1.0124769302425551,-0.5119330228814102,-0.08488503720527188
0.8845273006489881,1.013344600622416,0.6640992588968768
-0.2992138297088637,-0.3336231955378159,-0.4330964599784751
0.08309141105080732,-0.3416232531516805,-0.4521590250112315
-1.0446045554827539,-0.23317744015451272,-0.36170844534643065
0.1222934891045623,-0.2748503720121574,-0.488947119538158
0.5323209686745833,-0.2521246703325632,-0.5558135899470272
1.4402918823298407,-0.21134639361991997,-0.5595445171119212
2.895908036337528,0.3834410167380274,-0.5911158682591554
0.11920706118718771,-0.19529002804980924,-0.4734958418215542
-1.680259760461214,-0.36005322598657435,-0.3984776371743237
0.8853727603584556,-0.19185443944183145,-0.5231170450261143
2.394243212582143,0.45049254089053564,-0.11641880933765159
2.858721599636983,0.25723524702510125,-0.559624012719412
-1.8856310829227465,0.04342677991772358,0.014685424896646667
-2.512491253341789,2.356839489444085,2.270220462062328
-1.816647102474197,-0.29963017999721187,-0.3432303421200455
0.8094388423435968,0.12571719613092178,-0.9545896341280226
-1.619762800305932,0.07620675414295958,-0.7477317335109805
1.2853552439346192,0.15371539214273916,-0.9995351419245742
1.3935490253407794,0.22218979464668243,-0.9658119812995195
-1.9168526392298364,0.07552403989545409,-0.727879743476711
-0.7772997069291181,2.1574263592951395,1.3094995936835028
0.12263567171287905,0.39341029492781376,-0.5961463187110213
-0.9698359578392004,0.31770199683794126,-0.5342099775280075
-0.5169540161908692,1.8340943147419781,1.5425053788246401
1.232449337252397,0.006184617544858103,-0.6396205375878186
0.70084224181222,-0.2030363953016595,-0.6203116653740521
1.896273148371754,0.09802217636329273,-0.6521529307264671
1.6940785182412648,0.26776238676975384,-0.42394922748671227
-0.8963182418813501,2.1438110727857764,1.860708183156803
-1.413381266140465,-0.2148568244559628,-0.4515299231905188
-0.546728713202911,-0.2486620396454392,-0.48877862419783324
2.6789402416696406,0.8532190852672497,-1.121726150312011
-1.7404136828013144,2.0052014167739145,0.9521370872677348
0.4338197703448185,0.7524576814949138,-0.46236461547627955
-2.3408362782175436,0.25094399662146694,-0.6828783723199945
0.8059472088735871,0.18925224416364927,-1.0283998058133375
-0.48844788496007646,0.5508529674517587,-0.49834626228939977
-0.7114722606001999,0.6151632444026499,-0.36599812293018785
-2.060524244526365,0.07834902330770091,-0.8383559451996823
2.0890927111513924,0.427677921149784,-0.9003707462888745
-0.9282849492818186,-0.06960527003513615,-0.7455404292256534
-0.1628747338300016,0.3069237629641724,-0.5616953869393717
0.4679185672282658,0.04537124701356499,-0.845911066533033
1.5574623048148375,0.17083499182668277,-0.9325072689251851
-0.6997977907183933,1.4251464061130283,0.7430499670876166
-1.0418170139548981,2.4455099770611675,1.7538031633586046
0.11810413995928395,0.1717302121486918,-0.5564032068331656
1.5266265129762648,1.8186835795068907,2.3363586452907947
0.8208787298222509,1.234014118971725,1.5929499583453164
-0.4695947491215113,-0.6478483727963791,-0.05384433073132405
3.8029417690671052,-0.07152839475552877,-0.43521999162904873
-1.8993192403010477,-0.6905384820536288,-0.01817318360852629
-3.3877015588778367,-0.6577178950821757,0.05552905348036935
-0.6986047516260412,-0.5496383270104447,-0.04446053475352895
-1.131972763099504,-0.5113332358591891,-0.03619655789903083
-1.950296809977995,-0.24023343020169696,-0.38798465614137073
-1.7953583832996736,-0.26374218795946774,-0.46143501302770545
-1.3962084005415842,2.37273789995615,2.095098915293666
0.7211907850172201,-0.32703800870659744,-0.5869340228828118
-0.6147167831438574,1.3873462649206922,1.0087955917131128
1.9192424751134114,-0.04107571587821298,-0.6428119292869228
1.5756204212772678,0.12932362648253115,-0.6611957431948945
2.4438330837916538,0.7551509909726422,-0.025185687518576205
0.7781705061768561,-0.10087722572491,-0.2124829604522349
-0.12546068211320055,-0.19674421960575772,-0.15267888852016512
-1.8213890401491108,-0.3906025485878219,-0.2485818760330339
-2.0979987236971636,-0.3203288249591926,-0.19202717347364415
-0.7077204559587544,-0.4313570115275309,-0.3736671137425109
2.60998878492147,0.16951194247929233,-0.3751184071147526
2.327503103200344,-0.1487554624629407,-0.5426197974914061
-0.2000475560289765,-0.4604354906872025,-0.3911104444428702
1.0945804062225732,-1.181226387793577,0.8073199833413692
-0.6078722030993784,-0.9261917281487347,1.2661965692537727
0.45347208268881367,-1.4915414983410566,0.6577110657937535
-1.0175867413318644,-1.4364563694150148,0.7968794892174833
3.1036479087093065,-0.6192258047882762,1.1192966427454327
-0.9016450191775469,-1.216366710969742,0.9794105416084355
-2.7750258158169365,-1.27020880044265,0.9734976480278251
4.329955286899157,-0.8904235670316255,0.3656474792009361
2.845078403060261,0.35774886261168026,1.2408764669976193
-1.0093228194489383,1.6293156759852814,2.9342012730549594
-0.9978669549897075,-0.7991542680051155,0.5479662261474325
1.3094516280137671,-1.1400031500777779,0.19899058551658438
0.19606993074861545,-0.8165568549226425,0.37675041678252047
-0.18381543508822107,-0.2636459846244171,0.8742243466381989
3.031733077067243,-0.7293014864693924,0.12273521139111444
-2.018600379885074,-1.0277117636695765,0.35002467786628955
-3.030537768982516,-0.660040940942437,0.02548307740489632
-1.0336398474677397,-0.6449521518831607,-0.031509400685609444
3.492787681855469,-0.050294345092076406,-0.36150113753539126
2.169297834518215,-0.46833717975445327,-0.2021765201332461
-1.5429889195589994,-0.6123627940898141,-0.016043714355583518
1.8555618832798255,-0.5734806484777245,-0.20395985760325047
-1.8191294606847597,-0.2039466577839591,0.4728012373732682
-0.6527446459410222,-0.6462030193881786,-0.054465401592544996
2.3841083523327304,1.2429526928812547,0.1879551146927317
1.6657940703444034,0.17557072255583772,-0.8360448120797379
1.0313099477674195,-0.18058333809908653,-0.6773539111463808
-1.1307899508157044,-0.1312054717274391,-0.5660317424418749
-2.4077815146018757,0.6616682302488145,0.24181390826721338
-0.8758053760354765,-0.15409497568921232,-0.5699061793397006
-0.04590238128283776,-0.09404400073628168,-0.5015873349883622
-0.6509076123882961,-0.036181473481336816,-0.674482966620773
0.7852896969868309,0.7100238101035699,-1.4446414474205245
-2.1081382245307556,0.4861862137230426,-1.162960007862649
-1.8803949948981757,0.4688389192605002,-1.2437132224129208
2.12632076768657,2.1575809461153304,-0.23171922971172323
1.6379174891451882,0.7585684863621507,-1.4501347808739877
-2.3075364145207304,0.46347696798763804,-1.2145328700361782
-0.32865804938906595,0.5483736117839316,-1.232200129053757
-0.6653277356897155,0.573202370070277,-1.3286852270199871
2.996134360718577,0.3524968583395707,0.45291916982718833
-0.2346807181980532,-0.5658776694551234,0.052186858087248184
2.377145555886902,-0.4931636051058024,-0.07418827864044736
-0.14173209798809103,-0.5776682515916886,0.23276488813617496
-1.91042355056125,1.320787151973302,2.0927178374782844
-1.5531535724051713,-0.7131821904666145,0.08819405003004475
1.3338285172561721,1.2931361630431286,1.6939165105287703
-2.3645106626981414,-0.608474297822061,0.23541690160808054
-0.7426956593139258,0.5443635691402948,-0.692884361481781
0.47615789147160537,1.004408089100976,-0.32326464843824665
-1.160373463012868,0.6969274268059752,-0.5186900145790568
0.038276548602786,2.9136687337726066,1.416978507519019
-2.166953435429988,0.6601601610912272,-0.5123265014719873
-1.0778296918803127,2.2320232453002085,0.9580045789859011
-0.110018178634709,0.1643666587035357,-1.066459478541629
1.9141904329722912,2.1550210299342893,0.193176827695799
-0.9821582193437378,-0.2567446278243959,-0.5517544907870505
-0.6131627854289183,-0.2628768963609465,-0.5712409077213361
2.6394083598762297,0.3410480048382787,-0.8245473443833506
0.44054479664900026,0.21081908977340655,-0.3046385474526948
-0.6182688991048486,-0.26216034626652385,-0.5714035123343251
-1.0388988826107617,-0.2109838961573652,-0.4963439498094064
0.5111889318574089,0.3369265067429757,-0.04067532321094947
1.5688160813847767,0.13052040229763381,-0.5900072783613779
-1.747404278019656,-0.3740169426887707,-0.27662973214138636
-0.6807236079353762,-0.38675758668415816,-0.33637251912328964
-1.5708183003422833,-0.3463870356123996,-0.301794601518272
0.48200147305663377,1.0304385674501877,0.8000529952577315
1.9719534528803708,0.005679568350070834,-0.3872295487398658
-0.3048493231271897,-0.3066188771234537,-0.43081748962448135
0.26875983012238336,-0.1725938203371446,-0.30914551609891294
2.7139734122310792,0.07667015854334197,-0.5458946381517573
-0.5783888430586475,-1.2909210491514451,0.6329341169088541
0.747023124308924,-1.4553871519501909,0.5893206332903878
-1.9797302156223076,-1.354275715517836,0.7826615247482493
0.6931088996243636,-1.4100230594811263,0.6448211824388265
3.6478484941663774,-1.0024757899731316,0.3870311124822017
-2.727818464236438,-1.246900095140848,0.8501151034839882
3.7191205549550044,-0.6874184990944632,0.6748774938899309
1.3953532523246142,-0.08729790797039566,1.888391500351701
1.9268982242337247,0.6554244370439795,-1.2121628025834008
-3.0475537924145293,0.3313338703750497,-0.9030459201683364
0.9223028397986348,0.3717254088874852,-1.1251728208669454
-1.203976238972818,1.8491045480803636,0.5476304128346667
0.5354472688898183,0.3738127057230269,-1.1024066284167264
-0.41220033310150167,0.21512409344936528,-1.0078920414042343
-1.7174316034747024,0.2534430733175232,-1.0216870175340842
0.789428838861759,2.6946189873712516,0.8842539680983323
4.121349050303189,-1.5469734785242037,0.9470841245016257
-2.751136290916816,-0.3631743216895528,2.7961806162090714
1.3488799474051856,-1.8222144805376383,1.065647348033617
-1.770467317665821,-1.6560198933274597,1.5072347291992452
-1.6772361757248127,-1.759265004580963,1.221550395327377
0.4923320441023527,-1.8522744728992138,1.1354815208085551
1.7056358534457015,-1.4326881256473971,1.5997295992956968
3.277205883861274,-0.636610376100265,2.1512128666095216
-3.177363521464175,0.1731142127729624,-0.7438176483584854
-1.2449371037497576,0.19397474525998173,-0.8009389602991884
-2.473707602398283,2.0999001133464743,1.0978907858640368
-0.7567190582870577,0.261320500476885,-0.7901995356569539
1.4673357765646946,0.37086645791690903,-0.9425243682045662
2.1269954862753906,0.6229389555309006,-1.021836248908777
0.11858974568820319,0.13432582096030482,-0.9319861491872101
1.4123812025036786,0.2603983477249492,-1.0336938404901506
2.499133509423394,0.4209487044860952,-1.0167483437794242
0.6569035096254436,0.2981718533759093,-0.7020347682273821
-3.4883185394177594,0.8753118319603563,0.19868222114185904
-1.6685878295779693,-0.010569697045406595,-0.7452489339112209
-1.692052292334182,-0.013828203655945339,-0.742147628613435
-0.25747494150383476,0.11869285307158796,-0.8547661136910876
1.5559722552171125,0.07914383991821541,-0.949802582531946
-1.942386112346807,0.005132993157521002,-0.7362008215157765
1.0799022094946875,-0.2416746415155523,-0.5668118704738915
-2.185819252068629,-0.3618538654620642,-0.3466994531751135
-1.796628132352198,2.221847263064469,2.1619212148730758
-0.48265607839531444,-0.10142846187345442,-0.31419808432838603
0.03265209571418154,-0.32061640459181046,-0.35526142991386916
2.190261507894269,0.19438068754244847,-0.2853844085331324
2.7136634563564255,0.09279674987589953,-0.5982283571760094
1.581976886480564,-0.2190666658811237,-0.5349130910639935
-2.910790957984259,-0.655684994290408,0.12007021376376366
2.217502084892189,-0.40118120412875946,-0.08979133363770586
2.586317367219156,-0.39246617546994056,-0.1929918283898396
2.0267271219868728,-0.42510056279425146,-0.14108958843039543
0.6919273000614863,-0.721353670384872,-0.07224803885129008
-1.2401510514606884,-0.3302243445209529,0.45321018685694514
0.33702785782378464,-0.771376022163506,-0.09990885334901585
-0.5709599786146303,-0.5591104525697473,-0.03049198440003984
-2.058642404971947,-0.6658265084282621,-0.021031464086639
-2.1377959034771434,-0.6809240230446133,-0.008157981571431256
-1.0992624512290132,-0.47300869941581253,0.12158735878161854
2.733437878385781,2.025038908937939,2.199908489778642
2.9958710331573433,-0.34834886516764935,-0.25973341788897686
1.4591779800918738,-0.19660717292964014,-0.193535357381553
-2.2229182307799666,-0.3240559821441693,0.2674597841062127
-1.223221958274066,-0.5241454419404845,-0.09987726886609137
1.2516358587296237,-0.7001346071141109,0.10207336936193986
0.06891161860284638,-0.9095854395511351,0.26665264166227004
0.31041880220137774,-0.8055491248617626,0.24438885708204486
-1.5390102833826658,-0.9779599379288142,0.2514260671808781
0.016332464289336882,1.6642553143180174,2.8078363380647793
3.0178573985640402,-0.5652285933161129,-0.03314525266727527
-0.5476863428946248,0.42216844589829916,1.5893242121478075
2.1897101218158834,-0.8871413334665073,0.016296206400851363
1.7661775044920118,-0.6455648601945521,-0.20155932194654583
-2.9568076770213554,-0.7174267810424918,0.0859980833062408
1.9543229310145822,-0.6820043152528937,-0.194092391354438
-1.1203095980766198,-0.7798645161796848,0.0032412708932861678
-0.7225669608989229,-0.7293031100505619,0.02841789742490953
3.758270247018224,0.5286315338298541,0.2685766090991968
-3.8982121965501753,-0.6091280085788804,0.1626896216128178
3.1709913781384484,-0.1651039172407959,-0.3222436487135283
2.4510327038451885,-0.1260438626154667,-0.26181860307098664
3.1621214891676996,1.9036167732290996,1.3917965222966848
-1.9220850228086694,-0.4954691308415989,-0.11533641309218663
-1.7125294803184612,-0.5283617891182938,-0.11103620864152439
0.13434060647971677,-0.416622899653582,-0.05837143135724616
-1.9030504590580979,1.6331439350681471,1.9689744885385376
-0.7600463266572014,-0.5381795242672411,-0.16671855887778378
1.8815188291092135,2.351421203485645,2.390484914394452
-0.02247902255212695,-0.2675359092177617,-0.29861233057935854
-3.2569585817694295,0.03501797746387736,0.049185752396490895
2.107218401997062,1.367921078546369,0.8617485894124088
2.716191237960128,2.025809004752409,1.3181067000157207
-0.8020669887176253,-0.3807165944197396,-0.3426865329593986
-1.7937525460879507,0.09452299876623786,-0.026408828419580543
-2.2496088829007106,0.6431794789225045,0.6601825814438438
0.6925765786051605,-0.24679776247414603,-0.4591650039840998
-0.19978971345477187,-0.08492524299182798,-0.5636579311741776
0.35889741273407216,-0.19529630610111168,-0.5119961645859804
2.3320632002693014,3.4625949679635943,2.391733015325067
-0.9845278114529383,-0.036409963156599806,-0.5391947897957126
1.6783124988987403,-0.010069174074170097,-0.7486826229607281
0.46337580505499426,1.2890961999063364,0.9139522862950858
-0.693232834736068,2.2520917481143736,1.929037042082602
-2.2081493765299642,-0.06746190069861074,-0.3424334027273971
-1.3336211929007773,-0.7376675503182575,0.9230175521427696
1.7030051206558015,-0.9297487593358764,0.31804739801601506
2.8138183754387898,-0.4200201965822183,0.7433682775121846
0.5115139205294952,-1.1954214714411817,0.436675632823276
-1.529179547598644,-0.9695140725626695,0.7514209671962083
0.34653615306619956,-1.2181290627132206,0.4583616335580258
2.950576353003436,-0.8873988122972386,0.1884386322004733
-0.6083625829484772,-1.249046215521512,0.4586738738034872
1.245304202106296,2.217100773408476,2.177118098352383
1.687038819387896,-0.09326254376758283,-0.07084241168534404
3.376502676027181,0.4898722372513084,-0.186821112992517
-3.0045467867244904,-0.48652884559677,-0.15201898458640084
-1.976988950066744,-0.3211196122767692,-0.17952314797075117
-0.1389677890175703,-0.06707627324698738,0.21103350783371466
0.04056129513965697,-0.1958375743397678,0.03932547050453072
-0.03914629306650171,0.6577327099247086,0.8921036031803634
-2.263563594368721,1.8483525633286353,2.485169818008862
0.9595950048597367,-0.626433483196577,-0.18390216104433083
2.634699087374017,-0.4523258314300433,-0.33311918259382484
-1.0883546740494843,-0.6739691993845809,-0.0019131667409799363
0.6993711510594256,-0.6933206997816164,-0.1030926917484752
2.766704422901513,-0.17703824577734142,-0.10440473017868097
1.0030009205641814,-0.4402110630147646,-0.16058100176820814
-3.341582788373972,-0.6150788053663894,0.10843128291338455
-0.7745456664190056,-0.9781371491529876,0.8044199753259669
-1.1849655583082215,-1.284699422382651,0.5331619771786497
-1.0035808602619847,-1.2035664238366945,0.5557460429040754
3.622981488976108,-0.6908462764814929,0.3961061849669361
-1.0429502645833637,-1.2045929614579742,0.5583408540201887
-2.41055729366432,-1.2330705169274796,0.5825202711661833
3.4301138121250943,-0.8572074197628174,0.23697454766947434
1.1089093152759788,-0.8942052688021684,0.6137929433355052
-2.4357137104768363,-1.1104248172329882,0.6685614950640962
-3.745179928108498,-1.1060340938071742,0.5954899380593341
-1.9106417213163152,-1.041699525291823,0.6766260035382853
2.294066298661271,-0.19713165135183813,1.2365368990849448
1.833885491697021,-1.3688332104847254,0.38362295579727285
3.676225743689442,-0.7103917848081097,0.2950932705417016
-0.9130104993234648,-1.159654662128428,0.5233406253107105
-0.31129758211817526,-1.2956240453952848,0.4800897099558602
0.9456645349318158,-1.6850685216309467,1.4372377842325845
3.887987264199596,-1.6142436429536693,1.0047037128688996
3.841874500215827,-1.6208751895865623,1.0109323141959603
2.4021443036317094,-1.8842589671596164,1.1451953985755166
-2.0834873734477153,-1.1064364616899371,2.187930548780173
-0.5834393458918009,-1.952031998117704,1.3203493648926763
1.0535282321724182,-1.9517370112523367,1.2946775814672258
-1.7284891153645257,-1.9381206529413564,1.383369280999635
-1.4688827732453538,-1.5412364085811296,0.85470220445278
0.21060548808312013,-1.5667720704070833,0.8376327191941495
4.414318099570086,-1.0761378021355246,0.45900449125712056
3.9300191333161743,-1.155579886583305,0.5301739443635467
0.8637243117115306,-1.1593597574896515,0.8306624266221588
-1.5963398838916216,-1.4165068025811813,1.026144211562946
-1.8455550553642865,-1.5340268341609562,0.8739441515200723
-0.9588522559150935,-1.3670423519287596,1.0354154962084394
-2.213775807727928,-1.310433143473931,0.7616646124990298
-0.8392947375611033,-1.374894951611036,0.6328905282065428
-2.7913647899737675,-1.3289953779234447,0.7312096068406928
4.645063832311539,-0.5411470952157482,0.42282911774639087
-0.33910801855680717,-1.2383707741750214,0.5784548177507367
2.985837975249055,-1.2022621671830513,0.3958917893781593
0.14768358530701997,-1.3550309015618247,0.6374483981198321
-1.46134446757205,0.6538575440865856,2.658295223088261
-1.907593203380419,-1.4591054860105663,0.8925015296752897
3.405166896322184,-1.0843836550111836,0.6865283833099733
-0.9108622647894123,-1.4784082506023692,0.8401525203445066
0.1876642067873329,-1.5399674024144103,0.7280549465075146
1.3356192651863288,-1.1318609389840215,0.7662227902564641
3.370367947447489,-1.1402280773560536,0.6416726215037432
-1.8721410541733718,-1.4542535745634961,0.8878577067165633
-0.06925736531230203,-1.3375950594703243,0.761503659976115
4.190325778317851,-1.073957392516207,1.141461758257416
-2.2461106637275856,-1.8072693227477146,1.1800182645137511
-1.5117379237896245,-0.49560412224155387,2.4284602466376555
-0.02816551628760424,-1.549252001200555,1.3618240087000868
-0.5040971472509826,-1.590094070053527,1.1565393736456726
-1.9365177043429387,-1.363336212268366,1.613944977355138
3.784493966044759,-0.9180608630433945,1.2380978004497836
3.4657984696966335,-1.7339606477226508,0.8283176366186347
0.9610768574414138,-0.5542234032986835,-0.15891196711984973
0.26496644934277425,-0.6728705384519892,-0.10064528749807972
2.851546277112563,-0.26913524623678614,-0.3331495290440366
-1.7087490605419824,-0.3825318218082078,0.2522834857840634
-1.5994353767349652,-0.61961965395615,-0.011080006108057287
-0.32903036917308776,-0.3670436519136458,0.05234711588719613
2.7628814067454446,-0.301135791849711,-0.2815135472311986
-2.284048536341457,0.05996792668867626,0.6656605969720193
1.9752952067630216,3.5850604711712233,1.092537641307175
-0.387343696892134,1.8071037475805274,-0.2672964592569614
-0.40281663995612554,0.5578706498010209,-1.3354289959490981
-1.694909032800999,0.4955631700099964,-1.1918438779456197
-0.7643764123370697,0.4313736296758809,-1.29389709765553
-1.0515235242714533,0.6460016527475575,-1.0833440028380477
1.0684115252292652,3.182665550402073,0.977694313862313
-1.9820214118029802,0.5196855680009419,-1.1870682871056308
0.2890855000815742,2.3431680034097506,0.9706971213988114
-2.9440064909623764,0.8556333398059619,-0.22698586901593149
2.6748488119111706,1.033281913160874,-1.0159120951321094
0.734508536673628,0.2721324050694446,-1.095933942816787
-0.3232557927963937,0.37887217846018206,-0.9330179092041114
0.6355683583762279,0.12167444502361435,-1.0580333435988623
-0.8507108552476208,0.4744735801124729,-0.616454499253966
-2.018097377765461,0.16817983751973467,-0.9157338903855601
-1.2423148409106488,0.9802956093993702,0.12030429028897807
0.15503919967294796,0.7697484330715058,-0.16207535990379335
-2.527689252647796,0.4952732216205314,-0.30627812802260085
-2.521953549678784,0.5042952952906139,-0.3118682736734217
1.3296739295660804,0.11627316142507256,-0.9911407315109991
0.943930254609671,0.6438008716614546,-0.4784592277625177
-0.2513519036275844,2.0339957057522104,1.105775437606387
2.6166537708698536,0.4637495689736041,-1.158234476282863
-0.6296671460011392,-0.36901109739291094,-0.3505447603923768
0.014018900814096487,-0.26593676625779455,-0.39701103243892955
-0.7126197212122748,-0.23087294238892725,-0.1892311018386264
-0.5554945656592369,-0.41394242287587,-0.4073244470557511
2.538599165849895,0.17291399753026718,-0.6425864117400079
0.28348352380409164,-0.45369100610738333,-0.43968164405789123
0.25487288969296845,-0.45950299964410374,-0.43481995248419913
1.855910311275651,-0.0067881538621219146,-0.5535528998004836
3.1005515834876367,1.4317991934174819,-0.022057290841024313
-0.44758370025242344,-0.2109966103084541,-0.6241813332772039
-1.481885841691717,-0.19952404495044462,-0.5653317158974365
-1.9973878769953768,-0.2154158011787738,-0.5254953489436507
0.508674874091172,-0.23444679056256806,-0.6720463888130843
0.9013751771224366,1.7954038973919304,1.2881132505903063
0.6622550630678647,-0.006139644327132136,-0.7073733087484972
-0.829437011143598,-0.20633563121054105,-0.6031801099713475
0.1417907855484603,-0.29570980657541557,-0.3837402471312617
3.536547765224267,0.3159768565066643,-0.7282215467990505
-0.1861160547768411,-0.28551659894587805,-0.3687181601174325
2.374445373530518,2.4745985578873015,1.8520294451380641
-3.9348208231070605,0.6825409967077789,0.6554737447495173
-0.5197577104248781,-0.43876751057413305,-0.4206557823769563
-1.2172038215646959,-0.37957246318322035,-0.40688268614891815
0.8650924291946721,-0.09036650832482726,-0.5182428972769928
1.202770259192437,-1.1909290523628429,0.400229977480588
3.477271275590824,1.6276834322217022,2.6849283921839464
3.1599868703461493,-0.41960503197765425,0.834549976658933
0.19992786687195918,-0.7867947074353316,0.9655483859413799
-2.227495269128085,-1.2008747292008939,0.6477533051957155
-3.332300733138675,-1.2205821770404535,0.6490645528572098
-0.43382840182861615,-1.2686851344454848,0.49531832065627046
-1.0185361266942248,-1.3010703991692643,0.548344958925116
-3.027705677949065,-0.551330130439143,0.2223105437539027
1.6793065847056692,3.0336786167436722,3.1735330389100764
-1.98546613742195,-0.7166191036230364,0.015152535554653106
2.649788630589167,1.5484861855698306,1.680408404832768
-0.7270206869360519,-0.5674421461088612,-0.018917700974180714
1.3943200182294935,-0.7721669561464171,-0.09241075870668143
-1.6946024100723662,-0.734716618285776,0.0066478736555458376
1.8076652283313792,0.19267676668273728,0.566702956771553
0.8104285594790053,-0.07925806423701982,0.7075143262384498
-0.5085213368394573,-0.9278177525228612,0.2263635726043267
2.2309252764143035,-0.9011938113761979,0.03676488877453869
-3.171093887914266,-0.8883797378026276,0.2938435366976047
1.5139257544226628,-0.9805274985597557,0.12406401438516093
-2.2347473241711016,-0.8399905214991732,0.3636278187919936
-2.3575171496101808,-0.7287647006493988,0.2849894350175249
2.6513130786086503,-0.23932770219374216,0.44362351143258544
-0.22956287270414333,0.043413310333898565,-0.3997300293226141
2.087722791912586,0.21059392150492023,-0.6612094145538943
-2.186012954770544,2.3539571386770226,2.045792133708719
-1.478734255551369,-0.24666499855608875,-0.5216226834085366
-1.019634150712284,-0.2344046160327014,-0.4814711001635677
0.36877977705351916,-0.24664514256778447,-0.562205371996999
-3.141980161599776,-0.03971550368095043,-0.4531018502582473
2.0178136180548534,0.470216802101879,-0.44142927208773264
2.672659420247433,-0.423129494125064,-0.06017903723866455
0.2762039865604521,-0.6989363294543582,0.03527273258542254
1.435316729726193,-0.6868965072172029,-0.118704753950949
0.018346518452424132,-0.8105051545397043,0.06278864058802364
-2.2484733451598493,1.2157716425252039,2.115540912396767
-1.8761016966284405,-0.8137656276433841,0.10764950583461746
-1.135001716996399,-0.6472554552818448,0.09841164229981395
2.086706747894065,-0.4342233437010412,0.1631778056270379
-1.5720767978016061,-1.6125043827438503,1.034387689483135
-0.547144706383575,-1.6735628782920733,0.9257192961005962
-0.6420258715886527,-1.6864533012191085,0.9380919297669014
-2.3309054711000825,0.12021049559976622,2.7640871312705007
1.965300751390062,-0.9966026591975119,1.012992020179895
4.02007693012019,-1.268835839474383,0.6453262318510122
3.3604437105931733,-1.4452221127302416,0.7312454193404916
1.776926192769736,-1.1431775594310567,1.3392638882697079
-0.7484431865497108,-1.445095934320221,0.8074332134870104
3.5230668737117874,-1.254978594688256,0.45815835112144343
4.156109103339955,-1.0155491102654302,0.387620167204075
-1.8403306078889496,-0.9329121540064245,1.3692742153396322
-1.4000319896714406,1.154262456638164,3.3727729469007155
-0.6136300525813557,-1.3410025850165517,0.973308529929755
-0.05758226954406509,-1.414667810902128,0.9001882492895693
0.41306244869698844,-1.365972668576027,0.7399981998179622
0.6255715402556326,-0.3667930889994851,-0.3229819629982411
2.269935595683582,-0.2508188380090982,-0.4409142148937755
1.0565524476953276,-0.3554186231683325,-0.3558885796253935
-0.7953573382937503,-0.4782998516266561,-0.22339870689319674
-0.9351067135072733,-0.3631349843562818,-0.22849079760617388
-1.7076420558004128,-0.49554315579823416,-0.2332750188723012
-0.8600533978795212,-0.336172349446255,-0.06535220114502874
2.4559157462418453,-0.17033072756011652,-0.41818380660242727
1.5055712191563522,0.1390985877582591,-0.9899408411270924
-0.5126291519137187,-0.020824806908947516,-0.8556294988783999
-0.8742212739277961,0.07468698293760291,-0.8051807595396661
0.47146727243877096,0.1425758518796615,-0.954756169710463
-1.112456047717086,0.05087642792097786,-0.8541418428834193
2.90941191798131,1.8595541839116692,0.038767715158248714
-2.6947783286132068,1.6092928404520008,0.7901861643968069
-2.22469275414162,0.6709932105577526,-0.1958323602617285
-2.059435653210536,-0.3086808605662099,-0.4184706582712335
-2.3786883373330623,0.7183148162560937,0.5872347407367667
1.1204144694531721,-0.3163076859095084,-0.5396491555512682
-0.8307184669212802,-0.2934692281031151,-0.42783036867624835
0.21313836404617562,-0.1205202867413709,-0.46058828882363545
0.6166684446070099,-0.2234735812962684,-0.5837885186290075
3.1050320170871295,0.7210571934579879,-0.3020207715326583
-1.5936241026215545,-0.16405709567797974,-0.47592531534178817
-1.9661942095802294,-0.8824327732469408,0.1822316798022105
-2.170763646682732,0.9280141318348045,1.9132280342474128
-0.737356459517726,-0.8737893764876303,0.1767243418185431
-0.470283264035409,1.8585410917886431,2.7674759033478686
-1.5239127197213784,-0.8791954551972917,0.15353346421631242
2.370286315223868,-0.5947992291197663,0.006229320930917536
1.9260082375270065,-0.7210714919251242,-0.0231871607041045
3.2897378052592487,0.5040185858848096,0.687107109621107
0.6564080274012801,2.0341419619325145,2.281353082835574
-0.9491227046062451,-0.13490862942216048,0.34709496145463525
0.5299535961901454,0.5069275878127605,0.7272488759033453
-0.6772702403719627,-0.6593467206493558,-0.1572189755297307
2.140815654486517,-0.35589113409554707,-0.3230162509104243
3.0174082257311445,0.008264550128190022,-0.29195052250108977
-2.279310168909302,-0.49873799533058705,0.010429173623179496
-0.5973396420908796,-0.6476339162255367,-0.1681434447092015
2.9155329661912828,0.7280787157900225,-0.31236982937235214
0.2781860940796219,-0.14801329407821268,-0.439608868478131
0.3932984787289619,-0.2742862009145262,-0.6095197278812781
-0.6851384321892487,-0.2795497328672607,-0.5386057201885884
-1.5358356731883407,-0.0887297000895383,-0.356136296057942
-3.5099563144160193,0.23597872896137717,0.05162391872362604
1.9944563519756955,0.01899477960652424,-0.722863181307078
-0.2505924060042731,-0.14036539599708356,-0.591283230886753
-0.32110142898404415,-0.07787760041530817,-0.5631659129600651
0.3807661730167018,-0.2692789524888262,-0.5549895143435877
-0.8138906937536239,-0.1743660049145301,-0.45320144439071397
0.644121293207992,-0.14693526497195744,-0.6641144235067934
1.6031715414498193,-0.08711977584470255,-0.6816128572624847
-2.148111355477674,1.373673158979024,1.105248863353567
0.3713270786514288,-0.18726936462607202,-0.6266191811709965
1.9076521857239672,0.031008968816116964,-0.7153411124739183
0.8318813672422474,-0.5127922737562329,0.12837690781679614
2.2198032716246434,0.9133625712253445,1.4265007088841635
-1.020944347906258,-0.8489753278841162,0.06852886836143879
-2.3000375103903465,-0.8160437382510781,0.1315775372021477
-0.5362404797229542,2.511040284203151,3.307602805319367
0.761159762103411,-0.5978149482681027,-0.08029559789064909
2.8832354335878243,-0.48215918096976196,-0.19827799951989583
-0.842994217989987,-0.8839840586755171,0.07567112888856337
4.130532453992375,-2.059317553241349,1.2605620015875934
-1.7970263032297396,-0.5804269035701043,3.2767708111431744
0.35610846541259783,0.24180933563294854,4.083469826244763
4.402726500516262,-1.9464849475437147,1.231578376583255
-1.3769670875330813,-1.1964276052023073,2.734904367938545
-1.278922828911522,-1.8391407476770059,2.0750189123986584
-0.3436504819190898,-2.1385424914246753,1.6104380352723446
-0.22812580351069842,-2.2092339925608577,1.6700518740794943
2.520331356153491,-0.19983718346707346,-0.3723846464079001
-1.5296661759976233,-0.5805033233789196,-0.16506569981605634
2.471946580795932,0.06331645643867541,-0.1557675907464686
-0.14485277212285164,1.1041708432696196,1.275105708876317
-1.0399436972313738,-0.41983769516750896,0.024622213414262583
-1.0399037584967603,-0.5052667001550816,-0.08403861934572858
0.34547656417775696,-0.5810849951136526,-0.20669281645223656
0.7508264280944486,-0.5792163124995263,-0.23271858966759496
-3.6126967270048125,0.2891301328337416,-0.8181784236134366
1.7908937770984374,0.5196132578831374,-1.1072788171207735
0.5804436511831808,0.9614085502809872,-0.46973846758535803
-0.03568626907719776,0.31607134837009043,-1.0081085704776036
0.3338051841929897,0.18155930199764916,-1.0076947660616462
-1.0072626522396786,0.14935745400256312,-0.9826702061273193
-1.8448887718736577,0.18891631288198374,-0.9502699555339694
1.5827011371697814,0.3665523241518819,-1.13732304717933
0.3699952381073621,-0.3234372056436561,-0.5668448775543565
2.382746007697213,0.03469973692759619,-0.7107591921252255
1.4110976881293802,-0.07596807102138964,-0.6671710562185498
-0.41879191832127427,-0.3894211468862065,-0.4837561016381088
1.0110043058307092,-0.16253504633284938,-0.5677245452961966
-3.0394626664754427,-0.24074926697352064,-0.3193006896204204
1.431961619512558,-0.2401723929569226,-0.6316769274205952
-1.289767426614348,-0.18063020106156516,-0.48917184679293296
0.918795229325649,-0.37982614979419427,-0.2309498077367839
-1.9781858437750584,0.2653783287704956,0.7361451179293768
-0.5118669342079694,-0.5656569648475126,-0.13828297210152105
1.7635661188167504,-0.5437027765576995,-0.3211736482580026
-2.0141925192237244,-0.5538093029832585,-0.05155489378439902
0.2332874008459283,-0.6824478390297761,-0.20005718197062264
2.2884368482402526,0.06711901483095127,0.05931458032160675
2.1020974663976784,0.06581002303281529,-0.10884335403578799
-0.05846291840431587,0.9340257300798311,-0.11583914327047916
1.810521536151774,0.8152253530747611,-0.7904550488658002
-0.5689486470420394,0.23959735854308709,-0.9679134407441697
0.15390794975174876,0.09942708767779655,-0.9114725263951768
-1.2655646499093836,0.21455216723041096,-0.7307622820447827
-1.6468228682507497,0.11249600955718321,-0.8809456216362881
-0.6450037032235073,0.2928069311251256,-0.7331267855111109
2.083151256190642,0.6043539643109082,-1.0774817259903908
1.9054400278466979,0.2879629333583517,-1.0436240640818675
-0.09564978157630145,1.857426698959538,1.060371803398796
-0.3206592727492182,0.12436426803468724,-0.7888621741796726
-1.2561739898364694,0.027976505920871537,-0.6521378945747018
-0.5917158732799283,0.5778326666267986,-0.21896661435130768
-1.6765798633056002,-0.02751212009937628,-0.7482747089160033
1.9369649584820732,0.9700390785248032,-0.4417690550473524
0.04330059403968662,-0.05044539184445133,-0.8439177091640877
1.7651379123723225,0.16183556409417738,-0.7486103518893972
-1.2713218318775843,-0.15839072147521957,-0.6369144866567741
-1.77469874740093,-0.136466422289055,-0.6154858169191211
3.268607106438851,1.6100869102360502,0.094557066316605
0.9738515446167513,0.2517838105869052,-0.30760476583872703
-1.2310040568232414,-0.15749727042062864,-0.6394790968283353
-2.1646180024201023,-0.03542315930533518,-0.4918521492468843
-0.8360669721285604,-0.10326649769077878,-0.6163160798769399
-0.21758270987050873,-1.7132660998804243,1.1724973820482874
-1.6654670242979623,-1.6879415697729026,1.4313289971898202
-2.160099110413969,-0.4851417364654393,2.66031923301191
-1.373873717937464,0.1673628638266666,3.260874649776809
1.5304091044433927,-1.8439685749018075,1.158251158391935
3.105309483212937,-1.8051794498974976,1.0097533757943546
-0.2422018615314672,-1.6443450113689977,1.3954521522186327
4.234063517654638,-1.0807026961562687,1.2645722694291064
-1.238077122524668,0.17464458491608573,-0.8466521177773867
2.544472561572988,1.0722761803788285,-0.4421372636516388
0.1772130132855482,2.376593157111546,1.4434544079830156
2.241123947694651,0.6341582107535927,-0.8331464401689744
-1.263069959881222,0.0645006133585097,-0.7611736490659705
-2.1636012764008203,0.01940266624382302,-0.7552815407850115
0.42879297436047703,0.15415531113474878,-0.8660476960569762
-2.1347538041314946,0.0186301070836784,-0.7562871571699351
-1.298810461270799,-1.2522477556000648,0.530431428904911
-2.035264614959232,-1.2401988683798393,0.5694531995626064
3.436594713328354,3.908515692390474,4.833850348431376
3.4593255287922235,-0.7546223983480328,0.26522883693397764
-1.6218047515132894,1.4041000634612915,3.120670027632879
-2.0825063836700646,-0.683487014013129,1.1184458269317605
1.0902168957982679,-1.0443970456596645,0.4708553327865615
0.6819039449893554,-1.2759617757691752,0.4176303998598635
-0.18177225284604573,0.7625122262654419,-1.2769034137025401
-3.1411222637296388,0.7175662600276042,-1.2198392325298388
2.2209846764051226,1.1677209381581615,-1.7259769361971178
-1.1763102324829646,0.7240550860960056,-1.270156422337853
-2.4269526733274205,1.8317388786544033,-0.17204643184008497
0.8510463063723672,0.8748196077122252,-1.5356758841515468
0.22775879800546253,0.7426774459814477,-1.4731658867263322
-0.8059301450205477,1.427064693979008,-0.5943890745651114
-1.563178009846009,-1.0387441639803123,0.3161010524278269
-0.2579045421669972,-0.15887782906328216,0.8873263212941265
0.05720634420249578,-1.0295707067591602,0.2860526418018776
-0.5748093999185814,-0.8645597777665285,0.28542463834290077
2.014314282802753,-0.3748551446054826,0.7050367492020653
2.8840453871838925,-0.6205467319016507,0.14163934182694202
1.6677680996703423,-0.8083042906373612,0.08846665129262274
-2.3711686785676136,0.09661086869230488,1.4461417615366698
-0.8181676609506793,1.3871047838728592,2.8620952916370137
2.054804732729461,-0.7288790450038727,0.12420661531407405
3.7130396151644844,-0.437756405868103,0.32372282252829127
-2.442652930842058,-1.0581824816039298,0.511186047985028
-1.7496885204832133,-1.0772310086521306,0.4784764089644109
1.8241580963961097,-1.2045709378580398,0.31942669143670976
1.9871399947148478,1.4393120921596838,2.6302046114791855
0.34949938225837235,-1.0796788979719198,0.3188371893324172
0.6934102430901933,-0.621770718845203,-0.08440328023471382
-0.9513260234794492,-0.5224494778530926,0.041986147158041276
-0.5588416671382542,-0.6714778938445847,-0.13301048716275912
2.4239077015885884,-0.36492456095404435,-0.30895817280976484
2.458761575705272,-0.34175091361309495,-0.3526864376107776
-1.6114978966204894,-0.6672566415371268,-0.06897255765012915
-0.10222873793586351,-0.7130449860108248,-0.14053422768662244
-0.6457252450927182,-0.5030039574818076,-0.0926714757860886
0.6933806915558499,0.06789160618627121,-0.770404244527386
1.330336372151199,0.4112894248944435,-0.3822435095418017
0.8061544455166336,2.608491419981173,1.7775205528355327
0.4471785555830941,2.6099419695454436,1.7992503095068992
-1.3713630085672148,-0.14808758782561876,-0.6518786077671092
1.4686934144667894,0.07815116904590794,-0.7494956848306321
-1.1384544027568182,0.4479260630676599,-0.14014696521030945
-2.362362513543242,-0.07868827947426839,-0.5498266944744277
-0.9487567919683138,-1.0750478447599907,0.3237337114798841
0.3375392851052401,-1.0580893861990186,0.31043480603460016
3.8798418391315685,-0.587217119741432,-0.04705343284639266
-2.0629720179271716,-1.0851175167231029,0.3992811553533105
0.7679332468198989,-0.7900122121216565,0.23774064692664829
-1.553981249270892,-1.0141355182528478,0.4068335560284095
-2.900405233559969,-1.039034411635162,0.42783901593255647
3.4952731580696623,0.024962679384705092,0.7813897239084513
3.017199428836472,-0.5423417816442382,1.1417946906745176
0.39713046320925,-1.2152790404466849,0.8792494131206479
-1.0540642390854604,-1.353482230312122,0.8132718010956377
2.647044843086946,0.5950615017300975,2.426835335602643
-0.9537542150939927,-1.3857031782299125,0.7477031308454483
1.4087560830360262,-1.4896199572652282,0.6538598044600159
-2.923618201618992,-1.3488994953235445,0.7728439758421234
2.166459440406369,-1.21683013413509,0.48241619178762996
3.2598521887350986,0.13847756879464337,-0.238376397715399
1.9830627577761217,-0.2580540650594851,-0.1224027909946051
0.08968609157405036,-0.5279122267992228,-0.03196615145263507
0.4314797168300179,-0.6894810718588218,-0.19703143712994792
-0.5832974978741727,1.6705174223165893,2.134604908820004
-0.7208425657267193,1.7933870310662918,2.3076499306262734
-1.5963766926264928,-0.6493245546310431,-0.09150444866882869
1.1344638859058942,-0.5208976977944771,-0.20555883528034063
-0.8083112579974393,0.2516818519937531,-0.8643901516259388
0.01682208469164598,0.38441971633532146,-0.5763329612032884
-0.8749744160235011,0.2592239133051356,-0.6826733296597686
2.4884764477078813,1.7403615803648693,0.07162171052525995
0.38387328991279207,2.6447059926188805,1.4640904934791437
-2.228345398533852,0.22547292948900632,-0.6561162979024501
-1.2090595993009996,1.6889565135603632,0.7225713481111528
1.2092980711773063,0.17672138908531748,-0.9533739030765221
-0.5562365575567192,0.8943593568966787,-0.6205480151136601
-1.9143494611606278,0.3733820635785842,-0.9189760000101442
0.13754157609161854,1.89476983679372,0.41126298685489304
0.35297737987119315,0.8200588720604092,-0.7155830639348423
1.5441943783390422,0.4960766193325108,-1.2580948124676994
1.5514042644119734,0.5459656892057365,-1.2083448270648058
-2.950752508118773,2.1634034086989113,0.874944489816096
-1.658025642961172,0.35358027957126076,-0.924732055119345
0.9506394196606577,3.3075034114827915,0.9510573883619925
-0.23100091611156448,0.6579355172817429,-1.2632316160579249
0.22408981667822367,1.204719205980345,-0.9210160575321812
1.7901269069376682,1.1285481541797977,-1.4931535303548298
-0.10686203142728048,0.6140999231583945,-1.2481816464478135
-0.637044167011944,0.5495305125414258,-1.408431437477407
-2.0093157465321183,0.6104066005048591,-1.2776627252432475
-2.458587585753307,0.6015989339513822,-1.2453385848538567
0.5943950328044256,0.2937972783617023,-1.0364587606143738
-0.10775245847466788,2.8986943850173392,1.4531839189561842
-2.372912338181539,0.18238563347860304,-0.9160159702638717
-0.6877604930763903,0.8063829394858465,-0.35745428908412846
-0.05377663176673002,0.28987845587472716,-0.8891702949405358
-1.074952655268788,0.15335778795335867,-0.9823123662566706
0.9688468657265394,1.5022249172822761,-0.12136034539101577
2.0966188591099377,0.6765812789981361,-1.235183373433538
-2.580453788267095,1.4606154654033785,0.11678381122337274
1.2874511822705355,0.5105628815433936,-1.2567928173659608
-2.0021350898915014,0.31990219446151047,-1.0734908972182524
0.8499234146087452,0.9793314728953427,-0.608041362139324
-2.0002540826602786,0.669392835429898,-0.7229397614436036
0.9457177903814472,0.5278315392945093,-1.2735793616385127
0.6226561310651966,0.5373448139789783,-1.258402979434086
-0.891218759926958,0.3188884486057463,-1.0673593203612817
1.7410994428028221,3.073429453838804,1.4861038469963659
0.5905572679481149,0.15702578008340948,-0.9984680213217505
0.3015708867960398,0.15162702346860735,-0.8729026441663865
-1.225395586382748,0.2805838466540849,-0.8732336246613989
0.057244459787398234,0.07121915818273716,-0.9677295696371782
-2.4528772175649176,0.6063795219765367,-0.32995245983241017
1.2848809720612653,0.7158869994633545,-0.6798711761007503
-1.6113772696523916,1.057350935388484,0.0685088362075674
1.0286342370395358,0.5713895134800658,-0.6049400481622875
-0.569026092196828,0.23522119054584367,-0.6821266322730011
-2.3465141776556036,0.10043347219821372,-0.7291822435492261
0.1831959351709344,0.19157216045914813,-0.8111563159223275
0.9943751371661251,0.2874735808443376,-1.0163057458906852
-1.9357201398167698,0.10808948089010804,-0.758883179653052
2.3402010012708065,3.104151977308257,1.358125776960156
-0.7645435397765015,2.0804766436184803,1.1823867103876624
-1.6636451374195669,-0.8011816502260722,0.19846860281725784
1.0433896412816945,-0.7515618247093931,-0.026930252603199638
-1.9954284766324686,-0.4341385236902235,0.5600099442884419
2.2934766476048933,-0.2416303304795904,0.28345177087776086
2.657140144706202,-0.6774539476571931,-0.01536659888415578
-3.9602140957886367,-0.7871100039164806,0.25791247371911363
-0.44938774158351336,-0.6192952254094152,0.04406599648757739
2.453801150388399,-0.8096825649227837,-0.08624592044764401
-2.9537351564667453,-1.218341210256827,0.7250036410208306
0.5506011939592207,1.058435722605077,2.7116561644637183
-1.6914204333926794,-1.3063704142768782,0.6157488084615721
4.3082278651493455,-0.7048170290449485,0.26449209013924085
2.7798290136080923,-1.0578160909492496,0.5548174658756175
1.8090103350528255,1.4897900323028912,3.0917080185722616
0.6045062314471316,-1.3006979760635495,0.5447388844950672
-2.4402975527635142,-1.149702626781488,0.808708926285973
-0.23302453709428417,0.05993764301414939,-0.49883347953743395
-1.0311013556233037,-0.17568298052286646,-0.5255363019087842
-2.851849175565486,-0.07110597814343585,-0.38890900215152563
-1.6056818597202036,2.575398211180594,2.1850441255305104
1.213616257380839,-0.19734683836743386,-0.6573187010016929
-1.1590248758013326,0.18094332301293453,-0.3509640760138827
1.4759357563511972,0.06832095415412782,-0.7156736973785928
1.6064816512768445,0.138187367368515,-0.5055449248372273
-3.7702172121345785,0.10056391173823541,-0.5763428183955064
0.7539945445166276,0.47831339676572804,-0.5809361465554873
-0.1435280743646176,-0.05384545356296565,-0.7221641622940849
-1.013198753329006,-0.022892357719069677,-0.6830873072311091
-2.4505673633736316,0.434671732011456,-0.14668292828328877
1.7585161266918414,0.12096217342737747,-0.887694297947449
1.7271066876981773,3.0579650411805486,1.9950334520916213
-0.4489747443236887,0.1734807656932601,-0.6214976833128726
-2.0566543591231334,-0.5506915386833816,-0.1632627570004445
0.948277998931699,-0.6272562453997045,-0.3145164460908886
1.2192311345976814,-0.4155603596747395,-0.39267283249820445
3.533018194368146,0.05463736317459036,-0.5665765549639369
-1.7887957235656469,-0.5721120243083379,-0.16865148489536036
-1.0118139212804964,-0.24513525180057535,0.0676484683276199
2.41061040708739,-0.1976602352202582,-0.4126510011727614
-0.05760709945928361,-0.11231930918581248,0.1663549659846513
0.015561748364491099,-0.8751710500967537,0.12771904657294117
-2.0780646503836007,-0.8535464550813822,0.17245870827822912
-2.192936199312647,-0.6698551822576237,0.3880490900404881
1.0677305369857857,-0.9236734283034713,0.010296675424064651
4.345427160106725,-0.1720346512349231,-0.27556392959135434
-1.1675986371474414,1.527067536969256,2.2691269194753994
0.20135712071938539,-0.8931830432505076,0.04947853209079568
2.0507128690961496,-0.8719082012777052,-0.03203516315782224
-3.1810678622013104,-0.4545719231656736,0.45016020139511176
-0.7118686092613636,-0.8279647852847648,0.11211246369522623
2.4627993856626156,-0.5173531240410514,-0.15535060661108646
0.5776771187484653,-0.5355847924824613,0.25896209963784134
-1.4557902421900577,-0.8131485906498099,0.07488515709831899
1.2091072159897367,-0.6918461093403915,-0.03164786099839916
1.824118775730482,-0.7410292439481115,-0.12213310057504188
1.4382925231922556,-0.5828049852397336,-0.056228303282172806
0.2099461272284846,0.6408199166041355,-0.7142263999236552
-6.055211492971532,3.9030830312322053,2.751188220727793
2.116945112692662,0.4157395367098532,-1.0976949217575775
-1.91779339488171,0.04780067436951052,-0.819202732461407
-2.034646934640992,2.2251737817494677,1.2477597781834258
-1.2400176379253973,0.3050417792422359,-0.6163397246635748
-0.8906911663959999,0.05044111926191288,-0.8859786977816085
1.2842647955137034,0.3456914984858851,-0.7988716212902256
3.671190316261643,-1.2323458521079964,0.48704794522264067
4.145298872170759,-1.103848541354619,0.4669986301672845
-1.9779344671059773,-0.21973885978851498,2.0766414256750805
1.8384097857774402,-1.5669066766792787,0.7113604943392303
0.31190374556070644,-1.3443203671376374,0.7398464731647306
-1.6863935534384396,0.7259090127294695,3.010969929048718
0.4865298691870637,0.0004552522012234603,2.0059977607061454
-2.269521020497316,-1.3246341827445367,0.9975988440077086
1.2426984171506696,0.17175594327617733,-1.1276838521100776
-0.4190992477936485,1.2902818865270933,-0.03465244154930703
-1.2247588493650485,0.13951013832541853,-0.9529636859804849
-1.162494737132124,0.15370211243666498,-0.9644507458716116
-0.41814015570040164,0.3295825358474035,-0.9793577659295022
1.6369875096025173,0.42352644546990603,-1.1139708998369393
0.42137843558090526,2.7526526672529488,1.3537351774347275
-1.7972400995607147,0.3107318776181235,-0.7774774254379679
-0.25537654805102067,0.1015957491439709,0.38991219132451266
1.3921390961244062,-0.6684004371323801,-0.1967628712199145
0.7293416082855797,2.262888167973854,2.4723300308316833
-2.287839876662238,-0.5934459020367647,-0.08099200069649663
2.0683795660385007,-0.40055707276346136,-0.36117934364654536
-1.6042599939223348,-0.621004456644566,-0.10822769118953039
-1.5895578067850722,0.0484703338129301,0.530232719378202
2.280917565174962,-0.38624307679646797,-0.30533951010427235
3.1571699911325037,0.01606083856840886,0.48279182067318843
-2.0340675908959622,-0.8338220805007479,0.24695138782764073
2.795727737921438,-0.6012233555865432,-0.009941788184518846
1.5606349048842592,-0.5825740036440844,-0.015730400380289358
-2.9859796092270443,-0.820808835410941,0.30072765938680057
0.1285109916312777,-0.6088057293034274,0.2681697282891579
-2.015031236697635,-0.8332178278571707,0.24563333557501496
-0.5939170594535463,-0.8878454516548089,0.1087229537953828
2.2092804402144886,-0.3774414703178121,-0.3001845083545443
-0.3845356925048699,1.3793508024782424,1.820857564532471
-0.9238816710457836,0.23715951972198776,0.7762589270853867
0.8979886614158271,-0.5486833332329281,-0.25047876876749675
0.4592304397653741,1.1683867151924998,1.467797568617464
2.6564052137133833,1.1343005136938429,0.9845889737560518
-0.9516059668382905,-0.6209886058073834,-0.06839478366179756
-0.15695726744056226,-0.49979123395379044,-0.13314483587945888
-1.424923879869448,0.6961085558777895,-1.3993282931201594
1.3573711216045588,1.0619453889991401,-1.4127650385437405
-0.42014480304370944,1.2632537151660486,-0.7401754460072845
-0.058980432399756935,0.5521598648402578,-1.4570451806292415
-2.173075367732293,0.6160113346326037,-1.2816528808367937
-2.061355914175081,0.6363657855007133,-1.299262097402681
0.642211539111235,0.7242703995913301,-1.4675539179885502
-0.15703757523187126,0.8472363197750071,-1.4350221513954746
-0.5505042934440182,0.24766002286607414,-0.7841920198301525
0.9519780310053614,0.14709130677599686,-0.9776529448503295
0.48106913113085625,0.20718297438240635,-0.9336385756596326
-2.4289007477728024,0.08444939796389804,-0.8094456015950591
0.2348011231664727,0.2321249252687023,-0.9314108254984963
2.6469698984879577,1.9660327595580673,0.0578925342198608
-3.0136904977801238,0.1949046195139682,-0.7564832765639606
-1.2373759416701886,0.0408768242062662,-0.8618130262956989
-2.051488177153631,-0.34306495717231483,-0.38423292121162916
0.14786917467172508,0.03595050185730869,-0.10930229190606279
-0.9960471256758195,-0.30660313758407254,-0.3928889822664696
-1.5907715896539039,-0.24061297720792646,-0.3133032976187309
1.2082812959722637,0.037495379318127985,-0.28047283276733687
0.05182708523582012,-0.3298072709642319,-0.4455335963826082
1.607574690233035,-0.10094220336936847,-0.537036707058152
2.299671350005424,0.8330784540884751,-0.014464535393667068
-0.5925497152916326,-0.44654073037486025,-0.27184732007965473
1.3467516584934314,-0.35079192411593063,-0.47224151826182104
2.409979703164748,0.3004758438812343,-0.0721689523542939
-2.026651913528679,-0.4755138745991878,-0.2440126475167454
-1.0302782114332532,2.1163018721350197,2.041927245909146
-0.8629933939224105,-0.5413811894628305,-0.2818733441872375
2.841599703564037,0.05110180509262242,-0.560168120177664
-1.5179389085664123,1.8089390652713615,1.9578220232631192
-1.6796099536186306,0.33130005348400526,-0.8244023982957716
-1.9698433502710382,0.2573343956225335,-0.9206912350176997
-1.0892029708768904,0.15101144720448695,-0.9954692793424299
1.0186753197949756,0.349344541240875,-1.1852328758251645
0.2091415334818412,0.23527764905457688,-1.0444967230437128
-0.6190063374355286,0.1699853333844292,-1.0348241340425184
0.6537804726406183,0.34335500926612955,-1.0838318010191996
1.2620135020003458,0.7618046437352763,-0.9122403027301791
0.5225842136333011,-0.3370751302858223,-0.5466393022193594
-0.9006439898722127,-0.12289698624719102,-0.26508361688819454
2.400313083341162,-0.06002604414598291,-0.7155097884255242
3.077544202038526,0.2881066599747996,-0.6932970676586773
-2.3728374339081495,-0.27125601855077436,-0.32403286946744053
-0.04901127054456425,-0.1329178970510853,-0.4938985649827144
-0.6119118330245136,-0.3410230999022912,-0.47366196929011006
-2.139124668613501,-0.34861257421406994,-0.3742565618260925
-0.36766083028825214,-1.4487283993768203,1.1074330912593349
-0.8747024720882137,-1.7566471018852907,1.0246349473539196
-1.8963586482031674,-1.7403978507596936,1.0800387434890029
3.5221152182776088,-1.1082819186524147,1.1852022905996318
4.782424560933592,-1.2217217240526024,0.5754242807941544
2.0896992139984856,-1.8965225873865634,0.9082027770781402
0.253615492571363,-1.8044523797127825,0.9779517616676149
0.41265958248571477,-1.5984254297637053,0.9837884963616538
-0.32364643379679825,-1.0737255546671223,0.2754796660305784
-2.200004428407592,-1.074692726750337,0.39307935754820117
2.010482853529942,-0.9090717462151677,0.16463495035000067
-1.6966570700766868,-0.9011170861365817,0.49949281532130135
-0.06511578995844955,1.270834715102205,2.4307307117034807
0.8659440173556544,-0.9101476340447674,0.4192079190419128
3.227675946282306,-0.3793989626592231,0.28673005824475223
2.3510833750376783,-0.7435546468829602,0.2556643298354176
-2.1355230110840986,0.6073897831941746,-1.3571463173050617
1.3047438297549223,3.4352259616085536,0.9998960365360717
0.5393573621556697,0.5677342777668024,-1.5045429882296044
-1.9858981208256135,1.1740635040406364,-0.7489643784614352
2.270559358580684,1.2269499180710401,-1.5129035395645554
-2.3626285311780415,0.8216996544520218,-1.074442717849104
0.3031297184824427,0.6571302129293681,-1.489616239045718
-1.3917806365564176,0.554800531635512,-1.3771421713064367
-2.887238190145884,-0.36591178719177503,0.22956850128366346
-0.9115991819434516,-0.5183832860965224,-0.14895624319499906
2.6215576036936805,-0.34901034727236446,-0.3364960819683104
-1.1356885184129375,-0.5129319999108151,-0.13640087875787285
1.6114742620218525,-0.7010778655423716,-0.26013586096584523
-2.9445208745231457,-0.6287557278547793,-0.010236267818747775
0.11958325848663674,0.9169223426650412,1.3490354498831036
2.1573585510073676,-0.5414855846212019,-0.3304347272811202
2.251709193196543,0.10580682427700158,-0.4035256100654743
-0.5453106179506607,-0.3617183456908721,-0.35232605131940614
-2.1149110122388124,-0.3699108146043973,-0.2504219461154531
-0.8218599155781121,-0.4080768045727724,-0.31110185685706304
1.5232124346272604,-0.029505702254050515,-0.4088316855138579
-1.0177018624516843,2.0595806973581614,2.065861709553898
0.015304244782811203,-0.2324210935729651,-0.2272193489937398
2.6804817964841487,0.023960192572830098,-0.6154031301061897
-1.9688942670760965,-0.4646606772047852,-0.2545526545471797
1.1334013490740844,-0.3328842743461359,-0.3937879313963095
-1.1086399570184016,-0.5073949906498104,-0.2862323085420175
-0.7546190348190955,-0.2845896546781602,-0.22511497711881986
2.1236761984340715,-0.20004126509578304,-0.4796968266992491
2.764072175082077,0.17609667269125356,-0.36429854878917917
0.590457127628456,-0.5405143279572603,-0.37484009089932896
0.1429498206688883,-0.5495696144892418,-0.342459758833897
-2.8060606137768485,0.5247417444147026,-1.2091277665278202
1.2145992318448673,0.7154918616474423,-1.3633085937127192
-0.45341932852829786,0.3728653312757555,-1.278718750199033
-2.1164596845444876,0.4404423583854638,-1.2077565609915735
0.5634549625282225,0.5382175299871729,-1.380650140208662
1.930610723988742,0.9185825415530405,-1.4961191328079415
-1.8051939113071571,3.2223039831700806,1.5060854445224308
-0.289610471880735,3.10860702983375,1.13689907595423
0.5815137850952322,0.3882193382034419,-0.8130380787945598
1.8773893157559576,0.602861568766034,-0.9580398475001695
1.1870200781908218,1.2862759450059376,-0.02548008974216299
-0.1021834042691901,0.16602854154505237,-0.8534168711612155
1.344568063774969,0.4662252240721078,-0.9302389104698475
-0.7324386332105276,2.6129662737756334,1.5621168072095384
-3.002649286971263,0.28190009024142787,-0.6555376947427964
-3.037224435321894,0.12749822770785849,-0.8013513680990996
-2.128200363877537,0.12945535366382044,-0.7763271906645036
1.280235587540606,0.34460503957781596,-1.0083795883565372
-2.37741904113789,0.3584147617593246,-0.5761118608769237
-1.0884222777875054,0.06958915143057748,-0.8864470786459039
0.14187559346761883,0.030402459026422562,-0.9433525714618899
0.16217450476704523,0.034105193153076495,-0.9465546840080443
1.373429654517827,0.3362187787629589,-0.9798162915541895
1.9359108040315558,0.5149954297287166,-1.090576285722571
-1.8510683031655657,-0.9455564958703686,0.24714308275879682
-1.8491900187578714,0.22162372355250232,1.3880960410343064
-1.0874632378599187,-0.6673001767715088,0.3299656013928381
2.6857839416442144,-0.6747048115316335,-0.008559872125230891
1.4896565722619346,-0.15126202726962748,0.6597143074720865
2.2820056209351085,-0.6735183732374431,0.015591680484755593
-1.8102538271840785,-0.7378537048692777,0.440751567475006
2.1349351811351145,-0.830324760869204,0.05965663365412918
2.532581337806573,0.1598912228917138,-0.7331195953703566
2.5674352119232564,0.18306487023266318,-0.7768478601713694
0.1971445476745723,-0.24468104622141532,-0.5456017810422251
-1.251790360047926,-0.12667453263425815,-0.5434478398713211
-2.4145524589472367,-0.2582417053560803,-0.44956194961541596
-1.9391183712907902,-0.18910195440101954,-0.4392296311685159
-0.3427794643056874,-0.15004567814336936,-0.5889689685881528
0.3985061982865087,0.08487712295366577,-0.27285535116024723
1.161158028079116,-0.038351313648180764,-0.4749303724659098
-2.1966508191805363,-0.3920979042494109,-0.3272854993424601
1.8524389293493708,-0.06074246044267333,-0.40223829113583315
-0.4472553364868034,-0.026531696137833627,-0.20004388640489768
1.6014091383970124,-0.07917859814421527,-0.5570621646981331
1.8705322347968782,-0.10763105581221194,-0.45503102736669954
-2.4769633563753826,-0.32130455252422147,-0.27084871446418873
-1.102823136413185,-0.2839168362943486,-0.30059288119237715
3.025227276082907,0.26163499153567266,-0.8626691997643693
-1.8180372517447407,-0.21572683816177318,-0.5256416822697503
1.5009072623719304,-0.1755003743695436,-0.7103200947891798
0.023224769027373776,-0.20500265097480386,-0.572196266279932
-2.099468727189453,0.8157882957410885,0.4754953366746175
-1.0928869325003203,-0.1308455459185732,-0.5699625604425285
1.3678601289679932,-0.035164294245631535,-0.6227644432924068
1.0841960686487264,-0.011222593792040884,-0.7214101057663932
-2.3211520128292706,1.4638353456320545,2.591205358168388
2.1771835994042275,-0.941834249207578,0.06153183744529815
-0.888003686244198,-0.7826801943420911,0.1433861583477087
0.8634374175204954,-0.780561502751649,0.03142981073825834
-2.932212343197203,1.627368322924349,2.7731601308230163
0.36078020214954215,-0.6717585243329183,0.2356305122297928
3.1741558498609437,-0.5912024863677225,-0.013321640814005099
-1.7143989445447885,-0.9009322026817449,0.2874338892149544
-1.293644439769628,-1.1026759934578263,0.39990633410092374
2.0225861104076563,-1.0177191448861886,0.26851041421667726
-0.022335486636903542,-0.4105201144089477,1.098209388883301
3.8767403046983273,0.8030694462062455,1.4732726386044028
-2.008332069773885,-0.9968749903574079,0.6165975747643403
-1.6313574078704465,-1.156829536644548,0.44880409905538354
-1.5176311913521119,-1.1334810400370825,0.42933452149322854
2.8667807282002586,-0.9200626271891239,0.21066211283152428
-0.7014248612100432,-1.2158926928401876,2.4375832055997266
-0.47731484164759713,-1.7190656084789708,2.105967289620643
3.5518075772817768,-2.1087631058058225,1.3153462418295219
3.4441713652524495,-2.1446526857747497,1.3702266127535843
1.7487296157256824,-1.993563112813756,1.4448391735748143
-1.711994547964505,-2.291793541428333,1.6444998854919106
1.0765335233464797,-2.102463553256909,1.4961703404456763
-3.042502194875353,-2.181092068496336,1.7438860426266345
1.5425468224588479,-0.2860311151942434,-0.46813718532079607
-2.1272028567267247,-0.37857387068036136,-0.23497792994388392
-1.1578075661023837,-0.43511444570596935,-0.3434906308192416
2.5332097133916145,0.03570191469882897,-0.42234212158770973
3.3570271898629946,0.15461887899904633,-0.6700030074389217
-3.034954079343963,0.3161584773984891,0.4485755313684119
0.23722920593777233,-0.4039348385120075,-0.3706450785864831
-1.812597983097656,-0.43780123557778355,-0.29994400517270997
-1.3377765370433377,0.38554322116269935,-0.07672455640021304
-0.647137873381442,-0.07974018697271955,-0.6369758072165145
-3.4924582481164825,-0.08999698513144272,-0.5310573325391043
-1.1505714304908055,-0.14495072213792276,-0.6481997710875562
-1.1650903567725408,-0.09856372581049126,-0.595293208456062
2.485191959047712,0.14639442323106178,-0.9365137031383693
2.2920441614514377,0.1654381954119417,-0.858507327247094
-0.1371109490801478,0.14747133050296793,-0.6941130249613252
-1.1353475742335264,-1.16546827333777,0.6234808037477718
2.722310829665141,-1.1111912430643867,0.42722499825170746
-1.623305772495836,-1.18678158137515,0.5901072982432027
-2.399261000846619,0.29055680816845925,2.0735836800769514
-1.0737534526200379,-0.09209148481583362,1.6576733131935233
-0.20414246351077633,0.2614975795433185,1.7703007868880276
4.00895836423024,-0.2396976205938408,0.7181834077872511
-1.4528464838775432,-1.1582919050295446,0.5647473239457096
3.4995868178608487,-0.8920898706535118,0.47548849897530376
3.1244478917567324,-1.125034312789892,0.4213957290843919
-1.2477520604934431,-0.5566965995456757,1.2681861541291173
-1.8645035462174826,-1.377881934345944,0.6982360304933236
3.1122413030673184,1.4921822456807612,3.0428295362446938
-0.6283145275756883,-1.2503707874647827,0.7063709588292164
-3.1530189548918592,-1.171271615309317,0.8980002059005316
-2.1205055071975694,0.7731589032562498,2.7877070795436443
-2.211838622603363,-0.8786918831408891,1.340809450954394
-0.15940302855976382,-1.2800663234210552,0.7075070375502476
4.739977500940555,-0.7283380943851588,0.375024468922593
-2.3367059460862816,-0.8430247653204748,1.4055960919680062
3.0704087368165656,0.9580355072254851,2.7591194900857094
0.457158758463329,-1.423254620564498,0.6960973092912641
2.1517169505656155,-1.5330528147437434,0.5689213560851809
-1.4960199548762494,-1.2441508784499,0.9544878396513117
0.8192054720396936,0.300632601787301,-0.45127313713696865
0.6095716671647674,1.4565369992395119,0.7397768322476773
-0.5831637880404045,-0.08919312207047053,-0.6612421874191862
-2.290520281022011,-0.06146604394408301,-0.5690488935464844
2.2835266014924738,1.1337405374460832,-0.19782422450832945
0.06917981668060759,-0.14361512953793523,-0.750538584930929
0.23848982365087282,0.12855353511669793,-0.8080069432272695
-1.4923774140724226,2.3708957700784246,1.7650995456079814
-0.44767805767881025,1.334218558695605,-1.9589468493616737
-1.4690338984521578,1.362275232247978,-2.088848628677445
-3.258662559186025,1.3833565200961622,-1.805814250401316
-0.8964845237389729,1.2187119591255802,-2.0978114027943255
0.7699781740160245,2.0936350007176,-1.6541495810663385
0.9053124530248295,1.7100200885447998,-2.0710184024867226
-0.9895442049255309,1.2499154534277288,-2.0320118447769113
0.26940355794811377,1.5156456289891314,-2.050733654034457
1.719797148723843,-0.3287640135109,-0.43709404305912974
0.10320009804102198,-0.036339531457323125,-0.10787844301286711
-2.0109078545371055,-0.32077808190642293,-0.10106234347249876
-0.4581547575577506,-0.10989367542547071,-0.0034971417912418507
0.4983683963470288,0.016045895378490195,0.09913165271087179
2.526772214270769,0.5312400727319924,0.10042843565380837
-1.3189874297221826,-0.15064211275743977,-0.10994206747537746
-2.314637089462186,-0.45357766584930165,-0.2415285426788336
-1.2613578059109927,0.009820472523471593,-0.71081288299157
-1.3262590420975844,1.6248256466870268,0.885242548945603
-0.6971082892051081,2.220710424053912,1.3725826488189836
-2.4824903396740834,1.4729446681174194,0.7329552882982895
-0.4402497476851634,-0.07832122328203263,-0.793259538602432
1.8464323458753422,0.25426738401599314,-0.9404449292736509
2.2015849211282115,0.3125249126110321,-0.9926358615516967
1.3155376270812618,0.45271300581201435,-0.8864080727917986
0.017398195863510376,0.02759769030023693,0.21421369694257805
-2.2861788822795197,-0.4285574500210713,-0.1645520140471537
0.8983193821866315,-0.3330122713334078,-0.36608405896683255
-0.6771733697334603,-0.4308898131002763,-0.18726571870734354
-2.244439446019693,0.18949796701560828,0.4233247474459414
0.10553661278480178,-0.3592211170185005,-0.19838528102858088
2.721742628209612,-0.010544167000472471,-0.4794664601581463
2.5791786733328994,1.6400551348633399,1.1790303142845884
-1.0939271786067792,-0.8694964471422433,0.5179602105821557
2.8509647432048135,-0.5627331193615214,0.35495198771729963
3.746565190610277,-0.1288305611201117,0.3951537532497216
-1.9090931309211188,-1.013763239631017,0.3395242974267447
0.3521104112958219,-0.891286164696903,0.2571455198161494
0.07152805967608715,-1.1195653329346142,0.27052958745815175
0.8446969096663963,-1.0926266246082443,0.28174854269915156
-1.064377020918645,-1.0165188370041665,0.36456728026365115
-1.9676040744906234,0.9604541951554663,-0.8158664991654664
0.92444865216241,3.28628807001578,1.0034314112145908
-2.202431852917049,0.4697872158318327,-1.230542752494904
-0.6734386495114835,0.71379002750227,-1.2545836506618038
0.6645448407545563,0.5740682186407217,-1.4167219906322543
-1.8285818700637333,0.5105988874683657,-1.1984299234034521
1.2728791661740206,0.7921759119463171,-1.4451330770254214
0.3803835298076909,0.5614410344928921,-1.2871544256585061
-0.14403311337406058,-0.9424851289571612,0.10177344323919005
2.5265354771986774,-0.37344122434463556,0.1889505722768179
1.5870550559170624,-0.6827028317249202,0.13323981935561033
0.715325093095543,-0.8815726156780842,0.09309474995905113
2.8921585835416033,-0.549643837517398,-0.1514985112410348
1.1796670881968783,-0.6089922896325891,0.37716665849389724
-2.483069120576093,-0.8846557929062782,0.21708239955273712
-1.2198120486069317,0.1306230843370719,1.2069274004574113
0.12866959976305423,1.4917028156335712,-0.18825004098172757
-0.9725753433013897,2.064114675771684,0.6008802719687848
-1.0392770935775422,0.34129000815821675,-1.1590239824688946
-2.537352858584689,3.746519683468041,2.2553266252680086
-0.6952072678887166,0.3830051242998186,-1.125935238420267
1.5810335214344982,0.6530554988877006,-1.3152764531575047
1.9256013271435952,0.7786613737992759,-1.3554251955083136
0.05359052144775596,0.2820812495732307,-1.1972147548309278
-1.7225550579537876,0.9578856340117594,-1.5614862597961605
0.6195447285135407,1.0359975277039764,-1.7807392588836513
1.1402272380124876,4.182925601714861,0.9778766289469489
-0.3579246410521492,0.8898111446830528,-1.6126384976692756
-1.345256995653478,0.9045193307324323,-1.5580659231237828
1.3268010562832306,1.626010167257352,-1.4766758627929522
-2.5277101505789306,0.9090206508256564,-1.5626270630395835
-1.6934835078278945,0.8552799373577732,-1.6615255123704797
-1.5421097638900993,1.2200350837566474,1.4564098279034838
3.783889428020148,0.42424911117298886,-0.3298770358398182
1.6593557221950743,-0.4209148993735336,-0.4306481270413673
-0.26154483595663497,-0.3415911841685448,-0.274119001180813
-1.9395302425694394,-0.5037481367409457,-0.2067778099825282
-2.9834287949287384,-0.5007558649787005,-0.1424609915164518
1.6310792147218345,-0.2856176009448847,-0.19543056287965405
-3.0324808795077365,-0.45934974374172294,-0.08488134058458205
-2.5099869707747064,-0.05151327048294663,-0.6703024910766229
-0.7320116999795314,0.8288777210719878,-0.05271969216998476
0.13978895492531382,-0.10074845728658553,-0.8108015490966627
2.568717263277203,0.4847370121885336,-1.049414498747195
0.8558278697024403,0.1793509709477644,-0.801656520168082
-1.9599180007355148,-0.020818403912631116,-0.7205836703043118
-1.0872005289742561,0.04960263058935106,-0.6605227280309812
1.6615534609981863,0.2677470068815874,-0.9271198130033198
-0.8136257187156744,0.23974055446611794,-0.570752629433367
0.4268120093189693,-0.0736110917268992,-0.8358717578660229
-1.5421023760940864,1.1733429756834544,0.4638700408989904
-1.994122995931944,0.0040285647752562525,-0.6486350310690143
1.2402339682900196,0.06788140363053256,-0.9134938397804411
-1.8910154435690385,-0.02530930693213732,-0.7160388803254749
0.380447642927698,0.8116155318533519,-0.10672980465650124
2.4128123267544894,0.3953797342926748,-1.0630637774310794
0.6837227798689278,0.14681290699225943,-0.9875194445652002
-2.867960768908625,0.20980192599746433,-0.7722778390744828
-0.5412979359826382,0.06350019293288153,-0.9144100077834594
0.4897369335944678,0.3302231802303596,-0.8427626727991627
-1.4046294035054674,0.20846802165271117,-0.7837875741557032
1.37582665610773,0.9360039849772864,-0.4820085025560958
-0.48503785827302154,0.12615991171877014,-0.8746436141386909
0.33317910532473277,0.21763494508291198,-0.9275463764866078
2.22258527176957,0.2853016696782454,-0.980002169275897
-2.1032052633504397,0.1473608304239738,-0.5747895783989688
-0.9033741075796128,0.26187646685507354,-0.48217986181339595
-1.6190364726569015,0.018222757109361082,-0.7661091796028912
0.09224087871771329,0.2281649131912839,-0.7087827918481489
-1.6514903009574995,0.003123110749656511,-0.7555970752795226
2.7565028337272874,0.745427022841315,-0.7497112680447672
-0.4315292311719738,0.07857194338277737,-0.6454767637836804
0.9291322417814885,-0.8746104895808915,-0.016728183287532835
-1.0684234589323904,-0.7895246617121964,0.2152953944967961
-0.5610732497706078,-0.371833492882499,0.5752110528914455
3.4505581139586177,1.5746050302671761,1.6259771160913816
-0.9109537924231681,-0.8610138206339302,0.09048099263990796
1.9999462165415383,-0.6940612416859635,0.019686557685829664
-0.5962582411238273,-0.8890070146879009,0.08658379020665709
-3.88763683313359,-0.7147926310726851,0.27438742817388806
1.3442115180114598,0.929348381503128,-1.4960490294363453
-1.3959479261517527,1.059752523264026,-0.8786870154972066
1.526576334708868,1.061244684363141,-1.4239133657676322
-0.6991912877851096,0.5936105687603531,-1.438743438902236
0.1456706399999104,0.8915011677545034,-1.2965646792818006
-2.5933777987327504,0.5885939875925723,-1.3178629649062337
-0.6650300097879541,0.6743335722537556,-1.4368219065583994
-1.2037264326516859,0.5761798091182811,-1.3985578304140085
-2.3045988366175783,-0.2712216115057112,-0.1368909556979378
-0.4180468815614962,0.5296259282393369,0.5458572221536694
-0.705627164451953,-0.42484844612908873,-0.308485346787174
2.5528669208368595,0.9202445328568873,0.22219227907146075
0.5878266028076639,0.02482080821265414,-0.04431842466643701
-0.9797426130508637,-0.45017511843946534,-0.35474052013451346
1.7226520900738882,-0.09575213057477139,-0.4607828967828618
0.6673647588301416,0.14338541804902588,-0.034150160523449824
-1.478121528188621,0.3149604669887205,-1.0255660385105383
0.9610836521450793,0.27406482467255305,-1.2353121484165825
-2.3250447773760987,0.4477987258273419,-0.8886482842236709
-0.4698212433160956,0.40566282267936576,-0.9842786486703092
0.4157606761406879,0.42837276106958955,-1.051263964266711
0.811577526003248,0.5387726897684924,-1.2678475927298323
3.032078914524992,1.1401478258130058,-1.2474741248056296
-4.331799730825358,0.40784133698307107,-0.9709712305779152
0.04798979594215171,-0.15873682682844398,-0.6128144321511707
-3.684562348791224,-0.13587936093827113,-0.36484727150140495
-0.20601840670185814,-0.3365686885662406,-0.5509879890790436
-0.46346456318022605,-0.25915724191811945,-0.4995958219996579
2.7337839059550877,0.16818502769420474,-0.7529316506715047
-1.8144536287193678,-0.24717357241345198,-0.4956052936170344
-2.1031125538635913,-0.17193329870420793,-0.4413585666834077
1.9115741198661849,-0.13632315229756475,-0.7423665014439595
3.0402467180055477,1.8744562793558626,0.8365154361739406
-0.941037541065602,-0.2583308546733532,-0.45235542115034755
-1.7172964222264844,-0.26518198306143925,-0.47521837786394944
-3.468905552507828,-0.17706834842733343,-0.33683819343719795
-0.8668471191047825,-0.2934377087429872,-0.5149073392328913
2.3079334683535047,0.0121631111482893,-0.704431282732014
1.0285696172895218,0.6362888901529147,-0.035601003013749716
1.2246190475576637,-0.2209715381540123,-0.638741937909331
-1.8558788536636994,-0.7899367693842834,0.09871470912076351
-1.5758685095142708,-0.8032355509209388,0.08794015380557661
0.9371813444503206,-0.6261014686503508,0.03571325480256175
-4.250126102288614,-0.4814482556237036,0.38725580446421576
-1.816723851874689,-0.5426466130821823,0.4235748080741055
-0.5286630668191479,-0.2646236282303548,0.39615877277459755
2.4964916863343833,-0.7381303153757278,-0.1583110864539539
3.937853171316377,-0.24641987236791651,-0.2874528841554361
-0.03382289745930744,-0.881212740875066,0.47102939067638677
2.8815098439143676,-0.8396601038431726,0.160409551510507
-0.48391160259131827,-1.1200176379653712,0.42417117150866196
3.167325034214795,-0.470959088691183,0.3775373563473276
-1.4259247852452517,-0.9491396591059823,0.6229752972029072
-2.124949618902605,-0.9703145329449863,0.6001987559708993
0.05421249857051398,-0.43748188472516875,1.0990586990761484
-1.3295139168145105,-1.1367916282831902,0.4106455665989393
2.5877423686569823,1.2890026892056163,-0.5703851206296361
-1.6757615487205724,0.2714987261833545,-0.8278663380644345
-0.2048015136742815,0.20987614371820465,-0.963189374373236
-2.097378837096875,0.07959923021441594,-0.8242974966234151
-1.0645347640515967,1.2357750806546073,0.25769959784098073
-2.539051042042413,1.097568990967668,0.19290357483502119
0.047764029384586626,0.3266228004305016,-0.707351556161585
1.1831400027171384,0.24532709925547244,-0.9924940376733671
-0.8500087734004655,4.791944672126882,-0.36744699409691906
-0.6879274548994813,2.756188790269687,-2.46439924712794
-3.1316021815895754,2.1062165157559813,-2.777711024014231
-2.4771639600870974,2.0958500963069735,-2.813571799239403
-1.1600577482165586,2.146236538272775,-2.9230677599684483
-1.1112563034967613,2.276109118234089,-2.9746906896269985
-1.1612881535768673,2.2631730160012893,-2.8612072935552453
-1.884998480119024,2.0614659385523577,-2.8321729897872676
-1.4650226915498814,-0.7540403612599825,0.025411176658571066
-0.6372602960078929,-0.5588275048559294,0.06992889481994026
-1.5447508678288906,-0.7657815719265734,0.0363420919834661
-0.8851557700610291,0.2509722325459509,0.9852804579961498
-1.5022143759532065,-0.7044716561019326,0.07759572342952237
2.641029668495049,-0.409071629056319,-0.19654573330005518
0.7520008737724087,-0.6319147476659733,-0.05452598291800394
2.9075173733807995,-0.38281464607420507,-0.19710068376526307
3.818682000706586,-1.3965952049508878,0.5750260270774946
5.128329818321114,-0.9439468261735817,0.5038463847983107
1.037015248525362,-1.427424504613813,0.8725840719807949
-1.0328872472715038,-1.0777754071780998,1.45773413099704
-0.2405888694083696,-1.4294810530046262,1.13446516492625
-2.3258534834310516,-1.1003491471189202,1.4746691577316904
-2.251498096692244,-1.3932590399938063,1.166444829576917
-1.751893234012427,-0.9712052944076693,1.5241895702422403
-2.8823338986216265,-0.4271583017115465,-0.2299220772813116
-0.9165531223628989,-0.481533242651775,-0.3239560037208169
2.9225587688571997,1.7043811679169296,0.9497394488581121
-1.0751641258487312,-0.5116856101102776,-0.298218719801795
0.815196571515046,-0.38764895026734636,-0.43333265313407787
0.5535151682717697,-0.36709532673731043,-0.42774721076440786
1.0474569112348089,-0.3120991460742984,-0.3350414401545273
0.506625055530562,-0.3703421282376435,-0.42346763070192206
3.110948365728939,-0.024158430844264445,-0.3736421252822096
-2.269203787628115,-0.5734193771492124,-0.11721812788233382
0.33496720550726067,-0.43049240848780324,-0.23338205140483895
-0.8596762600575714,0.8497035119617965,1.1815937060452215
-0.11845224540424705,1.0769240995490308,1.2161073788125938
-2.182061744366193,-0.5561672509664382,-0.1317614810570111
2.4094099270121556,-0.10596501079771907,-0.1823195748858604
0.32628910357097557,-0.48345109938096975,-0.281254525734524
0.38562731613345136,-1.1668915146378085,0.40212797901453534
-1.502900313324363,-0.906651628370621,0.6890065161319922
-0.13900357108582004,-1.1880535194693902,0.44552216998085603
3.1738578793673007,-0.6405176639224228,0.24622209587601954
-1.897607141244445,-0.8525617044275194,0.7610430706359568
2.4731828977158385,-0.435278116493689,0.7737598487585153
2.5400791189737633,-0.628218489601982,0.35490351505319573
-0.9246003233496626,0.3876076405519339,1.9555695469526058
-1.3747560015668705,-0.02858356343601927,-0.7339005824667616
0.6301842722999148,0.006890065150201988,-0.8316266074318815
-1.5363173264570138,0.19945798200407464,-0.46257958838800806
1.5889064852633714,0.8257355569941192,-0.28202350475311805
-1.689728140672197,-0.0317518634515897,-0.6366825144744914
2.125581201797107,0.5761378063716945,-0.7468544720062208
0.49165040888048417,0.016410279006154337,-0.7224369892051776
-0.8108906428757419,-0.10834088478082082,-0.7288363704740525
-2.33157246958369,2.230978174778505,1.5645607909468826
2.34720873789784,0.6759441433137134,-0.7426771759935381
-1.0853246085441253,0.10589415902815187,-0.5240968649818118
1.6299238149820032,0.240041372881475,-0.8984987755764623
-1.5033047197671432,0.09441465078910823,-0.5667875116817896
0.7320576693415192,-0.09501720200152772,-0.8378076539605631
-0.5259918752555811,0.18291421281552736,-0.5226383863887848
-2.945776167272053,-0.008980446821451002,-0.6536542627544107
0.45773637774913084,-0.49189928404192595,0.0319185458939642
-2.0250735445464287,-0.7604197731521568,0.052457608173291786
-0.4237678295950924,0.4714950549484348,1.1362038920818578
2.1802343297692346,-0.5464467693151137,-0.124707085177027
-0.755619646160304,-0.7985499843310275,-0.007049490773110685
2.7346351544739376,-0.4389504752563459,-0.2442551276904838
-1.411386226684309,-0.06711460872726863,0.6421945787024761
1.2308461356878202,-0.37896904815768295,-0.20966006533843326
0.5851474901583811,1.679320936885601,-1.3211139539314056
-1.7628712545929242,0.9781268742070065,-1.6885970102485803
-0.3774930036374038,1.3047772214610058,-1.5950793681576867
1.437090299322397,4.626500626796959,1.2443278185737006
0.69102019036396,1.2361401524729527,-1.8842753669450347
-2.58832099193959,1.024084592017292,-1.585570526580021
-1.7426505657091451,0.9211127641428114,-1.7355492001906891
-2.4821490735402647,0.9401401878157392,-1.7004729103008562
0.20208743369660212,-0.9878705571778206,0.22299219629509934
-0.3231424401846562,-0.8658163183868254,0.16277454603315833
2.0812445681558005,0.19864201144882165,0.949382674061959
1.0743854773397792,-0.8448132732684424,0.14147222858722652
-1.1475830494047312,-1.0090382051698024,0.24197000464663668
2.126301757278786,0.8242459181595704,1.7154320058385524
2.9872462693107025,-0.5217934666965235,0.02324090733942934
-2.036495549050051,-0.9721092117161475,0.278509835807078
0.16652383859032396,0.05292655517847404,-0.14363709457560042
-1.7445140055954504,-0.25668660062993215,-0.3945025768150005
-0.7880233346523948,1.8002140228566053,1.5918241171722118
2.850185678710515,0.3019754904626457,-0.7112234246898911
-1.0663645155997719,-0.3081786775102612,-0.4868257168304708
1.8396326305698671,-0.10092695917883747,-0.6843985475124853
-0.023705585687803104,-0.31754830760327396,-0.5473334781180687
0.6850441219351643,-0.20067486803185194,-0.605197658199475
1.6447870284607717,0.30020893506725727,-1.0606131880939333
-0.4262880076345791,-0.03836000763690473,-0.8502420059777794
0.7864959881121263,0.02687585270204236,-0.9587627406330551
2.2098476103581692,0.6639892152735279,-0.9341441063673083
-2.024789313150879,0.07257067289412285,-0.8080128298248901
0.7023888317990511,0.19168451044736956,-0.9164110473502212
-0.7959066980237385,0.11245466946203832,-0.7524527539192036
-1.7403816857708472,0.09317736690154906,-0.759505634662684
-2.1449594734458715,0.009993018978520011,-0.7442717210471443
2.120649225047317,1.3850638128846675,-0.06599376656720553
1.402702771577381,0.2663326505696178,-0.9281428594894793
1.3507249467025721,0.20932010112163915,-0.8680903521879149
-1.7885287518164679,-0.010754312870091248,-0.7545369296399884
-0.6819744676050173,0.3846675930736122,-0.4206953832657709
-0.2033677329283853,-0.0064648769817504375,-0.7799342307049418
-0.12738233500165225,2.44576652000798,1.5879184586276982
-0.22380284042492382,0.29031554270999943,-1.1971074805057225
-2.469727537973616,1.8144785975564293,0.3553335401737216
2.219674503706711,1.036288833416677,-1.2924687565426904
1.5294837548365803,3.662321118411777,1.488578762445827
-1.2175196028024204,0.4109970147913499,-1.0456217125164322
0.19332067328226135,0.4352204704052685,-1.252264079085985
-1.4502335775407689,0.4357562865275173,-1.1189736078040342
-1.010035226790287,0.39321702322275803,-1.1250958054094449
-1.8241075260424537,2.363939166772785,1.9312236064420376
-0.31458286365674587,1.186749994485385,0.8520056556483773
2.1975699198550385,1.5121371920518547,0.6182218816254814
-2.1621978341686043,-0.13340203751868657,-0.3968691722430734
-1.1979672100932042,-0.24994566690293366,-0.5492939287491596
0.960036764805952,0.1256993619250018,-0.73919363186098
-1.7951342820101093,-0.23778923548142883,-0.5173821486082225
2.7225287375377007,0.4315322376917923,-0.6002429654129808
-2.3696116232628066,-0.7073632743811746,0.12913390017598025
1.0894376761464184,-0.7954541867397448,-0.04274403745106142
-1.729148393661402,-0.6038366795235007,0.08256499724828209
2.9499900866672717,0.6632986742071311,0.7434164950753711
2.655598062787485,-0.4677114303447403,-0.21679022949202198
-0.09562973669367039,-0.7593391073387719,0.01367755653094096
-0.10077437472719065,-0.5615650833329702,0.21544380209919495
-1.056873767570405,-0.7893658135332363,0.013787730335890017
1.2976798817371904,0.1276943710745023,-0.872401765330732
-0.22132754616296077,0.12222907556475017,-0.7746593225081466
0.520920215687232,-0.05674122221120281,-0.8508296217608717
-0.7111478446170402,0.061659484158317006,-0.78929830408762
-1.5508361397528005,0.06517227836293758,-0.632265726516866
2.322057946041285,1.7502770383443118,0.28970287988442345
0.7038901785064074,0.045682750548101926,-0.8691847293989065
-2.3600040397064816,0.01359476124315285,-0.6316100514130777
-1.4542010517422228,-0.23308919237950432,-0.4287948622989931
2.1615834146257544,2.653936819609294,1.8140163025700287
-1.56078935789052,-0.24106107282441003,-0.4187193100348188
1.5410730106064405,0.015810640617957634,-0.5759285427351362
-0.5212473996816753,-0.2532689510718834,-0.4774020650155051
-0.19829873549983715,-0.042481481310249675,-0.407652899577827
-0.9759001659701421,-0.16607112700160995,-0.3423599756690142
-0.17492974608198464,-0.026106943208527564,-0.41845431134798433
-3.123342012173306,-0.7654128966368221,0.147506099394467
1.6017860122098486,0.831454316264894,1.4216397874194886
3.0364974758646146,-0.3955442764241069,-0.11173318925832423
-0.5608015320631462,-0.6395734520878783,0.04348631443909947
1.8800877241177263,-0.8055998316621171,-0.10167878920616813
-5.89981979837467,-0.5045044818164501,0.18333072802426342
0.7913592444906957,-0.6532778256348105,-0.03455390893980564
0.5511057397102308,-0.7640413880954396,-0.00840166779576586
-0.6418450477874034,-0.27630521789911644,-0.5361492263967444
-0.0265768790879692,-0.3058238249120442,-0.4837762347355777
3.644106070410816,0.460964989991484,-0.8778404051900566
0.7752364974275359,2.06882736056058,1.546890515188078
-2.1149792573718016,2.260109980091473,2.037149085516647
-2.3626614267880357,-0.253240606588753,-0.4405360306513042
-1.259433497089121,-0.30735192994902233,-0.48224541099233187
1.9444518034267348,-0.07311456472181023,-0.7107415658318139
-2.1601108486136607,0.7199562550388001,-1.3879852586004593
1.0909121319532795,0.9555461932574733,-1.5913090526234652
-1.3296850424154054,0.8048860654939218,-1.5126619710460159
0.15018216208277468,0.759948091622746,-1.583235682220168
-0.955836849106869,0.9178090604360878,-1.3684874039025128
-1.7776910057807465,0.7693922780065813,-1.361372321195051
1.4055831865722237,1.0246197116126956,-1.676157445885969
-3.618854199835978,0.958772253803445,-1.1191061552643353
-3.6730907509084845,-1.5408471034179507,1.0407136029959418
-1.4475832771888988,-1.5842544647146641,1.002097971576856
-0.07179964659615398,-1.6637210796934063,0.9570737083046433
4.156987138221179,-0.9776939604945509,0.7517299894095396
0.6799349524733136,-1.5216794789370012,0.8072487121315103
0.5748768723780645,-1.641751389695593,0.9820317461771505
-0.5334128286383595,-0.2947546354873086,2.250043984408516
2.8199186351238583,-1.5021842870482243,0.8154299544848809
0.40042104499442455,0.01659349063939932,-0.8252457263296681
-4.050554915751925,1.3250696367850356,0.5948717003288362
-1.6064970907101268,0.03415775202101976,-0.707506357632434
0.7912238701700647,0.25061544809874775,-0.7725784048042615
-2.7136870572364318,0.4252673530693537,-0.3120322233108791
-1.583849536427228,0.03753089686345829,-0.7106336774482235
2.896187278858459,1.0228358517857576,-0.6790369945393646
1.5318650079281748,0.27431444735428767,-0.936164837734502
-1.7529750737690455,-1.5658544722024816,0.9946471554620958
-1.4116962095617525,-1.5746485415512215,0.9781266351274966
2.135654829641851,-1.4301035998862848,0.6966802382417039
-1.4800277760546825,-1.4829117082861532,1.0865369818733988
2.2340445596017573,-1.3739158455480034,1.099246043446731
0.6933754583007747,-1.047540315984426,1.2263217703860678
4.346537071046478,-0.8568595171456419,0.734065782390139
-0.5001422970639068,-0.08117814463224672,2.4240708680864107
-1.448153592858043,0.6292642541736431,2.5775182970927752
1.1732111203445834,-0.8259888836156457,0.7544758269352125
-0.7556613518890519,-1.0908658552022104,0.843782099593714
-0.25910149498428703,-1.3877110679083837,0.6620912840750026
3.0555255259860368,0.5696754859951552,2.0366576484354333
0.6329294143732566,-0.49559670271049794,1.3592223575296551
0.387584092487028,-1.161882642476749,0.6272044306828072
3.74515825477704,1.2574116522895449,2.443049124582058
2.5421803899698836,0.3525987991599235,-0.8168754384621982
1.4939644196291553,0.011017646425856517,-0.7730978777849876
-1.212355423742879,-0.20980593141498524,-0.5070737404280096
-1.1947535711613921,0.6434680015004846,0.08317942934825574
0.5391523742394707,-0.16817900391351223,-0.6378217868145286
-2.044343967490429,-0.15793557012933226,-0.48219102687955473
-0.6865792780846242,-0.18225332598202013,-0.5542799936024716
0.8288007828455909,-0.095594012743316,-0.7234670283121307
-0.0373950872214615,1.6031711893392437,0.8245466357900932
0.7829294422657376,0.6926183170521455,-0.12048962226936363
1.9897079094165466,0.3849466979177781,-0.9594979282517527
1.0972244591066198,2.671584390320844,1.5079790933689123
-1.2384403923302778,-0.03336751290920622,-0.6815505832896231
-1.061764467293908,-0.050099757657049174,-0.7600815073270617
-1.9446520324709142,0.38663919814312997,-0.32333819070218267
-0.7951365475497681,-0.07134753472355357,-0.7655094274690034
-0.7205076097912445,3.2323625468238797,1.55288544747054
1.0113821104690544,0.7088641161340862,-1.1488652127017882
-2.5597678453278805,0.36561181037964097,-0.992171229990353
-2.4562928507792896,1.0964594083105503,-0.3148333217362198
0.21160288924086026,0.3353452481131634,-1.1499650230683323
1.3725147014195802,0.6020335622134487,-1.267642794488912
1.7730032292939597,0.8706350332660364,-1.1280055217815983
-1.7147741902169664,2.3529453044433883,0.8862401033672699
-1.6623696370579548,0.9616064826962214,0.5957497861466159
0.24377950975272886,2.2899226006409243,1.8368673070861399
2.9399327085624885,0.4568352268730938,-0.7645055930635818
-1.171600311276527,-0.23254369001602046,-0.5631249844257056
-0.7793382560295196,-0.18121318399034841,-0.5381228874796642
1.8604968178167685,2.579160610810563,1.7534634022284763
-0.2264136692341622,-0.2577157845296854,-0.6094183600338924
-1.0806008119773243,0.7447318720045966,0.3671903701540211
3.2295991429199096,-0.9737556967146372,0.47247368515369803
-0.5369511763576509,-1.2381733669150268,0.5732318234671877
-0.9778532969302712,-0.38767312113225,1.375506318260717
-1.3976957395306207,1.3544104682831795,3.260906347191201
-1.7943983892409567,-1.3300382460069624,0.6530057018808167
-0.1261780875712722,-1.376922263541079,0.6490472532164439
0.9085566116347422,-1.1813198640877975,0.5284419640938454
3.048220354887037,-0.0074851933022945134,1.530807569541265
-1.932837637529707,-0.42443879227718206,2.0680679431586033
1.5569646608611252,0.6446069922567228,2.6804532252481734
3.922247201542689,-0.6596891709911623,1.0527253196288833
-0.919742004626246,-0.29333550541701486,2.1648012268247654
2.920040762679197,0.22372035827776648,2.2806845216679146
1.2989112534169542,-1.7397944677224009,0.801937923854076
-0.5814078242508448,-1.3819238448575537,0.9321161774932206
0.7670073052988692,-1.447816330435454,0.9882760034472753
3.3265138162948498,-2.1177636021170403,1.2264324190792584
-1.7229655505188683,-1.4917142890573596,2.1574277830176114
3.9560257649658044,-1.3903436830655875,1.6919753291603425
2.297110935668522,-1.9244918837606662,1.3131497477073255
-3.586226823208907,-2.057750901039507,1.5782489027602862
0.0005004933298067847,0.23517857358462385,3.8884421490171173
3.2545516855038783,-1.7445045763305045,1.4634038825825093
-1.762829160411306,-1.5977488245567868,2.062890350678076
-1.9084347976125282,-0.5361358448688509,-0.1868721630864485
-1.9366379989938736,-0.48782850966197894,-0.13440137732907634
-1.9765212445374347,-0.49533425579567464,-0.12797439647124764
0.6288849381168271,-0.6056220949977188,-0.3097854659727171
3.6153648576937525,0.16230424357225645,-0.5577085925677094
-2.7732941244637535,0.6172363383938593,0.9398821349944347
-0.9597249966931626,0.00793393192395457,0.30589810282480306
2.4816230822576193,-0.1425793404369793,-0.45174009002287374
0.9735394192908126,1.1842876679453516,1.299138236242028
1.988885292364484,-0.3053876853275125,-0.3763974212977275
-0.8955450350715349,-0.556739784994124,-0.23343097905724589
0.08517414325564795,-0.22520053235117043,-0.22124516381127127
3.199677829267097,0.16431537414246547,-0.344820943713004
-2.332954487043884,0.06991086645949983,0.4419119245819502
0.15393616083799055,-0.1925230941778299,0.013855827444066784
-0.014538794146838285,0.8621919256215109,1.2534254817778825
0.18815579239679564,1.7963640228745021,0.0058723808873974975
-2.173143583079549,0.796717135857176,-0.844919896401993
2.934879957456243,1.271284646771943,-1.3808958979386718
0.9897449527848167,0.5651941907665391,-1.4091769390366535
1.0539836699365563,0.859655455813908,-1.038295036794109
-1.4238700453514195,0.6188770088294403,-1.2082372403037005
-2.1720809464357367,0.4911629374117323,-1.1420083725519452
-2.406931331670227,0.4044302411400647,-1.1585979913988567
-3.11153155402815,-0.5286003016461389,-0.10544675529816624
-1.5123698407383506,-0.2158754905471642,0.08878857152318204
-1.2720949664514352,-0.5947260613590163,-0.18618572413131537
1.0670374672446168,-0.415952337214798,-0.38057945507692265
2.1536539310677596,-0.31800245256791654,-0.37586346975294754
-1.3276410757082355,-0.40298174200364095,0.02167254852669027
3.3810283462238018,1.6254981797418322,1.092332252644216
0.6828299485832808,-0.39281672565883413,-0.2908901504388683
-0.23632135612006033,0.07338522660201331,-0.861394106630754
-0.2380441209033315,1.7566305657233796,0.7707995027134665
1.1487458446061005,0.23926909321738304,-0.9866860030837369
0.4251727393833879,0.2888648481028531,-0.8159495740403538
-3.4716524350108897,0.13465701149830547,-0.7689221364036993
-1.9770920817696094,1.1189863722981752,0.14798008620607303
2.245233027588035,0.6054166724880993,-1.075688818834185
1.1849526285474195,0.24729076380466977,-0.9932300611658388
0.5086387840829113,-0.38689614446750575,0.658518856430757
-3.3447410138635565,-0.9659538755040553,0.3925508021567183
-1.4620005244765573,-0.2893027668946372,0.9896066973040643
2.9390961447466966,-0.8319114715930813,0.022887026536002806
-3.3543807053654695,-0.9137002741753018,0.44176421136595945
4.022457657364138,-0.23093115009586837,0.22205780889522123
-1.086802966037849,-1.048434831647876,0.29582620642786495
-0.44813407515421555,-0.9087177083854916,0.3358616718121838
-1.4157537474281074,-1.0900657456702203,0.37562066305751557
-3.2126297253950518,0.0667667187367004,1.5563359596845683
3.282883489628278,-0.6266743806711939,0.13353879324535
1.0901056333443908,-1.056307862665798,0.24913947574976367
0.27181256026745926,-1.1281182651307136,0.29049421521100754
0.06705022900819245,-1.1681724258828816,0.32438313891901455
0.678991509679883,-0.9079407563836227,0.42546711011590543
3.1010696801873814,-0.5550446228759267,0.2595022203829651
-2.2556698267104567,2.6118220645854695,1.7783848760281213
-1.012616882445465,0.03890575729101693,-0.7618307957297723
-0.20959438772978317,0.32145753295086477,-0.6835258253779186
-0.45207252541081516,0.004127114338122844,-0.8536017052584809
0.7770718333440289,0.8027486542991471,-0.23521868704827234
1.6165814102400615,0.344592090145102,-0.9899629792882408
-2.3102075759938874,1.0924500611113057,0.29103653737490115
1.4200022706095679,0.31321654258768117,-0.9615862607519401
0.10766165524790555,0.8484357823447904,-1.5657142548207397
1.3168253177506053,1.0901150488303102,-1.6427900523482029
0.37384174223219074,0.8174238752933338,-1.5653836366470146
-1.7692030271437948,1.0034243948032715,-1.193665366399393
0.5557553421142472,0.8541331227456952,-1.5961516470404655
-2.0383865751817036,0.7639752603854719,-1.4320722273124182
-2.590305164154832,0.6891904248091378,-1.4352188683945502
0.2539226674565684,0.9181194588165041,-1.5346273731353761
-0.40078979823728844,-0.7123014304087792,-0.0016093425391228125
-0.6446570579364408,-0.7814839971938873,0.07972100385082796
1.6434171641080866,-0.579120302987222,0.028475645958893167
-1.1927829676242738,-0.850249749486665,0.07284660789671195
2.527178235657532,2.616379121031599,2.9185438783432756
3.3253728877242277,0.7864218507037009,0.8273577538701271
-4.171653067414553,-0.5361970914313295,0.3215362134284635
-1.6578801638541512,-0.8107677032910807,0.08202443276326776
-1.1169856180754258,0.46779306766094975,-1.1890204216329552
-0.598227801853895,0.5589178760841264,-1.2221466447705347
0.05688493042604637,0.42342228916425895,-1.2400257811003423
-3.0799525856957737,5.680902862473825,3.9754251463980483
1.155872141651024,1.1339786000339533,-0.9005222070121339
1.6602602604344985,0.8790847104483437,-1.3606085440581417
-0.20591575406633153,1.9646070503594892,0.25498413023273653
-0.72559794171583,1.3336598148140533,-0.37171999361661306
-1.7246054592833564,0.1604784407459047,-0.8285779394410492
-0.7092021183998388,0.28651946530426575,-0.9117623493208331
0.8203574025660024,0.10146597482719996,-1.033031920689496
0.07516131699833245,0.4189871618702527,-0.9826127362095707
1.3086626983100067,0.36624828160526945,-1.0317191468664315
-2.236193411214272,0.09641222643804681,-0.8400615806906753
-0.1875038159552945,2.6623779366871885,1.5729174844260136
1.3460328687177043,0.7088991776802094,-0.6505937986731141
-1.6223257642522306,-1.047678926468477,0.3421034254618381
3.979503615387529,-0.4490510548778827,0.017112303922696387
-1.9199518559787256,1.5065828939155095,2.8321848380766914
-0.08362059761038695,-1.0877711035983066,0.26570634795015374
0.042094878112247804,-0.6621739706501747,0.6447059237387249
1.1569310765398575,1.2677785303601554,2.1732034737448993
1.436768267051005,-0.2692456775214095,0.6748875582992528
2.799389626231776,-0.4733624786114994,0.4654888512206371
1.9363943295382664,0.6810412495873245,-1.3522725926479002
-1.8050801612949128,0.3110463275997703,-1.0918299604813295
-0.8644108766099848,0.29633513710962683,-1.1440399912957735
0.8752308782664177,0.47276935240164586,-1.2228875966791342
0.5327456631994089,0.4666074837204228,-1.019166086503907
-0.4389054507635579,1.4417024465627348,-0.19890061487161745
0.45040773447679416,0.5888409270978531,-1.209669311131232
-2.5588884509037797,0.37643139797660147,-1.0038404477359482
-0.13699345807566762,-0.7066054078416277,-0.02151905250025724
0.1515970646425253,-0.7443410811498736,0.08498055969292286
-0.9764527907946318,-0.38306075832597125,0.4990330744141313
-0.4496258233928845,-0.7792406775113075,0.06531852952094079
3.263257193218454,1.2157892320007346,1.214848210485443
2.299342331221523,-0.12615804351729432,0.25358422850716933
-2.2009185887145857,-0.783146156026093,0.09889521706173678
1.1461852710521523,-0.7433859907593907,-0.0825133496037567
-2.6343992927200057,4.339729342844936,0.698909653642152
-2.0057346381073096,2.897929107679179,-0.718569890910852
0.8435200311845445,4.816267448506968,0.44912383298969855
-0.07539100299738949,1.8093469047784456,-2.1289055444497773
-1.0210759650633794,1.7703288262258359,-1.866524633765326
0.0020593005253553075,2.0562580537122095,-1.880761469729035
-1.11148068474976,1.3463277882955695,-2.2482482686608596
-1.4393856549431374,1.4074215796092133,-2.1837057361088736
0.35141254997808935,-1.6461953725949159,0.9295499561366041
0.6492759694986682,0.7026722333449227,3.080280757722344
1.5439915276962957,-1.275597959638238,0.9080728671351659
2.4678872671931398,-1.6743019715257663,0.8874621675546008
-1.6155916448928043,-1.5636775097085145,1.0865351743957143
4.561898316490777,-1.0085008847815669,0.6741030538139233
-0.821944893164733,-1.39174189782846,1.174804666363241
-2.896620002641255,-1.2759701200361897,1.3971241467011728
0.14231560455151854,1.187864412303414,2.321103649757165
3.052673947512163,-0.8752204612528549,0.16915324784478672
-1.9035107013149595,-0.5629300226122586,0.9859884566015851
-1.568719492067637,-1.0896491040896557,0.4798302761078633
-1.472431487722145,-1.1245812931600916,0.41605779083787325
-0.1284693461963128,-0.44564000125201725,0.8606720349657131
-0.057480719834531145,-1.0240851805609634,0.5015993009582782
3.2481908101197665,-0.7927949963316144,0.19026308699234556
-2.216970137071058,-1.1981889582008103,0.653101751179929
3.0487542658246674,-1.0385675825475313,0.3331818126234754
3.138180870441559,-0.9740108652225574,0.37015586400704587
2.36269477131732,-0.9744191227273574,0.34346898354341526
-0.2872798534531556,-1.1766412478954134,0.4923622415141896
-1.9416369819419876,-1.2682835443058338,0.5965063974672921
-1.9379788882727182,-1.27534820792758,0.6004714228212195
-0.5449245640544057,-1.2373390835003772,0.5694053107808685
-0.3587289131605168,1.5695988681939714,-0.36925563807000367
-1.2179076132990199,0.5498157875575652,-1.381318369902842
-3.5006222933295534,0.6702962471474465,-1.2262410694503392
-1.9488397773829091,0.5890610014851249,-1.2791304993421058
-1.7930429936454924,1.6786990868755365,-0.2592564970784853
-1.2653043129058779,0.6386147933875228,-1.2722413505867551
0.8656169727895687,1.989914878426393,-0.3421249877926482
2.224119564716511,1.2664040896724873,-1.523197932812316
2.780285236809473,0.08655274123291681,0.31385918864419765
0.9576169633961276,-0.6251304041592701,-0.05453006327300606
1.8750266794559232,-0.7055760583573114,-0.07136857555612783
-1.5293407370397416,-0.791267135874255,0.06491768463515099
-0.6709330470562304,-0.6744884546683694,0.17789184976402997
0.1955269892038763,-0.4603137398048266,0.39208748102342644
-0.6203823141625877,-0.7193805422990514,0.12228418994088538
1.8825107513856416,1.406816857749192,1.8402803831240104
-1.9260037693109857,0.3086010247622738,-0.9601682702964858
2.0350056739718414,1.641109556375697,-0.2881265922591641
-2.6005325186439316,1.8914423144203414,0.6900444937164334
-1.324264213145179,0.3601096193017084,-1.053642184738172
-0.13151136536198857,0.5628548669802024,-1.036435488600251
-2.5440431947631943,0.22016543610856334,-0.9519506691905923
0.4114413046130117,0.2361263433622674,-1.1462152078147185
1.4633637459562168,0.48207708918731684,-1.2461968229589844
-0.9350750649716337,-0.17956996350886906,-0.23807812024900535
-2.9718174071127987,-0.23824877699542243,-0.30788615177722733
-1.614966700634779,-0.2657139303704007,-0.37807995783319115
1.887772542597823,0.2693686249519896,-0.25131406748501656
2.5885006349616133,0.18034860501708086,-0.5521581916565805
0.6807321344551,2.7896060406959324,2.2386037739562386
0.4736062557591245,-0.404809350931462,-0.5123999861511612
-1.0220633595861361,0.6356675470403408,0.4831636973978768
4.271378933561996,-0.9250595863070239,0.9080138535579554
-0.6357588835672484,-1.3374685589214608,1.1067637245625563
-1.553962588356978,-1.462234250006025,1.0015066830338077
-2.836630302534386,-1.5603868660560611,1.0862502120815178
-2.2477079966175295,0.5500709505656921,3.1435534206426397
0.040746925411693856,-0.4612250106067632,2.081897838734387
2.5150547258010274,-1.7220690690922547,0.8353274366844993
2.4968608259115137,-1.4861283652916608,0.911980130300893
-1.9055734050158504,0.6725027152828811,-1.363972631137771
0.16264120198118034,0.7746467806456787,-1.499644434201815
-1.2232494231783089,1.3297610118082563,-0.760953163814629
-2.2056494809300706,0.8347685785596004,-1.2014273797038826
1.712846310353874,2.3031095735262244,-0.47653696977837706
-2.2070173966598965,0.6313571561362202,-1.3995524850282144
0.5279949971831309,0.8017821336699089,-1.5384894847125834
0.6078701567005931,1.1564027960191674,-1.0915448860344432
-1.1782449676102544,-2.097014953868849,1.4239083926143816
4.262589073723518,-1.669617655849059,1.1521601173431857
-0.6924891909089957,-0.6123706720389622,2.9010000214637524
-0.9317523211687141,-1.0006135382349983,2.5852232959550685
0.43805652262113065,-0.7554357381249103,2.647967408291392
-2.7034998142041546,-0.9490283393297108,2.591657712221439
3.175046707974217,-1.4771111700185575,1.7861720273595274
4.066169136032664,-1.2673938138317655,1.565608237003691
1.3816845519611918,0.6929915433720478,-1.4588427605197964
-2.096669420995937,1.587818243267925,-0.12802281720121797
1.2922169926492169,0.679341419415998,-1.446297730125374
-2.5853550158500607,0.4548959898980807,-1.1806295031782066
-0.2680209682991255,0.5659173007019971,-1.1557654683596366
-1.4750341708946262,0.8546212617336187,-0.7745052686634774
1.5368691335658218,0.8188751222344245,-1.3817998541021608
-0.27708925821948216,0.4144873317292028,-1.3046154067542979
-2.320857700996092,-0.9697681999133888,0.7959244710436232
2.6848371055820506,-0.9375324990890763,0.25514587754566204
-0.4289448742709472,0.746542269306277,2.370210314003317
-0.04714673335989409,-1.101831162393247,0.3903307887537334
1.6953572588061965,-1.106729009322288,0.3579496459027037
0.7677818428757625,-0.14825266585483496,1.3924536419931282
2.0144416868049464,-1.1156841519993301,0.3426466084375065
0.6962807078549943,-1.1576518771815913,0.3722491722039247
2.4101728410678454,-1.2811845771122274,0.385056780598137
-2.327523397780574,-1.2885348649509076,0.6398820226484987
2.242758464084083,-0.5216366569546204,0.9603073043429283
3.912968456278648,-0.8475799705158014,0.23587076242767763
-2.2298265665146557,-0.2071218009099767,1.6675271597577974
-1.850072103795059,-1.2804060134624256,0.6065309928014005
1.1516385501330901,-0.9207807715050956,0.5528702585375972
-0.4993045214412959,-0.38425096412514886,1.4236618838014883
0.966443811732663,0.5262789446733749,-1.3679806112254658
1.817099303405652,0.7840020341414419,-1.3569218154133516
-1.9225584907604047,0.46465301797383135,-1.046900944407275
-2.5916709013470594,0.43600482174465754,-1.0668006555197176
0.5558444975020402,0.5531181642583378,-1.2791317555035526
0.7074607502508856,0.9221571547031614,-0.7692854132409847
-2.553785459329265,3.8952214844413007,2.299867789878893
-0.87395020371083,0.7518395047701272,-0.9881638481908293
0.3114913033280847,-0.36695444861666526,-0.4087635050248016
-0.8927068930194283,-0.4466379074282937,-0.3388395064425643
2.1064863028921814,-0.18846107831639053,-0.49162118133274507
1.7766323760203224,-0.36048130759732877,-0.5043727933331505
-2.0458887928684315,-0.4068897867736749,-0.21116404048543058
0.8449947048678356,-0.3535888564134366,-0.448026616979606
-0.8940202954746618,1.5764776160716836,1.649631173609457
-0.6356318839852118,0.26929955824665525,0.23171283294261477
-1.6116418542566546,-0.40112491783049903,-0.3439669872694959
-2.4734114415203647,-0.3598973454696697,-0.23632431264319856
-0.14608000657018172,-0.3931545491880479,-0.3654758677326908
2.29352631409933,-0.126585297024846,-0.5654576684534255
1.6856340993787622,1.3320004423677325,0.9955334356729487
-0.44499791615461426,-0.26527055644981096,-0.3655665183328212
-0.014341157231557593,2.0134546533457107,1.946934842779
1.6123686960721393,-0.3065023295894947,-0.4763753941592161
2.2286434555437613,0.24779290126303127,-0.8970933693680555
-0.6388955425828339,0.9363743891035672,0.42687773579570293
-0.21485218909210674,-0.016837386276391964,-0.47305013327039164
-1.4781115554277116,-0.13383527899778835,-0.6359939351192562
1.165396344561927,2.3893599219509962,1.5804015027051517
-1.481787139887928,2.4495210410954105,1.89712576687129
-2.3679634379484233,-0.098493842913116,-0.5234727439246908
1.668010033537986,0.230267025297539,-0.8823654726528509
2.9685431388031445,-0.18704149933717112,-0.2978857530235133
-1.7820992547745844,0.3388497928043441,0.9541146597632485
1.1018905336901879,0.8792904989008614,1.1178778370696378
1.7132781063443416,-0.5800423738825095,-0.18507523310744942
-0.933883464952777,-0.6594842346730675,-0.02460849518209977
-0.5357797478222467,-0.6155248163147866,0.004428163028533914
0.4694039070618071,-0.4440033267432167,0.07781829075124987
-1.781129116899618,-0.5298763908632875,0.11422325869118923
-1.3420875515934367,-0.5099778547921807,-0.037408344293004436
1.8705434791361115,-0.47276679677600286,-0.28993799408327225
-2.3258006124925963,-0.5796446953025902,-0.017295609421448557
-1.409705078426256,-0.6186689500995957,-0.12898106935857784
2.354372446435169,0.5196808152972403,0.5321687998893535
-1.2645890628709062,-0.6294160603865915,-0.13443001309718533
-2.7845410240413653,-0.5821285790711098,-0.06320853779079293
2.0287012039593315,-0.27613922557197335,-0.38188775148006066
-1.5137607199975063,-0.7536638037273489,0.01815020575686308
-1.856227469650577,-0.642901344036342,0.1336736697483399
0.863308203182848,-0.5983114498110873,-0.08940282713393204
-0.8615312988989239,-0.7538932830925409,-0.02355370848714523
0.6048898777764666,-0.6341116270122255,-0.055298316475282175
1.9027537816674027,-0.6434720813760307,-0.13314336173296873
-0.4117795457362463,-0.6727386803370505,-0.04733183624513863
3.582027227961891,-0.011282074051542464,-0.1980019249890718
0.9553519681533332,1.2892287875437987,-1.8491908035464009
-1.740682782227827,3.1326863491417822,0.384955279721918
-0.8935763823479307,1.1673919280071574,-1.534690537527382
2.189664391017253,1.7295195087403388,-1.9092996420090298
-0.7241380564365225,0.941520647266035,-1.8076849543851008
-2.255961753042832,0.9313025649678538,-1.7065021136431329
-0.9032732669314377,2.0307914349263,-0.6912285073691593
-1.4648204325337597,0.8917156845876141,-1.7365341434573112
0.6713378902638284,0.44003827356453556,-1.2821427209614755
-0.7160125836482012,0.4256210854085266,-1.0824493858118942
2.0979198926626563,1.5198438057099986,-0.7745966179258412
1.1127653310074486,2.964045380193235,0.9967055818465781
-0.7972105249136247,1.6833316241900858,0.16836864084551026
-0.8989278702069406,0.2905263725853293,-1.1526783127099405
-1.0918098878902165,0.426156555840046,-1.0593310419436288
-1.7600062047522997,0.48935451962111554,-0.974388008421223
-2.8908710045099526,-1.040936350264855,0.6350273029054639
2.5504342472703803,-0.5665398250670151,0.7761964751770454
0.3490623026958413,-1.219524270235616,0.37297380125038027
0.7075911773733391,-1.1732869016103928,0.402674461853806
4.635520652381689,-0.3575939420976692,0.11686968155010524
-2.3588963002416663,-0.761468751722286,0.9116316480212712
-0.8052373973658081,0.10328867631614658,1.3713927314769756
0.5884310318441516,-1.2434980329457634,0.37052634298382514
0.59541083734975,-1.1410823060895163,0.2491869304512235
0.3053952684285836,-1.0722029688978751,0.30723898800939337
2.3313751997670025,-0.06731413227919078,0.8152080410937361
-1.6423292978695052,-0.8233098205818717,0.6037779929434332
2.1545781234032915,-0.9391120901574478,0.16888947634614923
1.3406921174549462,-0.899609065643609,0.2001214662973956
-3.8485694386098857,-0.9385844754507369,0.496370302755355
2.8772751188908408,-0.7042965316862075,0.12487761336484259
1.2228196368157636,1.142598435097104,-0.20433462590378437
2.2313157536374524,0.8182155713880884,-0.8873692868070627
-0.19259249352240318,0.37032588034785874,-0.8243519810420177
0.355756352866056,0.06435353887455576,-0.9749495148230657
-1.077153877970103,0.8808735574988542,-0.0936847230634792
-1.560148048086325,0.09535094663828585,-0.869705938435279
-1.9181821077702728,1.6778712156755307,0.6852615098625584
-1.2196524177827224,2.7632949249986907,1.5679592061623011
2.085739409934146,3.882566252546686,2.087535533721953
-1.1295347594863971,0.09829771767730072,-0.9280481424459004
-1.0383808992815842,0.22006420902250146,-0.8453472335394018
1.1623619384061206,0.31494701318905194,-1.0628801141534205
0.7489546237191808,1.0780249501566856,-0.39783620667862757
0.2043089339062621,0.12496202585486006,-0.9494542227557672
-1.8183852559721827,0.15456714438657215,-0.8379900433975558
-3.3658755706208914,0.19740184516216,-0.8421813800995523
0.3819038799866032,1.6659842424202713,0.5308999948845056
-1.7439218506504959,0.1779480537713408,-0.6607676554406948
-1.4415998458452797,1.5375604648358994,0.5902074527248963
0.5787123582157694,0.6495265473289921,-0.367027675949042
-1.5034861714229844,1.784371022633958,0.845459940123603
2.0952054326963547,0.8991190176589136,-0.7548486975804632
0.875820874462526,0.1578796824673541,-0.9952353289920001
-0.6079799117704752,0.4659814860433017,-0.6069464779631861
0.9209501940872253,0.553761284961079,-0.6031291024051074
-1.7489707939489432,2.1917637702121007,1.2499273160979552
0.16347121169903894,2.0025582262028543,0.6384030652575121
-0.10388818376715613,0.13674185287867469,-0.8250645340771414
0.21162572150960232,0.07738692193898909,-0.8900016611178446
2.377469858766807,2.6030330043508814,0.8424091685971776
-1.7133353721571047,2.603796731673086,1.6414524173390743
-2.442599698755273,1.6575475563777933,0.7340430153596944
1.6016564730112055,0.04023448148483532,-0.7300525671328336
-0.04665059527548934,0.3006799171255411,-0.16932033710073877
0.3159073779780015,-0.03460303910314935,-0.39665293094233817
-0.9230873227556088,-0.1814209975723399,-0.5477272659611243
2.8741632608878875,0.2664267890812235,-0.9556583232058242
-3.9414493306951495,-0.10146199592776602,-0.47720989563140115
-0.30514707189022355,-0.2506690709801933,-0.6265736419522928
-0.5231903673927948,0.9427508988448491,0.43951052937960783
3.035927952617408,0.22218386023031225,-0.20470502462704
-1.6381970932333998,-0.5747014126425983,-0.16948373749468662
1.1315254808276904,2.495219886879882,2.7713490699107037
-1.275085776989323,1.0720519434672755,1.2784938858220984
0.6832429260131487,-0.3802956590145971,-0.21774229228177422
-1.8509578969677158,-0.49045810818100427,-0.12436562777153404
-0.644236657428427,-0.5837884124473959,-0.22769377330319515
0.3681128057592557,-0.16501638856002554,-0.006156052153276131
-0.5499505049712324,-0.042272279835740986,-0.6869325130622576
2.8135322897374757,0.5872555781686015,-0.9892422144868204
1.135427761440986,0.041741106239782576,-0.7881645317794671
0.312365828094957,-0.1460237819523865,-0.7622940881602246
-1.163398489967203,-0.1280765351808642,-0.680492963683691
-3.8951132309382808,-0.004895523465041869,-0.574866942386546
-1.6276069154246762,-0.04109402404605802,-0.6198421833256136
-0.264940286585707,-0.1663450943683823,-0.7167288111179091
1.6604221078451171,3.2281402891560367,0.2177267979867489
-1.3159997746294916,0.6709781806508321,-1.5213214767496475
-0.37435737650818895,3.280044821099907,1.0150294181667112
-0.21645436608979388,0.7652542363422242,-1.486749711032698
-0.853671631863976,0.989910026211635,-1.2599560552272149
0.15137069856260774,1.0025007041665026,-1.4348141181945802
0.5182933770392195,1.4333470035836606,-1.0755218530893027
-1.8704000100671316,0.7033383322620801,-1.5034419153903238
2.4326006649621816,1.2783170269001378,-1.0650105233650837
-0.8690133180648745,0.3020388635520952,-1.146438696115469
-0.1248776283674813,0.3594668090427006,-1.1472410608129915
-4.463853677057969,3.622490201488929,2.137050747882453
0.4231356617297,0.2705507860354271,-1.2109958679014114
0.9822793584815324,0.5631438377952638,-1.3046054459087717
-1.1061062285634984,0.37659410267053645,-1.0943983782318407
-0.8722926257401413,0.2992233962958969,-1.1446188594110376
4.780244453240432,-0.627846756500363,0.09506375964493594
1.0351998751727827,0.4967184234948946,1.8559495711992442
-2.0943624726928225,-1.2520445900271546,0.5877311014101129
-0.6399882043013694,0.49997408890119566,2.0642439353469313
2.4345781105058744,-1.08244417501516,0.5941932163338173
-0.8118555440183155,1.3515617836449028,3.105624014973335
-2.8885186686112956,-1.151306805488102,0.6614147086637815
0.8731517452612568,-1.1341106555771037,0.46344636506044384
-0.7772125656608776,-0.7968832306098502,0.21577369678850358
3.1888795416543227,-0.41754512541933464,0.013479841108224366
3.4209029840317045,-0.4107039741665919,-0.1100509924931012
1.4119504599702988,0.866004461363219,1.6147880959400622
0.39163958428853823,-0.7631404438062128,0.09520371444708103
-2.4736997039553352,-0.8150309978803282,0.25494420711995924
-0.6058547081606571,-0.8703213442939645,0.09140156552419056
-2.0363402059202866,-0.6206022169401458,0.43186786034730834
1.2200546196444437,-0.14273016122629037,-0.5820523701952632
-1.6488988686085844,-0.15803469820460528,-0.2891982451618089
2.430731882856225,1.3089041647159267,0.5033649299753199
-0.7012520087202074,-0.32642760271265536,-0.4897472324668427
-0.48206466297975864,-0.23236173867280985,-0.5050247280165817
-1.656639339910171,-0.3096510023467751,-0.43800589906256177
0.9758543318484779,0.0674273326844461,-0.29604462197486725
2.220722086261262,0.039555279519240434,-0.6181099257571077
-1.9243876360356433,-0.7626421745752265,0.060285026496144346
-1.000383366472063,0.3153229556383648,1.114311187295977
4.125266011090235,0.35416807205906786,0.04802924337208231
-1.576265734492161,-0.7756721980188986,0.045906689781378726
3.1855239429009274,-0.1043435936332601,-0.11160804851438952
0.14330024571025432,0.265361388922283,1.0681173219278897
-0.12469268020109524,-0.8297422365675091,-0.017870984833940947
-1.201453477725312,-0.6444836060344027,0.0009482848928847227
-0.8389665716158125,-1.1211334274547184,0.4546994610391322
1.7859037404216846,-0.8938749317708159,0.26401709789831646
-0.681364732924213,-0.8607275792939646,0.5080863865781592
2.4537312381580088,-1.032874187195717,0.3225541390873377
-2.3599006162351888,-0.10331639388162787,1.4648527289770918
4.310535850811099,-0.6426532639242363,0.022099999341422778
-2.321752080572588,-1.1135841352591158,0.4679627864664021
0.6464264792869476,-0.8510549666181576,0.3141934479219597
-0.6482623685321136,-0.30535120386759257,-0.5280004481059953
1.6710281064908612,-0.044617727307783565,-0.7140464755069832
2.385615900078894,0.24223665614003467,-0.708796190710878
-0.5339414436082512,0.7261037835439711,0.44872943213029254
-1.8851682668889442,-0.2586858783898327,-0.4751539215184587
0.5858536154931372,0.04928706009039154,-0.4388509228056733
-1.140220137554742,1.4277583431380794,1.0051908721602805
-0.035123876975560665,-0.3197489332658349,-0.5594036170654711
3.7164513493581484,3.067301802588532,2.6461102683358133
-2.4090281486159064,-0.6363670943461789,0.056324677561606806
0.8509836396375928,-0.5121109633122349,-0.16589383128569968
-2.060585830624917,-0.544364731772153,0.13907304997345427
-1.0934017694066724,-0.4393185520006019,-0.00433978286024955
1.647717993493352,-0.6723820909305214,-0.2091559150523282
1.5436796192498787,-0.6874032289588696,-0.2417178446195494
-1.408814124749718,0.03378021401241433,0.45291513285770474
2.4122316604449687,0.991943341301135,0.06834719884005433
1.195464353604285,-0.01032209703272557,-0.6270689891485176
-0.7405927763419037,-0.33336237826023546,-0.5076520906760751
-1.8091716640949076,-0.2579081500369952,-0.48023344095603554
-0.21886639409371395,0.8030307946332903,0.6162452570851082
-3.880886579230766,-0.12793946001984038,-0.3458254095477721
-1.784294047066056,-0.2104984245513369,-0.42992082519729535
1.2478168640240113,-0.12960069737676455,-0.6151387261896571
-1.5703994603288358,-0.7440009015594067,0.011359350180288464
1.6713519706313733,-0.48055480417325946,-0.15678923596979408
1.7891622468278738,-0.06897354780148969,0.40919800426870545
0.8267221659236124,-0.6176678465399007,-0.08016097048804961
-1.0212625392962131,-0.7279972550793414,0.044756830650386416
2.685272181696773,-0.08997444357113504,0.0018082540897536514
-0.5223156353010552,-0.7639587920780361,-0.04320285528595831
-0.8893176806994245,-0.6973784380460871,0.02009462766740956
-0.9162373154465945,0.4656734787658069,-1.1221070946220584
-0.4182915984537162,0.434684374255304,-1.1379359217398206
0.9147679636158237,1.6833356514822506,-0.22880443315536889
-3.5226965600301803,0.4874100373381272,-1.0470673980482643
-1.6604213438160977,0.7186524345063102,-0.9021194946602605
-1.808024668862897,0.3848259214286872,-1.1750782527403976
0.9334618563542786,0.8320794230219841,-1.1832080842676853
1.6793678110181276,3.550924958653009,1.3073976555434905
-0.9723276758116955,-1.4526408875688206,0.8151403836802359
0.8987921117445062,-1.3128014827809011,0.671716655865254
-0.9582163364035908,-0.3348025424413379,1.9050382520929419
-2.5416967095357967,-1.4674171404985945,0.9209003896385176
2.9068301626423376,-1.3289666281380583,0.6280999591907279
-0.8852512910041487,-0.624241667834704,1.594845381874043
2.180865812357713,-1.3806738908680039,0.5496211838795145
4.5016196588364545,-0.8129277958388943,0.47690435780992135
1.8658427584191994,-0.5111077765741026,-0.2515533170908121
2.5260477668515073,-0.28390089735825197,-0.2879339099315867
-0.034315934328584284,-0.5516217242168193,-0.006165030591872841
1.2149218145363057,-0.3318509014917037,-0.1801717738706109
-2.408128238624609,-0.6514416815219879,-0.034751886704023315
1.2934639644203363,-0.37084409973600496,-0.24066084428795198
-0.43066959850647185,-0.6581108276620754,-0.15298055284851403
-2.233613049483098,-0.07343884478050808,0.4905143448937804
0.15220075665774777,0.12265152770347237,-1.033716795064087
1.170696913546383,0.28777612707243466,-1.1355965366219407
-1.1629024943412902,0.14753384412709605,-0.9641178043591294
1.6962622959604252,0.7966987443143057,-0.8541269587276045
-2.3097345242907488,0.13876568840816733,-0.8876847787816866
1.0596429704088197,0.4742073268118344,-0.9218088494160107
0.23494442702733062,0.8254647049635131,-0.5216361280115024
-3.015345923846098,0.8066410804643401,-0.2780028085068331
-0.3101915926512909,0.7745619736857556,-1.1449331520065584
-0.17940039632264929,0.4651584317465554,-1.267969404004241
-2.105255308347712,0.456478341620704,-1.2183358880364943
0.8132965977932326,0.6273521571476259,-1.3668221889797372
-2.0358660232476913,0.6667224951574349,-1.027665969214833
-0.8657679215071796,0.5719802647608166,-1.1283118485454737
0.7842369282226977,0.6725040236857373,-1.3124544109937968
1.8259528768632953,2.0447007206937244,-0.40124810239196557
0.1452302006576932,0.05033560691625389,-0.9429756990203136
-0.9711157164110599,0.2837794350020045,-0.7960368269032679
1.597935099438864,0.31017923859503216,-1.000814328174002
-4.095983578478536,1.1585286490981057,0.26649741246318953
1.5482756161748632,0.6897387411639819,-0.5575459282955468
0.2675294879125993,0.057659012924171284,-0.8784639255590785
1.703514945247224,0.32811961324871886,-1.016694794528242
-1.8459645860862202,0.07552035768437625,-0.8305084185599428
-1.3194502868411648,-0.4128945497639503,2.5393829956413696
1.6235498591571842,-1.7791914069913144,1.0600104874603347
-1.3291915470147726,-1.8334755743038433,1.1505777103329922
-6.061898641414641,-1.5164666293998492,1.2745187904768405
3.125061881448611,-0.7300212074407015,1.8351176906587796
3.5984367661188994,-1.4667353233781717,0.973198450059995
0.920032205601854,-1.7700451752816877,1.0240698489335476
-1.8641395367569193,-1.6052368477834198,1.445093815291078
2.410509956611947,0.1992572868672831,0.1148681396034569
-0.38440269578375535,-0.47177024113097,-0.24330624924428926
-2.050881123223627,-0.4730124752095899,-0.03281025897708137
-2.9539922088028936,-0.44391794387396843,0.0090502166251161
1.42621885202206,1.9305049887327086,2.2223855418620233
-1.2854840270462287,-0.4495118656339114,-0.19753260288973196
0.19723409232626435,-0.33559605836263534,-0.12330290155059918
2.1028619587039925,2.5182623197597596,2.529322590449253
2.7026639898826854,-0.4995066132855344,-0.013206360463794895
-1.8871692848739634,1.160135221751395,2.0585672435558977
-0.033181395917031176,-0.768434246042402,0.1325675150225394
3.062099208217849,-0.2709097584327552,0.04423485661035606
-1.128355030748271,-0.8156986128463998,0.14957962131413444
-1.6606917243745913,0.1675787651443385,1.1167461977954891
0.737352769289071,-0.4845989831928239,0.21176215835890064
0.5393957204812923,-0.596466149096118,0.3114240753487407
0.9326528689206527,-0.18182692306142106,-0.31442446709409044
3.8620679141650402,0.4036532684443559,-0.6155477807116655
-0.8324968876075513,-0.44665627179716644,-0.3412027376906596
-2.0011360857770826,-0.160061745277396,0.039355218826261314
-1.0439421555242734,-0.3806952534237799,-0.21041012721580923
1.6001347390467875,-0.17406661959656552,-0.46494653073041675
-2.3895032403120036,-0.4631674019377055,-0.23504904113121008
1.0906777908789251,-0.44259510072956754,-0.3129860646288595
0.523984101418104,-0.30696992879426377,-0.49061702675113794
1.9378796752763894,2.3094922652909813,1.830301854585161
-2.2406303403047776,-0.3351036521223873,-0.3782799318934547
-0.7076314172340724,0.06431522647547909,-0.2555563761638438
-0.5162061678033038,-0.17618787650909967,-0.4460665432741317
-0.9236740413319714,-0.30934516397015677,-0.3982995261485351
2.769580818397169,0.1465918001253925,-0.6512981440997933
-1.023796847401056,-0.3132293186026413,-0.46595362078735847
3.7558933192360424,-1.1912789715193706,1.0715582340661367
-1.6972443180958998,-1.6791402642317756,1.1172516646801833
-1.889757172236734,-1.70281574150176,1.0658980665971358
-2.8675380826689287,-1.6254444470821303,1.1625981275410626
-1.0084673562209152,-1.7255723965374423,1.0214184243290643
4.183740729114465,-1.356559682541519,0.7215450894748909
-1.5043145432866452,-1.7079804160434608,1.0450111454221969
3.5559122571204367,-1.2941946767461512,0.8799363820627082
2.2853612599652484,-0.5539499875174624,0.16468662420875718
-3.6187844197461994,-0.27053090617071884,0.8214377041102766
-0.15609892404216053,-0.9369293798288422,0.19488129872796953
0.20190972926233794,-0.9447955121145232,0.17696927338402865
1.691219557068428,-0.8035768701586783,0.05647241592458194
-0.24769596239464625,-0.667548578597632,0.26002397330450616
2.859760342556891,-0.10464062411457642,0.4276349864243446
-1.7106691896602286,-0.7928091326456024,0.36981392281582676
-2.090105082220847,-1.002560877114214,0.4260557425187153
3.147334477391453,1.1478821428040367,1.9605188493875954
2.431050071524239,-0.8086350989000355,0.3152689987854601
-0.7448761477888038,-0.36995978515077127,1.001181124485678
-1.9619584455220986,-0.933610836209797,0.4584900369444118
-0.6681217529399391,-0.8271986077809058,0.3683293853522124
0.03542416001573756,-0.6458480542368878,0.6100495338525472
2.527482507980492,-0.9486649070204638,0.15438460752970204
1.6708154534957995,-0.0866723483643121,-0.7813960480384886
-1.2280569168545912,-0.1617817946016008,-0.5313180121514857
2.222826680521947,0.07206012834759518,-0.8514998015043178
-1.593232941575895,-0.16101744473028373,-0.5838727075166475
-3.4348936485215207,-0.13409716558573345,-0.48441074328908784
0.95525782139469,-0.06923862041700629,-0.6671729750591651
0.008062577032071201,0.05000296122394742,-0.6999697077596906
-2.3418234780560847,-0.17191442849518623,-0.4557562805116947
0.6172578178421099,-0.38174100943592076,-0.424145379938505
-0.9481205104387334,-0.42186638087143385,-0.2753443668543264
0.43285655898848646,-0.4297876213447816,-0.3582397325866032
3.4648873952194674,0.2315010588426675,-0.6296660502041043
-1.3590821090330456,-0.43105515119492877,-0.31973577496724576
-2.3433918825792492,-0.3068618446162753,-0.09578769893776293
2.0583797843541567,-0.23703573682419454,-0.5442525173036349
-0.1547891924688359,-0.33500669270840244,-0.3992780898213391
1.7072339070987508,1.9326516995628134,0.41274298496389544
-0.284792280605123,0.4054157013058142,-0.40595779505256807
0.457972036022371,1.1973244839470232,0.09539363329031036
2.4440059763514084,0.5824307025307008,-1.1345842980140963
-0.6105492969625308,0.01964680910896192,-0.868814408932205
-0.6425296474033805,0.014307693911324578,-0.8640600262541729
-2.073915088978191,0.07365236104956041,-0.7294010002670016
-1.5325235673001718,0.09901363274584173,-0.7761099804985712
-1.6561624975346534,-0.9703897465895598,0.5689651459509288
0.26025528398089154,-1.1672643698844367,0.3228738263747555
2.5921208877354185,-1.008844211428046,0.2158055565613034
-2.321119550371319,1.4468952006661107,2.9242520232364613
2.034920294818006,-0.9117843897464357,0.17188819486427864
-3.4192747933897976,-1.0235374152989998,0.5526450535791336
3.0538691043624184,-0.5615208132419133,0.4572680847150334
2.0078402492193854,-0.8636346690059153,0.2243947476105914
-0.23118430886782004,-0.6227856555250694,-0.09367781399303005
1.0108103450154307,-0.6127129323007613,-0.10069043581363776
2.4576154143703466,-0.41462867519893976,-0.17302047484331137
0.3335767216428634,-0.2217249609093721,0.4514569698889454
-1.0099753448443807,-0.7494840201277132,-0.02649850664110754
0.07453840446827775,-0.7664465947839296,-0.00966212297812326
2.7640150052612373,1.7836141545127653,1.8274967373468831
-0.8162541736882087,1.664805383898771,2.2782647033983374
-2.268118206928253,-0.4413526631863147,0.7650076745087584
1.2045672013853104,-1.0305386412467412,0.09258732047585695
4.5311831626593095,0.9113230321629043,0.781761018238025
0.07707557472281909,-0.32768964208631474,0.786910371809584
2.110079635223708,-0.5194581775181133,0.3491464370157048
-1.8561670944655317,-0.9526944652430867,0.24591252529268026
-1.845445849910528,-0.9000224922197677,0.29385006366830785
-0.21629933742543178,-0.6012389603359606,0.38698461749477586
3.1882497275669124,0.3002522107441781,-0.49645251272761226
-1.6299852788984233,-0.37439846593094944,-0.3624822715734231
0.43470966434318997,-0.263652887331528,-0.4280276834487143
-2.1366786773293143,1.6379561741722206,1.6622985795552703
-3.0793958388669065,-0.36670080609436845,-0.27599337642930866
-1.062481233241856,-0.3972142478505544,-0.31163033236723
1.893014993781698,-0.17553549138230656,-0.595183734652669
1.7709799174515144,-0.17004996457707908,-0.4094574364247778
1.012441964295002,4.076959112862439,-0.11272926970581414
-1.779050785900464,1.2720979206427785,-2.112733056113921
-2.1167615182911828,1.3854686182838583,-1.9989824028877476
-1.8472390662802887,1.3129138001874108,-2.0538385323935278
-2.1736435719528715,1.2883736283091771,-2.097910322036886
-0.6772254722451533,1.566172064672639,-1.8823802518541544
-0.12314727187073538,1.5422909111667098,-2.1302281592545658
-3.530809220696819,1.4816881500129782,-1.8868624535085223
-0.6172211893952395,-0.06616862319709223,0.15821480936823287
-2.3204735662473284,-0.5236335764627121,-0.07621947715371376
-0.5205232391678928,1.8476392046279149,2.150448429348249
0.19809726807620429,1.2353903840427942,1.5868525881110378
-0.5484795188041949,-0.5916782543942858,-0.22742036790781123
2.232902384269581,-0.33397277693570315,-0.44390687093101566
0.5059418194126297,0.0953479287123706,0.231513466331798
3.381117213132805,0.09219490702567601,-0.49136336217472437
3.1237990583243374,0.5051453498982182,-0.10004683712372993
-1.2015809107322373,-0.44118164415586614,-0.23736653223461313
-0.4353935006668341,1.1503073139093885,1.1388410565441236
-0.7418350144762051,-0.48802032533011713,-0.31695324486473125
2.2103455780871233,-0.27087132096864097,-0.522676692515608
0.4756190669460928,-0.393818796724183,-0.39607644133367725
-1.1046868002354324,-0.4860258643498195,-0.2953469164170043
0.15068206896444863,0.6783240994116845,0.6628168592702549
-2.157384795408458,-2.2767780297447957,1.7800642960128912
-0.8014685395068583,-2.199034699360907,1.806957237739213
-1.3460017885779405,-2.1957272258576364,1.6586296971020071
5.444327688667447,-1.3822578816605042,1.5311498678468816
0.5901687407399666,-2.3840840534222214,1.5893100550556085
1.4720655211899736,-2.2423737774726726,1.5080957599164873
4.051507488758365,-2.1698069951094126,1.3550938182456584
2.544965250725583,-2.4419125936065234,1.572861875035332
-2.271916645492869,-0.097140611742966,1.3439257195472303
-0.08752211373376016,-1.1462441258107068,0.3097445903547045
3.663351681300253,-0.32041046325100575,0.21413561481511634
1.4028569214236177,-0.9787605659570535,0.17818502534797812
-0.506075140461908,-0.9885624054867955,0.40597552441895396
2.427895680625752,-0.8623423963675301,0.17516726398033564
-2.1890971937719694,0.025795462099830996,1.4263612185251549
1.029373843360807,-0.45971441864737883,0.6908081261901251
-0.7513426143316423,-0.43460098300429806,0.05297242977083776
-0.014859851273923204,-0.7704598475644264,-0.09400707300833575
-1.6520649705432178,-0.6966813504257737,-0.02799495813353994
-2.358874028472348,-0.6724143207549803,0.0023495304093410514
-1.8968569629925351,-0.6769415724852959,0.0522153371525515
-0.7485917018581115,-0.7159997324068075,-0.07561669957173137
2.6853811826782015,-0.41780381297567776,-0.17497135204047365
2.926432209262409,-0.20862613432124463,-0.10013315754030744
0.9795228835910276,-1.3103243220095655,0.7603048714698055
2.2823540512014278,0.6710458506288228,2.8679912534274403
0.583606282658948,-1.2593402868354786,0.8342271671809889
4.749340071057785,-0.713891707491187,0.47639009591181747
-1.4404521901944287,-1.507280766558218,0.8150469019276806
-2.819806298953218,-1.4454107745580211,0.9455900704315355
-1.77728732502463,-1.4514851059901785,0.8831535857050526
-0.9521848557541863,-1.540187344665042,0.8008341324447946
1.978642460940705,-0.5817494803753057,-0.19389255808727507
-0.5593109636122151,-0.6601384244259039,-0.03956941032730025
-0.10321021781399262,-0.6983579825894142,-0.049033727903098005
1.7973950959064189,-0.5280402637864005,-0.2402052090623423
-1.910154489411856,-0.39211467242557535,0.28611469092924113
-1.2441427737121649,-0.12309251216352705,0.37929920696366975
-0.006065994260863709,-0.7301346680510615,-0.11470321333049419
2.2723609059647663,-0.4653861153688814,-0.22603926989634363
0.27979672852173465,2.1304544056503576,1.292913186538855
-2.4783409541233277,0.18355792635513832,-0.4859394656978161
-2.49394311685099,-0.021131637032041815,-0.6825935952679267
0.4791225352672483,-0.07991210358580648,-0.838261772676638
2.408565003084511,0.3920205459165875,-0.9893193403593064
-0.24353900799534423,-0.0730744165223197,-0.796876508668382
2.4034995951221116,0.34183053758211435,-1.0390010346791263
0.19733886804786144,0.06522136049554307,-0.849352381083295
-1.9336415814360444,-0.0672431313372001,0.04871094143211719
-0.6860082928495523,-0.46189279843664405,-0.35620947199747555
-2.9869471213915992,2.8384174688893524,2.935390194666994
-3.3895799915422544,0.18100622016722934,0.3119065687634368
3.523454594323962,1.3745893424466047,0.43587452263489534
-0.6181672144742216,-0.4517591083779005,-0.3655946664108133
0.8863920780755199,-0.5462310792756185,-0.4127397002775702
1.7962500813817421,-0.32634349764665127,-0.5368728554955527
2.8804198374630747,2.1760147429720034,-0.3555450511340337
-0.7116451971281984,0.263506116421127,-1.1191130961097522
-3.0893470656604687,0.30055623508091933,-0.9896413251212552
0.27171047492578626,0.43184266042862984,-1.1461006145585173
-1.0379356720259258,0.3785498472225722,-1.006923030366686
0.38260199426222496,0.39486113389534155,-1.2094080496838977
-1.6345072020599425,2.2739540117367967,0.8572619962499
0.6297961313129923,0.6210177898813315,-0.9620801107403089
-2.113334167399043,-1.9506041910887424,1.651412248829036
-1.8120036657220988,-2.119597406956802,1.4927554777454768
3.1596572258919298,-2.050085705450243,1.1895771301025282
4.1202340103757225,-1.7308450619470035,1.388360915331696
5.809003324663838,-1.3003153529229283,1.1237989383148654
-0.4027476056115078,-2.1216601137761204,1.4049878592270786
-2.7558250852109367,-2.1011682133469423,1.542940862036974
-4.014897670056638,-1.9364878711864197,1.6864251945083315
-1.7674283969903724,-1.1040363388791834,0.4005644040581299
3.622573176856696,0.6490844355957802,1.3425646585222692
-1.677716615126477,-1.0871448287254972,0.3861028844221039
2.010449954919569,-0.7525092931249739,0.40690484596551024
-2.162590612169732,-1.049882509624852,0.4725864567170996
-2.384393851662991,1.866423168645058,3.3021038235828644
0.9745638156545089,-0.8458917931425134,0.3685875153650015
2.9053300186430806,2.035779289518911,2.975251083938153
-1.9088366863214676,-0.6923462381143928,0.19274271445628022
-0.8367556914192138,-0.6960177442219686,0.1273991016785543
-0.9961675619920453,0.1836061888771023,1.0483263626825525
-2.949872035881406,-0.6799287895789173,0.2513779122656817
0.28291448509315936,-0.7324792760507071,-0.02886333843274094
3.9694988413196235,-0.04705064116647342,-0.27700504095670025
2.5029021036604515,-0.6618105637808233,-0.20479371115397998
-0.534341784315037,2.681517940364703,3.4448251832310843
3.5956768495583695,-0.5050034175510029,-0.004156046934983839
-1.8963058690654464,-1.0585281414965781,0.3637833613322584
-0.5632901382445121,-1.0859241483553028,0.29475479503105917
0.25549892583683675,-1.1392178613611639,0.2713760094882192
-0.9123892286704127,0.2884632175344072,1.6538495007594722
1.0276759118223582,-0.8982432851958333,0.22124277478712995
0.06143193438669373,-1.0608735515076793,0.3190136917411156
2.6877629316516445,-0.7877511243993442,0.105735488524412
-1.0203442017258897,-0.724289534834299,0.04857085787820423
-1.956975089216132,0.5656517515945639,1.3369948748480975
-0.9662897298681916,-0.7122211455446029,0.038746627838260744
2.1187184518427675,-0.6634421663042481,-0.2097012734049421
-0.5283476744669416,-0.7527243962208756,-0.043458696439060064
0.4091367090414278,-0.5499794145644469,-0.008916738184781095
3.097189067106095,-0.2658645064489183,-0.23177501872796158
0.9609447072261228,-0.5143934436036346,-0.09051086152359054
-2.9402795790737413,-0.13840074198826474,-0.5285806503520248
-1.5728736648446329,-0.014644588237722732,-0.44987716699183494
2.780162664465151,2.9113780622230014,1.5455312923340512
0.23785421482770425,0.18103828554573884,-0.28585270361711435
-0.5954579736821174,-0.13303850174525092,-0.6018820439443108
-1.6012094831542618,0.41649575850574144,-0.16969310008606134
1.9206370674153703,0.2347288296477323,-0.8096911479546407
0.28841415408153126,-0.23498303309129825,-0.6043944312728973
-0.2781258337311536,0.016485838663078595,-0.7861704883785597
-1.177704620631249,2.4752226565480835,1.6404780668988923
1.01269321975686,0.8576099277077738,-0.37422977240827343
-2.1833679053868975,0.05253829939754961,-0.6844359022890794
-0.4287996552847894,0.11852484381152731,-0.8580004111047989
1.969246395990502,0.446565586776649,-0.8297941333657661
2.0111516151802684,0.35198589347424536,-0.9351974962726359
-1.800766809524423,0.0001471945563070166,-0.7568579648332303
2.2174052970522213,-0.6390747508547499,-0.03166411512110456
-1.5117583236604915,-0.7265554997020855,0.20152736489515813
-2.9007045966237652,1.6813751579608782,2.6077785588542333
-1.8735338244113031,-0.8199624512012786,0.12027866270283363
-0.6853481291334137,1.2616664620775864,2.1553581811706843
3.098280511379144,-0.10457974037327235,0.10903376264042677
0.30542966001434757,-0.7564992778303826,-0.002693843170354677
0.49524565703601,-0.7176233295619068,-0.03513446760127852
1.2401117700511592,-0.7407944022326417,-0.11108882721131905
1.0287620053052693,-0.6648567039104576,-0.13616425800729817
-1.6403623795685143,-0.6655265418891508,0.030209535503527084
-2.448446021563542,-0.7107048981006899,0.027051205833825035
0.17515809790226983,-0.3422060514047525,0.17450219397936517
3.3232585376622388,-0.07674436973135322,-0.3228696483732773
1.823755536911188,-0.27126892469806957,0.11116427648912973
-2.0040527351961117,-0.6634144028945166,0.05178915962433056
1.6334382790157818,-1.496867157215287,1.1245607813385001
3.4985241654156476,-1.5553491824542134,1.0663856075125733
-2.0306017318509815,-0.45759312365888705,2.543184352408379
-0.42995380151733537,-1.7392878811931118,1.1041279340903225
3.8437664510689804,-1.633441343015782,0.8281768000968603
-1.4936350216130492,-1.874932276265908,1.1953962635523652
-0.8272895630521024,-1.880418342884223,1.1560661422196876
-2.1348714720904587,-1.8402132179411745,1.2162833180374308
0.6195103167409554,-0.5821998953604518,-0.07171928252633177
-2.779498970711987,0.24912861720798135,1.0301915636644772
-1.5260353510247469,-0.7160755132301732,0.0865053713786097
-3.1844946445073368,0.12071295918194543,0.8922733259106346
2.0617737585093905,-0.6415148160519799,-0.13194488946562088
3.2116022312729386,-0.31737526988076425,-0.27839076605295343
-1.434005180206273,-0.7504101928816154,0.02259729504724233
-0.08524813467514183,-0.27902082133533135,0.27120695588473026
-2.049239521773277,1.4832698233873918,-2.190197622725166
-1.3629147996701951,1.514334519175793,-2.0975870424250473
-2.1668059080348163,1.4095593785676173,-2.220370721670245
-1.228183858965828,1.5662389044915161,-2.313248461634205
-0.8408234081051281,1.3831503576201105,-2.289623261791793
-0.4799389020451528,1.5130177974663264,-2.333100930526291
1.4417186867907952,4.820275110884885,0.1482582564141955
-1.6123494445578548,1.5857897619070815,-2.118102489797006
-1.7210915016643997,-1.0338324468845912,1.3638631108206016
0.5097186260229014,0.5624830112436533,2.720456178990442
3.570697552739015,-1.196423068502847,0.6009522947863827
-0.8482503476659402,-1.570963264023212,0.8277590934322189
-0.5501909085053928,-1.4767225157768227,0.8367402771924997
0.44334627585825315,-1.2422324123942687,0.7464449778772188
-2.6030340933730547,-1.2589371005068355,1.156871502416408
3.124381975523051,-1.3189936426675202,0.616113879963529
0.5880174389627428,0.13387101891633924,-0.8600247996351882
-1.9258128182460887,-0.002289371594676512,-0.7568269427555339
-1.2411991357498093,-0.03326865956388801,-0.7821054452806874
1.2647961073724046,0.2995805411385039,-0.8655381810671005
-1.5834028353338223,0.02499976398275918,-0.7901809986522278
2.1385549831966246,3.4865165117808488,1.9834171124707174
-0.259144912726145,-0.05051181432460399,-0.8349218358344991
-0.3980321806494682,-0.07360507382663628,-0.8143292475096207
0.015158247416619504,2.3728934021315373,2.045763819950097
-3.2176966900618487,-0.20319931757986343,-0.442518227631262
-0.882429443294397,0.03835398324890649,-0.2569763514731421
0.5901576100968905,-0.18275077676244958,-0.5369602001409175
3.219235685545785,0.4190437750508775,-0.9780545445110309
1.3518105157949531,0.030313253614178005,-0.6779386172856768
-1.797822151898472,-0.18860787222051986,-0.4611846485628019
-1.404124440669569,-0.1407544927614655,-0.4342125665040899
-0.44849335737443025,-0.7060196998121272,-0.14498135922067612
3.379322119631304,0.1483244990931907,-0.261231318872205
1.719025105686133,-0.4651551720607657,-0.2833253234895837
-1.2322827905135652,1.9350299460714175,2.4069759441639675
0.9312464348900992,-0.5643404309784456,-0.07743070166674111
0.6546024921449131,-0.5232862016343838,-0.2614854153196607
2.207867525552034,-0.43383576205695495,-0.3592275247698807
-1.8634895422272542,-0.5898034209284362,-0.04013983782950238
2.587269125866162,-1.578800792638656,0.928483615204793
0.7614816721059611,-1.8205553518553117,1.0739927152275137
-2.33916907057734,-1.7471462989937123,1.227522201387317
2.8141928936087584,-1.2268811576759269,1.4445766645786449
-0.42900698471135207,-0.49805571293610545,2.3605542527212284
-0.44587241387513776,-1.4806460843834501,1.2468357214613268
-0.9886388313652971,-1.8311766527521944,1.1114552666020459
4.178545314691605,0.21327125631119692,2.271188239308393
-1.522009722225012,0.02661947454204002,-0.6968141579824532
-3.1582586523482594,0.3890808781562655,-0.3283253203262419
-0.13698238376943547,0.6239449649850782,-0.10740036946959727
-1.0181585674035634,-0.05282353839201312,-0.7638995784560222
0.2717480561794486,-0.0807212836513121,-0.8304524247902743
1.8136991600612418,0.39657002642989375,-0.8528598724371951
-1.0699258836400989,0.1383904961582592,-0.5559209698212594
1.3353079610698309,0.09773338941877605,-0.9424427067340356
2.8884066723188404,-0.614181035306315,-0.19597489961683687
0.10146915921925602,-0.21095216017424193,0.5900126941017264
0.024623171228190868,-0.6303046024796037,0.20487230508220394
-1.2135235526922186,-0.7986148920295135,0.14138184788888986
4.075321249578247,-0.030914642950261004,-0.09941063580311983
-1.8475366998073754,-0.8420156060425831,0.12837267531624386
-3.9911746086022837,-0.7017441386770987,0.2647876887215473
-0.6815240280797117,-0.7817625996919925,0.10014657831975884
1.8659936397846508,1.0891362760518801,-0.6630412644137919
-0.21517738381558776,0.30714224674928947,-1.0564704128151277
0.4559515138699848,0.4027866037814848,-0.9966074331653321
0.6399104712015228,0.4145598311933144,-0.9378291685187599
0.570156844156258,0.1647556945656716,-1.0018884261837635
-0.3202853812312625,0.28585999837741055,-1.038650653880735
-1.1842897449144458,0.29761704423307833,-0.8102296818255567
-2.9998647412226123,2.898885253407208,1.751136993598688
1.921914012270641,-0.49616104229114966,0.06273539819144529
-1.5669681923629464,-0.9465117158694561,0.22269096453632997
1.918194874271999,-0.24497039150443076,0.6736009476754664
-0.03022070542489529,-0.8910787928206408,0.24912084957761008
2.7980550122749954,-0.5906094381236079,0.00956106171879677
1.2298208876279202,-0.7138979638999104,0.020164970041350854
-0.43638145345574225,-0.5922605399932066,0.5000803743214761
-0.8678387642796545,-0.899146252861333,0.23007670435449123
-0.2713615627393196,-0.47059267259248916,-0.38286694296124496
-1.8917409048163796,2.1869408101581307,2.2149934749352056
-0.16261616547417299,-0.4530965254549177,-0.39864660206711644
-1.7440799238531022,-0.4364848839008692,-0.30629277669032035
1.0190212954691904,-0.2667260032619798,-0.44625955192948696
2.8324821444837514,2.6432563192365133,1.9713532782743621
0.21430076070578002,-0.3254789438923014,-0.44161371705480335
2.0785427063810995,-0.18639374186530508,-0.5092451955546196
-2.5962064297174594,0.13868599065994697,-0.8476517142934757
2.4645748645212495,1.2946497949655167,-0.48684009773108095
-0.24872168929077304,0.14039884999825533,-0.9189440336009612
-1.5468557149389472,0.3140461072153905,-0.774330506788669
-1.796137851784765,0.13081261068372968,-0.8923447444574382
1.7973879090759186,0.5105359914128623,-1.1749484314591414
1.0942545837927986,0.22332724639633017,-1.0022158742245295
-0.3245063684823456,0.17900508743234927,-0.8583671513009961
2.612460600290962,0.8659907908419688,-1.236183937478307
0.4582266884368068,0.2398877822663154,-0.9636766406268157
0.32884645093449105,2.0234984767373096,0.671507011757033
-0.242825088845816,0.5806015281758948,-0.8213416347576122
-1.9457069820409363,2.656580532614437,1.502039250332303
-1.7438380766547215,0.202899272980591,-0.9584407279611726
-1.6148387579079175,2.7855716535042596,1.6433696928980979
-1.4477239619065831,0.17096232848675538,-0.9590811247226402
0.8159147074244147,-1.1361645227520631,0.7485632799094393
-0.6090780138373274,-1.3700194007184465,0.5786065005866354
3.281558153033836,0.09730573459337591,1.338275417759411
-0.9206002669008078,-1.345747179686573,0.5845290234940768
-0.21482331396024162,-1.2382835432760573,0.532342975380555
2.1880660047267075,1.3241860417891536,2.5639066636424395
-1.79681473018583,-1.205522773827666,0.7185897301125883
3.003354549297012,-0.7599584521263757,0.5851964884392594
-0.5630582854679161,0.7055066083718604,-1.4837695141619696
0.18610944312329714,0.7113275526920597,-1.5339320191477257
-1.9193768419145236,0.6013112552417728,-1.3917500696423906
-0.35379242694131147,2.5836539347254406,0.5192970636686611
-0.5628764989437046,4.258713351398245,1.9884360932874634
1.294597784320714,2.321803662669141,-0.26561780988931716
-1.2647469979862678,0.6385431328104142,-1.3761600901228896
0.977537784130172,1.0856215868884953,-1.3217386369493898
1.7132341485924938,0.5934948009718464,-1.3326642590838014
0.9246729224658315,0.4141311044652539,-1.2668249860190626
0.40926328766905107,0.3949507231214192,-1.22506141003448
-2.9535576526217318,0.4150580214545853,-0.9941841264865411
-2.489172478613029,0.33132636526500614,-1.0567535448013639
1.6084579203236717,0.6660937154903326,-1.347292861452743
-0.6027881802049315,0.6328528395768712,-0.7248890824228897
-1.5509301211646893,0.8113053017801578,-0.6802269435928013
0.19704059358624046,1.1717115569586245,-2.0099900582030443
-1.7421423828711278,1.1252907061802417,-1.8341587118951264
-0.6666966295850711,1.328422788200454,-1.9145974025619987
-1.2521934553771539,1.095423805489354,-1.8502421974369174
-0.9214053721769174,1.0815506094905745,-1.863248264503718
-2.5163702319690775,1.0720856474149152,-1.834314634506482
-4.067249619161533,2.3453335368732406,-0.575588782036116
1.635834802201812,1.645544491588672,-2.100148221310609
1.6591802001139289,-1.3441930891863567,0.5044498455936337
-0.5925117186037125,0.06401547741877085,1.994807559863382
-3.016606584095377,-1.2223973073848167,0.8391204395037125
3.4386852622576005,-1.03521581762342,0.4012144653726028
-1.000698456985834,-1.3085022884476547,0.6817683044888343
3.7983923353274127,-0.9266965837564317,0.39868895743847205
-0.3696579570441246,-1.0985760343962079,0.7320158393928647
0.2518382086262301,-1.1472064062763416,0.8236525518559578
-1.5684096926190079,0.005185272806111312,-0.15823560208625964
2.0493897992200774,-0.021175768765021693,-0.6605355709736913
-1.5193569994375349,-0.290725164452518,-0.4634171635553838
0.2778857678605486,-0.2095169855581824,-0.5730812897793326
1.3110304314293808,0.16698232223546497,-0.4821858040809072
2.3513031671278024,0.07907546751803379,-0.6552801915912071
-2.050471581370467,-0.21245126691118066,-0.3192644078880136
-2.0953174905481533,-0.26033446451557585,-0.3682886490353616
-1.1066146978262674,0.21156612270200786,-0.7258486776590598
1.7104712058826252,0.9044342411268416,-0.5599803855571516
0.2086206803825098,0.2164494013200876,-0.9162929248311611
1.1881677528255452,0.3114899581159549,-0.9794522487306787
-1.3721763095106032,0.07496668343583499,-0.7910124175109656
0.7058923431238026,0.22834814166905837,-0.9528613064513577
0.6713087065900026,0.17902482093018784,-1.0015587446762575
-2.1114088161616786,0.08257352779305564,-0.8242418654351241
-0.9077997014440936,0.7198260440411124,-1.5523734572571144
-1.258765153930817,0.6609809289950345,-1.5000491857077287
0.8680970601479623,0.9061346496760148,-1.6672076421418043
-2.073394149182375,0.7038638769175681,-1.4707651228413914
-2.216532819957003,0.7519220208487872,-1.412333133982843
0.9839139755324958,0.907676317496597,-1.6456209849739019
-0.8369928942239865,0.7179971902362281,-1.4798801334431064
0.5839161249249503,0.9741952022512766,-1.6089697801901885
-1.6403805728541618,-0.21869579342742795,-0.43322167275340384
-0.35318667973818685,-0.11462702741635218,-0.521669598315878
0.21460214794164928,-0.13248773226822355,-0.548744131491171
-0.9966979006034298,1.2485716702187148,0.9666662341903902
2.0134123285002983,0.004396375873870157,-0.686773498614954
2.425514965275316,0.14017891707864086,-0.7363171878500379
-0.6525612103364045,-0.2334723221715944,-0.4877787384914553
-1.147702835897203,-0.24566997446018798,-0.4511425256607984
1.0491991311384246,0.2822269381042266,-1.031882448464615
-1.881205875837329,0.12284346464607587,-0.8895464100863429
-0.3513818611341349,0.11852014969411251,-0.907084589988555
-0.1353669331122918,0.3474959642972205,-0.7348365637699148
2.15379337409601,0.6505124974880332,-1.1225513607475683
1.1045362144813162,0.4700506945089285,-1.0101056066956953
0.11011472886725412,0.2274139872809743,-0.839978660209379
-3.308612270524933,0.23076462079334153,-0.7836246689564428
-0.7478948787956222,-0.3336458226888864,-0.3930938481221915
-0.05720244166140446,-0.09761466550233854,-0.4362006323864455
-2.4167527574471377,1.6901899665404236,1.6219991580303432
2.056965466668941,-0.11375767137032214,-0.6679743968312127
-0.9935012438652618,-0.2546202168275959,-0.3432489084336134
2.5906029078813986,0.5317725972549519,-0.20054548241134582
1.3026253370558503,2.4558801628503932,1.8450216687250849
-3.5209793512496175,-0.3114560556074956,-0.30989048002978853
-1.5082432187421237,2.0475801714303947,2.2228119464757956
-0.02319828464622521,-0.3805971951508106,-0.18082782028896427
0.3207732435390381,1.2970699427183494,1.0716038225919007
0.0202550562153788,-0.2652394378798854,-0.0919488722563521
2.7638570289585527,0.15249289722700862,-0.34061966240727415
1.7978631220771564,0.16364678586772988,0.07609022606791116
-1.1195376282952554,-0.5327753265774137,-0.26096934152953616
-2.3349050295729716,-0.4349560325332436,-0.15984080026366454
-2.2343847087517164,-0.7967953509235778,0.8386372460199532
0.8823548760330918,-0.8655607229339626,0.3160164123291604
3.053331778396028,0.04252095744652704,1.1791568563701986
-1.5852199753582505,-1.1725546303448828,0.46173863383055647
-0.8891150112444065,-1.1149377637211841,0.46325525975606885
-2.754088539706428,0.14363536381701622,1.7509129314889114
3.6100956474593255,-0.5414127672092879,0.32540900517751425
-0.28330647747747206,-0.6026169026155368,0.8136701295670059
2.59511677588051,4.317790812446879,0.8285523617724266
0.150945000037076,3.16470820360379,0.5277284357048063
0.08888067806406919,0.8763284089613718,-1.6988168439759483
-1.825450176392895,0.8231443569220879,-1.5202698132552326
0.6510572897248672,1.1565527606860857,-1.499186257905976
-1.104440912432583,0.7195687790514055,-1.5885857245004351
-1.5965590111202517,1.0632527526728905,-1.2052105253204903
-3.2296211451411967,0.9393977895384247,-1.340996553729867
-2.675669697882141,-1.0816751674518665,1.698749556447126
0.4518004481633735,-1.5019576080069779,1.0839059274113683
3.8329418710096115,-1.3866388111120833,0.7813876183061148
3.18849815952231,0.24615709571093405,2.4801545622960552
-1.7643268485889905,-1.579859467227719,1.2172405477764487
-1.0133261043686932,-1.7796185204256554,1.0450661461502506
3.034093319242796,-1.6336974937522741,0.8364442943724877
-0.374072603038096,-0.5954580358312486,1.9566027506356012
0.4538913483500283,-0.3361312093881091,-0.3388359104763947
1.0982093978802996,-0.16112801277202501,-0.16539182030775013
-0.9547159027848947,-0.4526427464865374,-0.23693600459664022
2.905512356522397,0.32785117659733726,-0.21251048978173562
-0.768224489065645,-0.48557443257369687,-0.2314460127082695
-2.927968988908314,-0.2067184519488724,0.06263857556683755
-3.266635240458009,0.849206832718286,1.0523316156799378
2.1659694310024458,-0.2674576019192238,-0.5118292556653395
2.723311603507736,-0.028756025387443974,-0.6561489861405745
-1.669322718203017,-0.36591498165902464,-0.3732110438308113
-3.3531664050953256,0.7503598794886668,0.746189257253201
0.9444635538140279,-0.3954407665030403,-0.44846625323908385
-0.8184542716197281,-0.21829416820842917,-0.3813264306016295
-0.09552821963726352,-0.2927513235221135,-0.35907125933835954
2.605145796158178,-0.029968068983782865,-0.6778104439676801
-0.7463074902407321,-0.2531142345281597,-0.44394342858779207
2.4087306021854187,-0.3134462702256859,-0.2754005343444213
0.7287267585356303,-0.2604268531413346,0.16610057313355361
0.3018036960283527,-0.4872638823986667,-0.175087781405614
2.993702298303588,-0.0986113740020851,-0.30070707254499507
-0.7132412386808148,-0.6642560488616639,-0.1414123440351684
-1.9044023677882742,-0.6109075353896126,-0.09480613759749341
-0.6984229376630291,-0.6565085524733467,-0.14671325359874388
-2.4915525027724907,-0.5887735478092008,0.005738841373450767
-1.571323582425972,-0.26832018371404265,-0.2844072113546107
-0.7524504531733388,-0.4136004108226621,-0.41259689138940947
-2.0387584702802815,-0.2269538093250243,-0.20121682224087734
0.8900822866400495,0.35950989745429757,0.041014814403453975
1.081572935243518,-0.4396586259452418,-0.5165994423462291
3.2138952166168377,0.7396016132475562,-0.23930747147834014
-0.8640327852615332,-0.36169992509655646,-0.4330197961289436
1.8186787545761758,-0.08666250553553374,-0.6502753558839812
-0.2705332469434204,0.5009490432182714,-1.391502352879383
-0.8564438120707879,0.6940125039029699,-1.3315204144654018
0.35676147561438193,0.6572244444216802,-1.3889702220210847
1.6377066068568547,0.8706862263387871,-1.532523184003969
0.24253298414692143,0.4547354162863123,-1.39915259985716
-2.334740679535916,0.5134501808843254,-1.267890300471261
0.41311063507613016,0.7463801405090037,-1.4681261891006225
-2.1986276290876523,0.5812822806525444,-1.2352023149397913
1.3776172031928318,3.7194992518330885,2.4609636942652346
-3.045118311668155,0.05512677225181556,-0.7246362613230386
1.1070091947431713,0.35901362568003264,-0.8964391820613875
1.5559750300959387,0.2660625420593007,-1.027813839136617
-1.0588147364050946,0.2687543526499698,-0.5800360402549403
-1.5464595436408315,0.6004273303624401,-0.2648325973817561
-0.12123757855738294,-0.013129778294344781,-0.8722494039069086
-0.712593952430945,1.9687788335842953,0.9169240886461848
0.9709984486158109,1.9129312732937869,-0.9666731994852754
-0.26019045541720587,1.075288747401439,-1.5620301280612252
-0.15649150478325113,0.8140366382641319,-1.632560215825665
1.187386011428131,2.0498800783016735,-0.8992268782351661
-4.113263669891869,0.8590452325908379,-1.4851942503316582
-0.3962192283802748,0.9565439746994229,-1.6442358157528476
-1.6664285309014297,0.8057422012635356,-1.6086159335375672
-2.45143160580248,0.8624022582892449,-1.5139227551979193
-1.9702899757358214,0.277031168209513,-0.9385384796235791
1.228407923037571,4.1194052487965545,2.352596110195898
-0.12420824063215324,0.22962683333974065,-1.0306114323572668
-0.9087498472128644,0.5802439575336535,-0.7070954512624344
-1.5871534090313273,0.8862759193841481,-0.36717847226695693
-1.2751126486490334,2.9819254214126047,1.5344776114656928
1.0411040383825554,0.37565815090977805,-1.2081244527917558
1.2990670151907562,0.6333633913659832,-1.083227309852108
0.4309079729623548,-0.49234082303457294,-0.3793027901241002
4.087334403104665,1.7952033190773897,0.7916504267086484
-1.9544953222283754,2.274781790974042,2.4355701705856
-2.0612828926545945,-0.4243556541070082,-0.182789612929121
-3.3389224925192775,-0.4294262581013654,-0.1769121073660398
1.9737603426792587,0.009053271693893817,-0.08313767037189654
-2.035775785242768,-0.421383795486261,-0.18582587003864068
-1.312172556799326,-0.30987043553092686,-0.24129277199008584
-1.2479591100852607,-0.5260197860236088,-0.2561706846512886
-1.7048323833980112,-0.39244144221477956,-0.1438416632528839
-0.1458968589683394,0.8469755464827841,1.0126423466592742
1.7590134207783363,-0.3808665235613941,-0.3984415330477215
-3.326094567524314,-0.3818377616465139,-0.12536680637248343
1.6080012009438074,0.4382670216371817,0.506525419681668
2.7623781508715655,0.019769017263642913,-0.42357105627981123
-0.46016463627073917,-0.5240631264383536,-0.23101610950504828
-0.45305273021799897,-1.227196847074354,0.5492857290714003
-1.7841571230309605,-1.1524438739714433,0.6698198146024452
2.4904011240746486,0.2961979095303033,1.8199780860049815
3.4077765214726456,-0.90691747130217,0.3075892487533712
2.6695541062053345,-0.9025879289773308,0.32288345148413955
-1.773833193555503,-1.2458673666061557,0.5653350094375004
0.13744518430226954,2.0885385001257695,3.5468229852852797
-2.1912597118056265,0.7801655591156398,2.5775644395282145
-1.5818730717673741,0.04635672045827629,1.046499944782943
2.939205932712171,0.3504590931279016,0.84706329922358
1.8416036184426647,2.0198086173835663,2.3777701800387
-0.6333146074792255,-0.8856768029770764,0.10317419784078324
-1.7398729604600616,-0.8902696608913425,0.17511694241047174
3.176444315168939,-0.5237080821008684,-0.08100690270750249
0.4640599951530042,-0.8139322062838845,0.04331825877065884
-2.4945711523452903,-0.8854875302140488,0.21933052974749673
-0.0744680987193756,-0.6704780488715011,-0.07434556928719022
2.7219083425080535,0.1845501207262573,0.2355758531594194
-2.3448956546841146,-0.530301942805565,0.1479618003936817
0.9609917626646316,-0.5553591843301114,-0.2271297527828041
0.4338070727142023,0.42048078004661077,0.8941477057306053
2.374087233073528,-0.17686566397433912,-0.011046325857128848
-1.2421763678511373,2.2714037477434608,2.697911230766175
-1.0325858549821332,-0.6056930953192503,0.028753466017116095
-0.1871734544407403,-0.4039963817593993,-0.046705729865491666
1.5640802750709628,-0.30931684376643115,-0.41531226216366973
3.1388589389457326,-0.04225826244072626,-0.4552135173101683
1.7108269295802478,-0.5143258174163785,-0.3666368976049688
-0.5824623576750635,-0.3724977593090158,-0.21914456988146674
-1.7383400682662318,-0.473784134791659,-0.0639734605519475
-1.627512897457813,0.25603171905215233,0.6135985783642177
-0.9396204135426728,-0.496336821824225,-0.1793967650899037
-3.139453694152653,0.7145711134080387,-1.4026135261200665
0.017236701394572708,0.9949956072360678,-1.4970107705994828
-1.6088062957662037,0.7168932629108737,-1.4196766426706262
-1.244693108273359,0.6719285335450276,-1.4205247124866993
0.9526103207060574,0.9530563295531294,-1.61237969400308
-1.1076620683820828,0.6378301179613418,-1.486848265472673
0.8950884702786186,0.8247107109834055,-1.6645655316947465
-1.9762507302217889,0.6751826891737355,-1.4515854865427311
2.651435286260498,0.2208755351195723,-0.31069679812368695
0.10743207582839974,0.07877225395665173,0.1630681631305888
0.3278570950201034,-0.2723405485011444,-0.3055504585744225
-0.9930463309584687,-0.4833074626839629,-0.31144398825867864
-1.6637136991343733,-0.32778801475160635,-0.1217660740157557
2.0192479341874323,2.483878347943334,2.1530749325036247
-0.6637882566673501,-0.2900869069082436,-0.12834150118033266
0.5049532126711952,-0.40903112646510487,-0.39747616610592723
1.6389630344908286,1.8794957274205808,-0.031700390747304075
1.4841879327021414,0.5352100369536497,-1.2991437873828844
-1.042441417863689,2.1609085308948868,0.7322453056660639
-3.1279192525734585,0.8627995582168975,-0.43812283480513625
0.3302673085376996,1.9228761911364658,0.28448377293586596
-2.1410904486622457,0.5903821473374721,-0.7383891083533187
0.3792578821239825,0.41190548105144664,-1.2130375634025172
-0.7323859359794757,0.3240656343832856,-1.0680034212764937
1.5121010657421745,0.4030477451839675,-0.2704783101323294
-2.118927584787193,-0.19738594619109678,-0.5351383732847993
-1.724799882417353,-0.14959290816041526,-0.5081525981225846
1.0139639959874693,-0.09132305059272308,-0.7402381038506167
0.2681913937015782,-0.03361695941010455,-0.6481441609187755
-2.061004836621824,-0.13168389454714305,-0.4972432982906361
-2.4810806805617136,-0.03296002010111753,-0.37072143663268287
3.5289034211759573,0.48188262992919434,-0.9804093980485712
-1.0984930243302744,-0.20008963387937792,-0.49779318365037284
-0.040371405512590226,1.4713744095956631,1.0744399366025805
-2.077340741202069,-0.23419730000370106,-0.49439506762618535
-0.9834790468721497,-0.18019750946189247,-0.5152974858297243
2.6743994765823746,1.9982300140197138,0.9219675234199622
-1.7613459903052264,-0.1983693333990685,-0.4564275770729833
0.5798222320323632,-0.22046564477360145,-0.5928355646379175
2.5819104146730467,0.46125417763918475,-0.5531195122246274
1.7652303329098518,-0.35085748653600074,-0.5148898289825671
2.1019975749342605,-0.22743260291199585,-0.5533627144010957
-0.6249587240516327,-0.23645859316368908,-0.2713808093447041
-2.0786525644725273,-0.410646527954769,-0.2127400095032814
0.482506063534572,-0.24837122877694784,-0.3336733557842945
-0.5060085263187047,-0.45050636678285066,-0.3659918421288543
-0.07919222373090243,-0.4500938322931846,-0.31724700659589256
1.1173579163780036,-0.03242851194404511,-0.2871529810893859
-0.3483882552028716,-0.12450019497559682,-0.5421615482581933
0.48808908429329145,-0.0814934780102391,-0.7219387346952346
1.8200131184817934,0.03267651897438167,-0.8185835578549122
-1.8896813077490606,-0.08732051355974825,-0.4639226156585069
-1.3466608647557425,-0.21005843556410436,-0.5869781390051989
0.3101212597712635,-0.13044290530284222,-0.6558282140941116
-0.8966670073836426,-0.1980764327267417,-0.6212035531957641
3.0362120628519014,0.4180569742140964,-0.9249410744663056
0.4677049715007399,0.7050730444087708,-1.01721457747854
-0.2397924886571592,0.4552784978647599,-1.2229483419059066
-0.6891413565475729,0.4941068286191545,-1.1391820019882175
1.6248291781657338,0.8966029382140375,-1.1416194287136359
-1.5944634352616518,0.4050284371987483,-1.0832803096597718
-1.7551576390451828,0.3718927505894889,-1.055685098897797
0.7234850548900589,2.151645126092467,0.4188760452450443
0.08585847606433235,0.3927816325300249,-1.2115513786892536
-1.1458371754448855,2.3897007559709715,0.7880321295016903
0.9453005850769604,0.6005582500130705,-1.3591551479322446
1.9792470818914683,2.748507569965904,0.4241849635449317
-0.7869310603502038,0.5347128281714015,-1.1868035946193374
-1.1788991420013075,0.4059317438768851,-1.1423915183954327
-0.34252046421847443,0.49330183556743723,-1.2688029276812565
-1.0027203480721603,0.37944228726963575,-1.2151654740271602
-2.1626813620169876,0.4677669209060908,-1.036261237007324
0.1629441898514227,-1.2781312251886123,0.533152230909804
0.713033368296587,0.21885836790928084,1.924735688333333
-2.77108258951019,-0.20836850697072276,1.6063843158977391
4.15746838137032,-0.5426416293931489,0.3150244433683704
-1.8872604471438454,-0.18713099855718912,1.615354234813724
-1.0705660842486762,-0.786937432194443,1.0394874314019358
2.3574470468593227,0.7155239458771618,2.3218933020999195
2.559670911683813,-0.8475438113582905,0.2988994771663156
-1.3285010476993384,-0.2762686000016539,-0.5215046153270675
0.7566559396252335,-0.10422791017518292,-0.6946733748360732
-2.51489194608185,0.6991770454216821,0.41277191415089975
1.2160019922005882,-0.15117358748866216,-0.6241745375311106
0.39028757649377704,0.5629900728643715,0.22658844315872512
0.9797366151467465,0.3125377236952131,-0.24041045449278475
-1.3756601698094848,-0.10837422676798976,-0.5578361166519572
2.584606906213167,0.7676871432005484,-0.25741454498377647
-1.8547174604900571,-0.7576799727963383,0.14594666998032277
-1.4123641650340182,-0.7002762268453397,0.1648468605042649
0.34507840037906196,-0.47388290938109207,0.2101735176212811
2.8819922406033913,-0.2195528246006092,0.04081027346997741
-0.8487833973811152,-0.6124690564500728,0.23475482674712742
2.19450387928355,-0.6530856832146513,-0.11791098519864285
1.6789077669560306,-0.4124374129655829,-0.01001802428490909
-2.191341569603222,-0.4474096952304553,0.4616620038073853
2.2219557050474608,3.4022425654770596,1.2441816858156125
-1.6612396793073503,0.276981421828131,-1.0550644411888803
-1.6044847902003283,0.32974472768302254,-1.0095094906471707
-1.0561037321763573,0.266982362235262,-1.0886467183675017
-1.7831793142568022,3.505888364070695,2.137296815394564
-0.8961664413996893,0.3595359176452314,-1.1000382372387028
-0.29686876879442714,2.3024293573158228,0.920262349207213
0.9160050399186608,0.4138600276633343,-1.1663130345475399
-0.20480123009357842,-0.021487198412267004,-0.8471335336234311
-1.2616413739327297,-0.013403151509020324,-0.7851531077390838
-0.8027471934084298,0.6346484847903388,-0.34377565613786526
-0.9426541704598974,0.028556195629191598,-0.7509388553437126
0.4770827258893532,-0.03570512702883872,-0.8821202971605299
1.4891135549441656,0.0973604849391414,-0.9692606380168716
-2.7630437153180503,0.032837504110134676,-0.6392539100234179
2.022459327996593,0.5066652321422189,-0.7885083314344467
