game_length,gold_left,last_round,players_eliminated,time_eliminated,total_damage_to_players
0.701755993,2.308217996,-0.884969487,0.173684235,-0.719363638,-0.813224176
0.701755993,-0.542416878,-2.43701474,-0.736637418,-2.534173198,-1.767466347
0.701755993,-0.257353391,-1.106690237,-0.736637418,-0.986677473,-1.103645706
0.701755993,-0.542416878,0.223634265,0.173684235,0.299435915,-0.12865914
0.701755993,-0.471151006,-1.328410988,-0.736637418,-1.225312607,-1.124390101
0.701755993,4.01859892,1.332238016,0.173684235,1.455185923,1.717592016
0.701755993,0.384039456,1.332238016,1.084005888,1.455185923,1.074515771
0.701755993,-0.399885134,0.445355015,1.084005888,0.573028545,0.49367271
0.922802869,-0.328619262,-1.328410988,-0.736637418,-1.18310668,-1.435556027
0.922802869,-0.542416878,-0.441527986,0.173684235,-0.26989251,-0.315358696
0.922802869,-0.257353391,1.332238016,1.994327541,1.564776537,2.028757942
0.922802869,-0.542416878,-0.884969487,-0.736637418,-0.638261941,-0.730246596
0.922802869,-0.471151006,0.445355015,-0.736637418,0.699199318,-0.398336276
0.922802869,-0.471151006,1.110517266,1.994327541,1.301320536,0.36920634
0.922802869,-0.542416878,-0.884969487,-0.736637418,-0.633718184,-0.647269016
0.922802869,0.882900559,1.332238016,0.173684235,1.564776537,0.846327426
-1.028268031,-0.542416878,-1.106690237,0.173684235,-1.233796084,-0.854712966
-1.028268031,-0.471151006,-0.441527986,-0.736637418,-0.578994648,-0.502058251
-1.028268031,2.45074974,0.223634265,0.173684235,0.091166351,0.099529205
-1.028268031,-0.471151006,-0.441527986,-0.736637418,-0.573264978,-0.481313856
-1.028268031,-0.542416878,-1.328410988,-0.736637418,-1.465330665,-1.020668126
-1.028268031,-0.471151006,0.667075765,1.994327541,0.598579168,2.008013547
-1.028268031,1.880622765,0.667075765,1.084005888,0.598579168,0.65962787
-1.028268031,-0.471151006,-0.884969487,-0.736637418,-0.978655934,-0.585035831
1.797586978,3.092142586,0.223634265,0.173684235,0.438910412,-0.543547041
1.797586978,-0.328619262,-1.328410988,-0.736637418,-1.197719629,-1.248856472
1.797586978,-0.542416878,-0.219807236,-0.736637418,0.053783079,-0.688757806
1.797586978,-0.257353391,-0.441527986,-0.736637418,-0.159094306,-0.647269016
1.797586978,3.804801305,1.332238016,0.173684235,1.629639591,0.680372265
1.797586978,-0.114821647,-0.441527986,-0.736637418,-0.220539307,-0.688757806
1.797586978,3.662269561,1.775679517,1.084005888,2.000325937,1.344192906
1.797586978,-0.186087519,1.775679517,1.994327541,2.000325937,2.215457497
0.000172939,1.239229918,0.667075765,1.994327541,1.10779205,2.381412657
0.000172939,-0.542416878,-1.106690237,-0.736637418,-0.795573801,-1.041412521
0.000172939,-0.542416878,-0.884969487,-0.736637418,-0.498110192,-0.709502201
0.000172939,1.381761662,0.223634265,-0.736637418,0.541670217,0.24473997
0.000172939,-0.542416878,0.667075765,1.994327541,1.10779205,0.555905895
0.000172939,-0.471151006,-1.106690237,-0.736637418,-0.793597919,-1.269600867
0.000172939,-0.542416878,-0.441527986,0.173684235,-0.148798721,-0.460569461
0.000172939,-0.471151006,-0.219807236,-0.736637418,0.109187238,-0.00419277
0.33893248,-0.542416878,0.667075765,1.084005888,0.919397387,0.182506785
0.33893248,-0.471151006,0.223634265,-0.736637418,0.407445631,-0.04568156
0.33893248,-0.328619262,1.110517266,1.084005888,1.275531959,1.012282586
0.33893248,-0.114821647,0.667075765,-0.736637418,0.932832611,0.431439525
0.33893248,0.811634687,-0.441527986,-0.736637418,-0.275483455,-0.605780226
0.33893248,-0.399885134,1.110517266,1.994327541,1.275531959,1.447914881
0.33893248,-0.542416878,-1.328410988,-0.736637418,-1.213507895,-1.331834052
0.33893248,1.809356893,-0.884969487,-0.736637418,-0.681915819,-0.771735386
-0.709636383,-0.471151006,0.667075765,1.084005888,0.75892036,1.240470931
-0.709636383,-0.471151006,-1.106690237,-0.736637418,-0.991231827,-1.145134496
-0.709636383,-0.542416878,-0.441527986,0.173684235,-0.344073806,-0.294614301
-0.709636383,-0.399885134,-0.884969487,0.173684235,-0.766997699,-0.999923731
-0.709636383,-0.471151006,0.667075765,1.084005888,0.75892036,1.074515771
-0.709636383,-0.471151006,-0.441527986,-0.736637418,-0.382819772,-0.273869906
-0.709636383,1.595559277,0.223634265,-0.736637418,0.29243459,0.223995575
-0.709636383,-0.542416878,0.445355015,-0.736637418,0.518106554,0.45218392
1.531955214,-0.471151006,1.775679517,0.173684235,1.860716569,1.427170486
1.531955214,-0.471151006,1.775679517,1.084005888,1.866248266,1.530892461
1.531955214,-0.542416878,0.223634265,0.173684235,0.382820811,-0.04568156
1.531955214,-0.471151006,-1.328410988,-0.736637418,-1.085999476,-1.456300422
1.531955214,-0.542416878,-0.219807236,0.173684235,0.022027359,-0.253125511
1.531955214,-0.471151006,1.110517266,0.173684235,1.27221795,0.991538191
1.531955214,-0.471151006,-0.219807236,-0.736637418,0.015112737,-0.419080671
1.531955214,-0.471151006,-1.106690237,-0.736637418,-1.031558691,-1.248856472
-0.271609069,3.662269561,0.667075765,1.084005888,0.973223058,1.074515771
-0.271609069,-0.399885134,0.667075765,-0.736637418,0.970654701,0.597394685
-0.271609069,-0.542416878,-0.884969487,-0.736637418,-0.395877834,-0.750990991
-0.271609069,-0.399885134,-1.106690237,-0.736637418,-0.658914767,-1.207367681
-0.271609069,-0.542416878,-0.884969487,-0.736637418,-0.411519667,-1.228112076
-0.271609069,-0.471151006,0.445355015,-0.736637418,0.914244296,0.141017995
-0.271609069,-0.471151006,0.667075765,-0.736637418,0.973223058,0.28622876
-0.271609069,-0.471151006,0.667075765,0.173684235,0.961368732,0.597394685
2.106478633,3.305940202,1.997400267,2.904649194,2.152690387,1.987269152
2.106478633,-0.542416878,-0.219807236,0.173684235,0.075852066,-0.024937165
2.106478633,-0.471151006,1.332238016,-0.736637418,1.522200193,0.65962787
2.106478633,0.811634687,1.997400267,0.173684235,2.152690387,1.427170486
2.106478633,-0.542416878,-0.884969487,-0.736637418,-0.579656969,-1.352578447
2.106478633,-0.471151006,-1.771852488,-0.736637418,-1.493143292,-1.373322842
2.106478633,-0.542416878,-0.441527986,-0.736637418,-0.175879183,-0.460569461
2.106478633,-0.257353391,-0.219807236,0.173684235,0.08098878,-0.21163672
-1.393638418,-0.542416878,-1.328410988,-0.736637418,-1.513339479,-1.435556027
-1.393638418,-0.471151006,0.445355015,-0.736637418,0.180876765,0.555905895
-1.393638418,-0.043555775,-0.884969487,-0.736637418,-0.996642139,-0.771735386
-1.393638418,-0.399885134,-0.884969487,-0.736637418,-1.018175971,-0.792479781
-1.393638418,-0.186087519,0.445355015,0.173684235,0.191939678,0.74260545
-1.393638418,-0.186087519,0.667075765,1.084005888,0.419053814,0.70111666
-1.393638418,-0.257353391,-1.106690237,-0.736637418,-1.266643789,-0.979179336
-1.393638418,-0.257353391,0.667075765,2.904649194,0.419053814,1.883547177
0.433114287,-0.542416878,-0.441527986,-0.736637418,-0.554181488,-0.813224176
0.433114287,-0.328619262,-0.884969487,-0.736637418,-0.933455357,-0.999923731
0.433114287,3.092142586,1.553958767,1.994327541,1.326089863,1.821313992
0.433114287,-0.471151006,0.667075765,-0.736637418,0.603110401,0.61813908
0.433114287,2.236952124,1.553958767,1.994327541,1.326089863,0.846327426
0.433114287,-0.399885134,-0.884969487,-0.736637418,-0.935233747,-0.750990991
0.433114287,0.384039456,-0.441527986,-0.736637418,-0.579073164,-0.398336276
0.433114287,1.738091021,-0.219807236,-0.736637418,-0.321247124,-0.190892325
-0.435103206,-0.186087519,-0.441527986,0.173684235,-0.451918784,-0.315358696
-0.435103206,0.882900559,-1.328410988,-0.736637418,-1.373248904,-1.228112076
-0.435103206,-0.542416878,-0.884969487,-0.736637418,-0.812535457,-0.999923731
-0.435103206,0.241507712,0.001913514,-0.736637418,-0.200093606,-0.273869906
-0.435103206,-0.471151006,1.110517266,2.904649194,0.892280317,2.505879027
-0.435103206,-0.471151006,-1.106690237,-0.736637418,-1.09588948,-1.311089657
-0.435103206,0.597837072,-0.219807236,-0.736637418,-0.217516237,-0.502058251
-0.435103206,0.811634687,1.110517266,0.173684235,0.892280317,1.281959721
-0.865388723,0.17024184,0.667075765,1.994327541,0.679228079,1.842058387
-0.865388723,-0.542416878,-1.106690237,-0.736637418,-1.121226716,-1.062156916
-0.865388723,0.455305328,0.667075765,-0.736637418,0.679228079,0.514417105
-0.865388723,-0.328619262,0.667075765,1.084005888,0.638529834,0.41069513
-0.865388723,-0.257353391,-0.884969487,-0.736637418,-0.852263584,-0.750990991
-0.865388723,-0.399885134,-1.106690237,-0.736637418,-1.095938612,-0.937690546
-0.865388723,-0.542416878,0.445355015,0.173684235,0.418266737,0.597394685
-0.865388723,-0.542416878,-0.884969487,-0.736637418,-0.86233952,-0.688757806
1.564996478,-0.399885134,1.997400267,0.173684235,1.882556273,1.530892461
1.564996478,-0.399885134,-1.328410988,-0.736637418,-1.568891998,-1.082901311
1.564996478,0.312773584,1.997400267,1.994327541,1.879987916,1.987269152
1.564996478,-0.471151006,-1.328410988,-0.736637418,-1.553678867,-1.186623286
1.564996478,1.595559277,-1.328410988,-0.736637418,-1.552888418,-1.165878891
1.564996478,-0.542416878,0.445355015,0.173684235,0.31176663,0.45218392
1.564996478,-0.471151006,0.223634265,0.173684235,0.065029996,-0.792479781
1.564996478,-0.328619262,1.997400267,0.173684235,1.862007491,1.261215326
-0.200960067,-0.542416878,-0.219807236,-0.736637418,-0.404349269,-0.294614301
-0.200960067,-0.471151006,-1.106690237,-0.736637418,-1.318234912,-1.477044817
-0.200960067,0.241507712,0.223634265,0.173684235,-0.046628983,-0.253125511
-0.200960067,-0.542416878,0.667075765,0.173684235,0.458687049,1.261215326
-0.200960067,-0.471151006,-0.219807236,-0.736637418,-0.409091,-0.398336276
-0.200960067,-0.328619262,-0.884969487,-0.736637418,-1.087735477,-0.730246596
-0.200960067,-0.399885134,1.332238016,1.994327541,1.008213789,1.530892461
-0.200960067,-0.328619262,1.332238016,1.084005888,1.000903702,1.198982141
-0.322155471,-0.542416878,-1.106690237,-0.736637418,-0.819892749,-0.979179336
-0.322155471,0.811634687,0.445355015,-0.736637418,0.948207107,0.389950735
-0.322155471,-0.542416878,-0.219807236,-0.736637418,0.16362995,-0.543547041
-0.322155471,-0.471151006,0.445355015,0.173684235,0.871549457,0.887816216
-0.322155471,0.740368815,-0.219807236,0.173684235,0.159283203,0.28622876
-0.322155471,-0.114821647,0.445355015,1.084005888,0.948207107,1.053771376
-0.322155471,-0.186087519,-0.884969487,0.173684235,-0.548526961,-1.186623286
-0.322155471,-0.542416878,-1.106690237,-0.736637418,-0.831576076,-1.145134496
-0.112473218,-0.471151006,1.110517266,1.084005888,1.05202518,2.671834187
-0.112473218,-0.471151006,-0.884969487,-0.736637418,-0.735103254,-0.730246596
-0.112473218,-0.471151006,-1.106690237,-0.736637418,-1.044902875,-0.958434941
-0.112473218,0.241507712,0.445355015,0.173684235,0.487849364,0.16176239
-0.112473218,-0.399885134,1.110517266,1.084005888,1.05202518,0.887816216
-0.112473218,-0.399885134,-0.219807236,0.173684235,-0.133355343,0.1202736
-0.112473218,-0.471151006,-1.328410988,-0.736637418,-1.254019245,-1.456300422
-0.112473218,0.241507712,-1.993573239,-0.736637418,-2.03562969,-1.663744372
-0.627184983,-0.471151006,-0.441527986,-0.736637418,-0.352847259,-0.875457361
-0.627184983,-0.542416878,0.667075765,0.173684235,0.762356717,0.74260545
-0.627184983,0.241507712,-1.106690237,-0.736637418,-0.977855851,-1.082901311
-0.627184983,-0.542416878,0.445355015,-0.736637418,0.532889538,0.20325118
-0.627184983,-0.471151006,-1.328410988,-0.736637418,-1.230219556,-1.311089657
-0.627184983,-0.471151006,0.223634265,-0.736637418,0.266414803,0.016551625
-0.627184983,-0.257353391,0.888796516,1.994327541,0.797120093,1.219726536
-0.627184983,1.453027534,0.888796516,0.173684235,0.797120093,0.846327426
-0.272616923,-0.471151006,-1.771852488,-0.736637418,-1.710633315,-1.539278002
-0.272616923,-0.471151006,-1.106690237,-0.736637418,-1.039826854,-0.875457361
-0.272616923,-0.542416878,1.110517266,1.084005888,0.973662356,0.846327426
-0.272616923,1.738091021,1.110517266,1.084005888,0.973662356,1.281959721
-0.272616923,1.738091021,0.667075765,-0.736637418,0.847353339,0.49367271
-0.272616923,-0.542416878,-0.441527986,-0.736637418,-0.411116013,-0.833968571
-0.272616923,-0.471151006,0.223634265,-0.736637418,0.255697741,-0.149403535
-0.272616923,0.241507712,0.445355015,-0.736637418,0.562021507,0.141017995
-0.627986597,-0.114821647,0.667075765,1.084005888,0.777610792,0.49367271
-0.627986597,-0.542416878,-0.441527986,-0.736637418,-0.477965064,-0.668013411
-0.627986597,3.092142586,0.667075765,0.173684235,0.796774241,1.696847621
-0.627986597,-0.542416878,-0.219807236,0.173684235,-0.154358838,-0.336103091
-0.627986597,-0.257353391,-0.219807236,-0.736637418,-0.139146189,-0.585035831
-0.627986597,-0.471151006,-1.106690237,-0.736637418,-1.190896046,-0.999923731
-0.627986597,3.092142586,0.223634265,-0.736637418,0.271071275,-0.12865914
-0.627986597,2.165686252,0.667075765,0.173684235,0.781759083,0.265484365
0.074933128,0.597837072,1.110517266,0.173684235,1.144811649,0.65962787
0.074933128,-0.542416878,-0.884969487,-0.736637418,-0.743873335,-1.124390101
0.074933128,-0.542416878,-0.219807236,-0.736637418,-0.083502149,-0.190892325
0.074933128,0.384039456,-1.328410988,-0.736637418,-1.314789884,-1.394067237
0.074933128,0.811634687,-0.219807236,0.173684235,-0.107609155,-0.419080671
0.074933128,0.312773584,1.110517266,2.904649194,1.144811649,2.236201892
0.074933128,4.303662408,0.445355015,0.173684235,0.55607026,0.306973155
0.074933128,-0.471151006,-0.884969487,-0.736637418,-0.772123816,-0.750990991
-0.173078703,2.165686252,-0.884969487,-0.736637418,-1.095716073,-0.502058251
-0.173078703,0.455305328,1.332238016,2.904649194,1.021840724,2.173968707
-0.173078703,-0.471151006,-1.106690237,-0.736637418,-1.372216167,-1.145134496
-0.173078703,0.17024184,-0.219807236,-0.736637418,-0.433603105,-0.481313856
-0.173078703,-0.471151006,-1.106690237,-0.736637418,-1.345995998,-1.082901311
-0.173078703,-0.399885134,1.332238016,1.994327541,1.021840724,1.530892461
-0.173078703,0.669102943,-0.441527986,-0.736637418,-0.72796272,-0.21163672
-0.173078703,-0.542416878,-0.219807236,-0.736637418,-0.453756903,-0.12865914
0.153351166,-0.399885134,1.110517266,1.994327541,1.183646246,1.385681696
0.153351166,-0.542416878,1.110517266,1.994327541,1.183646246,1.261215326
0.153351166,-0.257353391,-1.106690237,-0.736637418,-0.986817644,-1.269600867
0.153351166,-0.471151006,-0.219807236,-0.736637418,-0.10919487,-0.419080671
0.153351166,0.312773584,0.223634265,-0.736637418,0.345479927,0.1202736
0.153351166,-0.542416878,0.223634265,-0.736637418,0.277702183,0.016551625
0.153351166,-0.186087519,0.667075765,-0.736637418,0.865788476,0.348461945
0.153351166,0.098975969,-1.993573239,-0.736637418,-2.024258497,-1.663744372
1.551913834,-0.257353391,1.332238016,1.084005888,1.452351675,0.5351615
1.551913834,-0.399885134,-0.441527986,-0.736637418,-0.371581043,-0.377591881
1.551913834,0.882900559,-1.328410988,-0.736637418,-1.304083901,-1.352578447
1.551913834,-0.471151006,-0.219807236,0.173684235,-0.117024216,-0.066425955
1.551913834,-0.471151006,0.667075765,-0.736637418,0.789498835,0.5351615
1.551913834,-0.542416878,-0.884969487,-0.736637418,-0.762627832,-0.916946151
1.551913834,-0.043555775,1.775679517,2.904649194,1.876882959,1.945780362
1.551913834,-0.471151006,1.775679517,0.173684235,1.86167031,0.867071821
0.428032213,-0.542416878,0.667075765,-0.736637418,0.679733369,0.57665029
0.428032213,-0.542416878,-0.884969487,-0.736637418,-0.888046691,-0.605780226
0.428032213,-0.186087519,-1.328410988,-0.736637418,-1.445006349,-1.041412521
0.428032213,3.947333048,1.332238016,3.814970847,1.31958323,1.572381251
0.428032213,0.241507712,0.445355015,0.173684235,0.442146869,-0.543547041
0.428032213,-0.471151006,1.332238016,0.173684235,1.31958323,0.991538191
0.428032213,-0.542416878,0.667075765,-0.736637418,0.715494319,1.116004561
0.428032213,-0.542416878,-0.219807236,-0.736637418,-0.285882603,-0.336103091
0.371033989,-0.399885134,1.775679517,1.994327541,1.291429568,2.360668262
0.371033989,-0.471151006,-0.884969487,-0.736637418,-1.054351172,-0.647269016
0.371033989,-0.471151006,-1.106690237,-0.736637418,-1.298408661,-0.979179336
0.371033989,0.811634687,1.775679517,-0.736637418,1.291429568,1.447914881
0.371033989,-0.471151006,-0.219807236,-0.736637418,-0.462936419,-0.730246596
0.371033989,-0.471151006,0.223634265,0.173684235,-0.069442177,-0.107914745
0.371033989,-0.542416878,0.445355015,1.084005888,0.156458107,0.431439525
0.371033989,-0.328619262,-1.771852488,-0.736637418,-1.991064459,-1.663744372
-0.484480265,-0.471151006,-1.771852488,-0.736637418,-1.717167885,-1.663744372
-0.484480265,-0.043555775,-0.219807236,-0.736637418,-0.119792473,-0.605780226
-0.484480265,2.664547355,0.223634265,0.173684235,0.309065809,-0.12865914
-0.484480265,-0.399885134,0.445355015,1.084005888,0.589750802,0.389950735
-0.484480265,1.880622765,0.667075765,2.904649194,0.867828904,1.800569597
-0.484480265,-0.257353391,-0.884969487,-0.736637418,-0.759633181,-0.315358696
-0.484480265,-0.471151006,-0.219807236,-0.736637418,-0.101616483,-0.17014793
-0.484480265,-0.328619262,0.667075765,-0.736637418,0.867828904,0.804838636
-0.09074599,-0.257353391,1.110517266,0.173684235,1.062786075,1.074515771
-0.09074599,0.027710097,-1.993573239,-0.736637418,-2.118580104,-1.912677112
-0.09074599,-0.399885134,-0.884969487,-0.736637418,-0.793474607,-0.792479781
-0.09074599,-0.399885134,-1.106690237,-0.736637418,-1.083158965,-1.082901311
-0.09074599,-0.328619262,0.445355015,0.173684235,0.476481061,0.5351615
-0.09074599,1.096698174,0.223634265,0.173684235,0.251333172,-0.21163672
-0.09074599,5.016321126,0.667075765,0.173684235,0.753237412,0.32771755
-0.09074599,0.027710097,1.110517266,1.994327541,1.062786075,1.219726536
-0.686986909,-0.186087519,0.667075765,1.084005888,0.771314175,0.49367271
-0.686986909,3.163408458,0.667075765,0.173684235,0.771314175,2.049502337
-0.686986909,-0.471151006,-0.219807236,-0.736637418,-0.077084628,-0.253125511
-0.686986909,1.096698174,-1.328410988,-0.736637418,-1.272937034,-1.373322842
-0.686986909,0.669102943,-0.441527986,0.173684235,-0.300790345,-0.668013411
-0.686986909,-0.542416878,-0.219807236,-0.736637418,-0.064834837,-0.419080671
-0.686986909,-0.471151006,0.445355015,1.084005888,0.522760135,0.058040415
-0.686986909,-0.399885134,-1.106690237,-0.736637418,-0.966639279,-1.041412521
-0.092553511,2.593281483,-1.106690237,-0.736637418,-1.083440271,-0.979179336
-0.092553511,0.882900559,-0.219807236,-0.736637418,-0.136626,0.16176239
-0.092553511,-0.257353391,1.110517266,1.994327541,1.061886283,1.302704116
-0.092553511,-0.328619262,0.223634265,-0.736637418,0.234361882,0.1202736
-0.092553511,-0.114821647,-0.884969487,-0.736637418,-0.806602514,-0.979179336
-0.092553511,-0.542416878,1.110517266,1.994327541,1.053391245,0.763349846
-0.092553511,3.092142586,-0.219807236,-0.736637418,-0.157173337,-0.17014793
-0.092553511,-0.542416878,0.445355015,0.173684235,0.471036549,0.57665029
-0.126791359,-0.257353391,-1.106690237,-0.736637418,-1.046654772,-0.958434941
-0.126791359,0.740368815,-0.441527986,0.173684235,-0.437531747,-0.522802646
-0.126791359,-0.328619262,-0.884969487,-0.736637418,-0.794396557,-0.896201756
-0.126791359,-0.328619262,1.110517266,0.173684235,1.044933779,0.991538191
-0.126791359,-0.471151006,0.667075765,0.173684235,0.728181,0.32771755
-0.126791359,1.880622765,0.223634265,-0.736637418,0.18173465,0.016551625
-0.126791359,-0.471151006,1.110517266,1.994327541,1.044933779,1.427170486
-0.126791359,-0.542416878,-0.884969487,-0.736637418,-0.790840259,-0.647269016
-1.290975462,-0.471151006,-0.441527986,-0.736637418,-0.360623138,-0.232381115
-1.290975462,0.740368815,-0.884969487,-0.736637418,-0.722194515,-0.709502201
-1.290975462,1.453027534,-1.106690237,-0.736637418,-0.994890724,-0.999923731
-1.290975462,-0.114821647,-0.884969487,-0.736637418,-0.716267352,-0.377591881
-1.290975462,-0.114821647,-0.219807236,-0.736637418,-0.104619803,-0.21163672
-1.290975462,-0.399885134,0.445355015,4.7252925,0.468367038,1.530892461
-1.290975462,-0.471151006,0.445355015,0.173684235,0.468367038,0.41069513
-1.290975462,-0.542416878,0.223634265,-0.736637418,0.248093825,0.182506785
-0.235793288,1.595559277,1.110517266,1.994327541,0.990953005,2.173968707
-0.235793288,-0.542416878,0.445355015,-0.736637418,0.442590985,0.28622876
-0.235793288,0.17024184,0.445355015,0.173684235,0.441405552,0.223995575
-0.235793288,-0.043555775,-1.993573239,-0.736637418,-2.09624667,-1.767466347
-0.235793288,-0.471151006,0.445355015,0.173684235,0.468275035,0.57665029
-0.235793288,-0.399885134,1.110517266,1.084005888,0.990953005,0.887816216
-0.235793288,-0.471151006,0.223634265,-0.736637418,0.206933642,-0.232381115
-0.235793288,-0.542416878,-2.43701474,-0.736637418,-2.482141813,-2.016399087
0.887823723,-0.542416878,1.775679517,1.084005888,1.545137181,0.74260545
0.887823723,-0.542416878,-0.441527986,-0.736637418,-0.56225794,-0.626524621
0.887823723,-0.471151006,-0.219807236,-0.736637418,-0.229738572,-0.315358696
0.887823723,-0.257353391,-0.884969487,-0.736637418,-0.937932159,-0.979179336
0.887823723,-0.471151006,1.775679517,1.994327541,1.549681419,1.738336411
0.887823723,-0.471151006,0.223634265,-0.736637418,0.147848909,-0.190892325
0.887823723,-0.542416878,0.667075765,0.173684235,0.662931633,0.721861055
0.887823723,-0.542416878,-0.441527986,-0.736637418,-0.544082432,-0.750990991
0.571820667,-0.542416878,-1.771852488,-0.736637418,-1.7146713,-1.373322842
0.571820667,-0.257353391,-0.441527986,-0.736637418,-0.401285256,-0.833968571
0.571820667,0.241507712,1.332238016,1.994327541,1.390850799,0.929305006
0.571820667,-0.471151006,0.445355015,0.173684235,0.497616538,-0.107914745
0.571820667,-0.399885134,0.445355015,-0.736637418,0.525871836,-0.21163672
0.571820667,0.384039456,1.332238016,1.994327541,1.390850799,1.593125646
0.571820667,-0.471151006,-0.441527986,-0.736637418,-0.424613374,-0.522802646
0.571820667,0.241507712,1.110517266,-0.736637418,1.139521758,0.61813908
0.587345119,-0.471151006,1.332238016,1.994327541,1.40090554,2.028757942
0.587345119,-0.542416878,-1.771852488,-0.736637418,-1.678700816,-1.477044817
0.587345119,-0.542416878,1.110517266,2.904649194,1.168097378,1.198982141
0.587345119,-0.471151006,0.445355015,-0.736637418,0.533181923,0.016551625
0.587345119,-0.542416878,-0.884969487,0.173684235,-0.748233569,-0.21163672
0.587345119,-0.471151006,-1.328410988,-0.736637418,-1.268843173,-1.290345262
0.587345119,-0.257353391,1.332238016,-0.736637418,1.40090554,0.41069513
0.587345119,-0.328619262,0.445355015,-0.736637418,0.580597298,-0.190892325
0.652359478,-0.471151006,1.332238016,1.994327541,1.427200852,1.406426091
0.652359478,-0.257353391,-0.441527986,-0.736637418,-0.288216378,-0.356847486
0.652359478,3.23467433,-0.884969487,-0.736637418,-0.67169056,-0.481313856
0.652359478,-0.399885134,0.667075765,1.084005888,0.805202806,1.219726536
0.652359478,-0.399885134,-1.771852488,-0.736637418,-1.598208935,-1.414811632
0.652359478,-0.328619262,-0.441527986,-0.736637418,-0.284660562,-0.585035831
0.652359478,0.384039456,-1.993573239,-0.736637418,-2.054182842,-1.663744372
0.652359478,-0.257353391,1.332238016,0.173684235,1.430724877,1.862802782
2.747714976,-0.471151006,-0.219807236,-0.736637418,0.198147665,0.058040415
2.747714976,-0.542416878,-0.441527986,0.173684235,-0.056263211,-0.564291436
2.747714976,-0.399885134,2.219121018,2.904649194,2.468201375,2.713322977
2.747714976,-0.471151006,2.219121018,1.084005888,2.462669678,2.049502337
2.747714976,-0.542416878,-0.884969487,-0.736637418,-0.479190477,-1.394067237
2.747714976,1.951888637,-1.771852488,-0.736637418,-1.444289598,-1.477044817
2.747714976,-0.257353391,0.445355015,0.173684235,0.817643827,-0.00419277
2.747714976,-0.471151006,-0.219807236,-0.736637418,0.186689286,-0.564291436
0.969119398,0.455305328,-0.884969487,-0.736637418,-0.554088523,-1.082901311
0.969119398,-0.542416878,1.332238016,1.084005888,1.587537227,0.908560611
0.969119398,-0.542416878,0.223634265,-0.736637418,0.536329268,0.1202736
0.969119398,-0.328619262,1.110517266,-0.736637418,1.371691203,0.70111666
0.969119398,-0.471151006,-0.884969487,-0.736637418,-0.545376244,-0.833968571
0.969119398,-0.399885134,1.332238016,3.814970847,1.587537227,1.717592016
0.969119398,-0.471151006,0.445355015,-0.736637418,0.781448877,0.03729602
0.969119398,-0.186087519,-0.219807236,-0.736637418,0.106145864,-0.21163672
-0.698223118,-0.542416878,0.223634265,-0.736637418,0.135090938,-0.024937165
-0.698223118,-0.257353391,0.223634265,-0.736637418,0.226955458,-0.12865914
-0.698223118,-0.471151006,0.445355015,0.173684235,0.462171575,0.431439525
-0.698223118,-0.542416878,-0.884969487,-0.736637418,-0.860800529,-1.062156916
-0.698223118,-0.043555775,-1.771852488,-0.736637418,-1.795928582,-1.560022397
-0.698223118,-0.399885134,0.667075765,0.173684235,0.765359556,0.555905895
-0.698223118,-0.399885134,0.667075765,1.994327541,0.765359556,1.572381251
-0.698223118,-0.399885134,0.223634265,0.173684235,0.152870981,-0.00419277
-1.030979314,-0.471151006,-0.219807236,-0.736637418,-0.293709541,0.058040415
-1.030979314,-0.542416878,0.223634265,0.173684235,0.092302652,0.03729602
-1.030979314,-0.471151006,0.667075765,1.084005888,0.59723526,0.887816216
-1.030979314,-0.471151006,-0.441527986,-0.736637418,-0.522850135,-0.626524621
-1.030979314,2.878344971,0.667075765,0.173684235,0.59723526,1.572381251
-1.030979314,0.241507712,-1.106690237,-0.736637418,-1.184523323,-1.041412521
-1.030979314,-0.471151006,-1.771852488,-0.736637418,-2.014144508,-1.414811632
-1.030979314,-0.471151006,-0.219807236,-0.736637418,-0.292919092,-0.294614301
-0.282304383,0.384039456,0.223634265,-0.736637418,0.152257312,0.16176239
-0.282304383,-0.542416878,0.667075765,1.084005888,0.666573189,0.514417105
-0.282304383,-0.471151006,-0.219807236,-0.736637418,-0.247920342,-0.502058251
-0.282304383,2.522015611,1.110517266,1.084005888,0.967915826,0.970793796
-0.282304383,-0.542416878,1.110517266,1.084005888,0.967915826,1.198982141
-0.282304383,-0.471151006,0.667075765,0.173684235,0.639504769,0.1202736
-0.282304383,-0.114821647,-2.43701474,-0.736637418,-2.640207032,-1.642999977
-0.282304383,-0.471151006,0.445355015,-0.736637418,0.426793567,-0.377591881
0.063891486,-0.471151006,0.667075765,0.173684235,0.606000043,0.32771755
0.063891486,-0.542416878,0.445355015,1.084005888,0.374691374,-0.149403535
0.063891486,-0.328619262,0.667075765,-0.736637418,0.608568882,0.555905895
0.063891486,-0.542416878,-0.441527986,-0.736637418,-0.523605903,-0.502058251
0.063891486,1.167964046,-0.884969487,-0.736637418,-0.916791383,-1.103645706
0.063891486,-0.399885134,1.332238016,1.994327541,1.141524614,1.842058387
0.063891486,-0.471151006,1.332238016,0.173684235,1.141524614,1.302704116
0.063891486,-0.471151006,-1.771852488,-0.736637418,-1.83252237,-1.746721952
-1.597774556,-0.542416878,-0.219807236,0.173684235,-0.274064404,0.058040415
-1.597774556,-0.471151006,-0.441527986,-0.736637418,-0.507043565,-1.041412521
-1.597774556,-0.471151006,-1.328410988,-0.736637418,-1.521927482,-0.668013411
-1.597774556,-0.471151006,-0.884969487,-0.736637418,-0.879369576,-0.377591881
-1.597774556,-0.399885134,0.445355015,1.084005888,0.316594582,0.825583031
-1.597774556,-0.542416878,0.445355015,1.994327541,0.316594582,0.514417105
-1.597774556,-0.542416878,-0.219807236,-0.736637418,-0.292439331,0.03729602
-1.597774556,-0.542416878,-0.884969487,-0.736637418,-0.890092899,-0.439825066
0.385861894,1.666825149,0.888796516,0.173684235,1.086783738,0.306973155
0.385861894,-0.114821647,1.110517266,-0.736637418,1.299363922,0.431439525
0.385861894,-0.542416878,-1.106690237,-0.736637418,-1.00306544,-1.041412521
0.385861894,0.384039456,1.110517266,1.084005888,1.299363922,1.759080807
0.385861894,-0.471151006,-0.884969487,-0.736637418,-0.686711017,-0.979179336
0.385861894,2.165686252,-0.884969487,0.173684235,-0.691452265,-0.854712966
0.385861894,-0.399885134,-0.441527986,-0.736637418,-0.311882641,-0.336103091
0.385861894,-0.471151006,-0.219807236,0.173684235,-0.205088704,-0.356847486
-0.448267568,-0.399885134,-0.441527986,-0.736637418,-0.578513924,-0.439825066
-0.448267568,1.880622765,-0.441527986,-0.736637418,-0.549669523,-0.481313856
-0.448267568,-0.399885134,-1.106690237,-0.736637418,-1.204473849,-0.792479781
-0.448267568,-0.114821647,-0.884969487,-0.736637418,-0.944516825,-0.854712966
-0.448267568,-0.542416878,-1.106690237,-0.736637418,-1.186093142,-0.833968571
-0.448267568,-0.399885134,1.110517266,1.994327541,0.885759234,1.302704116
-0.448267568,-0.399885134,1.110517266,1.084005888,0.885759234,1.945780362
-0.448267568,-0.542416878,-0.219807236,-0.736637418,-0.329848615,-0.17014793
-0.29366706,-0.471151006,-0.219807236,-0.736637418,-0.225123525,0.016551625
-0.29366706,0.17024184,0.223634265,0.173684235,0.214427252,0.141017995
-0.29366706,0.669102943,-0.884969487,-0.736637418,-0.918245597,-0.771735386
-0.29366706,2.308217996,-0.219807236,-0.736637418,-0.24883025,0.1202736
-0.29366706,-0.399885134,1.110517266,3.814970847,0.962311876,1.510148066
-0.29366706,-0.471151006,-0.219807236,-0.736637418,-0.255238618,-0.481313856
-0.29366706,-0.542416878,1.110517266,1.084005888,0.962311876,0.514417105
-0.29366706,-0.257353391,-1.106690237,-0.736637418,-1.21999815,-0.937690546
0.061255111,-0.471151006,-0.884969487,-0.736637418,-0.941045304,-0.979179336
0.061255111,-0.399885134,-1.106690237,-0.736637418,-1.175399201,-0.916946151
0.061255111,3.020876714,-1.993573239,-0.736637418,-2.199450592,-1.767466347
0.061255111,-0.542416878,0.445355015,1.084005888,0.351229828,0.61813908
0.061255111,-0.257353391,-1.993573239,-0.736637418,-2.182456662,-1.663744372
0.061255111,-0.399885134,0.445355015,0.173684235,0.350044396,0.265484365
0.061255111,1.524293406,1.332238016,2.904649194,1.138018894,2.879278138
0.061255111,-0.471151006,1.332238016,0.173684235,1.138018894,1.427170486
0.22038707,-0.471151006,-0.441527986,-0.736637418,-0.449078756,-0.647269016
0.22038707,-0.542416878,0.223634265,-0.736637418,0.243469627,-0.00419277
0.22038707,-0.542416878,1.332238016,1.084005888,1.214863439,0.867071821
0.22038707,-0.542416878,0.223634265,0.173684235,0.254731477,0.03729602
0.22038707,-0.471151006,0.223634265,-0.736637418,0.261449088,0.223995575
0.22038707,-0.471151006,1.332238016,2.904649194,1.217826779,1.655358831
0.22038707,-0.328619262,-0.441527986,-0.736637418,-0.421473736,-0.460569461
0.22038707,-0.471151006,-0.441527986,-0.736637418,-0.426017493,-0.564291436
-0.322167145,-0.471151006,-0.441527986,-0.736637418,-0.117917264,-0.502058251
-0.322167145,-0.114821647,0.667075765,1.084005888,0.948231192,0.784094241
-0.322167145,-0.328619262,-0.884969487,-0.736637418,-0.585509951,-0.813224176
-0.322167145,-0.542416878,0.445355015,1.994327541,0.93219871,0.555905895
-0.322167145,0.098975969,0.667075765,-0.736637418,0.948231192,0.991538191
-0.322167145,-0.542416878,-0.441527986,0.173684235,-0.134117373,-0.356847486
-0.322167145,-0.542416878,-0.884969487,-0.736637418,-0.512213997,-0.398336276
-0.322167145,-0.471151006,0.223634265,-0.736637418,0.610385325,-0.294614301
-1.45794942,-0.257353391,0.223634265,0.173684235,0.162343845,0.306973155
-1.45794942,-0.471151006,0.223634265,-0.736637418,0.102859312,0.016551625
-1.45794942,1.666825149,0.445355015,0.173684235,0.38582654,1.613870041
-1.45794942,0.17024184,-0.884969487,1.084005888,-0.836651615,-0.771735386
-1.45794942,-0.542416878,0.445355015,1.084005888,0.38582654,0.929305006
-1.45794942,-0.114821647,-1.106690237,-0.736637418,-1.092222394,-1.062156916
-1.45794942,-0.471151006,-0.884969487,-0.736637418,-0.812547499,-0.688757806
-1.45794942,1.167964046,-1.328410988,-0.736637418,-1.326417334,-1.207367681
-1.099433607,-0.542416878,-0.219807236,-0.736637418,-0.11961473,-0.149403535
-1.099433607,-0.542416878,-0.441527986,0.173684235,-0.336424129,-0.419080671
-1.099433607,3.519737817,0.445355015,0.173684235,0.563284491,0.825583031
-1.099433607,1.524293406,0.223634265,0.173684235,0.355399796,0.49367271
-1.099433607,-0.542416878,-0.884969487,-0.736637418,-0.843170772,-0.730246596
-1.099433607,-0.471151006,0.445355015,1.084005888,0.563284491,1.116004561
-1.099433607,-0.471151006,-0.219807236,-0.736637418,-0.050466104,-0.273869906
-1.099433607,-0.542416878,-1.106690237,-0.736637418,-1.049000589,-1.145134496
-0.147010698,-0.399885134,0.667075765,0.173684235,0.731373624,0.306973155
-0.147010698,-0.471151006,1.110517266,0.173684235,1.034922389,0.763349846
-0.147010698,3.020876714,-0.884969487,-0.736637418,-0.818826775,-0.792479781
-0.147010698,-0.542416878,-1.328410988,-0.736637418,-1.317953124,-1.311089657
-0.147010698,-0.542416878,-0.884969487,-0.736637418,-0.785221376,-0.937690546
-0.147010698,1.738091021,1.110517266,1.994327541,1.034922389,2.049502337
-0.147010698,-0.328619262,0.445355015,1.084005888,0.444663203,0.223995575
-0.147010698,-0.257353391,-0.219807236,0.173684235,-0.187060592,-0.17014793
-1.116188691,1.167964046,-0.219807236,-0.736637418,-0.267298142,-0.626524621
-1.116188691,-0.542416878,-1.328410988,-0.736637418,-1.434980991,-1.248856472
-1.116188691,-0.471151006,0.223634265,0.173684235,0.112146244,-0.190892325
-1.116188691,3.163408458,0.667075765,1.994327541,0.555044748,1.696847621
-1.116188691,-0.471151006,0.223634265,-0.736637418,0.105429595,-0.647269016
-1.116188691,3.092142586,0.223634265,-0.736637418,0.10799747,0.058040415
-1.116188691,2.949610843,0.445355015,0.173684235,0.340843204,0.058040415
-1.116188691,0.098975969,0.667075765,0.173684235,0.555044748,0.32771755
-0.108778403,-0.542416878,-0.219807236,-0.736637418,0.056178991,-0.17014793
-0.108778403,3.163408458,0.667075765,3.814970847,1.053854628,1.676103226
-0.108778403,-0.542416878,0.667075765,0.173684235,1.053854628,0.867071821
-0.108778403,-0.471151006,0.223634265,0.173684235,0.47343487,0.058040415
-0.108778403,-0.542416878,0.445355015,-0.736637418,0.803069895,-0.00419277
-0.108778403,-0.542416878,-0.219807236,-0.736637418,0.082258989,-0.377591881
-0.108778403,-0.471151006,-1.106690237,-0.736637418,-0.953890461,-0.999923731
-0.108778403,-0.399885134,-0.441527986,-0.736637418,-0.242893935,-0.668013411
-1.555531274,5.15885287,0.667075765,1.084005888,0.337459832,-0.356847486
-1.555531274,-0.471151006,-0.441527986,-0.736637418,-0.711053086,-0.460569461
-1.555531274,-0.542416878,0.445355015,0.173684235,0.087854269,0.763349846
-1.555531274,-0.542416878,0.667075765,-0.736637418,0.337459832,0.950049401
-1.555531274,0.5265712,-0.884969487,-0.736637418,-1.010738237,-0.419080671
-1.555531274,-0.542416878,-0.219807236,-0.736637418,-0.472488761,0.141017995
-1.555531274,-0.542416878,-0.441527986,-0.736637418,-0.664379028,-0.253125511
-1.555531274,-0.399885134,0.223634265,-0.736637418,-0.223632703,0.07878481
1.483772793,-0.471151006,1.775679517,1.994327541,1.842391255,1.800569597
1.483772793,-0.471151006,-0.441527986,0.173684235,-0.329992158,-0.439825066
1.483772793,-0.471151006,1.332238016,0.173684235,1.451463444,0.763349846
1.483772793,1.738091021,0.223634265,-0.736637418,0.338659715,-0.419080671
1.483772793,3.092142586,-0.441527986,-0.736637418,-0.359282602,-1.020668126
1.483772793,-0.471151006,0.445355015,-0.736637418,0.611182999,0.306973155
1.483772793,-0.542416878,-1.328410988,-0.736637418,-1.308117551,-1.186623286
1.483772793,-0.328619262,1.775679517,1.084005888,1.841403796,1.095260166
-1.945174791,0.384039456,0.445355015,1.084005888,0.128976881,1.033026981
-1.945174791,-0.542416878,-1.328410988,-0.736637418,-1.619624272,-1.248856472
-1.945174791,-0.542416878,-1.106690237,-0.736637418,-1.342243172,-0.916946151
-1.945174791,-0.471151006,0.445355015,1.994327541,0.144584996,1.219726536
-1.945174791,-0.542416878,0.223634265,-0.736637418,-0.1309392,-0.481313856
-1.945174791,-0.257353391,0.223634265,-0.736637418,-0.089647516,0.223995575
-1.945174791,-0.471151006,-0.441527986,-0.736637418,-0.727160229,-0.605780226
-1.945174791,-0.471151006,-0.219807236,1.084005888,-0.496168029,0.16176239
0.118623011,-0.328619262,1.110517266,1.994327541,1.16961084,1.655358831
0.118623011,-0.542416878,-1.328410988,-0.736637418,-1.2979973,-1.248856472
0.118623011,-0.542416878,1.110517266,0.173684235,1.16961084,1.281959721
0.118623011,-0.471151006,-0.441527986,-0.736637418,-0.336633663,-0.750990991
0.118623011,-0.471151006,-1.993573239,-0.736637418,-2.281947737,-1.103645706
0.118623011,-0.186087519,-0.219807236,0.173684235,-0.028298853,0.223995575
0.118623011,-0.471151006,0.223634265,0.173684235,0.375740007,-0.04568156
0.118623011,-0.471151006,-0.441527986,-0.736637418,-0.314303601,-0.709502201
-0.111535408,0.027710097,0.667075765,-0.736637418,0.527501866,-0.107914745
-0.111535408,1.025432303,-0.884969487,0.173684235,-1.008606289,-0.688757806
-0.111535408,-0.471151006,-0.441527986,-0.736637418,-0.649163007,-0.792479781
-0.111535408,-0.328619262,-0.219807236,-0.736637418,-0.383439704,-0.232381115
-0.111535408,0.098975969,0.223634265,0.173684235,-0.007964903,0.03729602
-0.111535408,0.241507712,1.332238016,1.994327541,1.052486636,2.381412657
-0.111535408,-0.399885134,1.332238016,1.084005888,1.052486636,0.680372265
-0.111535408,1.096698174,-1.328410988,-0.736637418,-1.513521075,-1.228112076
-0.678443499,-0.542416878,-0.219807236,-0.736637418,-0.120097381,-0.336103091
-0.678443499,-0.542416878,-0.884969487,-0.736637418,-0.724152574,-0.398336276
-0.678443499,-0.114821647,-0.441527986,-0.736637418,-0.33342129,-0.294614301
-0.678443499,0.882900559,-0.884969487,-0.736637418,-0.75299842,-1.020668126
-0.678443499,-0.471151006,0.667075765,2.904649194,0.774556894,1.364937301
-0.678443499,0.5265712,0.223634265,1.084005888,0.306178575,0.099529205
-0.678443499,-0.542416878,0.223634265,-0.736637418,0.31981129,0.16176239
-0.678443499,1.595559277,0.667075765,0.173684235,0.774556894,0.784094241
-1.240968981,-0.471151006,0.667075765,1.994327541,0.480619237,0.555905895
-1.240968981,1.951888637,0.667075765,1.084005888,0.493263529,1.053771376
-1.240968981,0.811634687,-0.884969487,-0.736637418,-0.971091997,-0.626524621
-1.240968981,-0.542416878,-0.219807236,-0.736637418,-0.340889852,-0.066425955
-1.240968981,-0.542416878,-0.219807236,0.173684235,-0.324887236,0.182506785
-1.240968981,-0.471151006,-0.441527986,-0.736637418,-0.593071479,-0.294614301
-1.240968981,-0.328619262,-0.441527986,-0.736637418,-0.560471362,-0.377591881
-1.240968981,-0.399885134,-0.441527986,-0.736637418,-0.581412237,-0.12865914
0.331278239,0.882900559,-1.328410988,-0.736637418,-1.317217588,-1.228112076
0.331278239,-0.542416878,-0.441527986,0.173684235,-0.445479588,-0.253125511
0.331278239,-0.471151006,1.332238016,1.084005888,1.27174108,1.572381251
0.331278239,-0.542416878,0.223634265,-0.736637418,0.227608626,0.182506785
0.331278239,-0.471151006,1.332238016,2.904649194,1.27174108,1.717592016
0.331278239,-0.542416878,0.667075765,-0.736637418,0.724871327,0.5351615
0.331278239,-0.471151006,-0.441527986,-0.736637418,-0.430859896,-0.626524621
0.331278239,1.239229918,-1.106690237,-0.736637418,-1.042742989,-1.165878891
-0.378605018,1.524293406,-0.884969487,-0.736637418,-0.779213772,-1.103645706
-0.378605018,-0.399885134,-1.328410988,-0.736637418,-1.304767897,-1.311089657
-0.378605018,-0.542416878,0.445355015,1.084005888,0.635791442,0.65962787
-0.378605018,-0.471151006,-0.219807236,-0.736637418,-0.104329346,-0.439825066
-0.378605018,-0.542416878,0.667075765,0.173684235,0.920253827,0.908560611
-0.378605018,3.092142586,0.223634265,-0.736637418,0.282691018,-0.688757806
-0.378605018,-0.257353391,-0.441527986,0.173684235,-0.399004948,-0.626524621
-0.378605018,-0.114821647,0.667075765,2.904649194,0.920253827,2.422901447
-1.725557978,0.241507712,0.001913514,1.084005888,0.253278708,0.20325118
-1.725557978,0.17024184,-1.771852488,-0.736637418,-1.416346916,-1.663744372
-1.725557978,0.455305328,0.001913514,-0.736637418,0.191806733,0.058040415
-1.725557978,3.23467433,0.001913514,0.173684235,0.242780332,-0.04568156
-1.725557978,0.027710097,0.001913514,-0.736637418,0.253278708,0.74260545
-1.725557978,-0.471151006,-0.884969487,-0.736637418,-0.471905437,-0.564291436
-1.725557978,-0.114821647,0.001913514,0.173684235,0.22657926,-0.315358696
-1.725557978,-0.542416878,-0.219807236,-0.736637418,0.110180959,-0.253125511
0.607698709,-0.186087519,-0.219807236,0.173684235,-0.132471929,-0.08717035
0.607698709,-0.471151006,-0.219807236,-0.736637418,-0.15934093,-0.273869906
0.607698709,-0.542416878,1.332238016,1.994327541,1.408641439,1.178237746
0.607698709,0.17024184,-1.106690237,-0.736637418,-1.041856203,-1.165878891
0.607698709,2.09442038,-1.106690237,-0.736637418,-1.056686874,-0.958434941
0.607698709,-0.471151006,-0.884969487,-0.736637418,-0.776133863,-0.750990991
0.607698709,0.027710097,1.332238016,1.084005888,1.408641439,2.090991127
0.607698709,-0.542416878,-0.441527986,0.173684235,-0.441785528,-0.294614301
0.259673916,-0.471151006,1.110517266,1.994327541,1.236291782,1.530892461
0.259673916,-0.328619262,0.223634265,1.084005888,0.36105336,0.016551625
0.259673916,-0.542416878,-1.106690237,-0.736637418,-0.978227714,-1.124390101
0.259673916,-0.471151006,0.445355015,0.173684235,0.62438075,0.431439525
0.259673916,-0.471151006,0.667075765,-0.736637418,0.892618461,0.03729602
0.259673916,-0.542416878,-0.884969487,-0.736637418,-0.727881797,-1.041412521
0.259673916,1.025432303,-0.219807236,-0.736637418,-0.041238901,-0.647269016
0.259673916,0.027710097,1.110517266,1.084005888,1.236291782,0.721861055
-0.094001085,-0.114821647,1.110517266,1.994327541,1.061170496,2.900022533
-0.094001085,-0.542416878,-0.884969487,0.173684235,-0.791282448,-0.792479781
-0.094001085,-0.471151006,0.445355015,0.173684235,0.508364909,-0.294614301
-0.094001085,-0.471151006,0.445355015,0.173684235,0.503030222,0.099529205
-0.094001085,-0.471151006,-1.771852488,0.173684235,-1.757276063,-1.414811632
-0.094001085,-0.542416878,1.110517266,1.084005888,1.061170496,0.74260545
-0.094001085,1.738091021,-2.43701474,-0.736637418,-2.650090775,-1.912677112
-0.094001085,-0.471151006,0.223634265,-0.736637418,0.243487449,-0.08717035
-0.027901046,1.025432303,-0.884969487,-0.736637418,-0.6951049,-0.771735386
-0.027901046,-0.542416878,-1.771852488,-0.736637418,-1.682351524,-1.705233162
-0.027901046,-0.471151006,0.223634265,-0.736637418,0.284202071,-0.336103091
-0.027901046,-0.471151006,0.667075765,1.994327541,0.785217598,0.638883475
-0.027901046,-0.471151006,-0.219807236,0.173684235,-0.107555688,-0.294614301
-0.027901046,3.305940202,1.110517266,1.084005888,1.093900187,0.846327426
-0.027901046,-0.257353391,-0.219807236,-0.736637418,-0.094911877,-0.253125511
-0.027901046,0.241507712,1.110517266,1.084005888,1.093900187,1.821313992
0.581646269,-0.471151006,0.667075765,1.084005888,0.48818221,0.61813908
0.581646269,-0.328619262,1.775679517,2.904649194,1.397728331,1.821313992
0.581646269,-0.471151006,1.775679517,0.173684235,1.391999141,1.447914881
0.581646269,-0.542416878,-1.106690237,-0.736637418,-1.315229664,-1.145134496
0.581646269,2.949610843,-0.884969487,-0.736637418,-1.051933102,-1.228112076
0.581646269,-0.471151006,1.110517266,0.173684235,0.801048734,0.867071821
0.581646269,-0.328619262,0.223634265,0.173684235,-0.022534019,-0.066425955
0.581646269,-0.542416878,-0.884969487,-0.736637418,-1.063787427,-0.730246596
-1.444208168,-0.114821647,0.223634265,1.084005888,0.366328318,-0.17014793
-1.444208168,-0.399885134,-1.328410988,-0.736637418,-1.319575447,-1.124390101
-1.444208168,1.951888637,-0.441527986,-0.736637418,-0.314407164,-0.460569461
-1.444208168,-0.471151006,-0.441527986,-0.736637418,-0.38079524,-0.605780226
-1.444208168,-0.471151006,-1.106690237,-0.736637418,-1.090621266,-0.916946151
-1.444208168,-0.542416878,-0.884969487,-0.736637418,-0.716461954,-0.916946151
-1.444208168,3.448471945,0.445355015,1.084005888,0.394994013,1.655358831
-1.444208168,-0.542416878,0.445355015,1.084005888,0.394994013,0.389950735
-0.594328557,-0.471151006,-0.441527986,-0.736637418,-0.308878357,-0.439825066
-0.594328557,-0.399885134,0.667075765,0.173684235,0.813443513,0.5351615
-0.594328557,-0.328619262,-0.219807236,0.173684235,-0.061886911,-0.460569461
-0.594328557,-0.542416878,0.667075765,0.173684235,0.801194204,0.03729602
-0.594328557,-0.471151006,0.445355015,0.173684235,0.573218329,0.223995575
-0.594328557,-0.471151006,0.667075765,0.173684235,0.807911816,0.5351615
-0.594328557,-0.542416878,0.445355015,0.173684235,0.562944902,0.41069513
-0.594328557,2.308217996,-0.884969487,-0.736637418,-0.743029901,-0.647269016
1.135224616,0.17024184,-0.441527986,-0.736637418,-0.633878586,-0.481313856
1.135224616,-0.542416878,2.219121018,1.994327541,1.669752586,2.153224312
1.135224616,2.45074974,0.223634265,0.173684235,0.039268394,-0.12865914
1.135224616,0.17024184,-1.328410988,-0.736637418,-1.505504352,-1.020668126
1.135224616,2.308217996,0.667075765,0.173684235,0.481770469,0.57665029
1.135224616,-0.257353391,2.219121018,0.173684235,1.669752586,2.028757942
1.135224616,0.17024184,-0.441527986,1.084005888,-0.60419942,-0.419080671
1.135224616,-0.542416878,-1.106690237,-0.736637418,-1.226888688,-1.020668126
-2.807543618,0.669102943,0.001913514,1.084005888,-0.282434203,0.472928315
-2.807543618,-0.114821647,0.001913514,0.173684235,-0.282434203,1.364937301
-2.807543618,-0.542416878,-0.884969487,-0.736637418,-0.978318271,-1.020668126
-2.807543618,-0.542416878,-0.219807236,0.173684235,-0.394689993,-0.066425955
-2.807543618,1.239229918,0.001913514,-0.736637418,-0.295078496,-0.024937165
-2.807543618,-0.471151006,-0.441527986,-0.736637418,-0.648982374,-0.439825066
-2.807543618,-0.471151006,-0.219807236,-0.736637418,-0.413853442,-0.232381115
-2.807543618,-0.471151006,-1.106690237,-0.736637418,-1.269176983,-0.833968571
-0.134500079,-0.471151006,0.223634265,-0.736637418,0.29924035,-0.771735386
-0.134500079,-0.471151006,0.223634265,0.173684235,0.314847983,0.03729602
-0.134500079,3.092142586,-0.219807236,-0.736637418,-0.085194798,-0.336103091
-0.134500079,-0.399885134,-1.771852488,-0.736637418,-1.722832047,-1.497789212
-0.134500079,0.241507712,1.110517266,2.904649194,1.041516689,2.008013547
-0.134500079,2.878344971,0.445355015,-0.736637418,0.545290579,0.03729602
-0.134500079,-0.471151006,-0.219807236,-0.736637418,-0.096652695,-0.502058251
-0.134500079,-0.542416878,1.110517266,1.084005888,1.041516689,0.32771755
-1.042418845,-0.542416878,-0.219807236,-0.736637418,-0.582762889,-0.336103091
-1.042418845,2.379483868,-1.771852488,-0.736637418,-2.206883509,-1.394067237
-1.042418845,3.23467433,0.667075765,1.084005888,0.277976263,1.095260166
-1.042418845,-0.399885134,1.110517266,0.173684235,0.592163574,1.198982141
-1.042418845,2.379483868,-0.884969487,-0.736637418,-1.18101423,-1.186623286
-1.042418845,-0.399885134,1.110517266,1.994327541,0.59374399,1.344192906
-1.042418845,-0.471151006,0.667075765,-0.736637418,0.282520501,0.07878481
-1.042418845,1.025432303,-1.106690237,-0.736637418,-1.409354742,-1.165878891
0.201208661,0.882900559,0.223634265,0.173684235,0.138221424,0.24473997
0.201208661,0.811634687,1.332238016,1.994327541,1.207341409,1.551636856
0.201208661,-0.542416878,1.332238016,0.173684235,1.201018781,0.991538191
0.201208661,-0.542416878,0.667075765,0.173684235,0.68003057,0.45218392
0.201208661,-0.542416878,-0.884969487,-0.736637418,-0.874067161,-0.875457361
0.201208661,0.811634687,-0.219807236,0.173684235,-0.236655602,-0.190892325
0.201208661,-0.328619262,-0.884969487,-0.736637418,-0.83850563,-0.875457361
0.201208661,-0.328619262,-0.441527986,-0.736637418,-0.49795557,-0.377591881
0.089422488,-0.399885134,1.110517266,-0.736637418,0.879202506,1.116004561
0.089422488,-0.114821647,-0.441527986,0.173684235,-0.524741722,-0.605780226
0.089422488,-0.542416878,0.223634265,-0.736637418,0.078903555,-0.024937165
0.089422488,1.025432303,1.332238016,1.994327541,1.151993607,1.696847621
0.089422488,-0.471151006,1.332238016,0.173684235,1.151993607,0.514417105
0.089422488,0.882900559,-0.884969487,-0.736637418,-0.914023608,-1.165878891
0.089422488,-0.471151006,-2.43701474,-0.736637418,-2.72535683,-1.891932717
0.089422488,3.092142586,-0.884969487,-0.736637418,-0.911850235,-0.999923731
0.527317496,-0.471151006,-1.106690237,-0.736637418,-1.19090857,-1.041412521
0.527317496,1.453027534,-0.884969487,-0.736637418,-0.910967783,-0.916946151
0.527317496,-0.471151006,0.667075765,0.173684235,0.350478396,0.306973155
0.527317496,-0.471151006,1.775679517,1.994327541,1.368811676,2.422901447
0.527317496,-0.542416878,1.775679517,1.084005888,1.365057405,1.593125646
0.527317496,-0.542416878,-1.771852488,-0.736637418,-1.832881708,-1.663744372
0.527317496,-0.542416878,0.445355015,-0.736637418,0.283848031,0.804838636
0.527317496,-0.471151006,-0.884969487,0.173684235,-0.938626752,-0.730246596
0.885660145,2.45074974,-1.106690237,0.173684235,-0.713291969,-1.103645706
0.885660145,0.811634687,-0.219807236,-0.736637418,0.130871839,0.099529205
0.885660145,-0.471151006,0.445355015,-0.736637418,0.717212498,0.61813908
0.885660145,0.669102943,1.332238016,1.084005888,1.546241208,1.987269152
0.885660145,-0.542416878,-1.771852488,-0.736637418,-1.500832467,-1.891932717
0.885660145,-0.399885134,-0.884969487,-0.736637418,-0.444882777,-0.585035831
0.885660145,-0.542416878,-0.884969487,-0.736637418,-0.433423917,-0.730246596
0.885660145,1.880622765,1.332238016,1.084005888,1.546241208,1.759080807
0.77911559,1.31049579,1.332238016,1.994327541,1.493404924,1.904291572
0.77911559,-0.471151006,0.223634265,0.173684235,0.387401657,0.099529205
0.77911559,1.951888637,0.223634265,-0.736637418,0.37534984,0.20325118
0.77911559,-0.471151006,-0.884969487,-0.736637418,-0.635139162,-0.730246596
0.77911559,0.098975969,1.332238016,1.084005888,1.493404924,1.427170486
0.77911559,-0.471151006,-0.441527986,0.173684235,-0.289899876,-0.605780226
0.77911559,1.453027534,-0.441527986,-0.736637418,-0.264336247,-0.460569461
0.77911559,-0.043555775,-1.328410988,-0.736637418,-1.158935128,-1.248856472
0.198167589,-0.471151006,0.223634265,-0.736637418,0.283022901,0.058040415
0.198167589,-0.471151006,-1.106690237,-0.736637418,-1.078750563,-1.082901311
0.198167589,-0.542416878,-0.219807236,-0.736637418,-0.143921155,-0.294614301
0.198167589,-0.542416878,0.445355015,0.173684235,0.595856671,-0.107914745
0.198167589,-0.471151006,1.110517266,1.994327541,1.205836618,0.867071821
0.198167589,-0.399885134,0.445355015,0.173684235,0.527497049,0.182506785
0.198167589,-0.542416878,0.223634265,-0.736637418,0.260499201,-0.04568156
0.198167589,-0.399885134,1.110517266,1.084005888,1.200106465,0.597394685
-1.577106741,0.5265712,0.223634265,1.084005888,0.326750478,1.157493351
-1.577106741,-0.471151006,-0.441527986,-0.736637418,-0.30150565,-0.294614301
-1.577106741,-0.328619262,-0.219807236,-0.736637418,-0.062178813,-0.107914745
-1.577106741,-0.471151006,-0.884969487,-0.736637418,-0.699032097,-0.896201756
-1.577106741,-0.542416878,-0.219807236,1.084005888,-0.051708376,-0.00419277
-1.577106741,-0.542416878,-0.884969487,-0.736637418,-0.684566063,-0.750990991
-1.577106741,-0.328619262,0.223634265,0.173684235,0.316265108,0.638883475
-1.577106741,-0.471151006,0.223634265,-0.736637418,0.321006838,0.32771755
0.437803337,-0.471151006,1.110517266,1.084005888,1.324489697,2.111735522
0.437803337,0.5265712,-0.884969487,0.173684235,-0.482721726,-1.165878891
0.437803337,1.025432303,-0.219807236,-0.736637418,0.181649873,0.058040415
0.437803337,-0.114821647,1.110517266,0.173684235,1.324489697,0.887816216
0.437803337,-0.399885134,-1.993573239,-0.736637418,-1.858834541,-1.767466347
0.437803337,-0.542416878,0.223634265,1.084005888,0.536315781,0.07878481
0.437803337,0.17024184,-1.106690237,-0.736637418,-0.745131021,-1.311089657
0.437803337,-0.471151006,-0.219807236,-0.736637418,0.142487729,-0.356847486
-0.311028219,-0.114821647,1.110517266,1.084005888,0.953683892,0.950049401
-0.311028219,2.308217996,-0.219807236,-0.736637418,-0.182902185,-0.626524621
-0.311028219,-0.399885134,-1.771852488,-0.736637418,-1.713688176,-1.497789212
-0.311028219,-0.114821647,1.110517266,1.994327541,0.953683892,2.194713102
-0.311028219,-0.328619262,-0.441527986,0.173684235,-0.463449416,-0.813224176
-0.311028219,-0.542416878,0.445355015,-0.736637418,0.452845626,0.348461945
-0.311028219,0.384039456,0.445355015,0.173684235,0.441782231,-0.024937165
-0.311028219,-0.471151006,-0.441527986,-0.736637418,-0.406132958,-0.626524621
-1.406164602,-0.542416878,0.223634265,-0.736637418,-0.035655663,0.16176239
-1.406164602,-0.471151006,-0.441527986,-0.736637418,-0.646475191,-0.647269016
-1.406164602,2.522015611,-0.219807236,-0.736637418,-0.414095249,-0.12865914
-1.406164602,-0.542416878,-1.993573239,-0.736637418,-2.368547896,-1.684488767
-1.406164602,-0.399885134,0.223634265,0.173684235,-0.027752619,0.141017995
-1.406164602,-0.542416878,-1.328410988,-0.736637418,-1.571279241,-1.311089657
-1.406164602,-0.186087519,0.667075765,1.994327541,0.411448453,0.846327426
-1.406164602,-0.471151006,0.667075765,1.994327541,0.411448453,2.194713102
-0.862983883,-0.542416878,0.223634265,-0.736637418,0.158350657,-0.08717035
-0.862983883,-0.471151006,-1.106690237,-0.736637418,-1.052173464,-1.290345262
-0.862983883,1.524293406,-0.884969487,-0.736637418,-0.819865775,-0.564291436
-0.862983883,-0.542416878,-0.884969487,0.173684235,-0.809592347,-1.165878891
-0.862983883,0.027710097,0.888796516,1.084005888,0.680399061,1.572381251
-0.862983883,-0.471151006,0.667075765,1.084005888,0.618057159,0.57665029
-0.862983883,0.740368815,0.888796516,0.173684235,0.680399061,0.867071821
-0.862983883,5.016321126,0.445355015,-0.736637418,0.320252997,0.03729602
0.327482248,-0.328619262,-0.441527986,-0.736637418,-0.65195005,-0.336103091
0.327482248,-0.328619262,-0.441527986,-0.736637418,-0.664792316,-0.253125511
0.327482248,1.453027534,-1.106690237,-0.736637418,-1.281904607,-1.041412521
0.327482248,-0.471151006,-0.884969487,-0.736637418,-1.032003288,-0.813224176
0.327482248,-0.399885134,-0.884969487,-0.736637418,-1.01240054,-0.792479781
0.327482248,-0.186087519,1.775679517,1.994327541,1.273224677,1.945780362
0.327482248,-0.257353391,-0.219807236,1.084005888,-0.411602999,0.03729602
0.327482248,0.312773584,1.775679517,0.173684235,1.268681402,1.551636856
1.117287541,-0.471151006,-0.441527986,-0.736637418,-0.295235045,-0.543547041
1.117287541,-0.542416878,-1.106690237,-0.736637418,-0.837472411,-1.207367681
1.117287541,-0.257353391,1.332238016,1.994327541,1.66093,1.447914881
1.117287541,-0.471151006,0.445355015,0.173684235,0.740898028,0.32771755
1.117287541,1.381761662,-1.106690237,-0.736637418,-0.810996948,-0.875457361
1.117287541,-0.471151006,1.332238016,0.173684235,1.65401586,0.680372265
1.117287541,0.098975969,1.110517266,-0.736637418,1.43040311,0.265484365
1.117287541,-0.399885134,0.667075765,0.173684235,0.999294867,0.472928315
-0.941462236,-0.542416878,0.667075765,1.084005888,0.641563019,0.431439525
-0.941462236,2.379483868,-1.328410988,-0.736637418,-1.480474915,-1.248856472
-0.941462236,-0.471151006,0.223634265,0.173684235,0.118350376,-0.21163672
-0.941462236,-0.542416878,-0.884969487,-0.736637418,-0.932924537,-0.771735386
-0.941462236,-0.542416878,-0.219807236,0.173684235,-0.273437247,-0.024937165
-0.941462236,0.241507712,-1.106690237,-0.736637418,-1.187830106,-0.854712966
-0.941462236,0.241507712,0.667075765,1.994327541,0.641563019,2.671834187
-0.941462236,1.880622765,0.223634265,-0.736637418,0.127635863,-0.253125511
0.209226742,0.384039456,-0.441527986,-0.736637418,-0.488685497,-0.502058251
0.209226742,-0.471151006,1.332238016,1.084005888,1.211303769,1.904291572
0.209226742,-0.542416878,0.445355015,-0.736637418,0.443848188,0.016551625
0.209226742,-0.471151006,-1.771852488,-0.736637418,-1.809838268,-1.580766792
0.209226742,0.312773584,-0.441527986,-0.736637418,-0.430802093,-0.647269016
0.209226742,-0.542416878,-0.219807236,1.084005888,-0.163291248,-0.356847486
0.209226742,1.595559277,0.223634265,0.173684235,0.211433565,0.07878481
0.209226742,-0.542416878,1.332238016,1.084005888,1.211303769,0.846327426
-1.295573066,2.09442038,-0.884969487,-0.736637418,-1.007940597,-0.522802646
-1.295573066,0.669102943,-0.884969487,-0.736637418,-0.962502067,-0.605780226
-1.295573066,-0.471151006,-0.441527986,-0.736637418,-0.612355832,-0.419080671
-1.295573066,-0.542416878,-0.884969487,-0.736637418,-0.992925921,-0.730246596
-1.295573066,-0.542416878,0.223634265,0.173684235,0.016420037,0.141017995
-1.295573066,-0.257353391,0.667075765,0.173684235,0.466423911,1.012282586
-1.295573066,1.951888637,0.223634265,0.173684235,0.025903497,0.32771755
-1.295573066,-0.471151006,0.667075765,2.904649194,0.466423911,1.157493351
-0.373684434,3.23467433,0.667075765,1.084005888,0.922497527,1.862802782
-0.373684434,0.384039456,-1.771852488,-0.736637418,-1.675990361,-1.435556027
-0.373684434,1.096698174,-0.884969487,-0.736637418,-0.684718276,-0.979179336
-0.373684434,-0.542416878,0.445355015,0.173684235,0.655383593,0.36920634
-0.373684434,-0.542416878,-0.884969487,-0.736637418,-0.685706217,-0.854712966
-0.373684434,-0.399885134,0.445355015,0.173684235,0.65597655,-0.419080671
-0.373684434,-0.542416878,0.667075765,0.173684235,0.922497527,0.28622876
-0.373684434,-0.471151006,0.445355015,0.173684235,0.638315002,0.514417105
-0.181756364,-0.328619262,1.332238016,-0.736637418,1.013177096,0.825583031
-0.181756364,1.167964046,-1.328410988,-0.736637418,-1.493374502,-1.290345262
-0.181756364,-0.186087519,0.223634265,-0.736637418,-0.057064257,0.099529205
-0.181756364,-0.471151006,1.332238016,1.994327541,1.011003722,0.763349846
-0.181756364,-0.399885134,-1.328410988,-0.736637418,-1.491794086,-1.331834052
-0.181756364,0.5265712,-0.884969487,-0.736637418,-1.007786457,-1.165878891
-0.181756364,0.954166431,1.332238016,1.084005888,1.017721334,1.966524757
-0.181756364,-0.542416878,0.667075765,0.173684235,0.443433456,0.514417105
-0.534748437,-0.471151006,-0.219807236,-0.736637418,-0.300638613,-0.398336276
-0.534748437,-0.471151006,0.223634265,-0.736637418,0.07149424,0.03729602
-0.534748437,-0.399885134,1.110517266,0.173684235,0.842941083,1.862802782
-0.534748437,-0.328619262,-0.219807236,-0.736637418,-0.301626554,-0.398336276
-0.534748437,4.01859892,-1.106690237,-0.736637418,-1.159820951,-1.165878891
-0.534748437,-0.542416878,-1.328410988,-0.736637418,-1.513651612,-1.414811632
-0.534748437,-0.542416878,0.667075765,1.084005888,0.558727729,0.348461945
-0.534748437,-0.257353391,1.110517266,1.994327541,0.842941083,1.240470931
1.634711561,0.027710097,1.775679517,-0.736637418,1.914557653,1.219726536
1.634711561,-0.399885134,0.223634265,0.173684235,0.403035783,-0.564291436
1.634711561,-0.471151006,-0.219807236,0.173684235,-0.028087874,-0.294614301
1.634711561,-0.542416878,-1.106690237,-0.736637418,-0.943354995,-1.435556027
1.634711561,-0.542416878,1.110517266,1.084005888,1.284804441,1.178237746
1.634711561,-0.542416878,0.445355015,0.173684235,0.670573121,0.07878481
1.634711561,-0.471151006,1.775679517,1.084005888,1.918706908,1.966524757
1.634711561,-0.471151006,-1.328410988,-0.736637418,-1.213290172,-1.435556027
-0.638730553,-0.257353391,1.110517266,2.904649194,0.793827278,1.136748956
-0.638730553,-0.542416878,-1.106690237,-0.736637418,-1.460237785,-1.352578447
-0.638730553,-0.542416878,-0.441527986,-0.736637418,-0.765391754,-0.750990991
-0.638730553,2.807079099,-0.219807236,-0.736637418,-0.547325633,-0.315358696
-0.638730553,-0.542416878,-0.219807236,-0.736637418,-0.496948844,0.07878481
-0.638730553,-0.542416878,1.110517266,1.084005888,0.789085548,1.281959721
-0.638730553,-0.471151006,1.110517266,0.173684235,0.774860357,0.431439525
-0.638730553,-0.542416878,0.445355015,-0.736637418,0.169789286,-0.149403535
0.921417556,-0.399885134,0.445355015,0.173684235,0.440627627,0.638883475
0.921417556,-0.542416878,-1.771852488,-0.736637418,-1.808450045,-1.642999977
0.921417556,-0.471151006,-0.441527986,-0.736637418,-0.401927345,-0.564291436
0.921417556,-0.542416878,-0.441527986,-0.736637418,-0.429982743,-0.792479781
0.921417556,-0.471151006,-0.219807236,0.173684235,-0.155474426,-0.149403535
0.921417556,-0.114821647,1.775679517,0.173684235,1.558611902,1.364937301
0.921417556,-0.542416878,-0.441527986,-0.736637418,-0.427611878,-0.460569461
0.921417556,0.098975969,1.775679517,1.994327541,1.563946108,1.759080807
-0.295548517,1.595559277,-1.328410988,-0.736637418,-1.337437859,-1.248856472
-0.295548517,-0.471151006,1.110517266,2.904649194,0.961377402,1.489403671
-0.295548517,-0.186087519,0.667075765,0.173684235,0.674793184,0.680372265
-0.295548517,-0.399885134,-0.219807236,-0.736637418,-0.199621071,-0.273869906
-0.295548517,-0.542416878,-0.219807236,-0.736637418,-0.137782532,0.099529205
-0.295548517,-0.471151006,-0.219807236,-0.736637418,-0.192706449,-0.21163672
-0.295548517,-0.471151006,1.110517266,0.173684235,0.953894871,0.825583031
-0.295548517,-0.399885134,-2.43701474,-0.736637418,-2.526733055,-1.871188322
0.539312514,-0.328619262,-0.441527986,0.173684235,-0.383819755,-0.543547041
0.539312514,-0.542416878,0.445355015,0.173684235,0.598350366,0.514417105
0.539312514,-0.471151006,1.332238016,1.084005888,1.378108242,1.779825202
0.539312514,-0.328619262,-1.771852488,-0.736637418,-1.731033255,-1.414811632
0.539312514,-0.471151006,-0.884969487,-0.736637418,-0.780535522,-0.896201756
0.539312514,-0.542416878,0.667075765,-0.736637418,0.865187331,0.265484365
0.539312514,-0.542416878,-0.219807236,-0.736637418,-0.071381932,-0.833968571
0.539312514,-0.471151006,1.332238016,1.994327541,1.365660478,1.385681696
0.608772715,-0.471151006,1.110517266,1.084005888,1.409116383,1.198982141
0.608772715,1.595559277,0.667075765,-0.736637418,1.092356861,0.28622876
0.608772715,-0.542416878,-0.219807236,-0.736637418,0.079206536,-0.543547041
0.608772715,-0.471151006,0.445355015,-0.736637418,0.809239346,-0.00419277
0.608772715,-0.542416878,0.223634265,-0.736637418,0.556113612,-0.273869906
0.608772715,-0.542416878,0.667075765,0.173684235,1.06943047,0.348461945
0.608772715,-0.471151006,1.110517266,2.904649194,1.409116383,0.991538191
0.608772715,2.165686252,-0.441527986,-0.736637418,-0.155581842,-0.668013411
0.765698291,-0.542416878,1.775679517,0.173684235,1.479535218,1.489403671
0.765698291,1.666825149,-0.219807236,-0.736637418,-0.306851416,-0.315358696
0.765698291,0.740368815,-1.106690237,-0.736637418,-1.164723565,-1.103645706
0.765698291,-0.114821647,-0.219807236,-0.736637418,-0.310802698,-0.585035831
0.765698291,-0.542416878,0.445355015,0.173684235,0.317406707,0.555905895
0.765698291,-0.399885134,1.775679517,2.904649194,1.486845305,2.070246732
0.765698291,1.666825149,-1.328410988,-0.736637418,-1.391048697,-1.456300422
0.765698291,1.453027534,0.223634265,-0.736637418,0.055420334,-0.17014793
0.842806897,-0.399885134,-1.993573239,-0.736637418,-2.22116024,-1.746721952
0.842806897,-0.542416878,1.332238016,0.173684235,1.157419333,0.555905895
0.842806897,-0.186087519,-1.106690237,-0.736637418,-1.196516374,-0.999923731
0.842806897,-0.471151006,1.775679517,1.084005888,1.522649125,1.489403671
0.842806897,-0.471151006,0.445355015,0.173684235,0.339433787,-0.336103091
0.842806897,-0.542416878,1.332238016,-0.736637418,1.152282619,1.178237746
0.842806897,-0.471151006,1.775679517,1.994327541,1.525019991,1.759080807
0.842806897,-0.542416878,-1.106690237,-0.736637418,-1.194343482,-1.352578447
-1.48854012,0.455305328,-0.441527986,-0.736637418,-0.642531617,-0.688757806
-1.48854012,-0.542416878,-1.328410988,-0.736637418,-1.627667487,-1.518533607
-1.48854012,-0.186087519,-0.441527986,-0.736637418,-0.627318004,-0.460569461
-1.48854012,-0.471151006,0.667075765,2.904649194,0.373643704,2.153224312
-1.48854012,-0.542416878,-0.441527986,-0.736637418,-0.627515978,-0.04568156
-1.48854012,-0.542416878,-1.993573239,-0.736637418,-2.41567763,-1.269600867
-1.48854012,-0.542416878,0.667075765,0.173684235,0.373643704,0.45218392
-1.48854012,-0.542416878,-0.884969487,-0.736637418,-1.000800546,-0.460569461
0.948779427,0.098975969,-0.884969487,-0.736637418,-0.982925128,-0.999923731
0.948779427,-0.399885134,1.997400267,1.994327541,1.581640411,2.090991127
0.948779427,-0.542416878,0.445355015,0.173684235,0.234053602,0.07878481
0.948779427,-0.542416878,0.445355015,0.173684235,0.222199277,-0.024937165
0.948779427,-0.542416878,-0.884969487,-0.736637418,-0.991223156,-0.896201756
0.948779427,-0.542416878,1.997400267,0.173684235,1.579269546,1.945780362
0.948779427,-0.542416878,-0.219807236,0.173684235,-0.393668816,-0.522802646
0.948779427,-0.542416878,-0.884969487,-0.736637418,-0.989444767,-0.958434941
-1.572447849,-0.471151006,0.223634265,1.084005888,0.104883362,0.28622876
-1.572447849,-0.471151006,-1.106690237,-0.736637418,-1.165517385,-0.896201756
-1.572447849,-0.542416878,-1.106690237,-0.736637418,-1.134286705,-0.750990991
-1.572447849,-0.542416878,0.445355015,1.084005888,0.327356922,0.680372265
-1.572447849,-0.542416878,-0.441527986,-0.736637418,-0.498375602,-0.273869906
-1.572447849,-0.542416878,0.223634265,0.173684235,0.103104972,0.514417105
-1.572447849,-0.471151006,-0.219807236,-0.736637418,-0.266285154,0.058040415
-1.572447849,-0.257353391,0.445355015,1.084005888,0.329135312,1.116004561
-0.272365932,-0.471151006,-0.884969487,-0.736637418,-1.073509323,-0.626524621
-0.272365932,-0.471151006,-0.884969487,-0.736637418,-1.108089657,-0.626524621
-0.272365932,-0.399885134,-0.441527986,-0.736637418,-0.716145485,-0.481313856
-0.272365932,-0.542416878,-0.219807236,0.173684235,-0.468608769,-0.398336276
-0.272365932,-0.114821647,1.332238016,0.173684235,0.972805916,1.655358831
-0.272365932,-0.399885134,1.332238016,1.994327541,0.972805916,1.240470931
-0.272365932,-0.471151006,-1.106690237,-0.736637418,-1.366992749,-1.165878891
-0.272365932,-0.542416878,1.110517266,1.084005888,0.766393257,0.5351615
-0.799619447,-0.471151006,0.445355015,-0.736637418,0.490204333,0.846327426
-0.799619447,-0.399885134,0.667075765,1.084005888,0.711793034,1.198982141
-0.799619447,-0.542416878,0.667075765,1.084005888,0.711793034,1.157493351
-0.799619447,-0.257353391,-1.328410988,-0.736637418,-1.420257254,-1.269600867
-0.799619447,-0.471151006,-0.441527986,1.084005888,-0.524317837,0.058040415
-0.799619447,1.381761662,0.223634265,0.173684235,0.171672683,0.141017995
-0.799619447,-0.542416878,-0.884969487,-0.736637418,-0.911179726,-0.439825066
-0.799619447,0.597837072,-1.328410988,-0.736637418,-1.394941694,-1.331834052
0.266116009,-0.399885134,-0.441527986,-0.736637418,-0.209551055,-0.730246596
0.266116009,-0.399885134,0.445355015,-0.736637418,0.688282356,-0.066425955
0.266116009,-0.542416878,0.223634265,-0.736637418,0.420399649,-0.315358696
0.266116009,-0.542416878,-0.219807236,-0.736637418,0.063266539,-0.149403535
0.266116009,-0.542416878,0.667075765,0.173684235,0.945723527,0.182506785
0.266116009,-0.471151006,1.110517266,2.904649194,1.239485369,1.530892461
0.266116009,-0.471151006,1.110517266,1.084005888,1.239485369,0.887816216
0.266116009,-0.257353391,-2.43701474,-0.736637418,-2.352800573,-1.891932717
0.044199421,-0.186087519,-0.441527986,-0.736637418,-0.450479021,-0.356847486
0.044199421,-0.542416878,0.445355015,1.084005888,0.623677487,0.5351615
0.044199421,-0.471151006,-0.441527986,-0.736637418,-0.47395887,-0.668013411
0.044199421,-0.471151006,-0.884969487,-0.736637418,-0.815173177,-0.875457361
0.044199421,-0.257353391,-0.219807236,0.173684235,-0.127104005,-0.190892325
0.044199421,-0.542416878,1.110517266,0.173684235,1.131574881,1.053771376
0.044199421,-0.542416878,-0.884969487,-0.736637418,-0.821890789,-0.854712966
0.044199421,-0.399885134,1.110517266,1.994327541,1.131574881,1.655358831
0.955686534,-0.257353391,1.775679517,0.173684235,1.576368824,1.593125646
0.955686534,-0.399885134,0.445355015,-0.736637418,0.410501937,-0.17014793
0.955686534,-0.328619262,-0.884969487,-0.736637418,-0.881413375,-0.896201756
0.955686534,-0.542416878,-0.441527986,-0.736637418,-0.478826803,-0.564291436
0.955686534,3.020876714,-1.328410988,-0.736637418,-1.41210325,-1.394067237
0.955686534,-0.186087519,1.775679517,1.084005888,1.582888944,1.779825202
0.955686534,-0.328619262,-0.441527986,-0.736637418,-0.507670722,-0.543547041
0.955686534,-0.542416878,0.667075765,1.994327541,0.629987109,0.638883475
-0.46890328,-0.542416878,-0.219807236,0.173684235,0.071497612,-0.190892325
-0.46890328,-0.471151006,-0.884969487,-0.736637418,-0.559156355,-0.750990991
-0.46890328,2.09442038,0.445355015,1.084005888,0.875540718,1.717592016
-0.46890328,-0.328619262,0.223634265,-0.736637418,0.636399813,0.431439525
-0.46890328,-0.542416878,-1.106690237,-0.736637418,-0.881408076,-1.103645706
-0.46890328,-0.542416878,-0.219807236,-0.736637418,0.1321854,-0.564291436
-0.46890328,-0.186087519,0.445355015,1.084005888,0.875540718,0.431439525
-0.46890328,1.167964046,0.223634265,1.084005888,0.587601032,0.058040415
-0.033755548,-0.471151006,-1.106690237,-0.736637418,-0.777763411,-0.875457361
-0.033755548,-0.542416878,0.888796516,-0.736637418,1.090969601,0.825583031
-0.033755548,-0.542416878,0.667075765,0.173684235,1.025952407,0.28622876
-0.033755548,1.666825149,-1.106690237,-0.736637418,-0.784875525,-1.269600867
-0.033755548,-0.399885134,0.445355015,0.173684235,0.811869359,0.389950735
-0.033755548,-0.542416878,-0.884969487,0.173684235,-0.496418506,-0.875457361
-0.033755548,3.305940202,0.888796516,1.084005888,1.090969601,1.510148066
-0.033755548,-0.471151006,-0.219807236,0.173684235,0.110377969,-0.315358696
-1.123190163,-0.399885134,-1.106690237,-0.736637418,-1.222096862,-0.875457361
-1.123190163,-0.114821647,0.667075765,0.173684235,0.551581416,1.053771376
-1.123190163,-0.328619262,-0.441527986,-0.736637418,-0.573520272,-0.253125511
-1.123190163,-0.542416878,0.667075765,1.084005888,0.54543653,0.763349846
-1.123190163,-0.328619262,-0.441527986,-0.736637418,-0.586410707,-0.543547041
-1.123190163,0.312773584,0.223634265,0.173684235,0.071439328,0.555905895
-1.123190163,-0.542416878,-0.441527986,-0.736637418,-0.60590074,-0.294614301
-1.123190163,-0.471151006,0.445355015,1.084005888,0.315050774,-0.024937165
1.524234819,-0.542416878,-0.219807236,0.173684235,-0.341313737,-0.481313856
1.524234819,-0.186087519,-2.43701474,-0.736637418,-2.721538976,-1.684488767
1.524234819,-0.328619262,-1.771852488,-0.736637418,-1.801992063,-1.456300422
1.524234819,-0.114821647,2.219121018,2.904649194,1.862419815,2.920766928
1.524234819,-0.542416878,0.667075765,-0.736637418,0.510287323,0.28622876
1.524234819,-0.471151006,-1.771852488,-0.736637418,-1.810487582,-1.663744372
1.524234819,0.384039456,0.667075765,-0.736637418,0.49388876,0.36920634
1.524234819,-0.471151006,2.219121018,0.173684235,1.854714744,1.904291572
-0.721985511,-0.542416878,-1.106690237,-0.736637418,-1.089403078,-1.186623286
-0.721985511,-0.399885134,-0.219807236,-0.736637418,-0.075986863,-0.439825066
-0.721985511,-0.471151006,-0.441527986,-0.736637418,-0.389618789,-0.709502201
-0.721985511,0.312773584,0.223634265,0.173684235,0.278008054,0.389950735
-0.721985511,-0.542416878,0.667075765,1.084005888,0.74844944,1.116004561
-0.721985511,-0.471151006,-0.219807236,-0.736637418,-0.091199512,-0.273869906
-0.721985511,-0.186087519,0.223634265,0.173684235,0.330167086,0.141017995
-0.721985511,-0.471151006,0.667075765,1.084005888,0.75022783,1.302704116
-1.02361984,-0.471151006,-0.884969487,-0.736637418,-0.868930929,-0.896201756
-1.02361984,0.17024184,-0.219807236,0.173684235,-0.209024571,-0.190892325
-1.02361984,2.023154509,-0.884969487,-0.736637418,-0.880389789,-1.186623286
-1.02361984,3.163408458,-0.441527986,-0.736637418,-0.52653408,-0.398336276
-1.02361984,-0.471151006,0.667075765,2.904649194,0.600881152,2.194713102
-1.02361984,-0.471151006,0.667075765,0.173684235,0.600881152,0.306973155
-1.02361984,-0.542416878,0.223634265,-0.736637418,0.183760627,-0.190892325
-1.02361984,-0.542416878,0.223634265,0.173684235,0.17818317,-0.066425955
0.302130248,-0.471151006,1.332238016,0.173684235,1.257312617,0.846327426
0.302130248,1.381761662,-0.441527986,0.173684235,-0.433985083,-0.543547041
0.302130248,-0.471151006,-0.441527986,-0.736637418,-0.433392608,-0.460569461
0.302130248,-0.399885134,1.332238016,1.084005888,1.257312617,1.302704116
0.302130248,-0.399885134,0.445355015,0.173684235,0.416616476,0.348461945
0.302130248,4.517460023,-1.993573239,-0.736637418,-2.154497121,-1.746721952
0.302130248,-0.471151006,0.667075765,0.173684235,0.684764112,0.887816216
0.302130248,-0.542416878,-0.884969487,-0.736637418,-0.855740403,-0.750990991
0.280048908,-0.257353391,0.667075765,0.173684235,0.833915225,0.431439525
0.280048908,-0.257353391,-0.441527986,0.173684235,-0.277936689,-0.315358696
0.280048908,-0.542416878,-0.441527986,-0.736637418,-0.309548866,-0.460569461
0.280048908,-0.542416878,-1.771852488,-0.736637418,-1.658898168,-1.622255582
0.280048908,-0.471151006,0.445355015,0.173684235,0.584017278,0.24473997
0.280048908,1.239229918,1.332238016,0.173684235,1.250333931,1.489403671
0.280048908,1.167964046,1.332238016,1.084005888,1.250333931,1.116004561
0.280048908,-0.542416878,-0.219807236,-0.736637418,-0.051514256,-0.336103091
1.659653027,0.455305328,-0.884969487,-0.736637418,-0.583810558,-0.875457361
1.659653027,-0.471151006,1.997400267,1.084005888,1.929459132,0.991538191
1.659653027,1.595559277,-1.328410988,-0.736637418,-1.178980546,-1.311089657
1.659653027,-0.399885134,1.997400267,2.904649194,1.929459132,2.734067372
1.659653027,-0.471151006,-1.993573239,-0.736637418,-2.071250469,-1.684488767
1.659653027,1.096698174,-0.884969487,-0.736637418,-0.642353875,-0.668013411
1.659653027,-0.542416878,1.110517266,0.173684235,1.130916896,1.157493351
1.659653027,-0.471151006,0.223634265,0.173684235,0.365460317,0.058040415
0.2996612,0.384039456,-0.219807236,-0.736637418,-0.073767248,-0.356847486
0.2996612,0.027710097,-1.771852488,-0.736637418,-1.676562124,-1.518533607
0.2996612,-0.471151006,0.667075765,-0.736637418,0.948328492,0.638883475
0.2996612,-0.471151006,1.110517266,1.084005888,1.256089131,0.887816216
0.2996612,-0.542416878,-1.106690237,-0.736637418,-0.989616247,-1.145134496
0.2996612,-0.471151006,1.110517266,1.994327541,1.256089131,1.323448511
0.2996612,-0.399885134,0.223634265,0.173684235,0.378244781,-0.12865914
0.2996612,1.524293406,0.445355015,0.173684235,0.680861963,0.514417105
-0.368082868,1.167964046,0.223634265,0.173684235,0.106288444,0.16176239
-0.368082868,-0.043555775,-1.993573239,-0.736637418,-2.258663935,-1.746721952
-0.368082868,-0.257353391,1.110517266,1.994327541,0.925860668,1.406426091
-0.368082868,2.023154509,-0.219807236,-0.736637418,-0.275301859,-0.522802646
-0.368082868,-0.542416878,0.667075765,0.173684235,0.61261939,0.41069513
-0.368082868,-0.471151006,1.110517266,1.084005888,0.925860668,0.348461945
-0.368082868,-0.471151006,0.223634265,-0.736637418,0.102732146,-0.439825066
-0.368082868,-0.471151006,0.223634265,-0.736637418,0.097397941,-0.12865914
-0.392463982,1.167964046,-1.106690237,-0.736637418,-0.974754748,-1.290345262
-0.392463982,-0.471151006,0.223634265,-0.736637418,0.380184536,-0.12865914
-0.392463982,2.308217996,0.445355015,0.173684235,0.659647007,0.24473997
-0.392463982,-0.186087519,0.667075765,1.084005888,0.913985148,1.427170486
-0.392463982,2.45074974,0.445355015,0.173684235,0.64088095,0.141017995
-0.392463982,1.666825149,-0.441527986,0.173684235,-0.310679386,-0.688757806
-0.392463982,-0.186087519,-1.328410988,-0.736637418,-1.283423367,-1.352578447
-0.392463982,-0.471151006,0.667075765,1.084005888,0.913985148,0.555905895
1.000358977,-0.542416878,1.775679517,0.173684235,1.603033109,1.033026981
1.000358977,-0.043555775,-0.441527986,-0.736637418,-0.665357817,-0.232381115
1.000358977,-0.542416878,-0.441527986,-0.736637418,-0.658245222,-0.730246596
1.000358977,-0.542416878,1.110517266,0.173684235,0.964963083,0.65962787
1.000358977,0.384039456,-0.884969487,-0.736637418,-1.084297193,-0.916946151
1.000358977,-0.542416878,0.223634265,0.173684235,0.050402115,-0.294614301
1.000358977,-0.186087519,1.775679517,1.994327541,1.603033109,1.862802782
1.000358977,1.096698174,-1.771852488,-0.736637418,-1.94902905,-1.414811632
-1.759864897,-0.542416878,-0.884969487,-0.736637418,-0.763779064,-0.17014793
-1.759864897,-0.471151006,0.223634265,1.084005888,0.236930239,1.198982141
-1.759864897,-0.471151006,-0.219807236,0.173684235,-0.154193138,-0.00419277
-1.759864897,-0.471151006,-1.106690237,-0.736637418,-1.044427931,-0.958434941
-1.759864897,-0.471151006,-0.219807236,-0.736637418,-0.119816076,0.16176239
-1.759864897,-0.399885134,0.223634265,0.173684235,0.236930239,0.07878481
-1.759864897,-0.471151006,-0.884969487,-0.736637418,-0.815674132,-0.647269016
-1.759864897,0.384039456,-0.441527986,0.173684235,-0.391789272,-0.107914745
-0.638510693,-0.114821647,-0.219807236,1.084005888,-0.554823096,-0.21163672
-0.638510693,-0.471151006,1.332238016,1.994327541,0.795909131,1.655358831
-0.638510693,-0.257353391,-0.441527986,-0.736637418,-0.781195434,-0.605780226
-0.638510693,-0.542416878,1.332238016,0.173684235,0.791562384,1.281959721
-0.638510693,-0.542416878,0.223634265,-0.736637418,-0.193177539,0.32771755
-0.638510693,-0.328619262,0.223634265,0.173684235,-0.190609182,0.36920634
-0.638510693,-0.257353391,-2.43701474,-0.736637418,-2.805486001,-1.850443927
-0.638510693,-0.542416878,-0.884969487,-0.736637418,-1.137221144,-1.103645706
0.277478686,-0.542416878,1.110517266,0.173684235,1.233054843,0.887816216
0.277478686,-0.471151006,0.223634265,1.084005888,0.407939361,-0.00419277
0.277478686,-0.471151006,-1.106690237,-0.736637418,-0.954209338,-0.854712966
0.277478686,0.384039456,-0.884969487,-0.736637418,-0.671615417,-0.668013411
0.277478686,0.17024184,0.223634265,-0.736637418,0.433821385,0.265484365
0.277478686,-0.471151006,1.110517266,1.994327541,1.245304152,1.344192906
0.277478686,2.236952124,-0.219807236,-0.736637418,0.031968422,-0.356847486
0.277478686,0.098975969,-0.884969487,-0.736637418,-0.69176777,-0.750990991
0.699230521,-0.542416878,-0.441527986,-0.736637418,-0.348665249,-0.585035831
0.699230521,-0.542416878,0.223634265,-0.736637418,0.348691336,-0.12865914
0.699230521,-0.471151006,-0.884969487,-0.736637418,-0.725977205,-0.730246596
0.699230521,-0.257353391,1.332238016,2.904649194,1.456247562,1.136748956
0.699230521,-0.399885134,1.332238016,0.173684235,1.456247562,1.136748956
0.699230521,-0.186087519,1.110517266,1.084005888,1.226321817,1.095260166
0.699230521,3.020876714,-0.219807236,-0.736637418,-0.056671682,-0.626524621
0.699230521,-0.043555775,-0.441527986,-0.736637418,-0.321598756,-0.668013411
0.397405518,-0.043555775,-1.106690237,-0.736637418,-0.849763145,-1.248856472
0.397405518,2.593281483,-0.441527986,0.173684235,-0.192155399,-0.564291436
0.397405518,-0.471151006,-0.884969487,-0.736637418,-0.582682447,-0.813224176
0.397405518,-0.542416878,0.667075765,-0.736637418,1.004562599,0.182506785
0.397405518,0.027710097,1.110517266,0.173684235,1.304468845,0.74260545
0.397405518,-0.257353391,-1.771852488,-0.736637418,-1.477973994,-1.497789212
0.397405518,-0.471151006,0.445355015,0.173684235,0.744507793,0.099529205
0.397405518,3.092142586,1.110517266,1.994327541,1.304468845,2.298435077
-1.703257751,3.092142586,-0.884969487,-0.736637418,-0.999022638,-0.605780226
-1.703257751,-0.471151006,0.223634265,-0.736637418,0.023056725,-0.024937165
-1.703257751,2.949610843,0.223634265,0.173684235,0.049145875,-0.024937165
-1.703257751,-0.471151006,0.445355015,1.084005888,0.266974524,0.514417105
-1.703257751,1.167964046,-0.219807236,-0.736637418,-0.350617528,-0.481313856
-1.703257751,-0.542416878,-0.441527986,-0.736637418,-0.604779372,-0.336103091
-1.703257751,-0.542416878,-0.441527986,-0.736637418,-0.59786475,-0.398336276
-1.703257751,5.443916357,0.445355015,1.994327541,0.266974524,1.468659276
-0.033652428,3.092142586,-0.884969487,-0.736637418,-0.954925125,-0.647269016
-0.033652428,-0.328619262,-0.441527986,-0.736637418,-0.582028797,-0.543547041
-0.033652428,-0.471151006,-1.106690237,-0.736637418,-1.268943846,-0.937690546
-0.033652428,0.098975969,1.332238016,1.084005888,1.091038964,2.028757942
-0.033652428,-0.542416878,1.332238016,0.173684235,1.091038964,0.825583031
-0.033652428,-0.471151006,0.223634265,-0.736637418,0.050534097,-0.315358696
-0.033652428,-0.471151006,0.445355015,1.084005888,0.279449744,0.45218392
-0.033652428,-0.471151006,-0.884969487,-0.736637418,-0.954332168,-0.792479781
-0.647344007,0.241507712,-0.884969487,0.173684235,-1.013317673,-0.750990991
-0.647344007,-0.043555775,0.667075765,1.084005888,0.474384757,0.306973155
-0.647344007,-0.542416878,0.445355015,-0.736637418,0.231625417,0.348461945
-0.647344007,-0.542416878,1.110517266,0.173684235,0.787146274,0.36920634
-0.647344007,-0.542416878,0.445355015,-0.736637418,0.233403806,-0.066425955
-0.647344007,-0.399885134,-2.65873549,-0.736637418,-2.981051403,-2.078632272
-0.647344007,3.163408458,1.110517266,0.173684235,0.787146274,1.634614436
-0.647344007,-0.399885134,-0.441527986,0.173684235,-0.630988943,-0.502058251
1.66282835,-0.542416878,-1.328410988,-0.736637418,-1.165966318,-1.539278002
1.66282835,-0.471151006,-0.884969487,-0.736637418,-0.674724227,-0.792479781
1.66282835,-0.542416878,-0.219807236,-0.736637418,-0.07961445,-0.336103091
1.66282835,0.954166431,-0.884969487,-0.736637418,-0.673736768,-0.543547041
1.66282835,-0.043555775,-0.441527986,0.173684235,-0.323136784,-0.315358696
1.66282835,-0.471151006,-1.328410988,-0.736637418,-1.162014555,-1.062156916
1.66282835,1.951888637,1.997400267,2.904649194,1.933616094,1.987269152
1.66282835,-0.471151006,1.997400267,1.084005888,1.933616094,2.858533743
1.037579528,-0.186087519,0.223634265,-0.736637418,0.138129422,0.016551625
1.037579528,-0.471151006,0.445355015,-0.736637418,0.40500733,0.5351615
1.037579528,-0.471151006,0.445355015,-0.736637418,0.38663433,-0.00419277
1.037579528,-0.471151006,1.775679517,1.994327541,1.602299017,1.053771376
1.037579528,3.020876714,-0.884969487,-0.736637418,-0.850171616,-0.833968571
1.037579528,-0.542416878,-1.328410988,-0.736637418,-1.41014471,-1.311089657
1.037579528,-0.542416878,-0.884969487,-0.736637418,-0.865187737,-0.232381115
1.037579528,-0.471151006,1.775679517,2.904649194,1.62146343,2.132479917
-1.255353275,-0.542416878,-0.441527986,-0.736637418,-0.612630875,-0.460569461
-1.255353275,-0.257353391,-1.328410988,-0.736637418,-1.477234122,-1.352578447
-1.255353275,-0.542416878,-0.884969487,-0.736637418,-0.959007425,-0.916946151
-1.255353275,0.882900559,0.667075765,1.994327541,0.487919208,0.867071821
-1.255353275,-0.471151006,-0.441527986,-0.736637418,-0.548618,-0.668013411
-1.255353275,-0.328619262,0.667075765,2.904649194,0.487919208,1.883547177
-1.255353275,-0.471151006,0.223634265,0.173684235,0.04907025,-0.04568156
-1.255353275,-0.542416878,0.445355015,-0.736637418,0.254442946,0.016551625
-0.209657185,3.662269561,1.110517266,0.173684235,0.768909592,0.908560611
-0.209657185,1.239229918,-0.884969487,-0.736637418,-1.005499406,-0.813224176
-0.209657185,-0.328619262,-1.106690237,-0.736637418,-1.230228226,-1.290345262
-0.209657185,-0.399885134,1.332238016,1.084005888,0.985928043,1.406426091
-0.209657185,-0.471151006,-1.106690237,-0.736637418,-1.223313604,-1.145134496
-0.209657185,-0.399885134,1.332238016,0.173684235,1.003907505,1.945780362
-0.209657185,-0.328619262,-1.106690237,-0.736637418,-1.234574491,-0.896201756
-0.209657185,-0.542416878,0.445355015,0.173684235,0.223622181,0.32771755
1.731601732,-0.471151006,0.223634265,-0.736637418,0.319829112,-0.17014793
1.731601732,-0.471151006,1.997400267,0.173684235,1.96628413,0.950049401
1.731601732,-0.542416878,-0.219807236,-0.736637418,-0.066365158,-0.585035831
1.731601732,-0.471151006,0.223634265,-0.736637418,0.317656221,-0.481313856
1.731601732,-0.399885134,0.223634265,-0.736637418,0.306988291,-0.08717035
1.731601732,-0.471151006,1.332238016,0.173684235,1.362700027,0.784094241
1.731601732,-0.399885134,1.997400267,2.904649194,1.96628413,2.049502337
1.731601732,-0.542416878,-2.43701474,-0.736637418,-2.568502091,-1.974910297
-0.241188614,-0.471151006,-0.441527986,0.173684235,-0.691686847,-0.543547041
-0.241188614,-0.328619262,-1.771852488,-0.736637418,-1.953073297,-1.788210742
-0.241188614,-0.399885134,0.223634265,-0.736637418,-0.046898728,-0.00419277
-0.241188614,-0.471151006,-1.328410988,0.173684235,-1.571840888,-1.041412521
-0.241188614,-0.542416878,1.332238016,1.994327541,0.988294091,1.012282586
-0.241188614,-0.471151006,1.332238016,0.173684235,0.988294091,2.049502337
-0.241188614,-0.471151006,0.445355015,0.173684235,0.206266505,0.49367271
-0.241188614,-0.542416878,-0.219807236,-0.736637418,-0.455024223,0.058040415
-0.276325358,-0.471151006,0.223634265,0.173684235,0.19783216,0.058040415
-0.276325358,-0.542416878,-1.993573239,-0.736637418,-2.004659121,-1.663744372
-0.276325358,-0.043555775,-0.884969487,0.173684235,-0.990507851,-0.854712966
-0.276325358,-0.399885134,1.110517266,1.084005888,0.971290528,1.821313992
-0.276325358,-0.542416878,0.223634265,0.173684235,0.189138666,-0.502058251
-0.276325358,-0.471151006,1.110517266,0.173684235,0.971290528,0.763349846
-0.276325358,1.025432303,0.223634265,-0.736637418,0.183804461,-0.107914745
-0.276325358,-0.399885134,-1.106690237,-0.736637418,-1.015921193,-1.041412521
0.422924845,-0.471151006,-0.884969487,0.173684235,-0.613804266,-1.165878891
0.422924845,-0.399885134,0.667075765,-0.736637418,0.921917576,0.887816216
0.422924845,-0.542416878,-1.771852488,-0.736637418,-1.589115641,-1.601511187
0.422924845,0.954166431,-0.884969487,-0.736637418,-0.571130139,-0.730246596
0.422924845,-0.257353391,0.445355015,0.173684235,0.700787441,0.763349846
0.422924845,-0.542416878,1.332238016,1.084005888,1.317051481,1.779825202
0.422924845,-0.257353391,-1.993573239,-0.736637418,-2.002612913,-1.580766792
0.422924845,-0.542416878,1.332238016,0.173684235,1.317051481,1.489403671
1.328571075,3.305940202,-1.771852488,-0.736637418,-1.937877507,-1.186623286
1.328571075,-0.542416878,-0.884969487,-0.736637418,-0.974590974,-0.854712966
1.328571075,-0.542416878,-0.441527986,-0.736637418,-0.612868347,-0.273869906
1.328571075,-0.542416878,-1.993573239,-0.736637418,-2.317990474,-1.663744372
1.328571075,-0.471151006,1.332238016,-0.736637418,1.079199089,1.053771376
1.328571075,0.384039456,1.997400267,1.994327541,1.765541894,1.800569597
1.328571075,-0.186087519,-0.884969487,0.173684235,-0.944956124,-0.522802646
1.328571075,1.381761662,1.997400267,1.994327541,1.761392639,1.800569597
-2.691893356,0.740368815,0.223634265,2.904649194,-0.22297231,0.721861055
-2.691893356,-0.328619262,0.223634265,0.173684235,-0.243518202,0.223995575
-2.691893356,-0.186087519,-0.884969487,-0.736637418,-1.224913288,-0.688757806
-2.691893356,0.17024184,-0.884969487,-0.736637418,-1.234595203,-0.585035831
-2.691893356,-0.542416878,-0.441527986,-0.736637418,-0.856045793,-0.232381115
-2.691893356,1.809356893,0.223634265,0.173684235,-0.228899472,0.804838636
-2.691893356,-0.257353391,-0.219807236,-0.736637418,-0.643161664,-0.190892325
-2.691893356,3.804801305,-0.441527986,-0.736637418,-0.846957316,-0.377591881
1.306219288,-0.043555775,1.775679517,1.084005888,1.754481389,2.173968707
1.306219288,-0.542416878,-0.441527986,-0.736637418,-0.337948669,-0.439825066
1.306219288,-0.542416878,-0.884969487,-0.736637418,-0.678534374,-0.730246596
1.306219288,-0.471151006,-1.106690237,-0.736637418,-0.939607468,-1.041412521
1.306219288,-0.471151006,-0.884969487,-0.736637418,-0.698882774,-0.999923731
1.306219288,-0.399885134,-0.219807236,0.173684235,-0.088060838,0.016551625
1.306219288,-0.542416878,-1.106690237,-0.736637418,-0.987168794,-0.999923731
1.306219288,-0.471151006,1.775679517,1.994327541,1.748554708,2.090991127
-0.192399146,-0.399885134,1.110517266,1.994327541,1.015417905,2.111735522
-0.192399146,-0.542416878,-0.884969487,-0.736637418,-0.754621706,-0.460569461
-0.192399146,-0.471151006,1.110517266,1.084005888,1.010478683,1.427170486
-0.192399146,3.092142586,0.445355015,0.173684235,0.434782351,0.45218392
-0.192399146,-0.399885134,-1.328410988,-0.736637418,-1.256471516,-1.041412521
-0.192399146,2.379483868,0.445355015,0.173684235,0.46283534,0.57665029
-0.192399146,-0.542416878,-1.328410988,-0.736637418,-1.232765273,-1.145134496
-0.192399146,-0.186087519,-1.328410988,-0.736637418,-1.262398197,-1.124390101
2.344236816,-0.542416878,-0.884969487,-0.736637418,-0.350815502,-0.833968571
2.344236816,-0.471151006,1.775679517,1.084005888,2.268439855,1.489403671
2.344236816,-0.542416878,-0.441527986,0.173684235,0.101455193,-0.377591881
2.344236816,-0.328619262,-0.219807236,0.173684235,0.318375862,-0.750990991
2.344236816,-0.542416878,-0.219807236,0.173684235,0.433160028,-0.481313856
2.344236816,-0.114821647,1.775679517,1.994327541,2.268439855,2.858533743
2.344236816,-0.471151006,-1.328410988,-0.736637418,-1.014045984,-1.124390101
2.344236816,-0.542416878,-0.884969487,-0.736637418,-0.385460382,-0.792479781
-1.010264803,-0.186087519,-0.219807236,-0.736637418,-0.051918391,-0.336103091
-1.010264803,0.241507712,-1.106690237,-0.736637418,-0.97713332,-1.145134496
-1.010264803,-0.043555775,-1.106690237,-0.736637418,-0.975947887,-0.896201756
-1.010264803,0.312773584,0.223634265,-0.736637418,0.344591213,0.07878481
-1.010264803,-0.471151006,0.445355015,0.173684235,0.599986658,0.306973155
-1.010264803,-0.471151006,0.445355015,2.904649194,0.610655069,1.323448511
-1.010264803,-0.328619262,0.445355015,0.173684235,0.590305706,0.555905895
-1.010264803,-0.471151006,-0.884969487,-0.736637418,-0.679142745,-0.502058251
0.96461324,-0.542416878,-0.884969487,-0.736637418,-0.654268411,-0.875457361
0.96461324,-0.542416878,0.667075765,-0.736637418,1.006655049,0.41069513
0.96461324,-0.542416878,0.667075765,-0.736637418,1.054078131,0.514417105
0.96461324,-0.328619262,1.332238016,1.084005888,1.588096948,1.572381251
0.96461324,-0.471151006,0.223634265,0.173684235,0.439584774,-0.232381115
0.96461324,-0.257353391,1.332238016,1.994327541,1.588096948,0.991538191
0.96461324,0.954166431,-1.106690237,-0.736637418,-0.927708345,-1.165878891
0.96461324,-0.542416878,-0.884969487,-0.736637418,-0.642216112,-0.958434941
-0.047943329,-0.399885134,0.223634265,-0.736637418,0.024125107,-0.253125511
-0.047943329,-0.542416878,1.332238016,1.994327541,1.084570867,1.530892461
-0.047943329,-0.542416878,0.445355015,0.173684235,0.267642624,0.16176239
-0.047943329,-0.471151006,-1.993573239,-0.736637418,-2.319930711,-1.560022397
-0.047943329,0.740368815,1.332238016,0.173684235,1.084570867,1.219726536
-0.047943329,-0.471151006,-0.219807236,-0.736637418,-0.379940727,-0.398336276
-0.047943329,-0.542416878,-0.219807236,-0.736637418,-0.335685702,-0.294614301
-0.047943329,-0.542416878,-0.884969487,-0.736637418,-1.13705448,-0.750990991
0.69645795,-0.471151006,-1.106690237,-0.736637418,-1.191690349,-0.979179336
0.69645795,-0.328619262,-0.441527986,-0.736637418,-0.545076634,-0.999923731
0.69645795,-0.328619262,0.667075765,1.994327541,0.556958492,0.41069513
0.69645795,-0.399885134,1.775679517,0.173684235,1.452742805,2.153224312
0.69645795,-0.471151006,-1.328410988,-0.736637418,-1.427565414,-1.414811632
0.69645795,2.236952124,0.223634265,0.173684235,0.081161705,-0.066425955
0.69645795,-0.542416878,-0.219807236,-0.736637418,-0.300123689,-0.668013411
0.69645795,-0.328619262,1.775679517,0.173684235,1.452742805,1.385681696
1.194030362,-0.542416878,-1.771852488,-0.736637418,-1.623820251,-1.311089657
1.194030362,0.455305328,1.775679517,1.084005888,1.698927425,1.593125646
1.194030362,-0.471151006,1.775679517,0.173684235,1.694376443,1.198982141
1.194030362,0.312773584,0.667075765,-0.736637418,0.764769971,0.65962787
1.194030362,-0.471151006,-1.106690237,-0.736637418,-0.962923062,-1.020668126
1.194030362,1.951888637,0.667075765,1.084005888,0.784724351,0.49367271
1.194030362,-0.471151006,0.223634265,0.173684235,0.306809103,-0.08717035
1.194030362,-0.542416878,-1.106690237,-0.736637418,-0.941586239,-0.958434941
0.350444974,-0.542416878,-0.884969487,-0.736637418,-0.669074035,-0.730246596
0.350444974,-0.399885134,-0.884969487,-0.736637418,-0.655442765,-0.792479781
0.350444974,-0.542416878,0.445355015,0.173684235,0.665628601,0.20325118
0.350444974,-0.471151006,1.110517266,0.173684235,1.281235137,0.804838636
0.350444974,-0.542416878,0.667075765,1.084005888,0.92434817,0.36920634
0.350444974,-0.471151006,1.110517266,1.084005888,1.281235137,1.136748956
0.350444974,0.241507712,0.445355015,-0.736637418,0.657923048,0.141017995
0.350444974,3.092142586,-0.884969487,-0.736637418,-0.645761812,-0.626524621
-0.020955026,-0.328619262,1.332238016,1.084005888,1.099516661,1.572381251
-0.020955026,-0.399885134,0.445355015,0.173684235,0.285961675,-0.024937165
-0.020955026,-0.542416878,-0.441527986,-0.736637418,-0.61110778,-0.709502201
-0.020955026,-0.542416878,1.332238016,0.173684235,1.099516661,1.344192906
-0.020955026,-0.257353391,-0.884969487,0.173684235,-0.977212317,-0.771735386
-0.020955026,1.880622765,-0.441527986,-0.736637418,-0.628887823,-0.190892325
-0.020955026,-0.399885134,-1.771852488,-0.736637418,-1.831643772,-1.705233162
-0.020955026,-0.399885134,0.667075765,0.173684235,0.536967022,0.74260545
0.268295152,-0.328619262,-1.106690237,-0.736637418,-1.188437514,-0.958434941
0.268295152,2.593281483,-1.328410988,-0.736637418,-1.453848684,-1.373322842
0.268295152,-0.328619262,-1.993573239,-0.736637418,-2.292925392,-1.684488767
0.268295152,-0.471151006,1.110517266,-0.736637418,1.03610156,1.033026981
0.268295152,0.669102943,1.332238016,0.173684235,1.240559532,1.136748956
0.268295152,2.09442038,-0.884969487,0.173684235,-0.91534584,-0.688757806
0.268295152,-0.114821647,1.332238016,3.814970847,1.240559532,1.779825202
0.268295152,-0.471151006,0.223634265,-0.736637418,0.114837431,0.348461945
-0.173008659,1.880622765,-0.884969487,-0.736637418,-0.85326453,-0.813224176
-0.173008659,-0.399885134,-0.219807236,0.173684235,-0.231319951,-0.730246596
-0.173008659,0.098975969,-0.441527986,-0.736637418,-0.51654244,-0.481313856
-0.173008659,1.453027534,-1.328410988,-0.736637418,-1.407650051,-1.041412521
-0.173008659,-0.542416878,0.667075765,0.173684235,0.699407407,0.638883475
-0.173008659,-0.542416878,-0.441527986,-0.736637418,-0.520493721,-0.439825066
-0.173008659,-0.471151006,1.110517266,1.084005888,1.02205363,1.613870041
-0.173008659,-0.471151006,1.110517266,1.994327541,1.02205363,0.846327426
-0.324429952,0.17024184,0.445355015,1.084005888,0.409605999,0.61813908
-0.324429952,0.882900559,-1.771852488,-0.736637418,-1.850922344,-1.518533607
-0.324429952,2.236952124,-0.219807236,-0.736637418,-0.235119501,-0.315358696
-0.324429952,-0.471151006,-2.43701474,-0.736637418,-2.739871033,-1.891932717
-0.324429952,1.453027534,0.223634265,0.173684235,0.120810835,0.20325118
-0.324429952,-0.399885134,1.110517266,2.904649194,0.946937379,2.090991127
-0.324429952,-0.186087519,1.110517266,0.173684235,0.946937379,0.908560611
-0.324429952,-0.471151006,0.445355015,-0.736637418,0.440030335,0.348461945
0.596598696,-0.328619262,-0.441527986,-0.736637418,-0.301689655,-0.605780226
0.596598696,0.241507712,-0.441527986,-0.736637418,-0.272648243,-0.605780226
0.596598696,1.666825149,-0.219807236,0.173684235,-0.020606306,-0.439825066
0.596598696,-0.542416878,-0.884969487,-0.736637418,-0.748906486,-1.041412521
0.596598696,-0.471151006,0.667075765,0.173684235,0.848277215,0.887816216
0.596598696,-0.399885134,1.332238016,1.994327541,1.404932446,1.738336411
0.596598696,0.098975969,1.332238016,0.173684235,1.404932446,1.033026981
0.596598696,-0.186087519,-0.441527986,-0.736637418,-0.298923806,-0.709502201
1.878892381,-0.471151006,-0.441527986,-0.736637418,-0.303323057,-0.626524621
1.878892381,-0.399885134,1.997400267,0.173684235,2.03246797,1.510148066
1.878892381,-0.328619262,-1.328410988,-0.736637418,-1.199625184,-1.456300422
1.878892381,2.878344971,0.223634265,-0.736637418,0.321239011,0.223995575
1.878892381,0.5265712,1.997400267,2.904649194,2.037999668,1.966524757
1.878892381,-0.542416878,-0.884969487,0.173684235,-0.675872088,-0.833968571
1.878892381,-0.542416878,-1.993573239,-0.736637418,-1.961475851,-1.539278002
1.878892381,0.455305328,1.332238016,1.084005888,1.427902189,1.033026981
1.149278147,-0.186087519,1.775679517,0.173684235,1.676771734,0.950049401
1.149278147,-0.328619262,-0.884969487,-0.736637418,-0.836613562,-0.647269016
1.149278147,-0.542416878,-0.219807236,0.173684235,-0.170672143,-0.21163672
1.149278147,1.524293406,1.110517266,0.173684235,1.088376197,0.867071821
1.149278147,-0.471151006,-0.441527986,-0.736637418,-0.433303495,-0.668013411
1.149278147,-0.471151006,-0.219807236,-0.736637418,-0.1588183,-0.377591881
1.149278147,-0.471151006,-1.106690237,-0.736637418,-1.073556047,-0.958434941
1.149278147,-0.399885134,1.775679517,3.814970847,1.676771734,1.572381251
0.760055866,1.381761662,-0.441527986,-0.736637418,-0.505635112,-0.709502201
0.760055866,0.455305328,-0.884969487,-0.736637418,-0.88398414,-0.647269016
0.760055866,-0.399885134,0.445355015,-0.736637418,0.406344976,0.348461945
0.760055866,-0.471151006,-1.993573239,-0.736637418,-2.170001191,-1.684488767
0.760055866,3.020876714,0.445355015,0.173684235,0.377106554,-0.024937165
0.760055866,3.163408458,1.775679517,2.904649194,1.483939767,2.858533743
0.760055866,-0.542416878,-1.771852488,-0.736637418,-1.825212764,-1.622255582
0.760055866,-0.471151006,1.775679517,1.084005888,1.483939767,1.593125646
0.3411447,-0.542416878,0.667075765,-0.736637418,0.366833608,0.348461945
0.3411447,-0.328619262,-1.993573239,-0.736637418,-2.352720132,-1.746721952
0.3411447,-0.542416878,1.110517266,0.173684235,0.716773199,0.61813908
0.3411447,-0.471151006,1.775679517,1.084005888,1.276616719,1.427170486
0.3411447,-0.257353391,-1.106690237,-0.736637418,-1.372892937,-1.248856472
0.3411447,-0.328619262,0.667075765,-0.736637418,0.40516147,-0.04568156
0.3411447,-0.542416878,-0.219807236,0.173684235,-0.5204022,-0.502058251
0.3411447,-0.399885134,1.775679517,2.904649194,1.276616719,2.692578582
0.205494959,-0.471151006,-0.219807236,0.173684235,-0.036769806,-0.377591881
0.205494959,2.308217996,0.223634265,0.173684235,0.340344658,-0.08717035
0.205494959,-0.471151006,1.110517266,1.084005888,1.211828808,1.779825202
0.205494959,-0.542416878,1.110517266,1.994327541,1.211828808,0.867071821
0.205494959,-0.542416878,-0.441527986,-0.736637418,-0.275425653,-0.419080671
0.205494959,-0.186087519,-0.219807236,-0.736637418,-0.018593816,-0.336103091
0.205494959,-0.471151006,-0.441527986,-0.736637418,-0.281155324,-0.356847486
0.205494959,-0.328619262,0.223634265,-0.736637418,0.389143921,0.016551625
-0.253747874,-0.542416878,-0.219807236,-0.736637418,-0.198110981,-0.481313856
-0.253747874,-0.471151006,1.110517266,1.994327541,0.982075507,1.281959721
-0.253747874,-0.399885134,0.223634265,-0.736637418,0.180102694,-0.315358696
-0.253747874,-0.542416878,1.110517266,1.994327541,0.982075507,0.804838636
-0.253747874,3.377206074,0.667075765,0.173684235,0.507058573,0.70111666
-0.253747874,-0.328619262,0.445355015,-0.736637418,0.473460399,-0.04568156
-0.253747874,-0.542416878,-0.441527986,-0.736637418,-0.457835832,-0.626524621
-0.253747874,-0.542416878,-0.219807236,-0.736637418,-0.184677203,-0.315358696
0.40377173,-0.471151006,-1.993573239,-0.736637418,-2.278601937,-1.539278002
0.40377173,-0.471151006,1.775679517,0.173684235,1.307638347,1.385681696
0.40377173,-0.471151006,-0.441527986,-0.736637418,-0.668879915,-0.232381115
0.40377173,-0.542416878,0.223634265,-0.736637418,-0.027415438,-0.04568156
0.40377173,3.305940202,-0.884969487,-0.736637418,-1.043979962,-0.460569461
0.40377173,-0.471151006,0.667075765,1.994327541,0.436769793,0.825583031
0.40377173,-0.542416878,-1.993573239,-0.736637418,-2.29875429,-1.539278002
0.40377173,-0.399885134,1.775679517,2.904649194,1.307638347,2.381412657
-0.494366183,-0.328619262,0.445355015,-0.736637418,0.334058638,0.306973155
-0.494366183,-0.471151006,-0.219807236,-0.736637418,-0.264938356,-0.647269016
-0.494366183,-0.471151006,-0.441527986,-0.736637418,-0.527188693,-0.605780226
-0.494366183,-0.471151006,-0.884969487,-0.736637418,-0.914506259,-1.062156916
-0.494366183,-0.471151006,1.110517266,1.084005888,0.86471046,1.198982141
-0.494366183,-0.542416878,0.445355015,0.173684235,0.322795343,-0.024937165
-0.494366183,-0.399885134,1.110517266,1.084005888,0.862537087,1.157493351
-0.494366183,-0.471151006,0.445355015,1.084005888,0.324178267,0.45218392
-0.047406326,-0.542416878,-0.884969487,-0.736637418,-0.751609234,-0.875457361
-0.047406326,-0.471151006,-0.441527986,-0.736637418,-0.37113211,-0.543547041
-0.047406326,-0.542416878,-1.106690237,-0.736637418,-1.000316932,-0.626524621
-0.047406326,-0.471151006,0.445355015,0.173684235,0.503715663,0.804838636
-0.047406326,-0.399885134,1.110517266,2.904649194,1.084242356,1.468659276
-0.047406326,-0.186087519,-0.884969487,-0.736637418,-0.746473002,-0.626524621
-0.047406326,-0.542416878,-0.884969487,-0.736637418,-0.719941181,-1.124390101
-0.047406326,-0.542416878,1.110517266,1.084005888,1.072981469,1.136748956
-0.912154701,-0.471151006,0.667075765,1.994327541,0.656859964,1.095260166
-0.912154701,-0.471151006,-0.441527986,-0.736637418,-0.44599114,-0.916946151
-0.912154701,-0.471151006,-1.328410988,-0.736637418,-1.350456423,-1.373322842
-0.912154701,0.17024184,0.223634265,-0.736637418,0.20158065,-0.543547041
-0.912154701,2.664547355,0.667075765,1.084005888,0.656859964,2.049502337
-0.912154701,-0.542416878,-0.219807236,-0.736637418,-0.185197425,-0.253125511
-0.912154701,-0.471151006,-0.884969487,0.173684235,-0.844671228,-0.688757806
-0.912154701,0.027710097,0.445355015,0.173684235,0.436958133,0.099529205
-0.353998207,-0.399885134,0.223634265,0.173684235,0.050206068,-0.398336276
-0.353998207,-0.257353391,1.110517266,0.173684235,0.932234355,0.514417105
-0.353998207,-0.328619262,0.223634265,-0.736637418,0.058108631,-0.564291436
-0.353998207,-0.542416878,-2.43701474,-0.736637418,-2.810111163,-1.560022397
-0.353998207,-0.114821647,1.110517266,1.084005888,0.932234355,1.302704116
-0.353998207,0.597837072,-0.884969487,-0.736637418,-0.970274574,-1.103645706
-0.353998207,-0.328619262,0.667075765,0.173684235,0.541577251,0.846327426
-0.353998207,0.740368815,0.667075765,0.173684235,0.595712165,0.680372265
0.125329715,0.384039456,-1.106690237,-0.736637418,-0.838350045,-1.020668126
0.125329715,0.17024184,0.667075765,0.173684235,0.841207971,0.887816216
0.125329715,1.595559277,-0.441527986,0.173684235,-0.250305658,-0.356847486
0.125329715,-0.257353391,-1.328410988,-0.736637418,-1.090032162,-1.103645706
0.125329715,-0.471151006,1.110517266,1.084005888,1.169772687,1.572381251
0.125329715,-0.542416878,0.223634265,0.173684235,0.366746423,-0.336103091
0.125329715,-0.257353391,-0.884969487,-0.736637418,-0.777358312,-0.792479781
0.125329715,-0.471151006,1.110517266,-0.736637418,1.169772687,0.867071821
2.224845042,-0.471151006,1.997400267,1.994327541,2.205761735,1.261215326
2.224845042,-0.471151006,-1.328410988,-0.736637418,-1.240560901,-1.186623286
2.224845042,-0.471151006,1.997400267,1.994327541,2.213466805,2.028757942
2.224845042,-0.186087519,0.223634265,-0.736637418,0.384531764,-0.232381115
2.224845042,-0.471151006,1.110517266,0.173684235,1.263990731,0.65962787
2.224845042,1.096698174,0.223634265,-0.736637418,0.423877913,-0.00419277
2.224845042,-0.471151006,-1.106690237,-0.736637418,-0.929332113,-1.414811632
2.224845042,0.312773584,-0.219807236,-0.736637418,0.014727869,-0.439825066
0.660529321,2.308217996,0.667075765,0.173684235,0.846336978,0.36920634
0.660529321,-0.328619262,1.332238016,1.994327541,1.43476816,1.385681696
0.660529321,-0.542416878,1.332238016,0.173684235,1.432594787,1.116004561
0.660529321,-0.471151006,0.445355015,0.173684235,0.588076939,0.28622876
0.660529321,-0.471151006,0.445355015,1.084005888,0.591237771,0.1202736
0.660529321,-0.257353391,0.223634265,-0.736637418,0.29531508,0.03729602
0.660529321,-0.542416878,-1.106690237,-0.736637418,-1.024796282,-1.082901311
0.660529321,-0.542416878,-1.106690237,-0.736637418,-1.033489294,-0.813224176
-0.793037266,-0.471151006,-1.106690237,-0.736637418,-1.050282359,-1.082901311
-0.793037266,-0.471151006,0.667075765,1.084005888,0.715053575,2.008013547
-0.793037266,-0.542416878,-0.441527986,-0.736637418,-0.403605544,-0.626524621
-0.793037266,0.098975969,0.445355015,1.084005888,0.457081585,0.182506785
-0.793037266,-0.542416878,-0.884969487,0.173684235,-0.812505111,-0.833968571
-0.793037266,-0.542416878,0.667075765,0.173684235,0.715053575,0.45218392
-0.793037266,-0.542416878,-1.106690237,-0.736637418,-1.090189192,-0.999923731
-0.793037266,-0.542416878,0.445355015,-0.736637418,0.467552504,0.20325118
0.233440529,0.740368815,-0.219807236,-0.736637418,0.054222377,-0.564291436
0.233440529,-0.399885134,0.445355015,0.173684235,0.70603109,0.03729602
0.233440529,-0.399885134,-0.219807236,-0.736637418,0.051259037,-0.502058251
0.233440529,-0.328619262,0.223634265,-0.736637418,0.44244696,-0.232381115
0.233440529,0.17024184,-0.884969487,-0.736637418,-0.663964295,-1.020668126
0.233440529,-0.399885134,1.110517266,1.994327541,1.223305491,2.090991127
0.233440529,-0.542416878,0.667075765,1.084005888,0.936906722,0.514417105
0.233440529,1.239229918,1.110517266,0.173684235,1.223305491,0.41069513
1.401916767,-0.542416878,0.223634265,-0.736637418,0.357216239,-0.08717035
1.401916767,-0.542416878,1.775679517,1.084005888,1.794936382,1.116004561
1.401916767,-0.542416878,0.223634265,0.173684235,0.343781979,-0.066425955
1.401916767,-0.542416878,-1.771852488,-0.736637418,-1.640837783,-1.269600867
1.401916767,-0.328619262,1.775679517,1.084005888,1.801851485,1.634614436
1.401916767,-0.542416878,-0.884969487,-0.736637418,-0.649778121,-0.398336276
1.401916767,-0.542416878,1.775679517,0.173684235,1.780316208,0.5351615
1.401916767,1.239229918,-1.328410988,-0.736637418,-1.204098615,-1.394067237
1.366015377,2.664547355,1.110517266,1.084005888,0.924844308,0.223995575
1.366015377,-0.399885134,1.775679517,0.173684235,1.543644913,1.136748956
1.366015377,-0.257353391,0.445355015,-0.736637418,0.320768884,0.099529205
1.366015377,-0.114821647,1.997400267,0.173684235,1.788035729,1.862802782
1.366015377,-0.542416878,-1.106690237,-0.736637418,-1.230640069,-1.228112076
1.366015377,2.379483868,-0.884969487,0.173684235,-0.942039025,-1.041412521
1.366015377,3.020876714,-1.771852488,-0.736637418,-1.832655315,-1.767466347
1.366015377,-0.471151006,1.997400267,1.084005888,1.783688983,1.489403671
-0.380723846,-0.471151006,0.445355015,1.084005888,0.383560201,0.32771755
-0.380723846,1.595559277,-1.993573239,-0.736637418,-2.117354691,-1.725977557
-0.380723846,-0.186087519,1.110517266,0.173684235,0.919204712,1.551636856
-0.380723846,-0.471151006,1.110517266,0.173684235,0.919204712,0.970793796
-0.380723846,-0.328619262,-0.219807236,-0.736637418,-0.232988998,-0.419080671
-0.380723846,-0.542416878,0.667075765,0.173684235,0.62674439,0.431439525
-0.380723846,-0.471151006,-0.441527986,0.173684235,-0.473453099,-0.605780226
-0.380723846,-0.542416878,-1.106690237,-0.736637418,-1.061383326,-0.854712966
0.313588262,0.312773584,-0.441527986,0.173684235,-0.460063154,-0.481313856
0.313588262,-0.471151006,-0.219807236,0.173684235,-0.19940961,-0.481313856
0.313588262,-0.114821647,1.332238016,0.173684235,1.26476432,1.302704116
0.313588262,-0.399885134,1.332238016,1.994327541,1.26476432,1.655358831
0.313588262,-0.399885134,-0.441527986,-0.736637418,-0.473378919,-0.626524621
0.313588262,-0.542416878,1.110517266,-0.736637418,0.999520296,0.36920634
0.313588262,-0.257353391,-0.884969487,-0.736637418,-0.8349686,-0.792479781
0.313588262,0.098975969,-0.884969487,-0.736637418,-0.858542378,-0.833968571
2.195983064,2.308217996,1.332238016,0.173684235,1.82301201,1.012282586
2.195983064,-0.471151006,-0.884969487,-0.736637418,-0.462941236,-0.605780226
2.195983064,-0.257353391,-1.106690237,-0.736637418,-0.718098245,-0.937690546
2.195983064,-0.399885134,-1.106690237,-0.736637418,-0.685891666,-1.124390101
2.195983064,-0.114821647,1.775679517,1.084005888,2.195032631,1.406426091
2.195983064,-0.399885134,-0.441527986,-0.736637418,-0.049336547,-0.854712966
2.195983064,-0.186087519,-0.219807236,0.173684235,0.335648206,-0.12865914
2.195983064,0.098975969,1.775679517,1.994327541,2.195032631,1.551636856
0.350987814,-0.542416878,1.332238016,1.084005888,1.271822967,1.364937301
0.350987814,-0.399885134,1.332238016,0.173684235,1.281502956,1.302704116
0.350987814,-0.257353391,-1.106690237,-0.736637418,-1.166530855,-1.248856472
0.350987814,-0.542416878,-0.884969487,-0.736637418,-0.932196708,-1.020668126
0.350987814,-0.471151006,-0.219807236,0.173684235,-0.301810077,-0.356847486
0.350987814,-0.257353391,-0.441527986,-0.736637418,-0.561902937,-0.854712966
0.350987814,-0.542416878,0.445355015,-0.736637418,0.431243394,0.5351615
0.350987814,-0.542416878,0.667075765,0.173684235,0.718702839,0.5351615
-1.208470557,0.740368815,0.445355015,0.173684235,0.245359286,0.07878481
-1.208470557,-0.471151006,0.223634265,0.173684235,-0.016477764,-0.024937165
-1.208470557,-0.542416878,-0.884969487,-0.736637418,-0.97698496,-0.750990991
-1.208470557,0.027710097,0.667075765,0.173684235,0.51152815,0.61813908
-1.208470557,-0.399885134,0.667075765,1.994327541,0.51152815,1.489403671
-1.208470557,1.025432303,0.445355015,1.084005888,0.241605497,0.28622876
-1.208470557,-0.471151006,-0.219807236,-0.736637418,-0.40572256,-0.190892325
-1.208470557,-0.471151006,-1.328410988,-0.736637418,-1.461396243,-1.124390101
-1.923015625,-0.399885134,0.445355015,1.084005888,0.159506706,2.008013547
-1.923015625,0.027710097,0.445355015,-0.736637418,0.136786959,0.49367271
-1.923015625,-0.399885134,0.223634265,1.084005888,-0.080216559,-0.066425955
-1.923015625,2.664547355,-0.884969487,-0.736637418,-1.046014128,-0.626524621
-1.923015625,0.098975969,0.445355015,1.084005888,0.155357933,0.49367271
-1.923015625,-0.043555775,-0.884969487,-0.736637418,-1.014206386,-0.585035831
-1.923015625,-0.399885134,-1.993573239,-0.736637418,-2.265908512,-1.850443927
-1.923015625,-0.257353391,-0.884969487,-0.736637418,-1.039691982,-0.896201756
1.590807655,-0.471151006,0.223634265,-0.736637418,0.439805868,-0.190892325
1.590807655,-0.542416878,1.775679517,1.084005888,1.896611909,1.116004561
1.590807655,-0.542416878,-0.219807236,-0.736637418,0.023562015,-0.08717035
1.590807655,-0.542416878,0.667075765,-0.736637418,0.936174557,-0.04568156
1.590807655,-0.471151006,-0.441527986,-0.736637418,-0.235707641,-0.792479781
1.590807655,-0.471151006,-1.106690237,-0.736637418,-0.864196906,-1.124390101
1.590807655,-0.542416878,0.445355015,0.173684235,0.670542775,-0.12865914
1.590807655,2.735813227,1.775679517,2.904649194,1.896611909,1.655358831
0.122802297,-0.471151006,-0.219807236,-0.736637418,-0.071347732,-0.21163672
0.122802297,-0.471151006,1.110517266,0.173684235,1.172276498,1.074515771
0.122802297,0.312773584,0.223634265,-0.736637418,0.322661434,-0.294614301
0.122802297,-0.542416878,0.667075765,1.084005888,0.837966216,0.16176239
0.122802297,1.096698174,0.223634265,0.173684235,0.359999428,-0.107914745
0.122802297,-0.471151006,0.223634265,0.173684235,0.313770931,0.058040415
0.122802297,-0.471151006,1.110517266,1.084005888,1.172276498,1.074515771
0.122802297,-0.542416878,-0.219807236,-0.736637418,-0.132211818,-0.668013411
-0.405171113,-0.471151006,0.445355015,0.173684235,0.36723967,0.65962787
-0.405171113,1.951888637,-0.441527986,-0.736637418,-0.496034601,-0.668013411
-0.405171113,2.949610843,0.223634265,0.173684235,0.146037765,-0.12865914
-0.405171113,-0.471151006,1.110517266,1.994327541,0.907098946,1.074515771
-0.405171113,-0.471151006,-0.441527986,-0.736637418,-0.489909947,-0.502058251
-0.405171113,1.595559277,-1.771852488,-0.736637418,-1.760334778,-1.456300422
-0.405171113,1.738091021,1.110517266,1.084005888,0.907098946,1.447914881
-0.405171113,-0.471151006,-0.441527986,-0.736637418,-0.444650604,-0.398336276
0.694599841,-0.399885134,0.667075765,0.173684235,0.852564232,0.61813908
0.694599841,-0.399885134,1.332238016,1.084005888,1.452235107,1.157493351
0.694599841,-0.542416878,0.223634265,0.173684235,0.325791438,-0.273869906
0.694599841,-0.542416878,1.110517266,0.173684235,1.201800078,0.887816216
0.694599841,0.241507712,1.332238016,1.084005888,1.452235107,0.950049401
0.694599841,-0.471151006,-0.884969487,-0.736637418,-0.699385174,-0.916946151
0.694599841,0.17024184,-0.884969487,-0.736637418,-0.707880694,-0.585035831
0.694599841,3.23467433,-1.328410988,-0.736637418,-1.330700498,-1.331834052
1.781574164,2.45074974,1.110517266,-0.736637418,1.164370082,0.306973155
1.781574164,2.45074974,-1.328410988,-0.736637418,-1.310499976,-1.145134496
1.781574164,-0.542416878,0.223634265,0.173684235,0.33422771,-0.253125511
1.781574164,-0.328619262,1.997400267,1.994327541,1.990828026,2.526623422
1.781574164,-0.542416878,1.997400267,0.173684235,1.985692276,1.779825202
1.781574164,-0.328619262,0.223634265,0.173684235,0.300443124,0.07878481
1.781574164,0.455305328,-1.328410988,-0.736637418,-1.257548569,-1.311089657
1.781574164,-0.471151006,-1.771852488,-0.736637418,-1.700944174,-1.477044817
-1.787066251,-0.542416878,0.667075765,0.173684235,0.222999841,0.887816216
-1.787066251,-0.542416878,-0.884969487,-0.736637418,-1.130887919,-0.605780226
-1.787066251,-0.471151006,0.667075765,0.173684235,0.222999841,1.178237746
-1.787066251,-0.471151006,-1.106690237,-0.736637418,-1.400824541,-1.124390101
-1.787066251,1.453027534,-0.219807236,-0.736637418,-0.503803255,-0.066425955
-1.787066251,-0.471151006,0.445355015,1.084005888,0.147578201,0.223995575
-1.787066251,0.882900559,-0.884969487,-0.736637418,-1.122953565,-0.750990991
-1.787066251,2.236952124,0.223634265,-0.736637418,-0.110358145,-0.12865914
-0.750152888,0.669102943,0.223634265,0.173684235,0.264219272,0.265484365
-0.750152888,-0.471151006,0.667075765,0.173684235,0.736286835,0.784094241
-0.750152888,-0.471151006,0.667075765,1.994327541,0.736286835,1.717592016
-0.750152888,0.882900559,-0.884969487,-0.736637418,-0.765373449,-0.979179336
-0.750152888,-0.043555775,-1.328410988,-0.736637418,-1.300813244,-1.414811632
-0.750152888,-0.542416878,-0.219807236,0.173684235,-0.173721224,-0.730246596
-0.750152888,-0.471151006,0.223634265,-0.736637418,0.242092001,-0.190892325
-0.750152888,1.595559277,-0.219807236,-0.736637418,-0.124329968,-0.232381115
1.772044302,2.593281483,-0.441527986,0.173684235,-0.160826936,-0.647269016
1.772044302,-0.399885134,0.223634265,-0.736637418,0.484337863,0.1202736
1.772044302,-0.471151006,0.223634265,0.173684235,0.473819738,-0.00419277
1.772044302,-0.399885134,0.445355015,-0.736637418,0.752189261,-0.315358696
1.772044302,1.595559277,-0.884969487,-0.736637418,-0.543608933,-0.792479781
1.772044302,0.5265712,1.775679517,1.994327541,1.985122921,1.634614436
1.772044302,-0.257353391,1.775679517,1.084005888,1.968724358,1.219726536
1.772044302,-0.542416878,-0.441527986,-0.736637418,-0.179249068,-0.564291436
-0.192681267,1.880622765,1.110517266,-0.736637418,1.012706005,0.887816216
-0.192681267,3.876067177,1.110517266,1.084005888,0.96924143,0.887816216
-0.192681267,1.096698174,-0.884969487,0.173684235,-0.655568967,-0.875457361
-0.192681267,2.949610843,-1.328410988,-0.736637418,-1.197105478,-1.539278002
-0.192681267,-0.542416878,1.110517266,-0.736637418,1.012706005,1.634614436
-0.192681267,-0.328619262,-0.884969487,-0.736637418,-0.71270142,-0.896201756
-0.192681267,0.954166431,0.445355015,0.173684235,0.581312603,0.03729602
-0.192681267,-0.542416878,-0.441527986,-0.736637418,-0.311262227,-1.020668126
1.407901629,-0.471151006,-1.771852488,-0.736637418,-1.778679359,-1.394067237
1.407901629,-0.542416878,0.445355015,0.173684235,0.400307988,-0.273869906
1.407901629,-0.542416878,1.332238016,0.173684235,1.355751206,1.074515771
1.407901629,-0.471151006,1.997400267,1.994327541,1.805799395,1.883547177
1.407901629,-0.542416878,-1.328410988,-0.736637418,-1.357664874,-1.186623286
1.407901629,-0.399885134,0.223634265,-0.736637418,0.161510044,-0.107914745
1.407901629,-0.471151006,-1.106690237,-0.736637418,-1.116258111,-1.124390101
1.407901629,-0.471151006,1.997400267,0.173684235,1.805799395,1.053771376
0.411496016,-0.471151006,0.445355015,-0.736637418,0.721873305,-0.21163672
0.411496016,-0.542416878,0.445355015,0.173684235,0.728985418,0.49367271
0.411496016,-0.542416878,1.110517266,0.173684235,1.314406054,1.053771376
0.411496016,-0.542416878,-0.219807236,0.173684235,0.058209304,-0.00419277
0.411496016,-0.471151006,1.110517266,1.994327541,1.314406054,0.867071821
0.411496016,0.882900559,-2.65873549,-0.736637418,-3.07601558,-1.933421507
0.411496016,-0.542416878,0.445355015,-0.736637418,0.696177693,-0.107914745
0.411496016,-0.399885134,-0.441527986,-0.736637418,-0.243693536,-0.626524621
1.252396388,-0.542416878,-1.106690237,-0.736637418,-1.051775108,-1.207367681
1.252396388,-0.399885134,1.775679517,1.084005888,1.727830592,1.862802782
1.252396388,-0.471151006,1.110517266,-0.736637418,1.069745494,1.033026981
1.252396388,-0.328619262,0.223634265,0.173684235,0.254176573,-0.294614301
1.252396388,0.027710097,-0.884969487,-0.736637418,-0.79524818,-1.020668126
1.252396388,-0.399885134,-0.884969487,-0.736637418,-0.810262856,-0.854712966
1.252396388,-0.471151006,1.775679517,0.173684235,1.712025467,1.240470931
1.252396388,-0.542416878,0.445355015,1.084005888,0.506722837,0.141017995
1.096505905,-0.471151006,-1.328410988,-0.736637418,-1.093643372,-1.435556027
1.096505905,-0.399885134,1.775679517,1.994327541,1.650640196,1.800569597
1.096505905,-0.328619262,-0.441527986,-0.736637418,-0.431117117,0.306973155
1.096505905,-0.471151006,-0.663248737,-0.736637418,-0.541104641,-0.792479781
1.096505905,0.098975969,-1.106690237,-0.736637418,-0.861828931,-1.311089657
1.096505905,-0.542416878,1.775679517,-0.736637418,1.650640196,0.784094241
1.096505905,-0.328619262,0.445355015,1.084005888,0.556979204,0.36920634
1.096505905,3.020876714,-0.884969487,-0.736637418,-0.597911474,-0.668013411
-0.232036211,-0.471151006,1.332238016,0.173684235,0.992825806,0.784094241
-0.232036211,-0.399885134,1.332238016,1.994327541,0.992825806,2.588856607
-0.232036211,1.951888637,-1.328410988,-0.736637418,-1.515925176,-1.041412521
-0.232036211,-0.471151006,-0.219807236,-0.736637418,-0.564319562,0.07878481
-0.232036211,1.096698174,-0.884969487,0.173684235,-0.985822478,-0.792479781
-0.232036211,0.5265712,-0.441527986,-0.736637418,-0.603941718,-0.585035831
-0.232036211,-0.471151006,0.445355015,0.173684235,0.231554127,0.03729602
-0.232036211,0.811634687,-2.65873549,-0.736637418,-2.996070896,-2.078632272
0.17482935,-0.471151006,0.667075765,0.173684235,0.894870831,0.74260545
0.17482935,-0.257353391,0.667075765,-0.736637418,0.894870831,0.514417105
0.17482935,-0.471151006,1.110517266,1.994327541,1.197401309,0.784094241
0.17482935,-0.542416878,-0.441527986,-0.736637418,-0.362562893,-0.398336276
0.17482935,-0.542416878,-1.106690237,-0.736637418,-1.015472742,-1.082901311
0.17482935,-0.399885134,-0.219807236,0.173684235,-0.088949551,-0.253125511
0.17482935,-0.471151006,1.110517266,0.173684235,1.197401309,1.364937301
0.17482935,-0.542416878,-0.441527986,-0.736637418,-0.30857104,-0.585035831
1.009560022,-0.542416878,1.775679517,0.173684235,1.602849104,0.638883475
1.009560022,-0.542416878,-0.441527986,-0.736637418,-0.450845103,-0.792479781
1.009560022,-0.471151006,-0.219807236,-0.736637418,-0.172301692,-0.253125511
1.009560022,-0.257353391,1.110517266,1.084005888,1.018981428,0.348461945
1.009560022,-0.471151006,1.775679517,1.994327541,1.609170769,1.593125646
1.009560022,1.239229918,-0.884969487,-0.736637418,-0.821724606,-0.979179336
1.009560022,-0.471151006,0.445355015,0.173684235,0.435751024,0.1202736
1.009560022,1.31049579,0.445355015,-0.736637418,0.437924398,-0.04568156
-0.245743413,-0.043555775,1.332238016,1.084005888,0.982087068,1.074515771
-0.245743413,-0.186087519,-1.328410988,-0.736637418,-1.561291935,-1.311089657
-0.245743413,-0.542416878,-1.328410988,-0.736637418,-1.515507072,-1.394067237
-0.245743413,-0.471151006,-0.884969487,-0.736637418,-1.184833048,-0.999923731
-0.245743413,-0.471151006,0.223634265,-0.736637418,-0.050340865,0.058040415
-0.245743413,0.455305328,1.332238016,0.173684235,0.969640267,1.074515771
-0.245743413,-0.186087519,1.332238016,1.084005888,0.988013749,1.240470931
-0.245743413,-0.471151006,1.110517266,0.173684235,0.732973308,0.950049401
-1.214134385,-0.542416878,-0.441527986,-0.736637418,-0.652865737,-0.605780226
-1.214134385,3.23467433,0.223634265,-0.736637418,0.025757546,0.182506785
-1.214134385,-0.542416878,-1.106690237,-0.736637418,-1.255949367,-1.020668126
-1.214134385,-0.542416878,0.667075765,0.173684235,0.506331707,0.825583031
-1.214134385,-0.471151006,0.445355015,0.173684235,0.273648784,0.763349846
-1.214134385,-0.542416878,-0.219807236,-0.736637418,-0.353972962,-0.232381115
-1.214134385,0.241507712,-0.441527986,-0.736637418,-0.6607683,-0.833968571
-1.214134385,-0.186087519,0.667075765,1.994327541,0.506529199,1.074515771
0.567968252,0.312773584,-0.219807236,-0.736637418,-0.170228028,-0.107914745
0.567968252,0.241507712,0.445355015,-0.736637418,0.452431857,0.182506785
0.567968252,-0.542416878,0.223634265,0.173684235,0.268555903,0.223995575
0.567968252,-0.542416878,0.223634265,-0.736637418,0.243831855,0.141017995
0.567968252,-0.471151006,1.332238016,1.084005888,1.388940427,1.427170486
0.567968252,-0.542416878,-1.106690237,-0.736637418,-1.034483978,-1.497789212
0.567968252,-0.542416878,1.332238016,1.994327541,1.388940427,1.385681696
0.567968252,-0.328619262,-1.771852488,-0.736637418,-1.737611178,-1.622255582
0.523815301,2.379483868,1.332238016,1.084005888,1.367076638,1.489403671
0.523815301,1.453027534,0.445355015,1.084005888,0.535488723,0.099529205
0.523815301,-0.471151006,-2.65873549,-0.736637418,-2.884974528,-1.788210742
0.523815301,-0.471151006,-0.884969487,-0.736637418,-0.720796658,-0.688757806
0.523815301,-0.471151006,0.667075765,0.173684235,0.824543516,-0.294614301
0.523815301,-0.471151006,0.223634265,-0.736637418,0.264648456,-0.04568156
0.523815301,-0.542416878,1.332238016,0.173684235,1.367076638,1.053771376
0.523815301,-0.542416878,-0.884969487,-0.736637418,-0.861532693,-1.020668126
-1.204084058,-0.471151006,-0.441527986,-0.736637418,-0.67351471,-0.833968571
-1.204084058,-0.399885134,0.667075765,1.994327541,0.51152526,1.759080807
-1.204084058,0.5265712,-0.441527986,-0.736637418,-0.66225286,-0.709502201
-1.204084058,-0.542416878,0.667075765,-0.736637418,0.51152526,0.099529205
-1.204084058,-0.471151006,0.223634265,0.173684235,-0.021671798,0.57665029
-1.204084058,-0.257353391,-0.219807236,0.173684235,-0.411695965,-0.460569461
-1.204084058,-0.399885134,0.445355015,1.084005888,0.252518605,0.24473997
-1.204084058,-0.471151006,-1.106690237,-0.736637418,-1.291713688,-1.082901311
0.595149177,-0.542416878,0.445355015,-0.736637418,0.636746628,-0.232381115
0.595149177,-0.542416878,-0.884969487,-0.736637418,-0.702129347,-0.916946151
0.595149177,-0.471151006,0.445355015,-0.736637418,0.627461141,-0.294614301
0.595149177,-0.328619262,-0.441527986,-0.736637418,-0.33563657,-0.522802646
0.595149177,-0.542416878,1.332238016,1.994327541,1.402776414,1.406426091
0.595149177,-0.471151006,1.332238016,0.173684235,1.402776414,1.987269152
0.595149177,-0.542416878,0.223634265,0.173684235,0.338694397,-0.439825066
0.595149177,-0.399885134,-1.106690237,-0.736637418,-0.971074656,-1.311089657
1.250100504,-0.471151006,-1.106690237,-0.736637418,-0.976507608,-0.896201756
1.250100504,-0.542416878,-0.441527986,-0.736637418,-0.321966765,-0.626524621
1.250100504,0.5265712,1.775679517,0.173684235,1.729367174,1.572381251
1.250100504,-0.399885134,0.223634265,1.084005888,0.345502084,0.223995575
1.250100504,-0.186087519,1.775679517,1.084005888,1.724626408,1.468659276
1.250100504,-0.471151006,0.445355015,-0.736637418,0.597990546,-0.04568156
1.250100504,-0.471151006,-0.441527986,-0.736637418,-0.306548917,-0.813224176
1.250100504,-0.471151006,0.223634265,0.173684235,0.297913302,-0.439825066
-0.839852858,-0.328619262,-2.43701474,-0.736637418,-2.301485458,-1.725977557
-0.839852858,0.098975969,-1.106690237,0.173684235,-0.780768177,-0.813224176
-0.839852858,1.524293406,0.445355015,-0.736637418,0.695030796,0.45218392
-0.839852858,3.23467433,-0.441527986,-0.736637418,-0.14453627,-0.668013411
-0.839852858,-0.471151006,-0.441527986,-0.736637418,-0.190574501,-0.232381115
-0.839852858,3.23467433,0.223634265,0.173684235,0.463514038,0.223995575
-0.839852858,0.455305328,0.445355015,1.994327541,0.695030796,1.676103226
-0.839852858,-0.542416878,-1.106690237,-0.736637418,-0.809034553,-0.854712966
0.039683536,-0.471151006,-0.441527986,-0.736637418,-0.141803176,-0.605780226
0.039683536,-0.328619262,-0.884969487,-0.736637418,-0.537774254,-0.813224176
0.039683536,-0.542416878,0.445355015,0.173684235,0.749200873,0.65962787
0.039683536,-0.542416878,-0.219807236,0.173684235,0.008140795,-0.21163672
0.039683536,-0.471151006,-0.219807236,-0.736637418,0.132058717,-0.00419277
0.039683536,1.738091021,1.110517266,0.173684235,1.131826321,0.45218392
0.039683536,-0.542416878,-1.106690237,-0.736637418,-0.784948741,-1.186623286
0.039683536,-0.257353391,1.110517266,-0.736637418,1.131826321,1.302704116
-0.272908772,-0.399885134,1.110517266,1.084005888,0.976737448,1.551636856
-0.272908772,-0.542416878,-0.219807236,-0.736637418,-0.226006458,-0.107914745
-0.272908772,-0.114821647,-1.328410988,-0.736637418,-1.394557789,-1.145134496
-0.272908772,-0.471151006,-0.219807236,-0.736637418,-0.205658058,-0.08717035
-0.272908772,-0.542416878,-0.219807236,0.173684235,-0.207040983,-0.04568156
-0.272908772,-0.471151006,1.110517266,1.084005888,0.971600735,1.489403671
-0.272908772,-0.471151006,-0.441527986,-0.736637418,-0.492129562,-0.709502201
-0.272908772,1.524293406,-0.884969487,0.173684235,-0.824384002,-0.875457361
-0.93860211,-0.257353391,0.445355015,1.084005888,0.642963284,0.680372265
-0.93860211,-0.542416878,-1.771852488,-0.736637418,-1.744237269,-1.394067237
-0.93860211,1.025432303,0.001913514,0.173684235,0.113691015,0.03729602
-0.93860211,-0.399885134,0.445355015,1.084005888,0.642963284,2.008013547
-0.93860211,-0.542416878,-0.441527986,-0.736637418,-0.400851738,-0.315358696
-0.93860211,2.308217996,-1.106690237,-0.736637418,-1.013000723,-0.854712966
-0.93860211,-0.542416878,-0.219807236,0.173684235,-0.098574146,-0.024937165
-0.93860211,-0.471151006,-0.441527986,-0.736637418,-0.374970677,-0.460569461
-2.02237387,-0.471151006,-0.219807236,0.173684235,-0.279699183,0.41069513
-2.02237387,0.098975969,0.001913514,-0.736637418,-0.261805943,0.223995575
-2.02237387,-0.542416878,0.445355015,1.994327541,0.11086351,0.61813908
-2.02237387,-0.328619262,-0.884969487,-0.736637418,-0.89398686,-0.750990991
-2.02237387,-0.399885134,-0.441527986,-0.736637418,-0.56325407,-0.253125511
-2.02237387,3.020876714,-0.441527986,-0.736637418,-0.536186613,-0.419080671
-2.02237387,-0.471151006,0.445355015,0.173684235,0.11086351,0.57665029
-2.02237387,0.882900559,-0.884969487,-0.736637418,-0.904655752,-0.771735386
-0.314014813,-0.542416878,-0.219807236,0.173684235,-0.229025675,-0.273869906
-0.314014813,-0.257353391,0.445355015,0.173684235,0.404207247,0.638883475
-0.314014813,-0.471151006,-2.43701474,-0.736637418,-2.688752927,-2.078632272
-0.314014813,-0.399885134,0.445355015,1.084005888,0.441536089,0.1202736
-0.314014813,-0.399885134,-1.106690237,-0.736637418,-1.110210527,-1.331834052
-0.314014813,-0.471151006,-0.219807236,-0.736637418,-0.181973492,-0.17014793
-0.314014813,1.31049579,1.110517266,1.084005888,0.952204149,2.070246732
-0.314014813,-0.542416878,1.110517266,0.173684235,0.952204149,0.991538191
-0.590487817,-0.471151006,0.445355015,-0.736637418,0.313228069,0.36920634
-0.590487817,-0.471151006,-1.328410988,-0.736637418,-1.52292891,-1.560022397
-0.590487817,-0.399885134,-0.884969487,-0.736637418,-0.935572854,-1.082901311
-0.590487817,-0.471151006,-0.884969487,-0.736637418,-0.935375363,-0.979179336
-0.590487817,1.096698174,-0.219807236,0.173684235,-0.314605138,-0.336103091
-0.590487817,-0.114821647,1.110517266,0.173684235,0.815320167,1.198982141
-0.590487817,-0.471151006,1.110517266,1.994327541,0.815320167,2.360668262
-0.590487817,-0.471151006,-1.106690237,-0.736637418,-1.160448108,-0.709502201
-1.500160598,1.025432303,-0.219807236,-0.736637418,-0.244889565,0.03729602
-1.500160598,-0.542416878,-0.219807236,-0.736637418,-0.243704133,-0.336103091
-1.500160598,2.236952124,0.445355015,1.994327541,0.365314848,0.265484365
-1.500160598,-0.542416878,-0.219807236,-0.736637418,-0.232245273,-0.543547041
-1.500160598,2.308217996,-0.441527986,-0.736637418,-0.506076337,-0.439825066
-1.500160598,-0.471151006,0.445355015,1.994327541,0.365314848,1.489403671
-1.500160598,-0.471151006,-1.106690237,-0.736637418,-1.212654827,-0.854712966
-1.500160598,-0.328619262,0.223634265,0.173684235,0.115149082,0.03729602
-1.305045531,-0.186087519,-0.219807236,-0.736637418,-0.410319302,-0.21163672
-1.305045531,-0.471151006,-0.219807236,-0.736637418,-0.440942575,-0.00419277
-1.305045531,-0.542416878,0.667075765,1.994327541,0.46148517,0.555905895
-1.305045531,-0.186087519,0.667075765,0.173684235,0.46148517,1.157493351
-1.305045531,-0.542416878,0.445355015,0.173684235,0.229584989,0.20325118
-1.305045531,-0.471151006,-1.106690237,-0.736637418,-1.260075982,-1.062156916
-1.305045531,-0.542416878,0.223634265,1.084005888,-0.022690085,0.389950735
-1.305045531,-0.542416878,-1.106690237,-0.736637418,-1.301765058,-1.165878891
-1.239896921,-0.542416878,0.445355015,0.173684235,0.436676827,0.265484365
-1.239896921,-0.471151006,-0.219807236,0.173684235,-0.238360293,-0.107914745
-1.239896921,-0.471151006,-0.884969487,-0.736637418,-0.856466306,-0.688757806
-1.239896921,-0.471151006,0.445355015,0.173684235,0.487863333,0.65962787
-1.239896921,-0.471151006,0.445355015,1.994327541,0.493790014,0.950049401
-1.239896921,-0.542416878,-0.884969487,-0.736637418,-0.906062761,-0.792479781
-1.239896921,2.09442038,-0.441527986,-0.736637418,-0.515984164,-0.419080671
-1.239896921,0.17024184,0.223634265,-0.736637418,0.199434733,0.472928315
1.136825898,-0.471151006,-1.106690237,-0.736637418,-1.110126231,-1.248856472
1.136825898,-0.257353391,0.223634265,-0.736637418,0.220379462,-0.04568156
1.136825898,-0.399885134,-0.884969487,-0.736637418,-0.79708389,-0.626524621
1.136825898,0.098975969,-0.219807236,0.173684235,-0.179462456,-0.336103091
1.136825898,-0.542416878,1.775679517,1.994327541,1.668035852,1.406426091
1.136825898,-0.471151006,0.223634265,-0.736637418,0.234604653,0.058040415
1.136825898,3.23467433,-0.884969487,-0.736637418,-0.822395597,-0.688757806
1.136825898,-0.471151006,1.775679517,1.994327541,1.674753464,1.800569597
-0.062981366,2.023154509,0.223634265,0.173684235,0.141088427,-0.024937165
-0.062981366,-0.328619262,-0.441527986,-0.736637418,-0.524691144,-0.294614301
-0.062981366,-0.542416878,0.223634265,-0.736637418,0.170130802,-0.398336276
-0.062981366,3.020876714,-3.767339242,-0.736637418,-4.242042869,-1.871188322
-0.062981366,-0.186087519,1.110517266,1.084005888,1.076530541,1.178237746
-0.062981366,-0.328619262,-0.219807236,-0.736637418,-0.303933355,-0.813224176
-0.062981366,-0.471151006,1.110517266,1.084005888,1.076530541,0.950049401
-0.062981366,3.23467433,-0.884969487,-0.736637418,-0.929077782,-0.896201756
0.296505333,-0.328619262,-0.219807236,-0.736637418,-0.08500116,-0.647269016
0.296505333,-0.471151006,0.445355015,0.173684235,0.678402467,0.36920634
0.296505333,-0.257353391,0.223634265,-0.736637418,0.427400974,0.07878481
0.296505333,-0.328619262,-0.441527986,0.173684235,-0.306546508,-0.647269016
0.296505333,-0.257353391,-0.219807236,-0.736637418,-0.065045817,-0.605780226
0.296505333,-0.399885134,1.110517266,0.173684235,1.255691258,1.489403671
0.296505333,-0.471151006,-0.884969487,-0.736637418,-0.76041207,-0.958434941
0.296505333,-0.471151006,1.110517266,1.994327541,1.255691258,0.784094241
-0.785143707,-0.542416878,-0.441527986,-0.736637418,-0.7215452,-0.21163672
-0.785143707,-0.542416878,-0.441527986,-0.736637418,-0.717791892,-0.896201756
-0.785143707,0.384039456,1.110517266,0.173684235,0.718961023,0.431439525
-0.785143707,-0.542416878,0.667075765,1.084005888,0.412607874,0.887816216
-0.785143707,-0.542416878,-0.219807236,-0.736637418,-0.49127264,-0.12865914
-0.785143707,-0.471151006,-0.441527986,-0.736637418,-0.713445627,-0.647269016
-0.785143707,-0.542416878,1.110517266,1.994327541,0.714219774,0.970793796
-0.785143707,-0.542416878,-0.219807236,0.173684235,-0.486531392,-0.12865914
1.228978377,3.733535433,0.445355015,1.994327541,0.295664303,0.57665029
1.228978377,-0.542416878,0.223634265,0.173684235,0.075497062,0.182506785
1.228978377,-0.471151006,-0.441527986,-0.736637418,-0.544594465,-0.543547041
1.228978377,-0.114821647,1.997400267,1.084005888,1.716232524,1.883547177
1.228978377,-0.542416878,1.110517266,-0.736637418,0.857470699,0.1202736
1.228978377,-0.542416878,1.997400267,1.084005888,1.715640049,1.551636856
1.228978377,0.027710097,-1.106690237,-0.736637418,-1.134241908,-1.165878891
1.228978377,-0.471151006,-1.106690237,-0.736637418,-1.151231984,-1.186623286
0.787211497,-0.471151006,1.332238016,1.084005888,1.497495413,0.804838636
0.787211497,-0.471151006,1.110517266,1.084005888,1.27135862,0.763349846
0.787211497,-0.542416878,1.332238016,2.904649194,1.492753682,1.302704116
0.787211497,-0.471151006,-1.328410988,-0.736637418,-1.147724818,-0.979179336
0.787211497,-0.328619262,-0.219807236,-0.736637418,0.000652965,-0.024937165
0.787211497,3.020876714,-0.441527986,0.173684235,-0.262821822,-0.481313856
0.787211497,1.666825149,-0.884969487,-0.736637418,-0.62229834,-0.564291436
0.787211497,-0.471151006,-0.441527986,-0.736637418,-0.220148177,-0.336103091
2.010144922,-0.328619262,-0.219807236,-0.736637418,-0.072889613,-0.232381115
2.010144922,-0.471151006,0.667075765,1.084005888,0.82059657,0.058040415
2.010144922,-0.542416878,1.110517266,0.173684235,1.193418718,0.57665029
2.010144922,0.811634687,-2.43701474,-0.736637418,-2.623190463,-1.871188322
2.010144922,-0.399885134,1.997400267,2.904649194,2.102999521,3.024488903
2.010144922,-0.471151006,-1.106690237,-0.736637418,-1.070924589,-1.248856472
2.010144922,-0.542416878,-1.771852488,-0.736637418,-1.775016608,-1.663744372
2.010144922,-0.471151006,1.997400267,-0.736637418,2.102999521,0.929305006
1.095198419,-0.542416878,0.667075765,1.084005888,0.76164093,0.950049401
1.095198419,0.027710097,1.775679517,1.084005888,1.65128084,1.489403671
1.095198419,-0.542416878,-1.106690237,-0.736637418,-1.065968026,-0.896201756
1.095198419,-0.471151006,-1.771852488,-0.736637418,-1.796306225,-1.580766792
1.095198419,3.23467433,-0.219807236,-0.736637418,-0.09169854,-0.377591881
1.095198419,-0.471151006,1.775679517,1.084005888,1.65128084,1.696847621
1.095198419,0.17024184,-0.884969487,-0.736637418,-0.782727681,-0.688757806
1.095198419,-0.542416878,-0.219807236,-0.736637418,-0.13180431,-0.190892325
-1.120582,-0.542416878,-0.441527986,-0.736637418,-0.299753753,-0.647269016
-1.120582,-0.542416878,-0.441527986,-0.736637418,-0.334725218,-0.522802646
-1.120582,-0.471151006,0.223634265,1.084005888,0.311728576,0.058040415
-1.120582,-0.471151006,-1.106690237,-0.736637418,-0.948029771,-0.937690546
-1.120582,0.098975969,0.445355015,1.084005888,0.55275866,0.20325118
-1.120582,-0.542416878,-0.884969487,-0.736637418,-0.660641134,-0.709502201
-1.120582,1.096698174,-0.441527986,-0.736637418,-0.282564259,-0.336103091
-1.120582,1.096698174,0.445355015,1.994327541,0.55275866,1.862802782
-1.811288794,-0.542416878,-0.884969487,-0.736637418,-1.038509439,-0.999923731
-1.811288794,2.949610843,0.445355015,0.173684235,0.198826362,0.804838636
-1.811288794,-0.542416878,0.223634265,1.084005888,-0.013174352,0.1202736
-1.811288794,0.027710097,0.445355015,-0.736637418,0.210284741,1.095260166
-1.811288794,-0.542416878,-0.441527986,-0.736637418,-0.683870506,-0.605780226
-1.811288794,-0.471151006,-1.106690237,-0.736637418,-1.300120577,-1.041412521
-1.811288794,-0.399885134,-0.884969487,-0.736637418,-1.009863011,-0.771735386
-1.811288794,-0.471151006,0.445355015,1.084005888,0.210877216,1.136748956
-0.247358314,1.951888637,-0.219807236,0.173684235,-0.040705674,-0.149403535
-0.247358314,-0.471151006,0.445355015,0.173684235,0.590411196,0.1202736
-0.247358314,0.17024184,-1.993573239,-0.736637418,-2.03736232,-1.933421507
-0.247358314,-0.471151006,0.223634265,0.173684235,0.336108699,0.1202736
-0.247358314,-0.471151006,-1.106690237,-0.736637418,-0.969669575,-1.311089657
-0.247358314,-0.542416878,1.110517266,1.084005888,0.985122662,1.074515771
-0.247358314,-0.542416878,1.110517266,0.173684235,0.985122662,1.385681696
-0.247358314,-0.542416878,-0.219807236,-0.736637418,-0.065203328,-0.522802646
-0.667396019,-0.471151006,-0.441527986,0.173684235,-0.590281546,-0.709502201
-0.667396019,-0.471151006,1.110517266,0.173684235,0.77429871,1.344192906
-0.667396019,-0.542416878,-0.441527986,-0.736637418,-0.586327857,-0.377591881
-0.667396019,0.17024184,1.110517266,1.084005888,0.77726205,1.116004561
-0.667396019,-0.542416878,0.223634265,-0.736637418,-0.00890323,-0.08717035
-0.667396019,2.45074974,0.223634265,1.084005888,-0.004730854,0.638883475
-0.667396019,-0.399885134,-1.328410988,-0.736637418,-1.412292554,-1.228112076
-0.667396019,-0.471151006,-0.219807236,0.173684235,-0.348029422,-0.253125511
-0.338757821,-0.399885134,1.110517266,1.994327541,0.941985633,1.281959721
-0.338757821,-0.471151006,-1.106690237,-0.736637418,-1.197475895,-0.294614301
-0.338757821,-0.542416878,0.445355015,-0.736637418,0.384023584,0.265484365
-0.338757821,-0.542416878,1.110517266,1.084005888,0.936058952,0.929305006
-0.338757821,-0.471151006,-1.106690237,-0.736637418,-1.189375841,-0.875457361
-0.338757821,-0.471151006,-0.441527986,0.173684235,-0.525367433,-0.273869906
-0.338757821,-0.471151006,-1.328410988,-0.736637418,-1.438701544,-1.207367681
-0.338757821,-0.542416878,-1.993573239,-0.736637418,-2.346099339,-1.663744372
1.099640369,-0.471151006,-0.884969487,0.173684235,-0.636601564,-0.668013411
1.099640369,-0.471151006,1.332238016,1.994327541,1.65554859,1.572381251
1.099640369,3.519737817,0.667075765,0.173684235,1.023935101,0.929305006
1.099640369,-0.328619262,-1.993573239,-0.736637418,-2.074474884,-1.705233162
1.099640369,-0.471151006,-0.219807236,-0.736637418,0.016806832,-0.12865914
1.099640369,3.448471945,0.667075765,-0.736637418,0.997658093,0.514417105
1.099640369,-0.542416878,1.332238016,0.173684235,1.649225961,0.825583031
1.099640369,-0.399885134,-1.328410988,0.173684235,-1.205036941,-1.165878891
0.590339496,-0.471151006,0.445355015,1.084005888,0.500681033,0.555905895
0.590339496,-0.043555775,-1.993573239,-0.736637418,-1.997042199,-1.663744372
0.590339496,-0.471151006,-1.328410988,-0.736637418,-1.219097877,-1.228112076
0.590339496,-0.186087519,1.332238016,2.904649194,1.399972994,1.447914881
0.590339496,-0.542416878,-0.884969487,-0.736637418,-0.724753719,-0.916946151
0.590339496,2.522015611,-0.884969487,-0.736637418,-0.716850675,-1.020668126
0.590339496,-0.471151006,1.332238016,0.173684235,1.395429719,1.095260166
0.590339496,-0.257353391,1.110517266,-0.736637418,1.113377696,1.613870041
-0.553405408,-0.471151006,-1.106690237,-0.736637418,-1.195584309,-1.228112076
-0.553405408,2.023154509,1.110517266,0.173684235,0.8337081,0.908560611
-0.553405408,-0.542416878,0.445355015,1.084005888,0.252658294,0.32771755
-0.553405408,-0.399885134,0.223634265,-0.736637418,0.028615878,0.28622876
-0.553405408,-0.399885134,1.110517266,2.904649194,0.8337081,1.530892461
-0.553405408,-0.257353391,0.223634265,-0.736637418,0.034542559,-0.190892325
-0.553405408,1.167964046,0.445355015,-0.736637418,0.28742745,-0.12865914
-0.553405408,3.23467433,-0.884969487,-0.736637418,-0.948953165,-0.730246596
0.1539193,-0.186087519,-1.993573239,-0.736637418,-2.230109027,-0.854712966
0.1539193,-0.471151006,0.667075765,0.173684235,0.665127164,0.41069513
0.1539193,0.882900559,-1.106690237,-0.736637418,-1.02638296,-1.331834052
0.1539193,-0.471151006,-0.441527986,0.173684235,-0.409979231,-0.522802646
0.1539193,-0.328619262,1.332238016,1.084005888,1.177802415,1.302704116
0.1539193,-0.257353391,1.332238016,0.173684235,1.183927551,1.240470931
0.1539193,0.098975969,-1.106690237,0.173684235,-1.064118828,-0.502058251
0.1539193,-0.186087519,-1.771852488,-0.736637418,-1.762561619,-1.414811632
-0.260086847,-0.542416878,1.332238016,-0.736637418,0.98150519,0.763349846
-0.260086847,-0.399885134,-1.328410988,-0.736637418,-1.451086207,-1.228112076
-0.260086847,-0.114821647,-0.219807236,-0.736637418,-0.372728422,-0.04568156
-0.260086847,-0.471151006,-0.219807236,-0.736637418,-0.375099287,-0.273869906
-0.260086847,-0.257353391,0.667075765,1.084005888,0.464263061,0.763349846
-0.260086847,0.312773584,1.332238016,1.994327541,0.98150519,1.862802782
-0.260086847,0.027710097,-0.441527986,-0.736637418,-0.640764306,-0.585035831
-0.260086847,1.595559277,-1.106690237,0.173684235,-1.218322842,-1.062156916
0.634632534,-0.257353391,0.223634265,-0.736637418,0.327441217,0.223995575
0.634632534,3.163408458,-1.771852488,-0.736637418,-1.726391716,-1.269600867
0.634632534,-0.471151006,-0.884969487,-0.736637418,-0.787569602,-0.833968571
0.634632534,-0.542416878,1.332238016,0.173684235,1.421852196,0.763349846
0.634632534,-0.328619262,-1.106690237,-0.736637418,-1.037451654,-1.165878891
0.634632534,-0.542416878,1.332238016,-0.736637418,1.39181899,0.929305006
0.634632534,3.377206074,1.332238016,3.814970847,1.421852196,1.323448511
0.634632534,-0.471151006,-0.441527986,-0.736637418,-0.393688565,-0.336103091
0.601316931,-0.471151006,1.110517266,-0.736637418,1.171645487,0.804838636
0.601316931,0.17024184,-1.106690237,0.173684235,-1.040739652,-1.041412521
0.601316931,-0.542416878,0.223634265,-0.736637418,0.287993914,0.182506785
0.601316931,0.241507712,-0.884969487,-0.736637418,-0.724702661,-0.792479781
0.601316931,-0.186087519,1.332238016,1.994327541,1.405432438,0.721861055
0.601316931,2.522015611,0.445355015,0.173684235,0.581061644,0.597394685
0.601316931,-0.471151006,-1.106690237,-0.736637418,-1.021705776,-1.394067237
0.601316931,-0.542416878,1.332238016,1.084005888,1.405432438,1.427170486
1.166518674,2.664547355,1.775679517,1.994327541,1.68530338,2.090991127
1.166518674,-0.471151006,-1.106690237,-0.736637418,-1.204038404,-0.916946151
1.166518674,-0.542416878,1.775679517,0.173684235,1.684908396,1.572381251
1.166518674,-0.471151006,0.445355015,-0.736637418,0.396910166,-0.024937165
1.166518674,6.512904435,-1.771852488,-0.736637418,-1.860608113,-1.601511187
1.166518674,-0.542416878,-0.219807236,-0.736637418,-0.267974431,-0.00419277
1.166518674,-0.471151006,-0.884969487,-0.736637418,-0.911973065,-0.916946151
1.166518674,-0.399885134,1.332238016,1.084005888,1.264837537,0.472928315
1.12919695,-0.542416878,-0.441527986,0.173684235,-0.482441866,-0.668013411
1.12919695,-0.186087519,-1.106690237,-0.736637418,-1.169687834,-0.688757806
1.12919695,-0.542416878,1.775679517,0.173684235,1.665839358,1.572381251
1.12919695,-0.542416878,0.223634265,-0.736637418,0.194860149,0.24473997
1.12919695,-0.471151006,-1.771852488,-0.736637418,-1.817091034,-1.684488767
1.12919695,-0.471151006,1.775679517,1.084005888,1.668011768,1.759080807
1.12919695,-0.471151006,0.667075765,0.173684235,0.708892312,0.74260545
1.12919695,1.096698174,-0.219807236,1.084005888,-0.240718635,-0.709502201
0.429907833,-0.471151006,-0.219807236,-0.736637418,-0.027265152,-0.377591881
0.429907833,-0.328619262,-0.219807236,-0.736637418,-0.027857627,-0.481313856
0.429907833,-0.471151006,-0.884969487,-0.736637418,-0.675194836,-0.481313856
0.429907833,-0.471151006,0.667075765,0.173684235,0.641962338,0.887816216
0.429907833,0.312773584,1.332238016,1.994327541,1.320579359,1.779825202
0.429907833,-0.542416878,1.332238016,0.173684235,1.320579359,0.597394685
0.429907833,-0.542416878,-1.106690237,-0.736637418,-0.946287508,-1.103645706
0.429907833,-0.542416878,-1.771852488,-0.736637418,-1.933311111,-1.705233162
0.556461596,-0.542416878,-0.884969487,-0.736637418,-0.806539895,-1.020668126
0.556461596,-0.542416878,0.223634265,-0.736637418,0.269674381,-0.419080671
0.556461596,-0.471151006,0.223634265,-0.736637418,0.329733086,0.182506785
0.556461596,-0.471151006,1.332238016,0.173684235,1.371588122,0.5351615
0.556461596,-0.542416878,0.667075765,0.173684235,0.658537681,0.141017995
0.556461596,-0.399885134,1.332238016,1.994327541,1.383243992,1.551636856
0.556461596,1.595559277,-0.219807236,-0.736637418,-0.117030959,-0.481313856
0.556461596,-0.542416878,0.223634265,0.173684235,0.298518783,-0.149403535
0.048191924,-0.542416878,0.223634265,-0.736637418,0.339390435,-0.08717035
0.048191924,-0.257353391,1.110517266,1.084005888,1.131576807,1.447914881
0.048191924,-0.471151006,0.445355015,-0.736637418,0.600070472,0.223995575
0.048191924,-0.542416878,0.223634265,-0.736637418,0.329907457,0.058040415
0.048191924,-0.471151006,-1.328410988,-0.736637418,-1.34285347,-1.311089657
0.048191924,-0.471151006,0.445355015,0.173684235,0.596119191,0.57665029
0.048191924,-0.542416878,1.110517266,1.994327541,1.124069228,0.804838636
0.048191924,0.17024184,-0.441527986,0.173684235,-0.445461766,-0.730246596
-0.902045031,-0.542416878,0.223634265,1.994327541,0.434068009,-0.273869906
-0.902045031,-0.328619262,0.445355015,0.173684235,0.661077619,0.07878481
-0.902045031,-0.043555775,-0.884969487,0.173684235,-0.677512233,-0.709502201
-0.902045031,-0.542416878,-1.328410988,-0.736637418,-1.171123744,-1.082901311
-0.902045031,-0.471151006,0.445355015,1.084005888,0.661077619,1.427170486
-0.902045031,-0.542416878,-0.219807236,-0.736637418,0.025053801,0.20325118
-0.902045031,1.738091021,-1.106690237,-0.736637418,-0.955487736,-1.269600867
-0.902045031,-0.471151006,-0.219807236,-0.736637418,0.001921729,-0.024937165
-1.072528966,-0.471151006,-0.884969487,-0.736637418,-0.895298013,-0.481313856
-1.072528966,-0.542416878,-2.43701474,-0.736637418,-2.653036774,-1.788210742
-1.072528966,-0.471151006,-0.884969487,-0.736637418,-0.909719731,-0.543547041
-1.072528966,-0.328619262,0.667075765,2.904649194,0.576665766,1.904291572
-1.072528966,-0.542416878,0.445355015,-0.736637418,0.324428745,0.265484365
-1.072528966,-0.542416878,0.223634265,1.084005888,0.099779884,-0.21163672
-1.072528966,-0.542416878,0.667075765,-0.736637418,0.576665766,0.597394685
-1.072528966,-0.542416878,-1.106690237,-0.736637418,-1.145572158,-0.999923731
0.213830183,-0.542416878,-0.884969487,-0.736637418,-0.948534579,-0.585035831
0.213830183,-0.328619262,0.445355015,0.173684235,0.341203506,0.099529205
0.213830183,-0.542416878,0.223634265,1.084005888,0.05572765,0.182506785
0.213830183,-0.399885134,1.332238016,0.173684235,1.213590821,1.157493351
0.213830183,-0.399885134,-1.328410988,-0.736637418,-1.50494415,-1.352578447
0.213830183,-0.542416878,-0.441527986,-0.736637418,-0.556091379,-0.398336276
0.213830183,-0.328619262,-0.884969487,-0.736637418,-1.014749729,-0.875457361
0.213830183,-0.471151006,1.332238016,1.084005888,1.213590821,1.551636856
-1.064105214,-0.328619262,-1.328410988,-0.736637418,-1.558674446,-1.414811632
-1.064105214,-0.114821647,0.667075765,0.173684235,0.556672851,0.970793796
-1.064105214,-0.471151006,-0.219807236,-0.736637418,-0.425921637,-0.253125511
-1.064105214,-0.186087519,-1.328410988,-0.736637418,-1.526446191,-1.560022397
-1.064105214,-0.399885134,0.888796516,1.084005888,0.582221066,1.157493351
-1.064105214,-0.399885134,0.445355015,1.084005888,0.24347926,0.16176239
-1.064105214,0.669102943,-0.219807236,-0.736637418,-0.408726362,-0.439825066
-1.064105214,-0.114821647,0.888796516,0.173684235,0.582221066,1.198982141
0.388891292,0.882900559,-0.884969487,-0.736637418,-0.563286343,-0.896201756
0.388891292,0.384039456,1.110517266,1.084005888,1.300268531,1.800569597
0.388891292,0.954166431,1.110517266,1.084005888,1.29256346,0.472928315
0.388891292,-0.471151006,0.223634265,1.084005888,0.462216372,-0.356847486
0.388891292,-0.471151006,-0.219807236,-0.736637418,0.102913261,-0.377591881
0.388891292,-0.471151006,-0.884969487,-0.736637418,-0.516267396,-1.207367681
0.388891292,-0.542416878,-0.219807236,-0.736637418,0.097184071,-0.356847486
0.388891292,-0.542416878,0.667075765,0.173684235,0.952077947,0.763349846
1.764372549,-0.542416878,0.445355015,-0.736637418,0.546090662,0.182506785
1.764372549,-0.542416878,-1.771852488,-0.736637418,-1.692359542,-0.979179336
1.764372549,-0.471151006,-0.441527986,0.173684235,-0.349242793,-0.543547041
1.764372549,-0.399885134,-1.328410988,-0.736637418,-1.270928398,-1.145134496
1.764372549,-0.542416878,1.997400267,1.994327541,1.967693547,1.862802782
1.764372549,0.027710097,0.667075765,-0.736637418,0.786078855,0.638883475
1.764372549,0.241507712,1.997400267,1.994327541,1.982511213,2.111735522
1.764372549,-0.471151006,-2.43701474,-0.736637418,-2.510117732,-2.016399087
-0.070372943,0.241507712,1.110517266,1.084005888,1.072874535,1.302704116
-0.070372943,-0.542416878,-0.219807236,-0.736637418,-0.061023727,-0.04568156
-0.070372943,-0.257353391,0.223634265,0.173684235,0.339123099,0.141017995
-0.070372943,-0.328619262,0.445355015,0.173684235,0.570624925,-0.273869906
-0.070372943,2.807079099,-0.884969487,0.173684235,-0.723384282,-0.813224176
-0.070372943,0.597837072,1.110517266,1.084005888,1.072874535,0.970793796
-0.070372943,0.384039456,0.223634265,-0.736637418,0.339320591,0.03729602
-0.070372943,-0.542416878,-1.106690237,-0.736637418,-0.979525861,-1.041412521
-0.700338055,-0.471151006,-0.219807236,-0.736637418,-0.14159316,-0.00419277
-0.700338055,-0.399885134,0.667075765,0.173684235,0.75838376,0.306973155
-0.700338055,-0.542416878,0.445355015,0.173684235,0.514341204,0.61813908
-0.700338055,-0.471151006,-0.884969487,-0.736637418,-0.781649665,-0.398336276
-0.700338055,-0.542416878,-1.106690237,-0.736637418,-1.067986296,-1.062156916
-0.700338055,2.09442038,-0.219807236,-0.736637418,-0.146532382,-0.107914745
-0.700338055,-0.542416878,-0.884969487,0.173684235,-0.834562056,-0.813224176
-0.700338055,2.379483868,0.667075765,1.084005888,0.761939576,0.57665029
-2.221063122,-0.257353391,-0.219807236,-0.736637418,-0.005743843,-0.149403535
-2.221063122,-0.542416878,-1.106690237,-0.736637418,-0.879407629,-0.605780226
-2.221063122,-0.471151006,-1.771852488,-0.736637418,-1.570231571,-1.373322842
-2.221063122,0.954166431,-1.106690237,-0.736637418,-0.860243698,-0.730246596
-2.221063122,-0.542416878,-0.219807236,0.173684235,-0.019178103,0.41069513
-2.221063122,-0.471151006,-1.106690237,-0.736637418,-0.856017855,-0.813224176
-2.221063122,-0.043555775,-0.219807236,1.994327541,0.007946675,1.116004561
-2.221063122,-0.471151006,-0.441527986,1.084005888,-0.293248084,-0.17014793
-0.974489881,1.809356893,-0.219807236,-0.736637418,-0.034541039,-0.21163672
-0.974489881,-0.542416878,-0.884969487,-0.736637418,-0.620011771,-0.647269016
-0.974489881,-0.257353391,0.223634265,-0.736637418,0.335805718,-0.04568156
-0.974489881,-0.471151006,0.445355015,1.994327541,0.625602791,1.074515771
-0.974489881,0.241507712,0.223634265,0.173684235,0.392112078,0.45218392
-0.974489881,3.163408458,-0.884969487,-0.736637418,-0.640164124,-0.688757806
-0.974489881,-0.257353391,-0.884969487,-0.736637418,-0.687711481,-0.605780226
-0.974489881,1.096698174,0.445355015,1.084005888,0.621058553,0.970793796
-0.244270545,-0.542416878,-0.884969487,0.173684235,-0.621302693,-0.813224176
-0.244270545,0.312773584,0.445355015,-0.736637418,0.752763432,0.970793796
-0.244270545,1.524293406,0.888796516,1.994327541,0.986767142,0.721861055
-0.244270545,2.308217996,-0.441527986,-0.736637418,-0.208958098,-0.564291436
-0.244270545,-0.542416878,-1.106690237,-0.736637418,-0.925326883,-1.165878891
-0.244270545,-0.542416878,0.888796516,-0.736637418,0.986767142,0.970793796
-0.244270545,-0.471151006,0.223634265,0.173684235,0.449415049,0.16176239
-0.244270545,-0.471151006,-0.219807236,-0.736637418,0.068285721,-0.336103091
0.270180501,0.597837072,0.667075765,-0.736637418,0.658593557,0.61813908
0.270180501,-0.257353391,1.332238016,1.994327541,1.243269505,0.908560611
0.270180501,-0.471151006,1.110517266,1.994327541,0.984463713,0.846327426
0.270180501,-0.542416878,1.332238016,1.084005888,1.243269505,1.074515771
0.270180501,-0.471151006,-0.441527986,-0.736637418,-0.517620456,-0.668013411
0.270180501,-0.471151006,-0.884969487,-0.736637418,-0.885802992,-0.439825066
0.270180501,-0.399885134,-1.993573239,-0.736637418,-2.163291286,-1.891932717
0.270180501,-0.328619262,-0.441527986,-0.736637418,-0.511100818,-0.253125511
1.789286776,-0.471151006,0.223634265,0.173684235,0.270635348,-0.356847486
1.789286776,3.876067177,1.997400267,0.173684235,1.991100661,1.904291572
1.789286776,-0.471151006,1.997400267,2.904649194,1.993669018,2.609601002
1.789286776,-0.328619262,-0.884969487,-0.736637418,-0.777331819,-0.979179336
1.789286776,-0.399885134,-1.328410988,-0.736637418,-1.288082729,-1.290345262
1.789286776,-0.328619262,0.223634265,-0.736637418,0.274191163,-0.024937165
1.789286776,-0.471151006,-0.884969487,-0.736637418,-0.756984383,-0.979179336
1.789286776,-0.471151006,-0.219807236,-0.736637418,-0.132556706,-0.336103091
-1.965088661,0.597837072,-1.771852488,-0.736637418,-1.891174547,-1.684488767
-1.965088661,-0.471151006,-0.219807236,-0.736637418,-0.34460896,-0.336103091
-1.965088661,1.025432303,0.445355015,0.173684235,0.120474136,0.514417105
-1.965088661,-0.399885134,-0.441527986,-0.736637418,-0.609192591,-0.813224176
-1.965088661,-0.186087519,0.445355015,-0.736637418,0.134698845,0.348461945
-1.965088661,0.17024184,0.223634265,-0.736637418,0.083726209,0.058040415
-1.965088661,-0.542416878,0.223634265,0.173684235,0.091037259,-0.107914745
-1.965088661,1.809356893,0.445355015,1.994327541,0.134698845,0.950049401
-0.464554721,-0.471151006,0.445355015,-0.736637418,0.637658462,0.389950735
-0.464554721,-0.542416878,0.667075765,0.173684235,0.87433939,1.323448511
-0.464554721,-0.542416878,-1.106690237,-0.736637418,-1.000375697,-0.792479781
-0.464554721,-0.542416878,0.667075765,0.173684235,0.878487681,0.597394685
-0.464554721,-0.399885134,0.667075765,1.084005888,0.878487681,0.867071821
-0.464554721,-0.471151006,-1.771852488,-0.736637418,-1.662683267,-1.373322842
-0.464554721,-0.542416878,-1.106690237,0.173684235,-1.009733437,-0.979179336
-0.464554721,3.448471945,-0.219807236,-0.736637418,0.026307151,-0.336103091
-0.056179325,-0.542416878,1.110517266,-0.736637418,0.822000207,0.825583031
-0.056179325,-0.257353391,1.332238016,0.173684235,1.032876181,1.364937301
-0.056179325,-0.542416878,-1.993573239,-0.736637418,-2.211670999,-1.601511187
-0.056179325,-0.471151006,0.223634265,-0.736637418,-0.025905348,-0.17014793
-0.056179325,-0.399885134,1.332238016,-0.736637418,1.079897536,0.991538191
-0.056179325,-0.471151006,-1.993573239,-0.736637418,-2.209498108,-1.871188322
-0.056179325,-0.471151006,-1.106690237,0.173684235,-1.260644373,-1.103645706
-0.056179325,0.241507712,1.332238016,1.994327541,1.079897536,1.364937301
-1.314086058,0.098975969,1.110517266,1.084005888,0.46031756,0.680372265
-1.314086058,-0.328619262,-0.441527986,-0.736637418,-0.769497175,-0.336103091
-1.314086058,-0.471151006,-0.884969487,-0.736637418,-1.144073628,-0.647269016
-1.314086058,-0.471151006,0.445355015,0.173684235,0.129986016,0.597394685
-1.314086058,-0.257353391,0.445355015,0.173684235,0.085532055,0.1202736
-1.314086058,-0.542416878,-1.106690237,-0.736637418,-1.396861218,-0.999923731
-1.314086058,-0.542416878,0.445355015,-0.736637418,0.094224584,0.182506785
-1.314086058,-0.542416878,1.110517266,1.084005888,0.46031756,1.136748956
0.09107241,-0.471151006,-1.106690237,-0.736637418,-0.884199454,-1.124390101
0.09107241,0.882900559,0.223634265,-0.736637418,0.387911764,-0.253125511
0.09107241,-0.542416878,0.667075765,1.994327541,0.852528587,0.5351615
0.09107241,0.312773584,-0.884969487,-0.736637418,-0.641272968,-0.564291436
0.09107241,-0.471151006,-0.884969487,-0.736637418,-0.620727076,-0.999923731
0.09107241,1.880622765,1.110517266,1.084005888,1.152808622,1.800569597
0.09107241,-0.471151006,1.110517266,0.173684235,1.152808622,1.012282586
0.09107241,-0.542416878,-0.441527986,0.173684235,-0.258874876,-0.294614301
0.32404426,-0.542416878,-1.771852488,-0.736637418,-1.749450571,-1.539278002
0.32404426,-0.399885134,-0.441527986,0.173684235,-0.449232896,-0.273869906
0.32404426,1.666825149,-1.106690237,-0.736637418,-1.105410994,-1.290345262
0.32404426,0.384039456,1.553958767,0.173684235,1.268097597,1.593125646
0.32404426,-0.542416878,0.223634265,-0.736637418,0.208096917,-0.356847486
0.32404426,-0.471151006,-0.884969487,0.173684235,-0.837390524,-0.771735386
0.32404426,3.448471945,1.553958767,1.994327541,1.268097597,1.779825202
0.32404426,-0.114821647,1.110517266,-0.736637418,0.98772859,0.74260545
1.443598725,-0.542416878,1.775679517,0.173684235,1.822498532,1.053771376
1.443598725,-0.542416878,-0.441527986,0.173684235,-0.170791602,-0.273869906
1.443598725,-0.186087519,0.445355015,-0.736637418,0.663970633,0.32771755
1.443598725,-0.542416878,-0.884969487,-0.736637418,-0.597879682,-1.145134496
1.443598725,-0.542416878,-1.328410988,-0.736637418,-1.109604564,-1.228112076
1.443598725,-0.542416878,1.332238016,0.173684235,1.47125983,0.908560611
1.443598725,-0.399885134,-0.884969487,-0.736637418,-0.52140411,-0.709502201
1.443598725,-0.471151006,1.775679517,2.904649194,1.822498532,1.655358831
1.067319001,0.241507712,-0.884969487,0.173684235,-0.837153534,-0.439825066
1.067319001,-0.471151006,-0.441527986,-0.736637418,-0.469694492,-0.709502201
1.067319001,-0.471151006,-0.441527986,-0.736637418,-0.480758369,-0.605780226
1.067319001,0.669102943,-1.328410988,-0.736637418,-1.384875873,-1.062156916
1.067319001,-0.399885134,1.775679517,2.904649194,1.636187649,2.194713102
1.067319001,-0.471151006,-0.884969487,-0.736637418,-0.876471744,-0.585035831
1.067319001,-0.471151006,0.445355015,0.173684235,0.430511711,0.20325118
1.067319001,-0.471151006,1.775679517,0.173684235,1.623542392,1.198982141
-0.15853292,-0.399885134,0.667075765,0.173684235,1.029133471,0.61813908
-0.15853292,4.089864792,0.667075765,2.904649194,1.029133471,1.530892461
-0.15853292,-0.542416878,-0.884969487,-0.736637418,-0.709884513,-0.585035831
-0.15853292,-0.471151006,-0.219807236,-0.736637418,0.024935305,-0.273869906
-0.15853292,-0.328619262,0.445355015,0.173684235,0.723124728,0.058040415
-0.15853292,-0.043555775,-0.884969487,-0.736637418,-0.655124851,-0.937690546
-0.15853292,-0.328619262,0.223634265,-0.736637418,0.444599139,-0.21163672
-0.15853292,-0.471151006,0.445355015,0.173684235,0.7004045,0.07878481
0.393903323,-0.542416878,1.332238016,-0.736637418,1.302724173,0.472928315
0.393903323,-0.471151006,-0.219807236,-0.736637418,-0.18790499,-0.481313856
0.393903323,-0.471151006,-1.106690237,-0.736637418,-1.08810734,-1.435556027
0.393903323,-0.542416878,-0.441527986,0.173684235,-0.466079911,-0.564291436
0.393903323,-0.471151006,1.332238016,2.904649194,1.302724173,1.655358831
0.393903323,-0.471151006,1.110517266,0.173684235,1.061531761,0.70111666
0.393903323,-0.471151006,-0.441527986,-0.736637418,-0.461929211,-0.439825066
0.393903323,-0.471151006,0.223634265,-0.736637418,0.1896507,0.20325118
0.11940906,-0.542416878,-0.219807236,-0.736637418,-0.177074731,-0.481313856
0.11940906,-0.328619262,-0.884969487,0.173684235,-0.755679973,-0.916946151
0.11940906,-0.471151006,1.110517266,1.994327541,1.166841138,1.883547177
0.11940906,1.880622765,-0.219807236,-0.736637418,-0.15431356,-0.066425955
0.11940906,-0.399885134,1.110517266,1.084005888,1.166841138,0.49367271
0.11940906,-0.471151006,0.223634265,0.173684235,0.259409142,0.099529205
0.11940906,-0.471151006,0.223634265,-0.736637418,0.237274646,0.058040415
0.11940906,-0.542416878,-1.106690237,-0.736637418,-1.022940823,-0.896201756
-1.450758246,-0.399885134,-0.441527986,0.173684235,-0.515007302,-0.377591881
-1.450758246,-0.471151006,-1.328410988,-0.736637418,-1.415581996,-1.248856472
-1.450758246,0.384039456,0.445355015,0.173684235,0.389388618,1.530892461
-1.450758246,-0.542416878,-1.106690237,-0.736637418,-1.169391115,-1.062156916
-1.450758246,-0.542416878,-0.219807236,0.173684235,-0.283693816,-0.253125511
-1.450758246,-0.471151006,0.223634265,0.173684235,0.087408227,0.07878481
-1.450758246,1.666825149,0.445355015,1.084005888,0.389388618,0.389950735
-1.450758246,-0.471151006,-0.219807236,0.173684235,-0.269666599,-0.356847486
-0.09492333,-0.471151006,0.223634265,-0.736637418,0.046493704,0.306973155
-0.09492333,-0.542416878,-1.993573239,-0.736637418,-2.261107535,-1.829699532
-0.09492333,-0.257353391,-1.328410988,-0.736637418,-1.479962881,-1.373322842
-0.09492333,-0.542416878,0.223634265,-0.736637418,0.053803309,-0.00419277
-0.09492333,-0.471151006,0.667075765,0.173684235,0.542992449,0.1202736
-0.09492333,-0.542416878,1.332238016,0.173684235,1.060716746,0.825583031
-0.09492333,-0.471151006,-0.219807236,0.173684235,-0.366352809,-0.502058251
-0.09492333,4.374928279,1.332238016,2.904649194,1.060716746,2.360668262
-0.322628268,-0.471151006,1.110517266,0.173684235,0.947819831,0.597394685
-0.322628268,-0.471151006,-1.106690237,-0.736637418,-1.034337545,-1.145134496
-0.322628268,6.156575076,1.110517266,1.994327541,0.947819831,1.738336411
-0.322628268,1.167964046,-0.884969487,-0.736637418,-0.751183422,-0.854712966
-0.322628268,-0.471151006,-0.884969487,0.173684235,-0.753159304,-0.605780226
-0.322628268,-0.114821647,0.445355015,-0.736637418,0.552171483,0.41069513
-0.322628268,2.236952124,0.445355015,-0.736637418,0.590500308,0.182506785
-0.322628268,-0.542416878,0.223634265,-0.736637418,0.304721952,0.058040415
0.353877125,-0.542416878,-0.441527986,0.173684235,-0.449992035,-0.253125511
0.353877125,-0.471151006,-0.441527986,0.173684235,-0.398805048,-0.730246596
0.353877125,-0.471151006,-1.106690237,-0.736637418,-1.029778856,-0.999923731
0.353877125,-0.471151006,-0.219807236,-0.736637418,-0.181907501,0.16176239
0.353877125,-0.471151006,-1.106690237,-0.736637418,-1.078047781,-1.228112076
0.353877125,0.597837072,1.332238016,0.173684235,1.282932604,1.530892461
0.353877125,-0.471151006,1.110517266,0.173684235,1.053534788,0.867071821
0.353877125,-0.542416878,1.332238016,1.994327541,1.276218845,1.364937301
2.322873426,0.027710097,2.219121018,2.904649194,2.257861037,3.024488903
2.322873426,-0.399885134,-2.43701474,-0.736637418,-2.443780233,-1.871188322
2.322873426,-0.471151006,0.223634265,-0.736637418,0.332820702,-0.024937165
2.322873426,-0.114821647,2.219121018,2.904649194,2.252131848,2.008013547
2.322873426,-0.542416878,1.110517266,0.173684235,1.246907207,0.5351615
2.322873426,-0.542416878,-1.993573239,-0.736637418,-2.033832515,-1.829699532
2.322873426,-0.471151006,-1.106690237,-0.736637418,-0.930892299,-0.937690546
2.322873426,-0.471151006,0.667075765,-0.736637418,0.888899835,0.5351615
0.900803247,-0.471151006,1.332238016,1.084005888,1.553733373,1.385681696
0.900803247,-0.399885134,1.332238016,1.994327541,1.553733373,2.111735522
0.900803247,-0.542416878,0.667075765,0.173684235,0.980016776,0.1202736
0.900803247,-0.471151006,-1.328410988,-0.736637418,-1.141801027,-1.435556027
0.900803247,0.954166431,-0.441527986,-0.736637418,-0.216314427,-0.999923731
0.900803247,2.308217996,0.667075765,0.173684235,0.961839822,0.016551625
0.900803247,-0.471151006,-0.441527986,-0.736637418,-0.195373552,-0.647269016
0.900803247,0.027710097,-0.219807236,0.173684235,0.104820742,-0.17014793
1.174318841,-0.542416878,1.110517266,0.173684235,1.118975867,0.74260545
1.174318841,-0.542416878,-1.106690237,0.173684235,-0.939392153,-1.145134496
1.174318841,-0.542416878,-0.884969487,-0.736637418,-0.659348767,-1.062156916
1.174318841,-0.542416878,0.223634265,-0.736637418,0.343882651,-0.04568156
1.174318841,-0.542416878,0.667075765,-0.736637418,0.794722253,0.182506785
1.174318841,-0.542416878,1.775679517,0.173684235,1.683041376,1.198982141
1.174318841,-0.471151006,-1.771852488,-0.736637418,-1.602477166,-1.642999977
1.174318841,-0.471151006,1.775679517,1.994327541,1.689166512,2.111735522
0.059556547,-0.542416878,0.445355015,-0.736637418,0.54100597,-0.107914745
0.059556547,-0.471151006,1.110517266,2.904649194,1.140167219,1.364937301
0.059556547,3.020876714,1.110517266,1.084005888,1.137598863,1.385681696
0.059556547,3.092142586,0.223634265,-0.736637418,0.259809906,0.058040415
0.059556547,-0.186087519,0.445355015,-0.736637418,0.539226617,0.223995575
0.059556547,-0.471151006,0.667075765,0.173684235,0.832887304,0.49367271
0.059556547,-0.471151006,-1.328410988,-0.736637418,-1.295666415,-1.311089657
0.059556547,-0.471151006,-1.106690237,-0.736637418,-1.003601558,-0.813224176
-0.45050119,-0.471151006,1.110517266,1.994327541,0.884650389,2.651089792
-0.45050119,-0.542416878,-1.993573239,-0.736637418,-2.272306284,-1.788210742
-0.45050119,-0.328619262,0.445355015,0.173684235,0.331851065,0.07878481
-0.45050119,-0.471151006,0.667075765,1.084005888,0.569922625,0.16176239
-0.45050119,-0.542416878,-0.441527986,0.173684235,-0.542439396,-0.439825066
-0.45050119,0.17024184,-0.884969487,-0.736637418,-0.882981749,-0.730246596
-0.45050119,-0.542416878,1.110517266,0.173684235,0.884650389,0.141017995
-0.45050119,-0.399885134,-0.219807236,-0.736637418,-0.310457328,-0.356847486
1.551250363,-0.542416878,0.223634265,-0.736637418,0.441982613,-0.315358696
1.551250363,-0.542416878,-1.106690237,-0.736637418,-0.846342201,-1.124390101
1.551250363,0.384039456,1.775679517,1.994327541,1.87581265,2.692578582
1.551250363,-0.542416878,-0.884969487,-0.736637418,-0.60680005,-0.937690546
1.551250363,-0.471151006,-1.771852488,-0.736637418,-1.602793153,-2.016399087
1.551250363,-0.186087519,1.775679517,0.173684235,1.87581265,0.825583031
1.551250363,-0.471151006,1.110517266,1.084005888,1.141946572,0.5351615
1.551250363,-0.542416878,0.445355015,-0.736637418,0.729772014,0.20325118
2.966608001,-0.257353391,1.997400267,1.084005888,1.999609187,0.867071821
2.966608001,-0.328619262,2.662562518,1.994327541,2.576600294,2.568112212
2.966608001,-0.542416878,-2.43701474,-0.736637418,-2.590459809,-2.078632272
2.966608001,-0.471151006,2.662562518,1.994327541,2.576600294,1.987269152
2.966608001,0.241507712,-0.219807236,0.173684235,-0.152268315,-0.336103091
2.966608001,1.524293406,0.223634265,-0.736637418,0.252497892,-0.688757806
2.966608001,-0.471151006,-0.441527986,-0.736637418,-0.440694506,-1.020668126
2.966608001,-0.542416878,-0.884969487,-0.736637418,-0.791375896,-0.958434941
1.03591404,2.522015611,-0.219807236,-0.736637418,0.119383596,-0.356847486
1.03591404,-0.542416878,-1.106690237,-0.736637418,-0.829689788,-1.207367681
1.03591404,-0.542416878,0.223634265,-0.736637418,0.517884978,0.20325118
1.03591404,2.308217996,0.667075765,0.173684235,1.053043467,0.41069513
1.03591404,0.027710097,-0.441527986,0.173684235,-0.183699377,-0.522802646
1.03591404,-0.043555775,1.332238016,3.814970847,1.620635891,2.090991127
1.03591404,0.312773584,-1.106690237,-0.736637418,-0.846482372,-1.082901311
1.03591404,-0.399885134,1.332238016,0.173684235,1.620635891,0.908560611
-0.615902078,-0.542416878,0.667075765,0.173684235,0.802738494,0.970793796
-0.615902078,-0.471151006,-0.884969487,-0.736637418,-0.749922365,-0.999923731
-0.615902078,-0.328619262,-0.441527986,0.173684235,-0.34584497,-0.626524621
-0.615902078,-0.542416878,-0.219807236,0.173684235,-0.109513747,-0.460569461
-0.615902078,-0.471151006,-0.884969487,-0.736637418,-0.719740799,-0.730246596
-0.615902078,-0.399885134,0.445355015,1.084005888,0.56879644,0.07878481
-0.615902078,-0.257353391,0.667075765,1.994327541,0.802738494,1.634614436
-0.615902078,-0.328619262,0.445355015,-0.736637418,0.564252683,0.28622876
-0.502874571,3.092142586,0.667075765,1.084005888,0.858727903,1.116004561
-0.502874571,-0.471151006,0.667075765,-0.736637418,0.829885429,0.680372265
-0.502874571,-0.043555775,0.667075765,1.084005888,0.852801222,0.41069513
-0.502874571,-0.043555775,-0.884969487,-0.736637418,-0.870455951,-0.585035831
-0.502874571,1.31049579,-0.884969487,-0.736637418,-0.800125746,-0.896201756
-0.502874571,-0.186087519,-0.219807236,0.173684235,-0.08915764,-0.315358696
-0.502874571,0.241507712,-1.106690237,-0.736637418,-1.096889463,-0.833968571
-0.502874571,-0.257353391,0.445355015,0.173684235,0.552792859,0.389950735
-1.427439464,-0.328619262,-2.43701474,-0.736637418,-2.469898766,-2.016399087
-1.427439464,0.384039456,0.445355015,0.173684235,0.400892275,2.153224312
-1.427439464,0.027710097,0.445355015,1.994327541,0.400892275,0.514417105
-1.427439464,-0.542416878,-0.219807236,0.173684235,-0.068256744,-0.543547041
-1.427439464,-0.471151006,-0.884969487,-0.736637418,-0.662992732,-1.103645706
-1.427439464,1.453027534,0.223634265,0.173684235,0.377994304,0.348461945
-1.427439464,-0.471151006,-0.219807236,-0.736637418,-0.014081851,-0.315358696
-1.427439464,0.384039456,-0.884969487,-0.736637418,-0.673069631,-0.875457361
0.11629016,-0.471151006,-1.106690237,-0.736637418,-1.241811843,-0.916946151
0.11629016,0.740368815,-0.219807236,-0.736637418,-0.355407427,-0.398336276
0.11629016,1.167964046,-0.219807236,0.173684235,-0.338812335,-0.294614301
0.11629016,-0.471151006,1.332238016,0.173684235,1.161739105,1.012282586
0.11629016,2.45074974,-0.884969487,-0.736637418,-1.002475373,-0.460569461
0.11629016,0.882900559,1.110517266,0.173684235,0.938995318,0.597394685
0.11629016,0.882900559,0.223634265,-0.736637418,0.055613972,-0.273869906
0.11629016,0.098975969,1.332238016,2.904649194,1.169445139,1.468659276
0.78974086,-0.471151006,1.332238016,1.994327541,1.50171114,1.925035967
0.78974086,-0.471151006,-1.993573239,-0.736637418,-1.957316963,-1.808955137
0.78974086,-0.542416878,-0.884969487,-0.736637418,-0.684508742,-0.564291436
0.78974086,-0.399885134,0.445355015,-0.736637418,0.70979355,0.28622876
0.78974086,-0.399885134,-0.441527986,-0.736637418,-0.2885367,-0.564291436
0.78974086,0.17024184,1.110517266,0.173684235,1.26194934,0.65962787
0.78974086,-0.471151006,-0.441527986,-0.736637418,-0.299421389,-0.854712966
0.78974086,-0.542416878,1.332238016,1.084005888,1.496178479,0.991538191
-0.70316705,-0.471151006,-1.106690237,-0.736637418,-0.788422189,-0.958434941
-0.70316705,-0.542416878,-1.328410988,-0.736637418,-1.004937758,-1.290345262
-0.70316705,-0.542416878,-0.441527986,0.173684235,-0.083973239,-0.356847486
-0.70316705,-0.471151006,-0.219807236,-0.736637418,0.161351087,-0.08717035
-0.70316705,0.954166431,0.445355015,2.904649194,0.763072505,2.028757942
-0.70316705,1.666825149,0.445355015,-0.736637418,0.763072505,0.65962787
-0.70316705,-0.471151006,0.223634265,0.173684235,0.532974315,0.28622876
-0.70316705,-0.471151006,-0.219807236,-0.736637418,0.1363703,-0.315358696
0.206191506,0.669102943,1.332238016,1.994327541,1.209809575,1.219726536
0.206191506,-0.471151006,1.332238016,1.084005888,1.209809575,1.945780362
0.206191506,-0.399885134,-2.65873549,-0.736637418,-2.931652921,-2.078632272
0.206191506,-0.542416878,1.110517266,-0.736637418,0.936705377,1.095260166
0.206191506,-0.542416878,-1.328410988,-0.736637418,-1.601659261,-1.290345262
0.206191506,-0.471151006,-0.441527986,-0.736637418,-0.533577794,-0.294614301
0.206191506,-0.471151006,0.667075765,0.173684235,0.623673152,0.472928315
0.206191506,-0.542416878,-0.884969487,-0.736637418,-0.907080085,-1.290345262
1.325812124,-0.542416878,-0.884969487,-0.736637418,-0.769730311,-0.460569461
1.325812124,-0.399885134,1.775679517,1.084005888,1.767537043,2.132479917
1.325812124,2.45074974,0.223634265,-0.736637418,0.286401938,0.223995575
1.325812124,-0.257353391,-1.771852488,-0.736637418,-1.678013448,-1.642999977
1.325812124,-0.257353391,-2.43701474,-0.736637418,-2.488300667,-1.995654692
1.325812124,-0.542416878,0.445355015,-0.736637418,0.547579557,0.306973155
1.325812124,-0.471151006,-0.219807236,1.084005888,-0.126440722,-0.190892325
1.325812124,-0.399885134,1.775679517,1.084005888,1.761214415,1.655358831
-0.05373168,-0.328619262,1.110517266,0.173684235,1.083682635,0.70111666
-0.05373168,-0.399885134,-0.884969487,-0.736637418,-0.667716158,-0.771735386
-0.05373168,-0.542416878,-1.328410988,-0.736637418,-1.195710993,-1.228112076
-0.05373168,-0.542416878,0.667075765,1.084005888,0.801362795,0.49367271
-0.05373168,1.595559277,-0.884969487,-0.736637418,-0.631342502,-1.248856472
-0.05373168,-0.471151006,1.110517266,1.084005888,1.083682635,2.754811768
-0.05373168,0.882900559,-0.441527986,-0.736637418,-0.293925818,-1.020668126
-0.05373168,-0.186087519,0.223634265,1.084005888,0.305314909,-0.00419277
1.332869047,3.804801305,-0.884969487,-0.736637418,-0.695331293,-0.771735386
1.332869047,-0.542416878,1.775679517,0.173684235,1.767670952,1.281959721
1.332869047,0.811634687,-0.219807236,-0.736637418,-0.034935059,-0.17014793
1.332869047,-0.471151006,-1.106690237,0.173684235,-0.948392,-1.352578447
1.332869047,-0.542416878,-1.771852488,-0.736637418,-1.722154313,-1.248856472
1.332869047,-0.328619262,1.775679517,1.994327541,1.767670952,2.671834187
1.332869047,-0.542416878,-0.441527986,-0.736637418,-0.300388617,-0.356847486
1.332869047,0.312773584,0.667075765,0.173684235,0.851048844,0.597394685
1.198423671,0.954166431,-1.993573239,-0.736637418,-2.226514676,-1.850443927
1.198423671,-0.114821647,0.223634265,0.173684235,0.08585623,-0.024937165
1.198423671,-0.471151006,-1.106690237,-0.736637418,-1.179101932,-0.999923731
1.198423671,-0.399885134,1.997400267,1.994327541,1.701102725,2.236201892
1.198423671,-0.542416878,1.997400267,1.084005888,1.700905233,1.966524757
1.198423671,-0.542416878,0.445355015,-0.736637418,0.319573336,0.45218392
1.198423671,-0.471151006,-0.884969487,-0.736637418,-0.890468134,-0.481313856
1.198423671,-0.399885134,-1.106690237,-0.736637418,-1.13755977,-1.331834052
2.550156155,-0.542416878,-0.441527986,-0.736637418,-0.15563531,-0.688757806
2.550156155,-0.542416878,0.445355015,0.173684235,0.844286917,-0.336103091
2.550156155,-0.471151006,-0.219807236,0.173684235,0.121256878,-0.688757806
2.550156155,-0.542416878,0.445355015,-0.736637418,0.827494333,-0.232381115
2.550156155,-0.471151006,1.997400267,1.084005888,2.370435222,1.468659276
2.550156155,-0.542416878,0.667075765,-0.736637418,1.108344064,0.36920634
2.550156155,-0.542416878,-1.106690237,-0.736637418,-0.890506669,-1.041412521
2.550156155,2.664547355,1.997400267,1.994327541,2.370435222,1.925035967
-1.773462169,-0.542416878,0.445355015,0.173684235,0.197830233,0.389950735
-1.773462169,1.239229918,0.667075765,2.904649194,0.22960522,1.240470931
-1.773462169,-0.471151006,-0.441527986,-0.736637418,-0.625737588,-0.460569461
-1.773462169,3.020876714,-0.441527986,-0.736637418,-0.623169231,-0.356847486
-1.773462169,-0.542416878,-1.106690237,-0.736637418,-1.268707819,-1.145134496
-1.773462169,0.098975969,0.667075765,0.173684235,0.22960522,1.053771376
-1.773462169,-0.471151006,-0.884969487,-0.736637418,-1.064178558,-0.896201756
-1.773462169,-0.328619262,-0.219807236,-0.736637418,-0.369984731,0.058040415
-0.820179277,-0.542416878,0.445355015,1.084005888,0.702206492,0.784094241
-0.820179277,1.167964046,0.001913514,-0.736637418,0.157502887,-0.00419277
-0.820179277,0.312773584,0.223634265,-0.736637418,0.424378386,0.07878481
-0.820179277,-0.542416878,0.445355015,1.994327541,0.694105956,0.348461945
-0.820179277,-0.399885134,-1.106690237,-0.736637418,-1.025301091,-1.124390101
-0.820179277,-0.542416878,0.223634265,-0.736637418,0.429120116,-0.024937165
-0.820179277,-0.471151006,-0.441527986,-0.736637418,-0.366028633,-0.813224176
-0.820179277,-0.471151006,0.445355015,-0.736637418,0.685412945,-0.190892325
-1.370254456,-0.043555775,-0.219807236,-0.736637418,-0.340365295,-0.04568156
-1.370254456,-0.471151006,-0.441527986,-0.736637418,-0.783655411,-0.12865914
-1.370254456,-0.257353391,-1.993573239,-0.736637418,-2.188878518,-1.663744372
-1.370254456,-0.471151006,0.667075765,0.173684235,0.429186108,1.074515771
-1.370254456,-0.542416878,-1.993573239,-0.736637418,-2.144820985,-1.725977557
-1.370254456,-0.471151006,0.667075765,1.994327541,0.429186108,2.049502337
-1.370254456,-0.542416878,0.223634265,0.173684235,0.033703942,-0.107914745
-1.370254456,-0.328619262,-1.106690237,-0.736637418,-1.192978381,-1.124390101
-1.502616026,-0.114821647,0.223634265,0.173684235,-0.129760511,-0.232381115
-1.502616026,-0.399885134,0.667075765,1.994327541,0.363693007,1.530892461
-1.502616026,-0.257353391,0.667075765,1.994327541,0.363693007,1.053771376
-1.502616026,-0.471151006,-0.219807236,-0.736637418,-0.505247835,0.141017995
-1.502616026,-0.471151006,-0.884969487,-0.736637418,-1.084999011,-0.813224176
-1.502616026,-0.471151006,-0.441527986,-0.736637418,-0.735288703,-0.419080671
-1.502616026,-0.328619262,0.445355015,-0.736637418,0.106754235,0.41069513
-1.502616026,-0.328619262,-2.65873549,-0.736637418,-3.042441973,-1.974910297
-0.899362934,-0.542416878,-0.441527986,-0.736637418,-0.700043159,-0.771735386
-0.899362934,-0.114821647,-1.106690237,-0.736637418,-1.294210274,-0.896201756
-0.899362934,-0.542416878,-0.884969487,-0.736637418,-1.057481177,-1.062156916
-0.899362934,3.519737817,1.332238016,0.173684235,0.662380583,1.676103226
-0.899362934,0.455305328,0.223634265,0.173684235,-0.081800829,0.16176239
-0.899362934,-0.114821647,-2.43701474,-0.736637418,-2.762274311,-1.954165902
-0.899362934,-0.542416878,1.110517266,0.173684235,0.631281885,1.012282586
-0.899362934,0.384039456,1.332238016,1.084005888,0.662380583,1.074515771
0.055805307,-0.471151006,0.445355015,0.173684235,0.523087201,0.306973155
0.055805307,-0.471151006,1.110517266,0.173684235,1.130409197,0.887816216
0.055805307,2.45074974,0.223634265,0.173684235,0.168119758,-0.00419277
0.055805307,-0.542416878,-1.771852488,-0.736637418,-1.813273662,-1.331834052
0.055805307,-0.399885134,-1.328410988,-0.736637418,-1.393777456,-1.248856472
0.055805307,0.241507712,-0.219807236,-0.736637418,-0.229935582,-0.190892325
0.055805307,-0.471151006,1.110517266,0.173684235,1.135347456,1.033026981
0.055805307,-0.542416878,1.110517266,1.084005888,1.098204545,1.074515771
0.68961505,-0.542416878,-1.771852488,-0.736637418,-2.164548972,-1.642999977
0.68961505,-0.471151006,0.445355015,-0.736637418,0.302628539,0.141017995
0.68961505,-0.399885134,1.775679517,0.173684235,1.442258398,1.261215326
0.68961505,-0.471151006,-0.219807236,-0.736637418,-0.307600922,-0.585035831
0.68961505,2.949610843,-0.884969487,-0.736637418,-1.132385967,-1.041412521
0.68961505,0.17024184,-0.441527986,-0.736637418,-0.60465028,-0.833968571
0.68961505,-0.399885134,1.775679517,2.904649194,1.449172539,2.505879027
0.68961505,-0.542416878,0.445355015,1.084005888,0.292750577,0.65962787
-0.476775436,0.027710097,1.332238016,1.084005888,0.871468534,1.696847621
-0.476775436,-0.471151006,-0.441527986,-0.736637418,-0.749328926,-0.668013411
-0.476775436,0.954166431,-0.884969487,-0.736637418,-1.08419652,-1.041412521
-0.476775436,-0.399885134,-0.219807236,0.173684235,-0.494972481,-0.149403535
-0.476775436,-0.471151006,0.223634265,1.084005888,-0.127396389,0.265484365
-0.476775436,-0.542416878,-0.884969487,-0.736637418,-1.089728217,-0.896201756
-0.476775436,-0.542416878,-0.441527986,-0.736637418,-0.728515698,-0.439825066
-0.476775436,-0.328619262,1.332238016,1.084005888,0.871468534,1.447914881
-1.205309826,-0.542416878,0.667075765,1.084005888,0.470004774,1.364937301
-1.205309826,-0.542416878,0.223634265,-0.736637418,-0.037435498,-0.190892325
-1.205309826,-0.043555775,0.888796516,0.173684235,0.510881244,0.867071821
-1.205309826,-0.471151006,0.445355015,-0.736637418,0.227660648,0.24473997
-1.205309826,-0.471151006,0.888796516,0.173684235,0.510881244,0.929305006
-1.205309826,-0.542416878,-0.441527986,0.173684235,-0.657226935,-0.460569461
-1.205309826,-0.542416878,-1.106690237,0.173684235,-1.280750966,-0.896201756
-1.205309826,0.241507712,-1.328410988,-0.736637418,-1.524925504,-1.248856472
-3.208247262,-0.542416878,-0.441527986,0.173684235,-0.714076156,-0.564291436
-3.208247262,-0.471151006,-0.441527986,-0.736637418,-0.710914842,-0.419080671
-3.208247262,-0.542416878,-0.884969487,-0.736637418,-1.094805202,-0.315358696
-3.208247262,-0.328619262,-0.441527986,-0.736637418,-0.724350065,-0.149403535
-3.208247262,-0.257353391,-0.219807236,0.173684235,-0.479431802,0.016551625
-3.208247262,1.666825149,-1.106690237,-0.736637418,-1.314614068,-0.875457361
-3.208247262,-0.542416878,-0.884969487,-0.736637418,-1.067687168,-0.626524621
-3.208247262,-0.471151006,-0.219807236,1.994327541,-0.479431802,1.676103226
0.376234749,-0.399885134,-1.328410988,-0.736637418,-1.363658991,-1.373322842
0.376234749,-0.328619262,-1.328410988,-0.736637418,-1.358324786,-1.311089657
0.376234749,-0.328619262,1.332238016,1.994327541,1.294005632,1.219726536
0.376234749,-0.471151006,1.110517266,-0.736637418,1.042575437,0.472928315
0.376234749,0.954166431,0.445355015,-0.736637418,0.489305986,0.141017995
0.376234749,-0.471151006,1.332238016,2.904649194,1.294005632,1.613870041
0.376234749,2.236952124,0.223634265,0.173684235,0.210936464,0.16176239
0.376234749,-0.471151006,-0.441527986,-0.736637418,-0.451487674,-0.398336276
-0.919356576,0.027710097,-1.106690237,-0.736637418,-0.957304179,-0.896201756
-0.919356576,-0.542416878,-0.884969487,-0.736637418,-0.666609241,-0.916946151
-0.919356576,-0.471151006,0.445355015,0.173684235,0.633935982,0.867071821
-0.919356576,0.241507712,-0.219807236,1.084005888,-0.003018938,-0.356847486
-0.919356576,-0.471151006,0.223634265,-0.736637418,0.386385779,-0.21163672
-0.919356576,-0.542416878,0.445355015,1.084005888,0.648160691,0.929305006
-0.919356576,2.379483868,0.223634265,-0.736637418,0.35534681,0.45218392
-0.919356576,0.241507712,0.445355015,0.173684235,0.652704448,0.45218392
-1.373227431,-0.542416878,0.667075765,0.173684235,0.421651554,0.721861055
-1.373227431,-0.114821647,0.223634265,0.173684235,-0.04986833,0.306973155
-1.373227431,-0.542416878,-0.884969487,-0.736637418,-1.02786174,-0.481313856
-1.373227431,0.098975969,-1.328410988,-0.736637418,-1.543432895,-1.373322842
-1.373227431,1.096698174,-0.441527986,-0.736637418,-0.651455838,-0.502058251
-1.373227431,-0.399885134,0.667075765,1.994327541,0.427776209,1.074515771
-1.373227431,-0.542416878,0.445355015,0.173684235,0.190126607,0.099529205
-1.373227431,-0.542416878,0.445355015,0.173684235,0.191707505,0.65962787
0.825698675,3.448471945,0.445355015,-0.736637418,0.684328185,0.32771755
0.825698675,0.455305328,1.332238016,1.084005888,1.516550964,1.510148066
0.825698675,-0.399885134,-0.219807236,-0.736637418,-0.0108873,-0.377591881
0.825698675,-0.542416878,-0.441527986,-0.736637418,-0.272440636,-0.647269016
0.825698675,-0.257353391,1.110517266,1.084005888,1.254672971,0.49367271
0.825698675,-0.542416878,-1.106690237,-0.736637418,-0.939535696,-0.771735386
0.825698675,-0.257353391,1.332238016,1.994327541,1.516550964,1.344192906
0.825698675,-0.542416878,-0.884969487,-0.736637418,-0.649459244,-0.730246596
0.436466666,-0.471151006,-0.441527986,-0.736637418,-0.138833573,-0.585035831
0.436466666,-0.471151006,0.223634265,0.173684235,0.547113766,0.223995575
0.436466666,-0.471151006,-1.771852488,-0.736637418,-1.506369463,-1.477044817
0.436466666,-0.399885134,0.223634265,0.173684235,0.541581587,-0.253125511
0.436466666,-0.328619262,1.110517266,1.994327541,1.323826895,2.132479917
0.436466666,-0.542416878,-0.219807236,-0.736637418,0.10958174,-0.04568156
0.436466666,-0.114821647,-1.328410988,0.173684235,-1.053300612,-1.165878891
0.436466666,0.882900559,1.110517266,0.173684235,1.320270116,1.033026981
-0.259684095,-0.471151006,-0.219807236,-0.736637418,-0.214354923,0.223995575
-0.259684095,1.951888637,-1.771852488,-0.736637418,-1.795301426,-1.477044817
-0.259684095,-0.471151006,-0.884969487,0.173684235,-0.860552941,-0.771735386
-0.259684095,-0.257353391,-0.219807236,-0.736637418,-0.18373165,-0.481313856
-0.259684095,0.17024184,1.110517266,1.084005888,0.979087119,1.945780362
-0.259684095,-0.471151006,-0.219807236,-0.736637418,-0.236481713,-0.668013411
-0.259684095,1.738091021,1.110517266,1.084005888,0.979087119,0.929305006
-0.259684095,0.312773584,0.667075765,1.084005888,0.671781675,0.36920634
0.037693121,3.020876714,-0.884969487,-0.736637418,-0.761749716,-1.020668126
0.037693121,-0.399885134,-0.441527986,-0.736637418,-0.390715109,-0.543547041
0.037693121,-0.542416878,1.110517266,1.084005888,1.126379401,1.012282586
0.037693121,-0.328619262,-0.884969487,-0.736637418,-0.778181998,-0.564291436
0.037693121,-0.399885134,1.110517266,1.084005888,1.126379401,1.468659276
0.037693121,-0.542416878,0.445355015,0.173684235,0.539433743,0.058040415
0.037693121,-0.471151006,0.445355015,0.173684235,0.526789932,0.24473997
0.037693121,-0.542416878,-0.219807236,0.173684235,-0.135156854,-0.149403535
-0.574111164,-0.542416878,1.110517266,0.173684235,0.785518171,0.680372265
-0.574111164,-0.471151006,-0.219807236,-0.736637418,-0.426112867,-0.17014793
-0.574111164,-0.471151006,-0.219807236,-0.736637418,-0.461738463,-0.294614301
-0.574111164,-0.542416878,-0.884969487,-0.736637418,-1.076374881,-0.854712966
-0.574111164,-0.471151006,-0.219807236,-0.736637418,-0.421173645,-0.356847486
-0.574111164,-0.399885134,1.110517266,1.994327541,0.825229439,1.095260166
-0.574111164,-0.399885134,-1.993573239,-0.736637418,-2.393357202,-1.829699532
-0.574111164,-0.399885134,1.110517266,0.173684235,0.820092725,1.385681696
-0.041191876,-0.399885134,0.667075765,-0.736637418,0.782800491,0.49367271
-0.041191876,0.098975969,-2.43701474,-0.736637418,-2.53320597,-2.078632272
-0.041191876,-0.542416878,-0.219807236,-0.736637418,-0.184283182,-0.605780226
-0.041191876,-0.542416878,-0.219807236,0.173684235,-0.159391026,-0.253125511
-0.041191876,0.5265712,-1.328410988,-0.736637418,-1.304919147,-1.186623286
-0.041191876,-0.542416878,1.110517266,0.173684235,1.087316484,1.302704116
-0.041191876,-0.328619262,1.110517266,2.904649194,1.087316484,1.593125646
-0.041191876,-0.471151006,0.223634265,0.173684235,0.320588733,0.74260545
-0.080072077,1.096698174,-1.106690237,-0.736637418,-0.99135851,-1.062156916
-0.080072077,-0.542416878,0.667075765,-0.736637418,0.788652029,0.61813908
-0.080072077,-0.542416878,0.445355015,-0.736637418,0.561548008,0.1202736
-0.080072077,-0.542416878,0.223634265,-0.736637418,0.331708004,0.265484365
-0.080072077,-0.257353391,-1.993573239,-0.736637418,-2.096199465,-1.871188322
-0.080072077,-0.542416878,1.110517266,1.994327541,1.068047064,0.680372265
-0.080072077,6.512904435,1.110517266,1.994327541,1.068047064,1.447914881
-0.080072077,0.098975969,0.223634265,1.084005888,0.327756723,0.57665029
1.178280213,-0.542416878,1.110517266,-0.736637418,1.078105659,0.950049401
1.178280213,-0.542416878,0.223634265,1.084005888,0.266668652,-0.294614301
1.178280213,-0.471151006,-1.106690237,-0.736637418,-0.994152779,-1.580766792
1.178280213,1.239229918,-1.993573239,-0.736637418,-2.075475831,-1.974910297
1.178280213,-0.328619262,-0.219807236,-0.736637418,-0.098451315,-0.585035831
1.178280213,-0.542416878,1.997400267,1.084005888,1.692931381,1.717592016
1.178280213,-0.471151006,1.997400267,1.084005888,1.692931381,2.381412657
1.178280213,-0.471151006,0.445355015,-0.736637418,0.514777613,0.1202736
1.958026423,-0.257353391,1.775679517,0.173684235,2.077807273,0.908560611
1.958026423,2.236952124,-0.441527986,-0.736637418,-0.110493017,-0.730246596
1.958026423,1.524293406,0.445355015,-0.736637418,0.824427911,-0.460569461
1.958026423,-0.471151006,-1.771852488,-0.736637418,-1.519082637,-1.248856472
1.958026423,-0.471151006,1.775679517,1.994327541,2.077807273,1.945780362
1.958026423,-0.542416878,-0.441527986,-0.736637418,-0.156930567,-0.273869906
1.958026423,-0.186087519,1.332238016,1.084005888,1.704694186,0.887816216
1.958026423,-0.399885134,-0.441527986,0.173684235,-0.137954012,-0.688757806
0.27149577,-0.471151006,-0.441527986,-0.736637418,-0.384768679,-0.232381115
0.27149577,-0.328619262,0.667075765,0.173684235,0.711570494,0.45218392
0.27149577,0.027710097,-1.106690237,-0.736637418,-1.133686041,-0.937690546
0.27149577,3.020876714,-0.441527986,0.173684235,-0.435343923,-0.315358696
0.27149577,-0.471151006,1.332238016,1.084005888,1.242144283,0.970793796
0.27149577,1.025432303,-0.441527986,-0.736637418,-0.425070495,-0.273869906
0.27149577,1.809356893,0.223634265,0.173684235,0.261671628,0.24473997
0.27149577,-0.542416878,1.332238016,1.084005888,1.242144283,1.510148066
-2.004286978,-0.471151006,0.223634265,-0.736637418,-0.12893249,-0.315358696
-2.004286978,-0.399885134,-0.441527986,-0.736637418,-0.73541057,-0.502058251
-2.004286978,-0.542416878,-0.219807236,0.173684235,-0.522775474,-0.377591881
-2.004286978,3.377206074,0.445355015,1.994327541,0.11531671,1.987269152
-2.004286978,-0.328619262,-0.219807236,-0.736637418,-0.504171264,-0.398336276
-2.004286978,-0.542416878,0.445355015,1.994327541,0.11531671,0.28622876
-2.004286978,-0.399885134,-0.441527986,-0.736637418,-0.743708116,-0.273869906
-2.004286978,-0.257353391,-0.884969487,-0.736637418,-1.122963681,-0.916946151
1.135705195,-0.542416878,-0.441527986,0.173684235,-0.383944994,-0.419080671
1.135705195,-0.542416878,1.332238016,0.173684235,1.302683711,1.033026981
1.135705195,-0.542416878,1.775679517,-0.736637418,1.670048342,1.136748956
1.135705195,-0.542416878,-2.65873549,-0.736637418,-2.610645398,-2.078632272
1.135705195,-0.043555775,1.775679517,2.904649194,1.670048342,1.945780362
1.135705195,-0.542416878,-1.328410988,-0.736637418,-1.218420143,-1.477044817
1.135705195,-0.542416878,0.445355015,-0.736637418,0.4973887,0.03729602
1.135705195,-0.186087519,-0.219807236,-0.736637418,-0.135667924,-0.377591881
0.964366141,-0.114821647,-0.884969487,-0.736637418,-0.970202802,-0.813224176
0.964366141,-0.542416878,-0.219807236,-0.736637418,-0.343178349,-0.398336276
0.964366141,-0.328619262,0.667075765,1.084005888,0.609554896,0.680372265
0.964366141,-0.186087519,1.775679517,2.904649194,1.58837151,2.070246732
0.964366141,-0.399885134,1.775679517,0.173684235,1.58264232,0.991538191
0.964366141,1.809356893,-1.328410988,-0.736637418,-1.570445921,-1.103645706
0.964366141,-0.257353391,-0.884969487,0.173684235,-0.995491388,-0.958434941
0.964366141,-0.328619262,0.445355015,-0.736637418,0.327149796,0.20325118
-0.109659788,-0.399885134,-1.993573239,-0.736637418,-2.361429039,-1.891932717
-0.109659788,-0.471151006,-0.219807236,1.084005888,-0.562319114,-0.066425955
-0.109659788,-0.471151006,1.775679517,0.173684235,1.053333443,1.987269152
-0.109659788,3.020876714,0.667075765,0.173684235,0.283391873,0.348461945
-0.109659788,-0.328619262,0.223634265,0.173684235,-0.170063291,0.03729602
-0.109659788,-0.542416878,-0.441527986,-0.736637418,-0.793697628,-0.522802646
-0.109659788,-0.471151006,1.775679517,0.173684235,1.053333443,0.825583031
-0.109659788,-0.471151006,-0.219807236,-0.736637418,-0.570814634,-0.377591881
0.677439086,-0.542416878,1.997400267,1.084005888,1.445021357,1.904291572
0.677439086,-0.542416878,-0.884969487,-0.736637418,-1.034456522,-0.564291436
0.677439086,-0.471151006,-0.884969487,0.173684235,-1.031493663,-0.688757806
0.677439086,-0.542416878,1.997400267,1.994327541,1.445021357,2.941511323
0.677439086,-0.471151006,-1.993573239,-0.736637418,-2.283609077,-1.850443927
0.677439086,-0.542416878,-1.328410988,-0.736637418,-1.473365691,-1.414811632
0.677439086,0.5265712,0.223634265,-0.736637418,0.006639857,0.03729602
0.677439086,-0.471151006,0.445355015,0.173684235,0.261118651,0.348461945
-1.151247609,-0.399885134,-0.441527986,0.173684235,-0.598882555,-0.419080671
-1.151247609,-0.542416878,-0.441527986,-0.736637418,-0.63464206,-0.398336276
-1.151247609,-0.471151006,-0.884969487,-0.736637418,-1.027682553,-0.750990991
-1.151247609,-0.471151006,-0.884969487,-0.736637418,-0.996528942,-0.647269016
-1.151247609,-0.399885134,0.667075765,0.173684235,0.537688589,1.530892461
-1.151247609,1.31049579,0.667075765,1.994327541,0.537688589,0.1202736
-1.151247609,-0.186087519,-2.43701474,-0.736637418,-2.671992616,-2.016399087
-1.151247609,-0.328619262,0.667075765,0.173684235,0.528402621,0.721861055
1.25694535,-0.542416878,-0.441527986,-0.736637418,-0.392248802,-0.668013411
1.25694535,-0.542416878,1.110517266,1.084005888,1.120349639,0.555905895
1.25694535,-0.542416878,0.445355015,0.173684235,0.542728966,0.32771755
1.25694535,-0.043555775,-1.328410988,-0.736637418,-1.23895351,-1.186623286
1.25694535,-0.399885134,1.775679517,1.084005888,1.730080072,2.090991127
1.25694535,-0.399885134,1.775679517,1.084005888,1.723553208,1.095260166
1.25694535,-0.186087519,-0.441527986,-0.736637418,-0.357802377,-0.460569461
1.25694535,-0.542416878,-1.106690237,-0.736637418,-0.978419907,-0.916946151
-0.54524724,-0.542416878,-0.441527986,-0.736637418,-0.627090648,-0.543547041
-0.54524724,-0.399885134,-1.328410988,-0.736637418,-1.498464492,-1.228112076
-0.54524724,2.236952124,0.223634265,0.173684235,0.010821385,-0.190892325
-0.54524724,-0.542416878,1.110517266,1.994327541,0.837735969,1.095260166
-0.54524724,0.098975969,0.223634265,-0.736637418,0.020502337,-0.481313856
-0.54524724,-0.542416878,0.445355015,0.173684235,0.276215214,0.058040415
-0.54524724,-0.471151006,0.445355015,0.173684235,0.279178554,0.348461945
-0.54524724,-0.186087519,1.110517266,1.084005888,0.837735969,1.676103226
-0.720901777,-0.542416878,-0.441527986,-0.736637418,-0.417336523,-0.647269016
-0.720901777,-0.542416878,0.667075765,-0.736637418,0.750768283,1.116004561
-0.720901777,-0.542416878,-1.328410988,-0.736637418,-1.321555182,-1.269600867
-0.720901777,-0.542416878,0.445355015,1.084005888,0.493501001,0.431439525
-0.720901777,-0.471151006,-0.884969487,-0.736637418,-0.791925982,-0.750990991
-0.720901777,-0.114821647,0.667075765,2.904649194,0.750768283,1.510148066
-0.720901777,-0.328619262,-1.106690237,-0.736637418,-1.063164606,-1.248856472
-0.720901777,-0.542416878,0.223634265,-0.736637418,0.248590926,0.1202736
-0.754254347,2.45074974,-0.884969487,-0.736637418,-0.999997573,-0.481313856
-0.754254347,0.882900559,-1.328410988,-0.736637418,-1.52448187,-0.958434941
-0.754254347,-0.328619262,1.110517266,1.084005888,0.731091837,0.887816216
-0.754254347,-0.471151006,0.223634265,0.173684235,-0.035977431,0.099529205
-0.754254347,1.453027534,0.667075765,-0.736637418,0.440863172,0.825583031
-0.754254347,-0.542416878,-0.219807236,-0.736637418,-0.431154207,-0.419080671
-0.754254347,-0.471151006,1.110517266,1.994327541,0.734253633,1.468659276
-0.754254347,-0.542416878,-1.328410988,-0.736637418,-1.510257161,-1.186623286
0.385182857,-0.471151006,-0.884969487,0.173684235,-0.813547964,-0.792479781
0.385182857,-0.471151006,-0.219807236,-0.736637418,-0.122704273,-0.107914745
0.385182857,-0.328619262,1.332238016,1.084005888,1.298437156,1.364937301
0.385182857,-0.186087519,-0.441527986,-0.736637418,-0.358329824,-0.564291436
0.385182857,-0.328619262,0.223634265,-0.736637418,0.282890437,-0.066425955
0.385182857,-0.471151006,-1.771852488,-0.736637418,-1.73925903,-1.435556027
0.385182857,-0.257353391,0.223634265,0.173684235,0.279137129,0.32771755
0.385182857,-0.542416878,1.332238016,0.173684235,1.295867835,1.364937301
-1.129076769,-0.471151006,-0.441527986,-0.736637418,-0.816030099,-0.107914745
-1.129076769,3.305940202,1.110517266,1.994327541,0.550447524,1.717592016
-1.129076769,1.524293406,-1.328410988,-0.736637418,-1.616955724,-1.414811632
-1.129076769,-0.471151006,1.110517266,1.084005888,0.550447524,1.136748956
-1.129076769,-0.542416878,0.667075765,0.173684235,0.249524436,0.804838636
-1.129076769,-0.471151006,-1.328410988,-0.736637418,-1.609053643,-1.746721952
-1.129076769,-0.542416878,0.667075765,0.173684235,0.25466115,0.49367271
-1.129076769,-0.542416878,-0.219807236,-0.736637418,-0.585677579,0.20325118
1.35277708,-0.471151006,0.445355015,0.173684235,0.544075764,0.016551625
1.35277708,-0.399885134,-0.219807236,-0.736637418,-0.105492139,-0.08717035
1.35277708,-0.542416878,-1.993573239,-0.736637418,-2.138783516,-1.642999977
1.35277708,-0.471151006,-0.219807236,0.173684235,-0.106677572,-0.481313856
1.35277708,-0.257353391,-0.441527986,-0.736637418,-0.366933724,-1.041412521
1.35277708,3.305940202,1.775679517,1.994327541,1.777527238,2.256946287
1.35277708,1.025432303,1.775679517,0.173684235,1.777527238,1.364937301
1.35277708,-0.542416878,0.223634265,1.084005888,0.298974941,-0.107914745
-0.916163741,-0.542416878,0.445355015,1.084005888,0.427336428,0.5351615
-0.916163741,0.384039456,0.667075765,2.904649194,0.655270878,2.256946287
-0.916163741,-0.186087519,-1.106690237,-0.736637418,-1.031166116,-1.311089657
-0.916163741,3.020876714,0.223634265,-0.736637418,0.204825296,-0.08717035
-0.916163741,-0.542416878,-1.106690237,-0.736637418,-1.023263553,-0.999923731
-0.916163741,3.092142586,0.667075765,-0.736637418,0.655270878,0.472928315
-0.916163741,0.954166431,-0.219807236,0.173684235,-0.201256881,-0.377591881
-0.916163741,-0.471151006,-0.884969487,-0.736637418,-0.797594479,-0.750990991
-0.058492719,0.17024184,-0.219807236,-0.736637418,-0.054263245,-0.336103091
-0.058492719,-0.471151006,-0.884969487,-0.736637418,-0.72415739,-1.228112076
-0.058492719,-0.542416878,0.445355015,1.084005888,0.49736606,0.49367271
-0.058492719,-0.471151006,-2.43701474,-0.736637418,-2.470131903,-1.954165902
-0.058492719,-0.542416878,0.223634265,0.173684235,0.329996087,-0.356847486
-0.058492719,-0.328619262,-0.219807236,-0.736637418,-0.032530476,-0.107914745
-0.058492719,-0.186087519,1.110517266,-0.736637418,1.078753047,1.219726536
-0.058492719,-0.186087519,1.110517266,1.994327541,1.078753047,1.447914881
-0.247891426,-0.186087519,-1.106690237,-0.736637418,-1.158202481,-0.854712966
-0.247891426,-0.542416878,0.667075765,0.173684235,0.677651998,0.65962787
-0.247891426,3.448471945,0.223634265,-0.736637418,0.224049438,-0.190892325
-0.247891426,-0.328619262,1.110517266,1.994327541,0.987145748,0.867071821
-0.247891426,-0.257353391,-0.441527986,-0.736637418,-0.519057329,-0.668013411
-0.247891426,-0.542416878,-0.219807236,-0.736637418,-0.260735152,0.099529205
-0.247891426,0.811634687,0.445355015,-0.736637418,0.458768936,-0.00419277
-0.247891426,-0.471151006,1.110517266,2.904649194,0.980428137,0.929305006
0.042952251,3.092142586,-1.106690237,-0.736637418,-1.498737609,-0.979179336
0.042952251,-0.471151006,-0.441527986,0.173684235,-0.915355955,-0.626524621
0.042952251,-0.399885134,-0.441527986,0.173684235,-0.899746877,-0.356847486
0.042952251,-0.542416878,-0.884969487,-0.736637418,-1.254327525,-0.896201756
0.042952251,-0.542416878,0.223634265,-0.736637418,-0.307379346,-0.04568156
0.042952251,-0.186087519,1.775679517,1.084005888,1.124041291,1.074515771
0.042952251,-0.328619262,1.110517266,-0.736637418,0.510234338,0.846327426
0.042952251,3.020876714,1.775679517,1.994327541,1.128980513,1.862802782
-0.666627482,-0.471151006,-0.219807236,-0.736637418,0.091916339,-0.315358696
-0.666627482,-0.328619262,0.445355015,1.084005888,0.749155594,0.763349846
-0.666627482,-0.542416878,-0.884969487,-0.736637418,-0.588216553,-0.833968571
-0.666627482,-0.399885134,0.445355015,1.084005888,0.777634876,1.240470931
-0.666627482,-0.471151006,0.223634265,0.173684235,0.527305819,-0.190892325
-0.666627482,-0.399885134,-1.771852488,-0.736637418,-1.620612213,-1.165878891
-0.666627482,-0.471151006,0.445355015,-0.736637418,0.773058847,0.41069513
-0.666627482,-0.114821647,-0.884969487,-0.736637418,-0.587426585,-0.668013411
-1.784140945,-0.186087519,0.445355015,2.904649194,0.22622233,1.655358831
-1.784140945,-0.471151006,-1.328410988,-0.736637418,-1.486498897,-1.062156916
-1.784140945,-0.471151006,-0.441527986,0.173684235,-0.583244576,-0.398336276
-1.784140945,-0.043555775,-1.106690237,-0.736637418,-1.241557031,-0.626524621
-1.784140945,-0.542416878,-0.219807236,-0.736637418,-0.32843968,-0.232381115
-1.784140945,-0.471151006,0.445355015,1.084005888,0.22622233,0.70111666
-1.784140945,-0.471151006,-0.219807236,-0.736637418,-0.34444326,-0.12865914
-1.784140945,-0.399885134,-0.884969487,-0.736637418,-1.004667532,-0.854712966
1.51076888,-0.542416878,-0.884969487,-0.736637418,-0.522210455,-0.647269016
1.51076888,-0.542416878,0.445355015,0.173684235,0.73950258,0.16176239
1.51076888,-0.542416878,1.332238016,1.084005888,1.396112751,1.178237746
1.51076888,-0.471151006,0.445355015,-0.736637418,0.745627234,0.16176239
1.51076888,-0.542416878,1.775679517,-0.736637418,1.846074237,0.846327426
1.51076888,-0.542416878,-1.328410988,-0.736637418,-1.08082519,-1.373322842
1.51076888,-0.542416878,-0.884969487,-0.736637418,-0.553425721,-1.020668126
1.51076888,0.17024184,1.775679517,1.994327541,1.856743611,1.240470931
0.341586366,-0.542416878,0.445355015,-0.736637418,0.395706429,0.28622876
0.341586366,-0.328619262,-0.219807236,-0.736637418,-0.254861938,-0.543547041
0.341586366,-0.471151006,-1.771852488,-0.736637418,-1.823139582,-1.518533607
0.341586366,-0.471151006,-0.441527986,-0.736637418,-0.514489007,-0.502058251
0.341586366,-0.542416878,-0.441527986,-0.736637418,-0.508759817,-0.543547041
0.341586366,-0.542416878,0.667075765,0.173684235,0.678217981,0.45218392
0.341586366,-0.328619262,1.332238016,1.994327541,1.276849856,1.053771376
0.341586366,-0.399885134,1.332238016,1.994327541,1.276849856,1.572381251
1.483685238,-0.186087519,-0.884969487,-0.736637418,-0.743903681,-0.668013411
1.483685238,0.241507712,-1.106690237,-0.736637418,-1.061865977,-0.730246596
1.483685238,0.241507712,0.445355015,0.173684235,0.551555886,0.36920634
1.483685238,-0.328619262,-1.106690237,-0.736637418,-1.022948048,-1.145134496
1.483685238,-0.471151006,1.775679517,0.173684235,1.842945196,1.613870041
1.483685238,-0.471151006,-0.884969487,-0.736637418,-0.773537087,-0.999923731
1.483685238,-0.471151006,1.332238016,1.084005888,1.449035739,0.929305006
1.483685238,-0.471151006,1.775679517,1.084005888,1.836031056,0.825583031
2.980610944,0.740368815,1.997400267,1.994327541,2.288547411,1.613870041
2.980610944,-0.471151006,-0.884969487,-0.736637418,-0.827970646,-1.124390101
2.980610944,-0.471151006,2.219121018,0.173684235,2.584916145,2.194713102
2.980610944,0.17024184,-0.441527986,-0.736637418,-0.400901351,-0.647269016
2.980610944,-0.542416878,-1.328410988,-0.736637418,-1.316996012,-1.248856472
2.980610944,-0.542416878,2.219121018,1.084005888,2.584916145,1.157493351
2.980610944,-0.542416878,-1.106690237,-0.736637418,-1.097375004,-1.186623286
2.980610944,-0.542416878,-0.219807236,-0.736637418,-0.130144416,-0.522802646
0.407026826,-0.471151006,-1.328410988,-0.736637418,-1.633024332,-1.311089657
0.407026826,-0.542416878,0.223634265,0.173684235,-0.118810312,0.03729602
0.407026826,-0.542416878,1.110517266,0.173684235,0.738020428,0.57665029
0.407026826,-0.471151006,0.667075765,0.173684235,0.396389943,0.70111666
0.407026826,-0.471151006,-0.441527986,-0.736637418,-0.795611854,-0.730246596
0.407026826,-0.471151006,-1.328410988,-0.736637418,-1.632629349,-1.456300422
0.407026826,1.096698174,1.775679517,1.994327541,1.309250073,1.966524757
0.407026826,-0.542416878,1.775679517,-0.736637418,1.309250073,1.136748956
0.001147716,0.954166431,0.223634265,-0.736637418,0.344805083,0.1202736
0.001147716,-0.471151006,-0.884969487,-0.736637418,-0.73811958,-0.958434941
0.001147716,-0.542416878,-0.219807236,-0.736637418,-0.093885401,-0.190892325
0.001147716,-0.542416878,1.110517266,1.994327541,1.106504981,1.095260166
0.001147716,2.09442038,1.110517266,2.904649194,1.109665814,1.655358831
0.001147716,-0.257353391,-0.441527986,-0.736637418,-0.386745042,-0.564291436
0.001147716,-0.471151006,0.223634265,-0.736637418,0.317928856,-0.149403535
0.001147716,-0.471151006,-0.884969487,-0.736637418,-0.746219152,-0.377591881
-2.075180161,-0.542416878,-0.219807236,-0.736637418,-0.296142062,-0.377591881
-2.075180161,2.45074974,-1.106690237,0.173684235,-1.169108364,-1.041412521
-2.075180161,3.377206074,0.223634265,1.084005888,0.080211336,1.945780362
-2.075180161,-0.542416878,-0.219807236,0.173684235,-0.30997275,-0.107914745
-2.075180161,-0.399885134,0.223634265,0.173684235,0.080211336,0.07878481
-2.075180161,-0.542416878,-1.328410988,-0.736637418,-1.407614888,-1.331834052
-2.075180161,-0.471151006,-0.663248737,-0.736637418,-0.863153571,-0.522802646
-2.075180161,-0.257353391,-0.219807236,-0.736637418,-0.325580865,-0.294614301
-1.161850505,0.098975969,0.667075765,0.173684235,0.532356311,0.680372265
-1.161850505,-0.471151006,-0.884969487,-0.736637418,-0.707513648,-0.315358696
-1.161850505,0.740368815,0.667075765,1.994327541,0.532356311,0.70111666
-1.161850505,-0.542416878,-0.219807236,-0.736637418,-0.111077786,0.07878481
-1.161850505,-0.471151006,-0.219807236,0.173684235,-0.115819034,0.182506785
-1.161850505,-0.399885134,-0.219807236,-0.736637418,-0.106534029,0.099529205
-1.161850505,-0.471151006,0.445355015,0.173684235,0.512286808,0.306973155
-1.161850505,-0.471151006,-1.106690237,-0.736637418,-0.907987584,-0.833968571
-1.106680232,1.595559277,-1.328410988,0.173684235,-1.459368821,-1.580766792
-1.106680232,3.163408458,0.445355015,-0.736637418,0.300557765,0.991538191
-1.106680232,-0.542416878,-2.43701474,-0.736637418,-2.691169071,-1.705233162
-1.106680232,1.809356893,-0.441527986,-0.736637418,-0.608680076,-0.564291436
-1.106680232,-0.542416878,0.667075765,1.084005888,0.559755168,0.929305006
-1.106680232,-0.542416878,-0.884969487,-0.736637418,-0.96699621,-0.813224176
-1.106680232,0.455305328,0.667075765,2.904649194,0.559755168,1.821313992
-1.106680232,-0.542416878,0.445355015,-0.736637418,0.300557765,0.141017995
-0.333483126,3.519737817,-0.219807236,-0.736637418,-0.503144788,-0.00419277
-0.333483126,-0.399885134,-0.441527986,-0.736637418,-0.723173303,-0.647269016
-0.333483126,-0.328619262,1.332238016,4.7252925,0.94260412,1.966524757
-0.333483126,-0.471151006,-0.441527986,-0.736637418,-0.718234081,-0.336103091
-0.333483126,-0.471151006,-1.106690237,-0.736637418,-1.415492403,-0.979179336
-0.333483126,-0.542416878,1.110517266,0.173684235,0.690187911,0.1202736
-0.333483126,-0.542416878,1.332238016,0.173684235,0.94260412,0.991538191
-0.333483126,-0.542416878,-0.441527986,-0.736637418,-0.737002547,-0.315358696
-0.117539727,-0.328619262,0.445355015,0.173684235,0.798479414,0.472928315
-0.117539727,-0.542416878,-0.441527986,-0.736637418,-0.103658837,-0.813224176
-0.117539727,0.098975969,0.667075765,0.173684235,1.049518479,0.763349846
-0.117539727,0.098975969,0.223634265,-0.736637418,0.558265309,-0.253125511
-0.117539727,-0.471151006,0.445355015,0.173684235,0.810135284,0.431439525
-0.117539727,-0.328619262,-0.884969487,-0.736637418,-0.53495542,-0.833968571
-0.117539727,-0.471151006,0.223634265,0.173684235,0.536928487,-0.066425955
-0.117539727,-0.399885134,0.667075765,1.994327541,1.049518479,1.489403671
0.419932414,2.664547355,0.445355015,0.173684235,0.724285595,-0.04568156
0.419932414,-0.471151006,1.110517266,1.994327541,1.315574628,1.862802782
0.419932414,0.455305328,-0.441527986,-0.736637418,-0.193977622,-0.481313856
0.419932414,-0.471151006,-1.106690237,-0.736637418,-0.95291408,-0.979179336
0.419932414,2.165686252,-0.219807236,0.173684235,0.053288867,-0.17014793
0.419932414,-0.471151006,-0.219807236,-0.736637418,0.061981879,-0.066425955
0.419932414,-0.399885134,1.110517266,1.084005888,1.315574628,0.431439525
0.419932414,-0.542416878,-0.219807236,-0.736637418,0.079565394,-0.439825066
-2.538264707,0.384039456,-0.884969487,-0.736637418,-1.082503871,-0.585035831
-2.538264707,-0.399885134,0.223634265,1.084005888,-0.168953965,-0.12865914
-2.538264707,-0.328619262,-0.884969487,-0.736637418,-1.102655261,-0.709502201
-2.538264707,0.811634687,-1.771852488,-0.736637418,-1.988741763,-1.331834052
-2.538264707,-0.542416878,-1.328410988,-0.736637418,-1.628694926,-1.041412521
-2.538264707,-0.399885134,-1.106690237,-0.736637418,-1.383739573,-1.103645706
-2.538264707,0.027710097,0.445355015,1.994327541,-0.146989022,1.364937301
-2.538264707,-0.114821647,0.445355015,0.173684235,-0.146989022,0.265484365
-1.439174736,0.312773584,0.223634265,-0.736637418,0.121822861,0.016551625
-1.439174736,-0.399885134,0.445355015,1.994327541,0.39611201,0.182506785
-1.439174736,-0.471151006,-0.884969487,-0.736637418,-0.937235157,-0.668013411
-1.439174736,0.455305328,0.223634265,0.173684235,0.149483274,0.1202736
-1.439174736,4.01859892,0.445355015,1.084005888,0.39611201,1.178237746
-1.439174736,-0.542416878,-0.884969487,-0.736637418,-0.922614983,-0.502058251
-1.439174736,-0.328619262,-0.219807236,0.173684235,-0.255625895,-0.107914745
-1.439174736,-0.257353391,-0.219807236,-0.736637418,-0.29652115,-0.21163672
-1.643298227,-0.542416878,-0.441527986,-0.736637418,-0.644518096,-0.294614301
-1.643298227,-0.542416878,0.445355015,0.173684235,0.234644151,0.36920634
-1.643298227,-0.542416878,-0.441527986,-0.736637418,-0.651630691,-0.709502201
-1.643298227,0.5265712,0.667075765,0.173684235,0.294016451,1.074515771
-1.643298227,-0.328619262,-1.328410988,-0.736637418,-1.54765633,-0.999923731
-1.643298227,-0.542416878,0.667075765,0.173684235,0.294016451,0.74260545
-1.643298227,-0.471151006,-0.219807236,1.084005888,-0.37796629,0.141017995
-1.643298227,0.027710097,-0.441527986,-0.736637418,-0.650050275,-0.21163672
1.428177393,-0.542416878,-1.328410988,-0.736637418,-1.277063168,-1.518533607
1.428177393,-0.471151006,-1.106690237,-0.736637418,-1.045915864,-1.165878891
1.428177393,-0.471151006,-0.219807236,-0.736637418,-0.135194426,-0.460569461
1.428177393,-0.542416878,-1.328410988,-0.736637418,-1.297016584,-1.477044817
1.428177393,0.098975969,1.110517266,0.173684235,1.166059841,0.514417105
1.428177393,-0.471151006,1.775679517,0.173684235,1.814861861,0.970793796
1.428177393,-0.328619262,1.775679517,1.994327541,1.814861861,2.132479917
1.428177393,-0.328619262,-0.219807236,1.084005888,-0.127489837,-0.066425955
2.475164431,-0.471151006,-1.771852488,-0.736637418,-1.68527922,-1.746721952
2.475164431,-0.471151006,-0.441527986,0.173684235,-0.230298292,-1.062156916
2.475164431,-0.542416878,0.667075765,0.173684235,0.988000262,0.49367271
2.475164431,-0.542416878,0.445355015,0.173684235,0.707374034,0.36920634
2.475164431,-0.328619262,0.667075765,-0.736637418,0.975157514,-0.066425955
2.475164431,-0.399885134,1.997400267,1.084005888,2.333267264,2.485134632
2.475164431,-0.542416878,1.997400267,0.173684235,2.326549652,1.427170486
2.475164431,2.308217996,-1.328410988,-0.736637418,-1.265762301,-1.290345262
-0.969853364,2.379483868,-0.219807236,-0.736637418,-0.262175879,-0.232381115
-0.969853364,1.595559277,-1.106690237,-0.736637418,-1.125179442,-1.103645706
-0.969853364,-0.542416878,-0.219807236,1.084005888,-0.250520009,-0.17014793
-0.969853364,-0.471151006,-0.219807236,-0.736637418,-0.26316382,-0.024937165
-0.969853364,-0.399885134,-1.993573239,-0.736637418,-2.161207507,-1.663744372
-0.969853364,-0.043555775,0.667075765,1.994327541,0.627504493,1.219726536
-0.969853364,2.308217996,0.445355015,0.173684235,0.384000945,0.991538191
-0.969853364,-0.471151006,0.667075765,0.173684235,0.627504493,0.348461945
-0.703659303,-0.542416878,-0.884969487,-0.736637418,-0.708282421,-0.543547041
-0.703659303,-0.399885134,0.223634265,-0.736637418,0.273162279,-0.419080671
-0.703659303,-0.471151006,-1.771852488,-0.736637418,-1.617379127,-1.456300422
-0.703659303,-0.471151006,0.667075765,0.173684235,0.745650355,0.20325118
-0.703659303,-0.328619262,0.667075765,1.994327541,0.761060978,1.530892461
-0.703659303,-0.471151006,-0.884969487,-0.736637418,-0.813647673,-1.041412521
-0.703659303,-0.471151006,0.667075765,0.173684235,0.761060978,1.053771376
-0.703659303,-0.471151006,0.223634265,-0.736637418,0.253985343,-0.377591881
-0.341689937,-0.471151006,1.110517266,0.173684235,0.938551203,0.555905895
-0.341689937,-0.542416878,-0.441527986,-0.736637418,-0.454048806,-0.668013411
-0.341689937,-0.471151006,-1.328410988,-0.736637418,-1.379335987,-1.414811632
-0.341689937,-0.399885134,0.667075765,0.173684235,0.619426114,0.32771755
-0.341689937,-0.542416878,-0.441527986,-0.736637418,-0.456024687,-0.21163672
-0.341689937,-0.257353391,1.110517266,1.994327541,0.938551203,1.572381251
-0.341689937,-0.542416878,0.223634265,1.084005888,0.172767077,-0.04568156
-0.341689937,-0.542416878,-0.219807236,-0.736637418,-0.216153062,0.058040415
0.369267326,-0.257353391,1.332238016,1.084005888,1.290554824,1.074515771
0.369267326,0.669102943,-0.441527986,-0.736637418,-0.378685931,-0.937690546
0.369267326,-0.399885134,0.223634265,-0.736637418,0.27368202,-0.17014793
0.369267326,-0.471151006,1.332238016,1.994327541,1.290554824,1.696847621
0.369267326,-0.542416878,-1.771852488,-0.736637418,-1.759627661,-1.684488767
0.369267326,1.738091021,0.223634265,0.173684235,0.276250377,-0.107914745
0.369267326,-0.471151006,0.445355015,0.173684235,0.530237368,0.431439525
0.369267326,-0.471151006,0.223634265,-0.736637418,0.263400885,-0.08717035
0.385315162,-0.328619262,0.223634265,0.173684235,0.479777729,0.24473997
0.385315162,-0.542416878,0.445355015,-0.736637418,0.730721419,-0.08717035
0.385315162,0.740368815,-1.993573239,-0.736637418,-2.031866749,-1.684488767
0.385315162,4.089864792,1.110517266,1.994327541,1.298499775,0.887816216
0.385315162,-0.471151006,-0.219807236,-0.736637418,0.064137911,-0.17014793
0.385315162,-0.257353391,1.110517266,0.173684235,1.298499775,1.468659276
0.385315162,-0.257353391,0.223634265,0.173684235,0.483889894,0.07878481
0.385315162,-0.542416878,-0.884969487,-0.736637418,-0.569359938,-0.709502201
-2.067057014,-0.471151006,-0.884969487,-0.736637418,-0.972875685,-0.813224176
-2.067057014,0.241507712,0.223634265,3.814970847,0.088185188,2.422901447
-2.067057014,0.098975969,-1.328410988,-0.736637418,-1.506078042,-1.352578447
-2.067057014,2.308217996,-1.106690237,-0.736637418,-1.260169429,-0.792479781
-2.067057014,-0.257353391,0.223634265,0.173684235,0.066254927,0.07878481
-2.067057014,-0.399885134,0.223634265,-0.736637418,0.083443458,-0.04568156
-2.067057014,-0.328619262,-0.884969487,-0.736637418,-0.993423022,-0.688757806
-2.067057014,-0.542416878,-0.441527986,-0.736637418,-0.653993367,-0.522802646
0.107421824,-0.471151006,1.110517266,1.084005888,1.163665855,0.74260545
0.107421824,-0.471151006,-1.106690237,-0.736637418,-0.902117742,-1.124390101
0.107421824,1.025432303,-0.441527986,0.173684235,-0.222071073,-0.294614301
0.107421824,-0.257353391,0.667075765,0.173684235,0.870930007,0.49367271
0.107421824,-0.043555775,1.110517266,0.173684235,1.163665855,1.925035967
0.107421824,-0.399885134,-0.441527986,-0.736637418,-0.219898181,-0.564291436
0.107421824,-0.399885134,-1.106690237,-0.736637418,-0.811623141,-1.207367681
0.107421824,-0.186087519,-0.884969487,-0.736637418,-0.562397148,-0.688757806
0.360550752,-0.542416878,-0.441527986,-0.736637418,-0.584753702,-0.481313856
0.360550752,0.455305328,1.775679517,0.173684235,1.286236979,0.950049401
0.360550752,0.17024184,1.775679517,1.994327541,1.286236979,2.754811768
0.360550752,-0.471151006,-0.219807236,-0.736637418,-0.35795748,-0.149403535
0.360550752,2.45074974,-1.106690237,0.173684235,-1.225931575,-1.041412521
0.360550752,-0.328619262,-0.441527986,-0.736637418,-0.646034447,-0.564291436
0.360550752,0.597837072,-1.771852488,-0.736637418,-1.839563194,-1.788210742
0.360550752,-0.542416878,0.445355015,0.173684235,0.22148638,0.099529205
-1.468629169,-0.542416878,0.445355015,1.084005888,0.353326132,0.41069513
-1.468629169,0.17024184,0.667075765,1.084005888,0.38325722,0.36920634
-1.468629169,-0.542416878,-0.219807236,0.173684235,-0.339515598,-0.232381115
-1.468629169,1.239229918,0.667075765,-0.736637418,0.38325722,2.319179472
-1.468629169,3.020876714,-1.328410988,-0.736637418,-1.400491214,-1.435556027
-1.468629169,3.662269561,-1.106690237,-0.736637418,-1.145323125,-1.041412521
-1.468629169,-0.542416878,-1.328410988,-0.736637418,-1.394564051,-1.207367681
-1.468629169,4.01859892,-0.884969487,-0.736637418,-0.918090012,-0.916946151
-0.611442617,-0.399885134,0.667075765,1.994327541,0.804970633,1.613870041
-0.611442617,-0.328619262,-0.219807236,0.173684235,-0.047372226,-0.377591881
-0.611442617,-0.542416878,0.445355015,0.173684235,0.560924705,0.348461945
-0.611442617,-0.542416878,-1.106690237,-0.736637418,-0.935133074,-1.248856472
-0.611442617,0.312773584,0.223634265,-0.736637418,0.341491074,-0.024937165
-0.611442617,2.308217996,-1.106690237,-0.736637418,-0.943631002,-0.875457361
-0.611442617,-0.399885134,0.223634265,0.173684235,0.325290965,-0.066425955
-0.611442617,-0.399885134,0.667075765,-0.736637418,0.804970633,0.49367271
-0.846409745,-0.471151006,0.667075765,2.904649194,0.688613757,1.281959721
-0.846409745,2.735813227,0.445355015,-0.736637418,0.427554633,0.65962787
-0.846409745,-0.399885134,-0.441527986,-0.736637418,-0.454015569,-0.605780226
-0.846409745,-0.399885134,-0.219807236,-0.736637418,-0.198622051,-0.377591881
-0.846409745,-0.542416878,-1.993573239,-0.736637418,-2.381194115,-1.788210742
-0.846409745,-0.399885134,-0.219807236,-0.736637418,-0.212451295,-0.460569461
-0.846409745,-0.399885134,0.667075765,1.084005888,0.688613757,1.012282586
-0.846409745,-0.542416878,0.445355015,-0.736637418,0.419257086,-0.190892325
-1.238908523,-0.542416878,-1.106690237,-0.736637418,-1.056065498,-1.165878891
-1.238908523,0.455305328,-0.219807236,-0.736637418,-0.158478228,-0.668013411
-1.238908523,3.020876714,-0.441527986,0.173684235,-0.420247842,-0.21163672
-1.238908523,-0.328619262,-0.884969487,-0.736637418,-0.828085288,-0.605780226
-1.238908523,-0.257353391,0.223634265,0.173684235,0.220679553,0.016551625
-1.238908523,-0.542416878,0.445355015,0.173684235,0.494276518,-0.190892325
-1.238908523,-0.399885134,-1.771852488,-0.736637418,-1.760741804,-1.622255582
-1.238908523,-0.399885134,0.445355015,2.904649194,0.494276518,3.148955273
0.009743659,-0.114821647,-0.441527986,-0.736637418,-0.478385095,-0.439825066
0.009743659,-0.186087519,1.110517266,1.084005888,1.11254245,0.784094241
0.009743659,-0.542416878,0.223634265,-0.736637418,0.215727326,-0.439825066
0.009743659,-0.542416878,0.445355015,1.084005888,0.456805096,0.472928315
0.009743659,-0.471151006,1.110517266,1.084005888,1.096342342,0.70111666
0.009743659,-0.542416878,-0.219807236,-0.736637418,-0.238275517,-0.585035831
0.009743659,-0.542416878,-0.219807236,-0.736637418,-0.253290193,-0.522802646
0.009743659,-0.542416878,0.445355015,0.173684235,0.47937841,0.5351615
0.060764804,-0.542416878,1.332238016,0.173684235,1.135037249,1.323448511
0.060764804,2.45074974,1.110517266,1.084005888,0.88955782,0.5351615
0.060764804,-0.542416878,0.445355015,0.173684235,0.367816732,0.03729602
0.060764804,-0.043555775,-0.441527986,-0.736637418,-0.579989333,-0.564291436
0.060764804,1.167964046,-0.219807236,-0.736637418,-0.327856356,-0.439825066
0.060764804,-0.542416878,-0.441527986,-0.736637418,-0.546601175,-0.688757806
0.060764804,0.027710097,1.332238016,1.994327541,1.14096393,1.447914881
0.060764804,-0.471151006,-1.771852488,-0.736637418,-1.854616886,-1.560022397
1.205745204,0.312773584,-0.219807236,-0.736637418,-0.238484087,-0.605780226
1.205745204,-0.043555775,1.775679517,0.173684235,1.692274359,0.991538191
1.205745204,-0.186087519,0.445355015,1.084005888,0.441741288,0.5351615
1.205745204,0.027710097,-1.106690237,-0.736637418,-1.154962171,-1.228112076
1.205745204,3.305940202,-0.884969487,-0.736637418,-0.893720005,-0.750990991
1.205745204,-0.471151006,0.667075765,0.173684235,0.724272589,0.638883475
1.205745204,3.092142586,-0.219807236,0.173684235,-0.222283015,-0.273869906
1.205745204,0.384039456,1.775679517,1.084005888,1.706109383,1.821313992
0.603739283,3.092142586,-1.106690237,-0.736637418,-1.135639283,-0.896201756
0.603739283,-0.471151006,1.332238016,0.173684235,1.406578854,1.053771376
0.603739283,2.379483868,0.223634265,1.084005888,0.219886696,0.41069513
0.603739283,-0.542416878,1.332238016,1.994327541,1.406578854,1.655358831
0.603739283,-0.328619262,-0.441527986,-0.736637418,-0.498589953,-0.730246596
0.603739283,-0.471151006,-0.441527986,-0.736637418,-0.446970892,-0.253125511
0.603739283,-0.542416878,-1.106690237,-0.736637418,-1.120819209,-0.958434941
0.603739283,-0.257353391,0.667075765,0.173684235,0.767530039,0.49367271
-1.239964046,-0.328619262,-2.65873549,-0.736637418,-2.92432164,-1.580766792
-1.239964046,-0.471151006,-0.441527986,-0.736637418,-0.461156103,-0.585035831
-1.239964046,2.45074974,0.445355015,1.084005888,0.493760149,1.987269152
-1.239964046,-0.542416878,-1.328410988,-0.736637418,-1.326034393,-1.248856472
-1.239964046,0.312773584,0.445355015,0.173684235,0.493760149,0.49367271
-1.239964046,-0.542416878,0.223634265,0.173684235,0.210993303,0.07878481
-1.239964046,-0.471151006,-1.106690237,-0.736637418,-1.034143907,-1.082901311
-1.239964046,3.020876714,-0.884969487,0.173684235,-0.796925415,-0.854712966
-0.047038596,-0.471151006,-0.219807236,-0.736637418,-0.14651456,-0.253125511
-0.047038596,0.098975969,1.110517266,1.084005888,1.079882122,0.970793796
-0.047038596,1.595559277,-0.219807236,-0.736637418,-0.080510389,-0.522802646
-0.047038596,-0.542416878,-0.219807236,-0.736637418,-0.148885425,-0.00419277
-0.047038596,0.027710097,-0.884969487,-0.736637418,-0.845206864,-0.999923731
-0.047038596,-0.399885134,0.223634265,0.173684235,0.329482127,-0.04568156
-0.047038596,-0.186087519,1.110517266,1.084005888,1.08442636,1.198982141
-0.047038596,-0.328619262,0.223634265,1.084005888,0.360105399,0.16176239
2.320460803,0.098975969,0.667075765,-0.736637418,1.061683974,0.638883475
2.320460803,-0.328619262,-0.219807236,0.173684235,0.163779273,-0.481313856
2.320460803,-0.542416878,-1.771852488,-0.736637418,-1.601509456,-1.684488767
2.320460803,2.379483868,-0.884969487,-0.736637418,-0.539695223,-0.833968571
2.320460803,-0.257353391,-0.884969487,-0.736637418,-0.523647328,-1.352578447
2.320460803,-0.471151006,1.997400267,1.994327541,2.256270506,1.862802782
2.320460803,-0.114821647,1.997400267,1.084005888,2.261209728,2.090991127
2.320460803,2.45074974,0.445355015,-0.736637418,0.847209796,0.099529205
-0.139019857,-0.542416878,-1.993573239,-0.736637418,-2.286918269,-2.078632272
-0.139019857,-0.471151006,-0.219807236,0.173684235,-0.37593068,-0.419080671
-0.139019857,-0.471151006,0.223634265,-0.736637418,0.005038728,0.141017995
-0.139019857,-0.542416878,0.667075765,-0.736637418,0.477760422,0.61813908
-0.139019857,-0.328619262,1.110517266,1.084005888,0.806343442,0.638883475
-0.139019857,0.384039456,-0.441527986,-0.736637418,-0.649882166,-0.730246596
-0.139019857,-0.043555775,1.332238016,1.084005888,1.032559231,0.45218392
-0.139019857,-0.471151006,1.332238016,1.084005888,1.042437675,1.738336411
-0.736984634,-0.542416878,-0.441527986,-0.736637418,-0.604581398,-0.315358696
-0.736984634,0.740368815,-1.993573239,-0.736637418,-2.311975644,-1.705233162
-0.736984634,-0.542416878,-0.219807236,-0.736637418,-0.387974308,-0.356847486
-0.736984634,-0.471151006,-0.441527986,-0.736637418,-0.61149602,-0.896201756
-0.736984634,1.738091021,0.223634265,-0.736637418,-0.014252368,-0.12865914
-0.736984634,-0.542416878,0.667075765,0.173684235,0.451234864,0.680372265
-0.736984634,0.384039456,1.110517266,2.904649194,0.742791541,1.945780362
-0.736984634,-0.399885134,1.110517266,0.173684235,0.742791541,0.16176239
-0.05770278,-0.471151006,-1.106690237,-0.736637418,-1.009202136,-1.062156916
-0.05770278,1.381761662,-0.219807236,0.173684235,-0.129282677,-0.04568156
-0.05770278,1.381761662,1.110517266,1.994327541,1.082502501,2.194713102
-0.05770278,-0.257353391,1.110517266,1.084005888,1.082502501,0.472928315
-0.05770278,-0.471151006,-0.884969487,-0.736637418,-0.760304654,-0.813224176
-0.05770278,-0.399885134,-0.441527986,-0.736637418,-0.380843891,-0.668013411
-0.05770278,-0.399885134,-2.65873549,-0.736637418,-2.822638405,-1.663744372
-0.05770278,-0.542416878,0.445355015,0.173684235,0.505820637,-0.107914745
0.354178703,-0.542416878,0.445355015,0.173684235,0.501249905,-0.12865914
0.354178703,-0.471151006,0.667075765,-0.736637418,0.74985115,0.099529205
0.354178703,-0.399885134,-1.106690237,-0.736637418,-1.02956595,-1.103645706
0.354178703,3.448471945,1.332238016,1.994327541,1.28308289,0.74260545
0.354178703,-0.471151006,0.667075765,0.173684235,0.774943207,0.65962787
0.354178703,-0.471151006,-0.441527986,-0.736637418,-0.403429247,-0.439825066
0.354178703,-0.542416878,-0.884969487,-0.736637418,-0.764738104,-0.916946151
0.354178703,-0.257353391,1.332238016,1.084005888,1.28308289,1.427170486
-0.007596097,-0.471151006,-0.219807236,-0.736637418,-0.104431945,-0.315358696
-0.007596097,-0.471151006,-0.884969487,-0.736637418,-0.741304978,-1.456300422
-0.007596097,-0.471151006,-0.219807236,-0.736637418,-0.111550802,-0.481313856
-0.007596097,-0.542416878,-1.771852488,-0.736637418,-2.000623545,-1.663744372
-0.007596097,4.161130664,1.332238016,0.173684235,1.103956855,1.219726536
-0.007596097,-0.257353391,0.001913514,0.173684235,-0.004723147,0.61813908
-0.007596097,0.312773584,-0.219807236,0.173684235,-0.126367987,-0.253125511
-0.007596097,3.092142586,1.332238016,1.084005888,1.103956855,1.593125646
-0.586719066,-0.399885134,0.667075765,1.084005888,0.817208381,2.153224312
-0.586719066,-0.399885134,0.445355015,1.084005888,0.58737512,0.5351615
-0.586719066,-0.542416878,0.667075765,1.084005888,0.817208381,0.65962787
-0.586719066,-0.471151006,-0.219807236,0.173684235,2.53E-05,-0.439825066
-0.586719066,1.524293406,-1.106690237,-0.736637418,-0.859966246,-1.020668126
-0.586719066,-0.542416878,-0.441527986,-0.736637418,-0.215580336,-0.21163672
-0.586719066,0.740368815,-1.106690237,-0.736637418,-0.818673599,-1.269600867
-0.586719066,-0.542416878,-0.441527986,-0.736637418,-0.221902482,-0.688757806
-0.068059549,-0.114821647,-0.884969487,1.084005888,-0.705527169,-0.730246596
-0.068059549,-0.186087519,0.667075765,0.173684235,0.769213055,0.721861055
-0.068059549,0.384039456,-1.328410988,-0.736637418,-1.284054378,-1.248856472
-0.068059549,-0.471151006,1.110517266,0.173684235,1.073936173,2.090991127
-0.068059549,-0.542416878,-1.106690237,0.173684235,-1.000394965,-0.916946151
-0.068059549,-0.471151006,-1.328410988,-0.736637418,-1.338192663,-1.248856472
-0.068059549,-0.471151006,-1.106690237,-0.736637418,-1.116265818,-1.062156916
-0.068059549,-0.542416878,1.110517266,0.173684235,1.073936173,1.095260166
-0.727587078,-0.542416878,-1.106690237,-0.736637418,-1.098223737,-1.062156916
-0.727587078,0.241507712,0.667075765,1.994327541,0.749236517,1.406426091
-0.727587078,-0.471151006,0.223634265,-0.736637418,0.255551308,-0.377591881
-0.727587078,3.662269561,0.445355015,-0.736637418,0.492446106,-0.024937165
-0.727587078,-0.186087519,0.445355015,0.173684235,0.515560836,0.24473997
-0.727587078,-0.542416878,-1.771852488,-0.736637418,-1.636678894,-1.539278002
-0.727587078,-0.542416878,0.667075765,0.173684235,0.749236517,0.70111666
-0.727587078,-0.399885134,0.445355015,-0.736637418,0.482963127,0.099529205
-0.602202659,-0.257353391,1.110517266,0.173684235,0.809540882,0.991538191
-0.602202659,-0.542416878,0.223634265,-0.736637418,0.025140504,-0.481313856
-0.602202659,-0.542416878,0.445355015,-0.736637418,0.274752811,0.24473997
-0.602202659,-0.471151006,-0.441527986,-0.736637418,-0.574338659,-0.522802646
-0.602202659,-0.542416878,-0.441527986,-0.736637418,-0.582241221,-0.377591881
-0.602202659,-0.542416878,0.223634265,-0.736637418,0.051049503,-0.066425955
-0.602202659,-0.471151006,-1.106690237,-0.736637418,-1.222856965,-0.999923731
-0.602202659,-0.257353391,1.110517266,3.814970847,0.809540882,1.759080807
-0.391092289,4.089864792,1.332238016,1.994327541,0.914071852,1.738336411
-0.391092289,-0.257353391,-0.441527986,-0.736637418,-0.693333254,-0.398336276
-0.391092289,-0.114821647,1.332238016,0.173684235,0.914071852,1.468659276
-0.391092289,-0.399885134,-1.328410988,-0.736637418,-1.495941414,-1.269600867
-0.391092289,0.17024184,0.223634265,1.084005888,-0.120312695,0.306973155
-0.391092289,-0.471151006,0.223634265,-0.736637418,-0.109051327,0.223995575
-0.391092289,-0.471151006,-0.884969487,-0.736637418,-1.0282442,-0.605780226
-0.391092289,-0.542416878,-1.328410988,-0.736637418,-1.55468463,-1.165878891
-0.837288473,-0.471151006,-0.441527986,-0.736637418,-0.407837167,-0.294614301
-0.837288473,-0.399885134,-1.106690237,-0.736637418,-1.061000866,-0.792479781
-0.837288473,-0.542416878,0.223634265,0.173684235,0.06227041,-0.398336276
-0.837288473,-0.471151006,-1.106690237,-0.736637418,-1.062778774,-0.833968571
-0.837288473,-0.542416878,0.445355015,-0.736637418,0.435827613,0.991538191
-0.837288473,-0.471151006,0.667075765,1.084005888,0.684839737,1.136748956
-0.837288473,-0.471151006,-1.106690237,-0.736637418,-1.025946552,-0.854712966
-0.837288473,-0.471151006,0.667075765,1.084005888,0.696892517,1.033026981
-0.919598811,0.098975969,0.667075765,1.084005888,0.652342219,0.638883475
-0.919598811,-0.186087519,0.445355015,0.173684235,0.611406502,0.763349846
-0.919598811,-0.542416878,0.223634265,0.173684235,0.391232999,0.058040415
-0.919598811,3.163408458,0.667075765,0.173684235,0.652342219,1.116004561
-0.919598811,-0.542416878,-1.328410988,-0.736637418,-1.263414557,-1.186623286
-0.919598811,-0.542416878,-1.106690237,-0.736637418,-0.966809797,-0.979179336
-0.919598811,-0.471151006,-0.884969487,-0.736637418,-0.721217653,-0.771735386
-0.919598811,-0.471151006,-0.219807236,0.173684235,-0.060395125,-0.12865914
1.45878074,-0.471151006,1.775679517,1.994327541,1.830014781,1.074515771
1.45878074,-0.542416878,-1.106690237,-0.736637418,-1.053226914,-0.958434941
1.45878074,-0.399885134,1.332238016,1.084005888,1.429498501,0.825583031
1.45878074,-0.542416878,1.110517266,0.173684235,1.167712992,0.970793796
1.45878074,-0.471151006,-1.993573239,-0.736637418,-2.219084168,-1.622255582
1.45878074,-0.542416878,1.775679517,-0.736637418,1.814406184,0.846327426
1.45878074,-0.257353391,0.223634265,-0.736637418,0.260657676,0.182506785
1.45878074,2.09442038,-0.884969487,-0.736637418,-0.803179162,-0.813224176
-0.333119287,-0.542416878,0.223634265,-0.736637418,0.148024725,0.28622876
-0.333119287,-0.542416878,-0.441527986,-0.736637418,-0.463616561,-0.439825066
-0.333119287,-0.542416878,-0.441527986,0.173684235,-0.495880943,0.07878481
-0.333119287,0.811634687,1.110517266,1.994327541,0.942657106,1.406426091
-0.333119287,-0.471151006,0.445355015,0.173684235,0.396266631,0.07878481
-0.333119287,-0.542416878,1.110517266,1.084005888,0.942657106,1.033026981
-0.333119287,-0.471151006,-2.43701474,-0.736637418,-2.533919349,-1.788210742
-0.333119287,-0.399885134,-0.441527986,-0.736637418,-0.463814053,-0.792479781
0.862658506,2.522015611,-0.884969487,0.173684235,-0.872375475,-1.082901311
0.862658506,-0.471151006,-0.219807236,-0.736637418,-0.308548401,-0.17014793
0.862658506,-0.043555775,1.775679517,0.173684235,1.535047758,1.696847621
0.862658506,-0.542416878,-1.106690237,-0.736637418,-1.135711054,-1.124390101
0.862658506,-0.399885134,1.775679517,1.084005888,1.535047758,2.008013547
0.862658506,-0.328619262,-0.219807236,0.173684235,-0.258957726,-0.294614301
0.862658506,2.522015611,0.445355015,-0.736637418,0.329301494,0.058040415
0.862658506,-0.542416878,-1.106690237,-0.736637418,-1.137686454,-1.228112076
-0.663349038,-0.542416878,0.667075765,1.084005888,0.78005391,0.825583031
-0.663349038,-0.542416878,-0.884969487,-0.736637418,-0.780024452,-0.750990991
-0.663349038,2.522015611,-0.441527986,-0.736637418,-0.389649617,-0.398336276
-0.663349038,-0.399885134,0.667075765,0.173684235,0.78005391,1.717592016
-0.663349038,0.669102943,0.223634265,1.084005888,0.296700895,-0.460569461
-0.663349038,-0.471151006,-0.219807236,0.173684235,-0.130122258,-0.502058251
-0.663349038,1.951888637,0.223634265,-0.736637418,0.282674159,-0.149403535
-0.663349038,-0.542416878,0.445355015,0.173684235,0.550898865,0.41069513
-0.865638741,-0.542416878,-1.328410988,-0.736637418,-1.312201296,-1.373322842
-0.865638741,-0.471151006,0.667075765,1.994327541,0.698128045,1.364937301
-0.865638741,-0.471151006,0.667075765,1.084005888,0.698128045,0.472928315
-0.865638741,3.020876714,0.445355015,0.173684235,0.49533045,0.28622876
-0.865638741,-0.542416878,-1.106690237,0.173684235,-1.047597434,-0.979179336
-0.865638741,-0.399885134,0.223634265,-0.736637418,0.200914958,0.348461945
-0.865638741,-0.114821647,0.445355015,-0.736637418,0.461728904,-0.024937165
-0.865638741,-0.471151006,0.223634265,-0.736637418,0.234897037,0.555905895
-1.574616291,-0.542416878,0.445355015,0.173684235,0.297691725,0.472928315
-1.574616291,-0.542416878,-1.106690237,-0.736637418,-1.200607345,-1.165878891
-1.574616291,-0.114821647,0.667075765,1.084005888,0.32800431,0.638883475
-1.574616291,0.455305328,0.223634265,0.173684235,0.049580357,0.28622876
-1.574616291,3.519737817,0.667075765,1.084005888,0.32800431,0.825583031
-1.574616291,-0.043555775,0.445355015,-0.736637418,0.308952612,0.763349846
-1.574616291,-0.542416878,-0.441527986,-0.736637418,-0.592941905,-0.792479781
-1.574616291,0.17024184,-1.328410988,-0.736637418,-1.465242998,-1.331834052
-0.020336304,0.384039456,0.223634265,-0.736637418,0.074915184,0.306973155
-0.020336304,-0.399885134,-0.441527986,-0.736637418,-0.592851348,-0.937690546
-0.020336304,-0.542416878,0.223634265,0.173684235,0.074915184,-0.149403535
-0.020336304,-0.399885134,1.332238016,1.994327541,1.097642898,1.821313992
-0.020336304,-0.542416878,-0.441527986,-0.736637418,-0.593641315,-0.854712966
-0.020336304,-0.471151006,1.332238016,1.084005888,1.097642898,0.5351615
-0.020336304,0.312773584,-0.884969487,-0.736637418,-0.988612893,-0.999923731
-0.020336304,-0.542416878,1.110517266,0.173684235,0.88170728,0.431439525
-0.11499869,-0.471151006,-0.884969487,0.173684235,-1.045374447,-0.958434941
-0.11499869,-0.328619262,1.332238016,0.173684235,1.050576264,0.389950735
-0.11499869,-0.399885134,1.332238016,0.173684235,1.050773756,1.572381251
-0.11499869,-0.542416878,-0.884969487,-0.736637418,-1.038639495,-0.771735386
-0.11499869,2.735813227,1.332238016,1.084005888,1.046032026,1.053771376
-0.11499869,-0.471151006,-1.106690237,-0.736637418,-1.267356205,-0.937690546
-0.11499869,-0.542416878,-0.219807236,-0.736637418,-0.385768662,-0.585035831
-0.11499869,-0.471151006,-0.441527986,0.173684235,-0.628552569,-0.17014793
-0.978059201,-0.471151006,0.445355015,-0.736637418,0.074058744,-0.066425955
-0.978059201,3.876067177,-2.65873549,-0.736637418,-3.024497674,-1.912677112
-0.978059201,-0.471151006,0.223634265,-0.736637418,-0.146995765,0.16176239
-0.978059201,-0.542416878,-0.219807236,-0.736637418,-0.533618256,-0.315358696
-0.978059201,-0.542416878,-0.219807236,-0.736637418,-0.529072572,-0.626524621
-0.978059201,-0.542416878,0.667075765,-0.736637418,0.311917879,0.638883475
-0.978059201,-0.471151006,1.110517266,2.904649194,0.623440978,1.883547177
-0.978059201,0.312773584,1.110517266,1.084005888,0.623440978,0.265484365
-0.278146499,-0.542416878,1.110517266,0.173684235,0.969993826,0.57665029
-0.278146499,-0.542416878,-1.106690237,-0.736637418,-1.171549556,-0.958434941
-0.278146499,-0.471151006,-0.441527986,-0.736637418,-0.552525447,-0.419080671
-0.278146499,-0.328619262,1.110517266,1.994327541,0.969993826,1.925035967
-0.278146499,-0.471151006,1.110517266,-0.736637418,0.95517616,0.950049401
-0.278146499,-0.542416878,-0.884969487,0.173684235,-0.933220293,-0.688757806
-0.278146499,0.312773584,-0.219807236,0.173684235,-0.295826075,-0.502058251
-0.278146499,-0.471151006,-1.106690237,-0.736637418,-1.202764341,-1.269600867
-0.705649717,0.241507712,1.110517266,-0.736637418,0.732437671,0.182506785
-0.705649717,-0.542416878,0.445355015,0.173684235,0.182072795,0.20325118
-0.705649717,-0.542416878,-1.328410988,-0.736637418,-1.555534808,-1.394067237
-0.705649717,1.524293406,-0.219807236,-0.736637418,-0.425263652,-0.460569461
-0.705649717,-0.542416878,0.445355015,-0.736637418,0.157573213,-0.585035831
-0.705649717,3.519737817,-3.545618491,-0.736637418,-3.983165066,-1.808955137
-0.705649717,-0.471151006,1.110517266,0.173684235,0.754764361,0.514417105
-0.705649717,-0.257353391,1.110517266,1.084005888,0.758320177,0.721861055
-0.812844124,0.241507712,-1.106690237,0.173684235,-1.155650983,-1.165878891
-0.812844124,-0.328619262,-0.219807236,-0.736637418,-0.3302383,-0.564291436
-0.812844124,-0.471151006,1.110517266,-0.736637418,0.705237269,0.929305006
-0.812844124,-0.186087519,1.110517266,2.904649194,0.705237269,1.945780362
-0.812844124,-0.471151006,-1.993573239,-0.736637418,-2.203675471,-1.435556027
-0.812844124,0.027710097,0.445355015,0.173684235,0.287023314,0.223995575
-0.812844124,-0.399885134,-0.219807236,-0.736637418,-0.301196889,-0.04568156
-0.812844124,0.882900559,0.223634265,-0.736637418,0.045923868,-0.08717035
-0.9940117,-0.328619262,-0.884969487,-0.736637418,-0.899334071,-0.647269016
-0.9940117,0.027710097,0.667075765,2.904649194,0.615541788,0.991538191
-0.9940117,-0.542416878,0.223634265,0.173684235,0.107430524,0.141017995
-0.9940117,0.17024184,0.667075765,-0.736637418,0.600715933,0.016551625
-0.9940117,-0.542416878,-0.219807236,-0.736637418,-0.260847867,-0.066425955
-0.9940117,-0.257353391,0.667075765,0.173684235,0.60348997,0.804838636
-0.9940117,-0.257353391,-1.106690237,-0.736637418,-1.131747249,-0.854712966
-0.9940117,-0.542416878,0.445355015,-0.736637418,0.355246137,0.65962787
-0.598789964,-0.399885134,1.110517266,0.173684235,0.812811539,1.551636856
-0.598789964,-0.471151006,-0.219807236,0.173684235,-0.349000022,-0.21163672
-0.598789964,-0.399885134,0.223634265,-0.736637418,0.064003039,-0.377591881
-0.598789964,-0.328619262,-0.219807236,-0.736637418,-0.356507601,-0.315358696
-0.598789964,-0.542416878,-0.441527986,-0.736637418,-0.581469558,-0.273869906
-0.598789964,-0.471151006,0.445355015,0.173684235,0.286656268,0.49367271
-0.598789964,-0.471151006,1.110517266,1.994327541,0.810440674,1.012282586
-0.598789964,-0.542416878,-1.106690237,-0.736637418,-1.211173638,-1.103645706
1.155379749,-0.328619262,1.110517266,-0.736637418,1.044250746,1.136748956
1.155379749,-0.114821647,-1.328410988,-0.736637418,-1.402410256,-1.373322842
1.155379749,-0.471151006,-1.106690237,-0.736637418,-1.175500355,-1.269600867
1.155379749,-0.542416878,-1.106690237,-0.736637418,-1.157066181,-1.062156916
1.155379749,-0.257353391,0.667075765,1.084005888,0.653274765,0.32771755
1.155379749,3.305940202,0.667075765,-0.736637418,0.687066577,0.348461945
1.155379749,-0.471151006,1.775679517,2.904649194,1.672652344,1.634614436
1.155379749,-0.399885134,1.775679517,1.994327541,1.679764939,1.676103226
-1.075791845,-0.471151006,-1.328410988,-0.736637418,-1.440595057,-1.435556027
-1.075791845,-0.471151006,0.223634265,-0.736637418,0.111666483,-0.398336276
-1.075791845,-0.471151006,0.223634265,0.173684235,0.089143265,-0.066425955
-1.075791845,0.455305328,0.667075765,0.173684235,0.575046333,1.572381251
-1.075791845,1.524293406,-1.328410988,-0.736637418,-1.38649916,-1.082901311
-1.075791845,-0.257353391,-0.441527986,0.173684235,-0.527663637,-0.232381115
-1.075791845,-0.542416878,0.667075765,1.084005888,0.575046333,1.178237746
-1.075791845,1.025432303,0.445355015,0.173684235,0.34642307,0.265484365
2.786548481,-0.043555775,-1.550131738,-0.736637418,-1.80686144,-1.373322842
2.786548481,-0.399885134,2.662562518,0.173684235,2.487444784,2.277690682
2.786548481,-0.043555775,0.445355015,0.173684235,0.13814869,0.24473997
2.786548481,-0.257353391,0.223634265,0.173684235,0.116688555,0.348461945
2.786548481,2.735813227,-0.884969487,-0.736637418,-0.914591036,-0.771735386
2.786548481,-0.471151006,2.662562518,1.084005888,2.47025529,2.360668262
2.786548481,-0.542416878,-0.884969487,-0.736637418,-0.946013909,-0.626524621
2.786548481,-0.542416878,-1.771852488,-0.736637418,-1.850050972,-1.456300422
-0.593883,-0.399885134,1.110517266,0.173684235,0.813661236,1.095260166
-0.593883,-0.471151006,1.110517266,1.084005888,0.813661236,1.842058387
-0.593883,-0.471151006,-1.328410988,-0.736637418,-1.480302471,-1.041412521
-0.593883,1.666825149,0.223634265,1.084005888,0.048072675,-0.149403535
-0.593883,2.593281483,-0.441527986,-0.736637418,-0.582513374,-0.294614301
-0.593883,-0.471151006,-0.884969487,-0.736637418,-0.944415671,-0.750990991
-0.593883,-0.257353391,-0.441527986,-0.736637418,-0.559595173,-0.668013411
-0.593883,-0.399885134,-0.884969487,-0.736637418,-0.95468958,-0.999923731
1.02716828,-0.542416878,1.775679517,0.173684235,1.616307449,1.883547177
1.02716828,-0.328619262,0.445355015,-0.736637418,0.447133296,0.20325118
1.02716828,-0.542416878,-0.884969487,0.173684235,-0.728985824,-1.062156916
1.02716828,-0.257353391,-1.106690237,-0.736637418,-1.012163068,-1.207367681
1.02716828,-0.542416878,0.445355015,-0.736637418,0.479540739,0.223995575
1.02716828,-0.114821647,-0.441527986,-0.736637418,-0.383791335,-0.522802646
1.02716828,-0.186087519,1.775679517,3.814970847,1.616307449,2.422901447
1.02716828,-0.399885134,-1.106690237,-0.736637418,-0.980875549,-0.999923731
0.177348985,-0.471151006,0.223634265,-0.736637418,0.394344217,-0.107914745
0.177348985,-0.542416878,0.667075765,0.173684235,0.887631071,0.141017995
0.177348985,-0.542416878,0.223634265,-0.736637418,0.379724525,0.058040415
0.177348985,-0.471151006,1.110517266,1.994327541,1.195529472,1.406426091
0.177348985,-0.471151006,1.110517266,1.084005888,1.191577709,0.950049401
0.177348985,-0.542416878,-1.771852488,-0.736637418,-1.720472742,-1.497789212
0.177348985,-0.542416878,-0.441527986,-0.736637418,-0.261147477,-0.750990991
0.177348985,-0.542416878,0.667075765,0.173684235,0.858391686,0.49367271
1.173186465,1.381761662,1.775679517,1.994327541,1.688482516,1.489403671
1.173186465,-0.471151006,1.775679517,1.084005888,1.671491477,1.240470931
1.173186465,0.5265712,-1.106690237,-0.736637418,-1.056204705,-1.311089657
1.173186465,-0.471151006,-1.771852488,-0.736637418,-1.728335325,-1.684488767
1.173186465,-0.471151006,1.332238016,1.084005888,1.299421725,0.991538191
1.173186465,-0.471151006,1.110517266,-0.736637418,1.039563928,0.223995575
1.173186465,-0.399885134,-1.328410988,-0.736637418,-1.334700912,-1.269600867
1.173186465,-0.114821647,1.110517266,0.173684235,1.042136139,1.323448511
-0.881992046,-0.471151006,-0.441527986,-0.736637418,-0.415012864,0.1202736
-0.881992046,-0.542416878,0.445355015,0.173684235,0.429107111,0.74260545
-0.881992046,-0.542416878,0.223634265,-0.736637418,0.193543215,-0.356847486
-0.881992046,-0.399885134,-1.106690237,-0.736637418,-1.03744491,-0.854712966
-0.881992046,-0.471151006,-0.219807236,0.173684235,-0.179537117,0.03729602
-0.881992046,-0.542416878,0.667075765,1.084005888,0.653817627,0.389950735
-0.881992046,-0.542416878,-0.884969487,-0.736637418,-0.770492341,-0.647269016
-0.881992046,0.098975969,0.667075765,1.994327541,0.67100664,1.427170486
0.535205218,-0.471151006,-1.106690237,-0.736637418,-0.982670798,-0.958434941
0.535205218,-0.114821647,-0.441527986,-0.736637418,-0.350654136,-0.419080671
0.535205218,-0.471151006,1.110517266,-0.736637418,1.130420758,0.680372265
0.535205218,-0.399885134,0.445355015,0.173684235,0.566314786,0.306973155
0.535205218,-0.471151006,1.332238016,2.904649194,1.372714307,1.385681696
0.535205218,-0.257353391,1.332238016,-0.736637418,1.372714307,0.804838636
0.535205218,-0.542416878,-0.219807236,-0.736637418,-0.048972392,-0.419080671
0.535205218,-0.471151006,0.223634265,0.173684235,0.317988585,-0.253125511
0.658998083,0.5265712,-0.884969487,-0.736637418,-0.913566005,-0.626524621
0.658998083,-0.471151006,0.667075765,-0.736637418,0.507820121,0.431439525
0.658998083,-0.471151006,-0.441527986,1.084005888,-0.567225582,-1.020668126
0.658998083,-0.471151006,-2.43701474,-0.736637418,-2.614660262,-1.912677112
0.658998083,-0.471151006,-1.328410988,-0.736637418,-1.477220635,-1.663744372
0.658998083,-0.542416878,1.775679517,1.994327541,1.433993607,1.800569597
0.658998083,-0.114821647,0.445355015,-0.736637418,0.275923311,0.45218392
0.658998083,-0.471151006,1.775679517,0.173684235,1.433993607,2.298435077
0.266843687,-0.471151006,0.223634265,0.173684235,0.346974602,-0.253125511
0.266843687,-0.471151006,1.110517266,1.994327541,1.239790759,2.360668262
0.266843687,-0.471151006,0.445355015,0.173684235,0.654168295,0.597394685
0.266843687,-0.471151006,0.223634265,-0.736637418,0.33531825,-0.253125511
0.266843687,-0.542416878,-0.884969487,-0.736637418,-0.71972972,-1.165878891
0.266843687,-0.542416878,-0.219807236,0.173684235,-0.076086572,-0.605780226
0.266843687,-0.471151006,1.110517266,1.084005888,1.239790759,1.053771376
0.266843687,0.17024184,-0.884969487,-0.736637418,-0.71202465,-0.916946151
0.452884178,-0.542416878,-0.441527986,-0.736637418,-0.162336544,-0.979179336
0.452884178,0.882900559,1.110517266,1.994327541,1.335314175,0.763349846
0.452884178,-0.542416878,0.445355015,-0.736637418,0.644389079,0.1202736
0.452884178,0.384039456,-0.441527986,-0.736637418,-0.11548378,-0.626524621
0.452884178,-0.471151006,0.223634265,-0.736637418,0.57257046,0.058040415
0.452884178,-0.471151006,0.223634265,0.173684235,0.565457865,0.265484365
0.452884178,-0.399885134,1.110517266,0.173684235,1.330374953,0.908560611
0.452884178,-0.542416878,-0.441527986,-0.736637418,-0.159965679,-0.522802646
0.451841302,-0.399885134,1.332238016,1.994327541,1.332426941,1.344192906
0.451841302,-0.542416878,0.445355015,0.173684235,0.48616105,0.36920634
0.451841302,-0.471151006,1.332238016,0.173684235,1.332426941,0.804838636
0.451841302,0.669102943,0.667075765,1.084005888,0.729924709,0.41069513
0.451841302,1.31049579,-1.328410988,-0.736637418,-1.34938804,-1.228112076
0.451841302,-0.542416878,-0.884969487,-0.736637418,-0.858566944,-0.771735386
0.451841302,3.377206074,-0.219807236,-0.736637418,-0.187378987,-0.17014793
0.451841302,2.379483868,0.445355015,0.173684235,0.44516753,-0.024937165
-0.805248252,-0.257353391,-0.441527986,-0.736637418,-0.382623725,-0.502058251
-0.805248252,0.954166431,0.445355015,-0.736637418,0.479737267,0.20325118
-0.805248252,-0.399885134,0.667075765,2.904649194,0.708916879,1.904291572
-0.805248252,-0.471151006,-1.106690237,-0.736637418,-1.015449621,-1.082901311
-0.805248252,-0.471151006,0.223634265,-0.736637418,0.242858847,0.1202736
-0.805248252,0.882900559,-1.328410988,-0.736637418,-1.255795227,-1.228112076
-0.805248252,-0.542416878,-0.884969487,-0.736637418,-0.735477043,-0.875457361
-0.805248252,-0.542416878,0.667075765,1.084005888,0.708916879,0.49367271
-0.32714999,-0.257353391,1.110517266,1.994327541,0.945580948,1.696847621
-0.32714999,-0.542416878,0.223634265,0.173684235,0.139187207,0.306973155
-0.32714999,-0.542416878,0.223634265,-0.736637418,0.166452156,0.058040415
-0.32714999,-0.542416878,1.110517266,0.173684235,0.945580948,0.846327426
-0.32714999,-0.328619262,-0.219807236,0.173684235,-0.232479373,-0.273869906
-0.32714999,-0.471151006,-0.884969487,0.173684235,-0.898555182,-0.647269016
-0.32714999,1.809356893,-1.106690237,-0.736637418,-1.164302088,-1.020668126
-0.32714999,0.17024184,-0.441527986,-0.736637418,-0.474247401,-0.605780226
0.442424289,-0.399885134,1.110517266,0.173684235,1.326777712,1.676103226
0.442424289,-0.114821647,0.223634265,-0.736637418,0.473374177,-0.377591881
0.442424289,-0.471151006,1.110517266,1.994327541,1.326777712,0.49367271
0.442424289,-0.399885134,-0.884969487,-0.736637418,-0.676471789,-0.668013411
0.442424289,-0.328619262,0.667075765,1.084005888,1.015948725,0.804838636
0.442424289,-0.542416878,0.445355015,-0.736637418,0.762858635,-0.294614301
0.442424289,-0.399885134,-0.219807236,-0.736637418,0.071984116,-0.21163672
0.442424289,-0.542416878,-1.106690237,-0.736637418,-0.940006305,-1.165878891
0.038844954,1.666825149,0.445355015,0.173684235,0.565400544,0.65962787
0.038844954,-0.114821647,-1.328410988,-0.736637418,-1.257276897,-1.186623286
0.038844954,-0.542416878,-0.219807236,-0.736637418,-0.092773185,-0.190892325
0.038844954,-0.471151006,1.110517266,1.084005888,1.126950682,0.867071821
0.038844954,0.811634687,-0.441527986,0.173684235,-0.382865051,-0.481313856
0.038844954,-0.328619262,0.223634265,-0.736637418,0.307445412,-0.253125511
0.038844954,0.312773584,-1.328410988,-0.736637418,-1.303505394,-1.228112076
0.038844954,-0.399885134,1.110517266,1.084005888,1.126950682,1.489403671
-1.559349639,-0.328619262,-0.884969487,-0.736637418,-0.888722499,-0.543547041
-1.559349639,-0.471151006,-1.106690237,-0.736637418,-1.191006353,-1.124390101
-1.559349639,-0.471151006,-0.219807236,-0.736637418,-0.287098382,-0.377591881
-1.559349639,1.381761662,0.223634265,0.173684235,0.104030775,0.24473997
-1.559349639,2.45074974,0.223634265,0.173684235,0.101066953,0.20325118
-1.559349639,-0.542416878,-0.219807236,0.173684235,-0.274257079,-0.00419277
-1.559349639,0.027710097,0.445355015,0.173684235,0.335616897,0.45218392
-1.559349639,3.448471945,0.445355015,1.994327541,0.335616897,1.136748956
-1.020152667,-0.471151006,-0.441527986,-0.736637418,-0.285091673,-0.668013411
-1.020152667,-0.399885134,0.445355015,1.994327541,0.603388816,1.406426091
-1.020152667,0.241507712,0.445355015,-0.736637418,0.589954074,0.514417105
-1.020152667,0.027710097,-0.441527986,-0.736637418,-0.276596153,-0.688757806
-1.020152667,0.384039456,-1.328410988,-0.736637418,-1.149183849,-1.228112076
-1.020152667,-0.399885134,0.445355015,1.994327541,0.603388816,0.846327426
-1.020152667,-0.542416878,0.223634265,-0.736637418,0.33755906,-0.107914745
-1.020152667,-0.257353391,-1.106690237,-0.736637418,-0.880042974,-0.937690546
-0.543877492,-0.186087519,0.445355015,-0.736637418,0.103620378,0.306973155
-0.543877492,-0.542416878,-1.328410988,-0.736637418,-1.574332657,-1.145134496
-0.543877492,2.593281483,-0.441527986,-0.736637418,-0.742538579,-0.522802646
-0.543877492,-0.399885134,-1.106690237,-0.736637418,-1.376056178,-0.979179336
-0.543877492,0.027710097,1.332238016,1.994327541,0.838421892,2.422901447
-0.543877492,-0.471151006,-0.441527986,0.173684235,-0.72732593,-0.502058251
-0.543877492,3.519737817,0.445355015,1.084005888,0.123772249,0.016551625
-0.543877492,-0.471151006,1.332238016,0.173684235,0.838421892,1.261215326
-1.258623936,-0.542416878,-0.441527986,0.173684235,-0.458393144,-0.522802646
-1.258623936,0.098975969,0.445355015,0.173684235,0.484518496,1.074515771
-1.258623936,-0.542416878,-1.106690237,-0.736637418,-1.052927786,-1.082901311
-1.258623936,-0.257353391,0.223634265,0.173684235,0.226900064,-0.12865914
-1.258623936,0.455305328,0.445355015,0.173684235,0.479171766,0.61813908
-1.258623936,-0.328619262,-0.884969487,-0.736637418,-0.805965242,-0.709502201
-1.258623936,2.593281483,0.223634265,-0.736637418,0.214848728,-0.066425955
-1.258623936,-0.471151006,0.445355015,1.084005888,0.450719458,0.389950735
0.717181216,-0.542416878,-1.106690237,-0.736637418,-0.916269234,-0.958434941
0.717181216,-0.186087519,-0.219807236,0.173684235,-0.095823711,-0.253125511
0.717181216,-0.471151006,1.332238016,0.173684235,1.40175909,0.49367271
0.717181216,-0.542416878,-1.106690237,-0.736637418,-0.99534062,-1.311089657
0.717181216,-0.471151006,0.667075765,-0.736637418,0.801728877,0.389950735
0.717181216,0.027710097,1.553958767,1.084005888,1.464724296,1.116004561
0.717181216,3.23467433,1.553958767,1.084005888,1.464724296,2.215457497
0.717181216,3.092142586,-1.106690237,-0.736637418,-0.969404646,-1.165878891
1.520878549,-0.399885134,-0.884969487,-0.736637418,-0.817789221,-0.999923731
1.520878549,0.027710097,-0.219807236,0.173684235,-0.15809336,-0.398336276
1.520878549,3.020876714,-0.219807236,-0.736637418,-0.161846668,-0.253125511
1.520878549,1.951888637,1.775679517,1.994327541,1.862542164,1.510148066
1.520878549,-0.399885134,1.775679517,0.173684235,1.862542164,1.385681696
1.520878549,-0.471151006,0.445355015,0.173684235,0.55529089,-0.107914745
1.520878549,-0.471151006,1.332238016,0.173684235,1.453364182,0.57665029
1.520878549,-0.471151006,-0.441527986,-0.736637418,-0.418363481,-0.647269016
1.04648094,-0.328619262,-1.328410988,0.173684235,-1.430540315,-1.041412521
1.04648094,-0.471151006,1.775679517,1.994327541,1.625867979,1.800569597
1.04648094,-0.471151006,0.223634265,-0.736637418,0.173825826,-0.377591881
1.04648094,2.522015611,1.775679517,0.173684235,1.62310213,1.489403671
1.04648094,-0.471151006,0.667075765,0.173684235,0.720034704,0.1202736
1.04648094,-0.542416878,-1.771852488,-0.736637418,-1.828479086,-1.331834052
1.04648094,-0.542416878,1.110517266,-0.736637418,1.044990618,0.555905895
1.04648094,0.597837072,-1.106690237,-0.736637418,-1.241791131,-0.833968571
-0.294447272,-0.542416878,-1.106690237,-0.736637418,-1.134017923,-1.082901311
-0.294447272,-0.542416878,0.667075765,0.173684235,0.671671368,0.472928315
-0.294447272,-0.471151006,0.223634265,-0.736637418,0.152512124,0.41069513
-0.294447272,1.595559277,-1.106690237,-0.736637418,-1.128791134,-0.875457361
-0.294447272,-0.471151006,1.110517266,1.084005888,0.96187065,1.240470931
-0.294447272,-0.471151006,0.445355015,0.173684235,0.39619197,0.141017995
-0.294447272,3.020876714,1.110517266,1.084005888,0.96187065,0.950049401
-0.294447272,-0.186087519,-0.441527986,0.173684235,-0.481587353,-0.356847486
-1.146598445,2.379483868,-1.106690237,-0.736637418,-1.142753805,-0.937690546
-1.146598445,1.595559277,-0.441527986,0.173684235,-0.492375704,-0.502058251
-1.146598445,3.020876714,-1.106690237,-0.736637418,-1.081903688,-0.688757806
-1.146598445,9.00720995,0.667075765,1.994327541,0.539929399,1.987269152
-1.146598445,-0.542416878,0.667075765,-0.736637418,0.539929399,0.867071821
-1.146598445,-0.471151006,-0.219807236,-0.736637418,-0.274544165,-0.419080671
-1.146598445,-0.114821647,0.445355015,-0.736637418,0.132878067,-0.00419277
-1.146598445,-0.471151006,0.223634265,0.173684235,0.087639437,-0.12865914
0.795287948,-0.186087519,-0.441527986,0.173684235,-0.522639156,-0.460569461
0.795287948,1.666825149,-2.43701474,-0.736637418,-2.638820254,-1.912677112
0.795287948,-0.542416878,0.667075765,0.173684235,0.604841585,0.141017995
0.795287948,-0.542416878,1.775679517,1.084005888,1.501493417,1.219726536
0.795287948,-0.399885134,1.775679517,1.994327541,1.501493417,1.613870041
0.795287948,-0.542416878,-1.106690237,-0.736637418,-1.127193377,-1.124390101
0.795287948,-0.186087519,-3.545618491,-0.736637418,-3.980766985,-1.414811632
0.795287948,-0.257353391,1.110517266,-0.736637418,0.896686793,1.012282586
-0.032642629,-0.399885134,1.110517266,1.084005888,1.084641193,0.867071821
-0.032642629,-0.542416878,1.110517266,0.173684235,1.087604533,0.5351615
-0.032642629,1.595559277,-0.441527986,-0.736637418,-0.432103612,-0.813224176
-0.032642629,3.163408458,1.110517266,1.084005888,1.093531214,1.489403671
-0.032642629,-0.542416878,-0.219807236,-0.736637418,-0.159642948,-0.107914745
-0.032642629,-0.542416878,-0.884969487,-0.736637418,-0.783714177,-0.833968571
-0.032642629,-0.471151006,-0.219807236,-0.736637418,-0.120724538,-0.605780226
-0.032642629,-0.542416878,0.445355015,0.173684235,0.520866622,0.16176239
-1.894140999,-0.542416878,0.223634265,0.173684235,0.169294111,-0.12865914
-1.894140999,0.5265712,0.223634265,1.084005888,0.169689095,1.613870041
-1.894140999,-0.542416878,-0.441527986,1.084005888,-0.420198228,-0.294614301
-1.894140999,-0.542416878,-1.106690237,-0.736637418,-1.040589847,-0.833968571
-1.894140999,-0.471151006,-0.441527986,-0.736637418,-0.400046838,-0.481313856
-1.894140999,3.377206074,-1.106690237,-0.736637418,-1.083898356,-0.709502201
-1.894140999,-0.542416878,0.223634265,-0.736637418,0.164354889,0.306973155
-1.894140999,-0.542416878,-0.884969487,-0.736637418,-0.780398241,-0.958434941
-0.00929077,-0.542416878,1.110517266,1.084005888,1.103116793,0.5351615
-0.00929077,-0.542416878,-0.884969487,-0.736637418,-0.757467997,-0.647269016
-0.00929077,-0.542416878,0.223634265,0.173684235,0.297846347,-0.08717035
-0.00929077,0.17024184,1.110517266,1.084005888,1.103116793,1.385681696
-0.00929077,2.023154509,-1.328410988,-0.736637418,-1.253143056,-1.601511187
-0.00929077,-0.542416878,0.223634265,-0.736637418,0.274928145,0.07878481
-0.00929077,0.027710097,0.667075765,-0.736637418,0.789277259,0.514417105
-0.00929077,-0.328619262,-0.884969487,-0.736637418,-0.727199728,-0.750990991
-1.122372011,-0.542416878,-1.106690237,-0.736637418,-1.209367792,-1.082901311
-1.122372011,2.45074974,-0.884969487,0.173684235,-0.934117677,-1.269600867
-1.122372011,2.165686252,0.667075765,1.084005888,0.551986033,1.406426091
-1.122372011,-0.542416878,-0.441527986,-0.736637418,-0.558500297,-0.149403535
-1.122372011,-0.471151006,0.667075765,1.084005888,0.551986033,1.116004561
-1.122372011,-0.542416878,0.445355015,0.173684235,0.327470119,0.24473997
-1.122372011,-0.328619262,0.223634265,0.173684235,0.08576471,0.182506785
-1.122372011,0.027710097,0.445355015,-0.736637418,0.306923263,0.36920634
-1.996607443,-0.471151006,-0.219807236,0.173684235,-0.347565076,0.182506785
-1.996607443,-0.542416878,0.445355015,1.084005888,0.119417314,0.141017995
-1.996607443,2.593281483,0.223634265,0.173684235,0.068977906,-0.12865914
-1.996607443,-0.542416878,-1.771852488,-0.736637418,-1.857324451,-1.269600867
-1.996607443,3.163408458,0.445355015,1.084005888,0.119417314,1.323448511
-1.996607443,-0.257353391,-0.884969487,0.173684235,-0.921089961,-0.771735386
-1.996607443,-0.471151006,-0.884969487,-0.736637418,-0.906640786,-0.502058251
-1.996607443,-0.471151006,-0.884969487,-0.736637418,-0.910790041,-0.419080671
-0.455807016,-0.471151006,-0.441527986,-0.736637418,-0.44043873,-0.522802646
-0.455807016,-0.399885134,0.223634265,-0.736637418,0.197741602,-0.419080671
-0.455807016,-0.471151006,-1.106690237,-0.736637418,-1.165357947,-0.854712966
-0.455807016,0.882900559,0.445355015,1.084005888,0.436881544,-0.17014793
-0.455807016,0.312773584,1.110517266,0.173684235,0.882029047,1.510148066
-0.455807016,-0.542416878,1.110517266,0.173684235,0.882029047,1.033026981
-0.455807016,-0.399885134,0.445355015,1.084005888,0.327105963,0.32771755
-0.455807016,-0.399885134,0.223634265,-0.736637418,0.211570846,-0.253125511
0.123282876,-0.186087519,-0.441527986,0.173684235,-0.18760538,-0.626524621
0.123282876,-0.399885134,1.110517266,1.084005888,1.171314086,0.70111666
0.123282876,3.377206074,-0.219807236,-0.736637418,0.05175084,-0.605780226
0.123282876,-0.542416878,0.445355015,-0.736637418,0.683071944,0.389950735
0.123282876,-0.186087519,0.223634265,-0.736637418,0.434480333,-0.273869906
0.123282876,-0.471151006,1.110517266,2.904649194,1.171314086,1.489403671
0.123282876,-0.399885134,0.445355015,-0.736637418,0.654622045,0.07878481
0.123282876,0.811634687,-1.106690237,-0.736637418,-0.885917152,-0.999923731
-1.322268548,-0.471151006,0.223634265,0.173684235,0.197777729,0.03729602
-1.322268548,-0.542416878,-0.219807236,-0.736637418,-0.196398101,-0.04568156
-1.322268548,-0.542416878,-0.219807236,-0.736637418,-0.189482997,-0.315358696
-1.322268548,-0.471151006,0.445355015,1.084005888,0.45398,0.74260545
-1.322268548,0.17024184,0.223634265,0.173684235,0.183750993,0.20325118
-1.322268548,-0.542416878,-0.441527986,-0.736637418,-0.431136866,-0.605780226
-1.322268548,0.5265712,0.223634265,-0.736637418,0.187504783,-0.04568156
-1.322268548,-0.043555775,0.445355015,1.084005888,0.445483999,0.141017995
0.181559401,0.740368815,1.332238016,1.084005888,1.197611325,1.676103226
0.181559401,-0.471151006,-0.884969487,-0.736637418,-0.925606262,-0.813224176
0.181559401,-0.471151006,-0.441527986,0.173684235,-0.607166614,-0.502058251
0.181559401,-0.257353391,-0.884969487,-0.736637418,-0.948038441,-0.750990991
0.181559401,-0.542416878,1.110517266,0.173684235,0.923393466,1.053771376
0.181559401,-0.542416878,-1.328410988,-0.736637418,-1.50583479,-1.518533607
0.181559401,-0.542416878,1.332238016,1.084005888,1.197611325,1.012282586
0.181559401,-0.114821647,0.445355015,-0.736637418,0.332835634,0.182506785
-0.930483828,-0.114821647,0.667075765,1.994327541,0.647984875,1.116004561
-0.930483828,-0.542416878,0.445355015,0.173684235,0.397333569,0.306973155
-0.930483828,1.239229918,-0.884969487,0.173684235,-0.863760016,-0.688757806
-0.930483828,-0.399885134,0.445355015,0.173684235,0.40800198,0.24473997
-0.930483828,-0.471151006,0.667075765,0.173684235,0.635735566,0.908560611
-0.930483828,0.669102943,-0.219807236,-0.736637418,-0.243102024,-0.17014793
-0.930483828,2.09442038,-0.219807236,-0.736637418,-0.214256177,0.016551625
-0.930483828,-0.542416878,-1.106690237,-0.736637418,-1.100300773,-1.103645706
-0.698227009,-0.186087519,0.667075765,2.904649194,0.761996415,1.696847621
-0.698227009,-0.471151006,0.667075765,0.173684235,0.761996415,0.887816216
-0.698227009,-0.186087519,-0.441527986,-0.736637418,-0.415090897,-0.398336276
-0.698227009,-0.542416878,0.445355015,-0.736637418,0.535255587,0.16176239
-0.698227009,-0.542416878,-1.328410988,-0.736637418,-1.313579885,-1.228112076
-0.698227009,-0.542416878,-0.884969487,-0.736637418,-0.811580753,-0.854712966
-0.698227009,-0.471151006,0.445355015,0.173684235,0.530711348,0.24473997
-0.698227009,-0.542416878,-0.884969487,-0.736637418,-0.784119276,-0.709502201
0.509008799,-0.542416878,-1.106690237,-0.736637418,-1.138412839,-1.103645706
0.509008799,-0.471151006,-1.328410988,-0.736637418,-1.421182093,-1.497789212
0.509008799,3.020876714,0.223634265,-0.736637418,0.25256292,-0.12865914
0.509008799,-0.542416878,0.445355015,0.173684235,0.522803969,0.24473997
0.509008799,-0.399885134,1.332238016,1.084005888,1.359744394,1.261215326
0.509008799,-0.471151006,-0.441527986,0.173684235,-0.494011514,-0.502058251
0.509008799,-0.328619262,1.332238016,1.994327541,1.359744394,0.804838636
0.509008799,3.020876714,1.110517266,-0.736637418,1.09102644,0.887816216
-0.991859795,-0.471151006,-0.219807236,0.173684235,-0.054864391,-0.04568156
-0.991859795,-0.399885134,0.445355015,2.904649194,0.616596201,0.991538191
-0.991859795,-0.542416878,0.223634265,-0.736637418,0.325642597,0.265484365
-0.991859795,1.453027534,0.223634265,0.173684235,0.382738442,-0.107914745
-0.991859795,-0.542416878,0.445355015,0.173684235,0.616596201,0.348461945
-0.991859795,-0.257353391,-0.441527986,-0.736637418,-0.29738048,-0.709502201
-0.991859795,0.027710097,-0.884969487,-0.736637418,-0.763598913,-0.502058251
-0.991859795,-0.542416878,-0.219807236,-0.736637418,-0.079756066,-0.066425955
0.09196547,-0.471151006,1.332238016,1.084005888,1.15322769,1.178237746
0.09196547,-0.542416878,0.667075765,1.084005888,0.620658752,0.49367271
0.09196547,-0.542416878,-1.328410988,-0.736637418,-1.423999964,-1.207367681
0.09196547,3.305940202,1.332238016,1.994327541,1.15322769,2.443645842
0.09196547,0.241507712,-1.106690237,-0.736637418,-1.137843484,-1.041412521
0.09196547,0.882900559,-0.884969487,-0.736637418,-0.85102083,-1.041412521
0.09196547,-0.542416878,-0.441527986,-0.736637418,-0.537377344,-0.605780226
0.09196547,2.236952124,-0.884969487,-0.736637418,-0.881642176,-0.688757806
-0.663018275,2.236952124,-1.328410988,-0.736637418,-1.34593097,-1.082901311
-0.663018275,-0.542416878,0.667075765,-0.736637418,0.777453762,0.555905895
-0.663018275,1.239229918,-0.219807236,-0.736637418,-0.146331519,-0.377591881
-0.663018275,0.312773584,-0.884969487,-0.736637418,-0.848346984,-0.833968571
-0.663018275,0.312773584,0.667075765,2.904649194,0.782392984,0.929305006
-0.663018275,-0.471151006,-0.884969487,-0.736637418,-0.803104501,-0.896201756
-0.663018275,-0.471151006,0.667075765,0.173684235,0.763624518,0.49367271
-0.663018275,0.027710097,-0.219807236,-0.736637418,-0.106815816,-0.232381115
-0.550307911,-0.399885134,0.445355015,1.994327541,0.854077694,1.904291572
-0.550307911,-0.542416878,-0.884969487,-0.736637418,-0.397453915,-0.481313856
-0.550307911,2.236952124,-1.106690237,-0.736637418,-0.65665469,-0.771735386
-0.550307911,0.312773584,-1.771852488,-0.736637418,-1.378104313,-1.414811632
-0.550307911,-0.471151006,-0.884969487,0.173684235,-0.435980714,-0.522802646
-0.550307911,-0.542416878,0.445355015,0.173684235,0.854077694,0.389950735
-0.550307911,-0.471151006,-0.884969487,-0.736637418,-0.416618328,-0.377591881
-0.550307911,-0.186087519,-0.441527986,1.084005888,-0.063564628,-0.460569461
0.893376648,-0.542416878,-1.771852488,-0.736637418,-1.449641145,-1.622255582
0.893376648,-0.542416878,0.667075765,1.084005888,0.99859642,0.182506785
0.893376648,-0.471151006,-0.441527986,0.173684235,-0.18609818,-0.668013411
0.893376648,-0.471151006,0.223634265,-0.736637418,0.467631501,-0.460569461
0.893376648,-0.542416878,0.223634265,-0.736637418,0.456765598,-0.253125511
0.893376648,-0.471151006,0.223634265,-0.736637418,0.515089746,0.058040415
0.893376648,-0.399885134,1.332238016,1.084005888,1.551445358,2.132479917
0.893376648,-0.542416878,1.332238016,1.084005888,1.551445358,0.970793796
-0.849286409,-0.542416878,0.445355015,-0.736637418,0.429049308,0.306973155
-0.849286409,-0.257353391,0.667075765,1.994327541,0.689177331,1.012282586
-0.849286409,-0.471151006,-0.884969487,-0.736637418,-0.800473043,-0.979179336
-0.849286409,-0.257353391,-0.441527986,-0.736637418,-0.451740078,-0.419080671
-0.849286409,-0.542416878,0.667075765,0.173684235,0.681274769,0.680372265
-0.849286409,-0.399885134,0.445355015,0.173684235,0.452164039,0.182506785
-0.849286409,1.096698174,-0.884969487,-0.736637418,-0.787829232,-0.647269016
-0.849286409,-0.328619262,0.667075765,1.084005888,0.684435601,0.638883475
1.677895572,-0.471151006,1.997400267,1.084005888,1.933961946,1.468659276
1.677895572,-0.542416878,1.110517266,-0.736637418,1.122252304,0.846327426
1.677895572,-0.542416878,0.223634265,0.173684235,0.283240624,-0.04568156
1.677895572,1.951888637,-1.328410988,-0.736637418,-1.319069194,-1.311089657
1.677895572,-0.542416878,-0.884969487,-0.736637418,-0.753199284,-0.875457361
1.677895572,0.954166431,-1.328410988,-0.736637418,-1.353475157,-1.290345262
1.677895572,-0.399885134,-0.441527986,0.173684235,-0.413354414,-0.377591881
1.677895572,0.241507712,1.997400267,2.904649194,1.938506184,2.568112212
-2.284068583,-0.542416878,-0.441527986,-0.736637418,-0.259321881,-0.481313856
-2.284068583,0.027710097,-0.219807236,0.173684235,-0.234004395,0.03729602
-2.284068583,0.098975969,-1.106690237,-0.736637418,-0.906620073,-1.269600867
-2.284068583,0.17024184,0.001913514,1.084005888,-0.02334518,1.945780362
-2.284068583,3.876067177,0.001913514,1.084005888,-0.02334518,0.431439525
-2.284068583,-0.542416878,-0.884969487,-0.736637418,-0.641203605,-0.647269016
-2.284068583,-0.471151006,-0.441527986,-0.736637418,-0.29093165,-0.522802646
-2.284068583,1.809356893,-1.106690237,-0.736637418,-0.876788695,-1.124390101
-0.098758234,0.312773584,-1.771852488,-0.736637418,-1.763102072,-1.414811632
-0.098758234,-0.328619262,1.110517266,1.994327541,1.058816008,2.049502337
-0.098758234,-0.471151006,-0.441527986,-0.736637418,-0.435495655,-0.522802646
-0.098758234,-0.471151006,1.110517266,-0.736637418,1.058816008,0.61813908
-0.098758234,-0.471151006,1.110517266,1.084005888,1.052295888,0.721861055
-0.098758234,2.664547355,0.223634265,0.173684235,0.207216874,-0.253125511
-0.098758234,-0.399885134,-0.219807236,-0.736637418,-0.198303656,-0.792479781
-0.098758234,-0.399885134,-1.106690237,-0.736637418,-1.129150954,-0.833968571
-0.994847362,-0.399885134,0.445355015,-0.736637418,0.016049137,0.20325118
-0.994847362,-0.328619262,0.223634265,-0.736637418,-0.237237962,-0.294614301
-0.994847362,-0.471151006,-0.219807236,-0.736637418,-0.578116051,-0.107914745
-0.994847362,-0.471151006,0.445355015,0.173684235,0.03027481,0.389950735
-0.994847362,1.167964046,1.110517266,1.994327541,0.614929563,0.638883475
-0.994847362,-0.186087519,-1.106690237,-0.736637418,-1.438839306,-1.103645706
-0.994847362,-0.399885134,1.110517266,1.994327541,0.620066277,1.178237746
-0.994847362,-0.471151006,-0.219807236,-0.736637418,-0.60359972,-0.626524621
-0.020840231,-0.542416878,0.445355015,-0.736637418,0.345237638,0.24473997
-0.020840231,-0.399885134,0.667075765,0.173684235,0.561093777,-0.17014793
-0.020840231,-0.114821647,1.332238016,1.994327541,1.100753634,2.194713102
-0.020840231,-0.542416878,1.332238016,1.084005888,1.100753634,0.846327426
-0.020840231,-0.471151006,0.223634265,-0.736637418,0.098978838,-0.024937165
-0.020840231,-0.542416878,-1.328410988,-0.736637418,-1.458326449,-1.331834052
-0.020840231,-0.542416878,-0.884969487,-0.736637418,-0.988368195,-0.896201756
-0.020840231,-0.328619262,-0.441527986,0.173684235,-0.586678525,-0.626524621
-1.580746105,-0.043555775,-1.550131738,-0.736637418,-1.795828873,-0.999923731
-1.580746105,-0.471151006,0.445355015,0.173684235,0.282536397,0.472928315
-1.580746105,-0.328619262,0.445355015,1.084005888,0.325023629,1.240470931
-1.580746105,0.740368815,-0.219807236,-0.736637418,-0.314016997,-0.21163672
-1.580746105,-0.542416878,0.445355015,0.173684235,0.321862315,0.970793796
-1.580746105,-0.328619262,0.223634265,0.173684235,0.078604909,-0.04568156
-1.580746105,-0.542416878,-2.65873549,-0.736637418,-2.870018617,-2.078632272
-1.580746105,-0.328619262,-0.441527986,-0.736637418,-0.581936313,-0.294614301
-0.159719775,-0.114821647,1.110517266,0.173684235,1.031003381,0.929305006
-0.159719775,-0.542416878,0.445355015,-0.736637418,0.461648462,-0.024937165
-0.159719775,-0.399885134,1.110517266,2.904649194,1.031003381,1.572381251
-0.159719775,-0.471151006,-1.993573239,-0.736637418,-2.188743645,-1.642999977
-0.159719775,2.45074974,0.223634265,-0.736637418,0.174807986,-0.08717035
-0.159719775,1.453027534,-0.441527986,-0.736637418,-0.468955584,-0.709502201
-0.159719775,-0.471151006,-0.884969487,-0.736637418,-0.80681253,-1.041412521
-0.159719775,-0.542416878,0.445355015,0.173684235,0.417984468,0.514417105
-0.898867762,-0.114821647,0.667075765,1.084005888,0.632021275,0.265484365
-0.898867762,2.949610843,-0.884969487,-0.736637418,-0.841936207,-1.186623286
-0.898867762,-0.043555775,0.667075765,0.173684235,0.630045393,0.721861055
-0.898867762,-0.542416878,-1.771852488,-0.736637418,-1.802220382,-1.477044817
-0.898867762,-0.542416878,0.888796516,1.084005888,0.662641176,0.57665029
-0.898867762,0.17024184,-0.219807236,-0.736637418,-0.251296007,-0.253125511
-0.898867762,2.379483868,0.888796516,0.173684235,0.662641176,1.572381251
-0.898867762,0.954166431,0.445355015,-0.736637418,0.387923325,-0.024937165
-0.224487035,-0.471151006,0.667075765,1.994327541,0.996561773,1.219726536
-0.224487035,-0.542416878,-0.219807236,-0.736637418,0.100657037,0.389950735
-0.224487035,3.163408458,-0.884969487,-0.736637418,-0.569856558,-0.564291436
-0.224487035,-0.542416878,-0.884969487,-0.736637418,-0.532442457,-0.813224176
-0.224487035,-0.471151006,0.223634265,1.084005888,0.502264821,0.36920634
-0.224487035,-0.542416878,0.667075765,0.173684235,0.996561773,0.555905895
-0.224487035,-0.471151006,-1.328410988,-0.736637418,-1.084739863,-1.207367681
-0.224487035,-0.542416878,0.445355015,0.173684235,0.735345618,-0.066425955
-1.08468742,1.738091021,0.445355015,1.084005888,0.570645156,0.16176239
-1.08468742,0.669102943,-0.441527986,-0.736637418,-0.300249891,-0.398336276
-1.08468742,-0.542416878,0.223634265,0.173684235,0.319541063,-0.024937165
-1.08468742,1.809356893,-1.106690237,-0.736637418,-0.972222999,-0.854712966
-1.08468742,-0.542416878,0.223634265,0.173684235,0.317565182,0.431439525
-1.08468742,0.027710097,0.445355015,1.084005888,0.570645156,1.095260166
-1.08468742,-0.542416878,0.223634265,-0.736637418,0.322504404,-0.08717035
-1.08468742,1.381761662,-0.441527986,-0.736637418,-0.286024219,-0.315358696
0.698757725,-0.257353391,1.110517266,0.173684235,1.207349116,0.929305006
0.698757725,-0.542416878,-1.328410988,-0.736637418,-1.266316242,-1.269600867
0.698757725,-0.399885134,-1.106690237,-0.736637418,-0.993240463,-1.269600867
0.698757725,-0.471151006,1.332238016,0.173684235,1.453697509,0.32771755
0.698757725,-0.542416878,0.667075765,0.173684235,0.80008536,0.20325118
0.698757725,0.241507712,1.332238016,1.994327541,1.453697509,1.613870041
0.698757725,0.384039456,0.667075765,0.173684235,0.786057661,0.638883475
0.698757725,-0.542416878,-1.771852488,-0.736637418,-1.696199072,-1.705233162
0.937089879,-0.328619262,-0.884969487,-0.736637418,-0.660824657,-0.730246596
0.937089879,-0.471151006,0.445355015,1.084005888,0.685535775,0.61813908
0.937089879,-0.471151006,-0.219807236,0.173684235,-0.05246607,-0.439825066
0.937089879,-0.542416878,-0.884969487,-0.736637418,-0.701515677,-0.854712966
0.937089879,0.241507712,1.332238016,1.084005888,1.573469067,1.779825202
0.937089879,-0.399885134,-0.441527986,-0.736637418,-0.284269432,-0.709502201
0.937089879,-0.542416878,-1.328410988,-0.736637418,-1.283581361,-1.145134496
0.937089879,-0.542416878,1.332238016,0.173684235,1.56615898,1.655358831
-0.734035008,-0.542416878,-0.884969487,-0.736637418,-0.77290993,-0.916946151
-0.734035008,-0.471151006,-1.106690237,-0.736637418,-1.022661926,-0.916946151
-0.734035008,-0.471151006,-0.884969487,-0.736637418,-0.692105915,-0.833968571
-0.734035008,-0.542416878,-0.219807236,-0.736637418,-0.097658458,-0.522802646
-0.734035008,0.669102943,0.223634265,1.084005888,0.253067729,0.223995575
-0.734035008,-0.542416878,-1.328410988,-0.736637418,-1.423646888,-1.331834052
-0.734035008,-0.399885134,0.667075765,1.994327541,0.744264059,2.443645842
-0.734035008,-0.043555775,0.667075765,-0.736637418,0.744264059,0.597394685
1.649152279,3.733535433,1.775679517,1.994327541,1.92427714,0.991538191
1.649152279,-0.542416878,-0.884969487,-0.736637418,-0.697549945,-0.709502201
1.649152279,-0.328619262,-0.441527986,-0.736637418,-0.323044781,-0.502058251
1.649152279,-0.399885134,-0.884969487,-0.736637418,-0.676805116,-0.854712966
1.649152279,-0.471151006,1.775679517,2.904649194,1.92427714,2.485134632
1.649152279,-0.542416878,-1.106690237,-0.736637418,-1.000511533,-1.062156916
1.649152279,2.165686252,-0.219807236,-0.736637418,-0.069917602,-0.585035831
1.649152279,-0.471151006,0.667075765,0.173684235,0.932294084,0.472928315
-1.097090055,-0.542416878,-1.106690237,-0.736637418,-1.02986845,-0.813224176
-1.097090055,-0.542416878,-0.441527986,0.173684235,-0.435187856,-0.356847486
-1.097090055,0.17024184,-0.219807236,1.084005888,-0.151940768,-0.00419277
-1.097090055,-0.257353391,0.445355015,1.084005888,0.564504124,1.116004561
-1.097090055,0.17024184,0.223634265,-0.736637418,0.244815461,0.306973155
-1.097090055,-0.328619262,0.445355015,1.084005888,0.564504124,0.182506785
-1.097090055,-0.471151006,-0.884969487,-0.736637418,-0.764762188,-0.626524621
-1.097090055,-0.471151006,-0.884969487,-0.736637418,-0.804207565,-0.750990991
1.075115276,-0.114821647,-1.106690237,-0.736637418,-1.092379425,-0.958434941
1.075115276,-0.328619262,-1.771852488,-0.736637418,-1.765006182,-1.560022397
1.075115276,-0.399885134,0.667075765,-0.736637418,0.634856968,0.57665029
1.075115276,3.733535433,1.775679517,1.994327541,1.64003344,2.277690682
1.075115276,-0.471151006,-0.884969487,-0.736637418,-0.856155618,-0.792479781
1.075115276,-0.399885134,0.667075765,-0.736637418,0.578944628,0.65962787
1.075115276,-0.471151006,-1.106690237,-0.736637418,-1.145457998,-1.435556027
1.075115276,-0.471151006,1.775679517,2.904649194,1.64003344,1.966524757
-0.40765378,-0.328619262,-1.993573239,-0.736637418,-2.209497626,-1.705233162
-0.40765378,-0.257353391,-0.884969487,-0.736637418,-0.893167509,-0.750990991
-0.40765378,-0.043555775,1.110517266,1.084005888,0.905870643,0.846327426
-0.40765378,-0.328619262,0.445355015,-0.736637418,0.355913756,0.182506785
-0.40765378,-0.328619262,0.667075765,0.173684235,0.612857344,0.36920634
-0.40765378,-0.328619262,-0.219807236,-0.736637418,-0.259473613,-0.232381115
-0.40765378,-0.257353391,0.445355015,0.173684235,0.356111248,0.223995575
-0.40765378,-0.043555775,1.110517266,1.994327541,0.905870643,0.908560611
-1.030473441,4.873789382,-0.884969487,-0.736637418,-0.908432181,-0.668013411
-1.030473441,-0.471151006,0.667075765,-0.736637418,0.592941499,0.825583031
-1.030473441,-0.399885134,0.667075765,1.084005888,0.598473678,0.887816216
-1.030473441,-0.471151006,-1.106690237,-0.736637418,-1.201043272,-0.937690546
-1.030473441,-0.542416878,-0.219807236,-0.736637418,-0.282315227,-0.460569461
-1.030473441,-0.399885134,0.445355015,1.084005888,0.323751011,0.348461945
-1.030473441,-0.542416878,0.667075765,1.084005888,0.561923243,1.012282586
-1.030473441,-0.471151006,-0.441527986,-0.736637418,-0.554675218,-0.937690546
-0.61898401,-0.542416878,-1.106690237,-0.736637418,-1.361060288,-1.062156916
-0.61898401,-0.471151006,-0.884969487,-0.736637418,-1.099270925,-0.833968571
-0.61898401,-0.257353391,1.110517266,1.994327541,0.803803023,1.447914881
-0.61898401,1.167964046,0.445355015,-0.736637418,0.204869612,0.20325118
-0.61898401,-0.542416878,-1.771852488,-0.736637418,-2.037475998,-1.311089657
-0.61898401,-0.471151006,1.110517266,0.173684235,0.798271325,1.323448511
-0.61898401,-0.328619262,1.110517266,0.173684235,0.791553714,1.178237746
-0.61898401,0.17024184,-1.328410988,0.173684235,-1.614779461,-1.103645706
-0.157311043,-0.328619262,-1.106690237,-0.736637418,-1.080959581,-0.875457361
-0.157311043,-0.471151006,-0.219807236,-0.736637418,-0.218471905,-0.00419277
-0.157311043,-0.542416878,-1.106690237,-0.736637418,-1.107037652,-1.124390101
-0.157311043,-0.114821647,-0.441527986,-0.736637418,-0.444510433,-0.315358696
-0.157311043,4.161130664,1.332238016,1.994327541,1.029825174,1.406426091
-0.157311043,-0.542416878,0.445355015,0.173684235,0.437501476,0.32771755
-0.157311043,-0.471151006,-0.884969487,-0.736637418,-0.914366088,-0.564291436
-0.157311043,0.098975969,1.332238016,1.084005888,1.029825174,1.198982141
-0.115545422,-0.542416878,1.332238016,0.173684235,1.050504011,0.950049401
-0.115545422,0.882900559,-1.328410988,-0.736637418,-1.542043709,-1.477044817
-0.115545422,-0.471151006,0.667075765,0.173684235,0.520280409,0.514417105
-0.115545422,-0.542416878,-0.219807236,-0.736637418,-0.35660731,-0.294614301
-0.115545422,3.804801305,1.332238016,2.904649194,1.050504011,1.696847621
-0.115545422,-0.542416878,-0.219807236,-0.736637418,-0.328948823,-0.647269016
-0.115545422,-0.471151006,-0.219807236,-0.736637418,-0.340605175,-0.294614301
-0.115545422,-0.542416878,-0.441527986,0.173684235,-0.630002448,-0.668013411
-0.212735225,-0.542416878,-0.219807236,-0.736637418,-0.16131633,-0.626524621
-0.212735225,-0.257353391,0.445355015,1.084005888,0.456556064,0.016551625
-0.212735225,-0.399885134,-0.219807236,-0.736637418,-0.183244665,-0.377591881
-0.212735225,0.17024184,-1.328410988,-0.736637418,-1.310530323,-1.352578447
-0.212735225,-0.542416878,-0.884969487,-0.736637418,-0.833538952,-0.688757806
-0.212735225,-0.542416878,0.223634265,0.173684235,0.199231943,0.016551625
-0.212735225,0.027710097,1.332238016,1.994327541,1.002292889,1.593125646
-0.212735225,-0.114821647,1.332238016,0.173684235,1.002292889,1.406426091
-1.572531512,-0.542416878,-0.884969487,-0.736637418,-0.982392382,-0.709502201
-1.572531512,-0.328619262,-0.219807236,0.173684235,-0.345240452,-0.190892325
-1.572531512,-0.471151006,0.445355015,2.904649194,0.329093887,1.842058387
-1.572531512,-0.399885134,-1.106690237,-0.736637418,-1.212045974,-1.020668126
-1.572531512,-0.542416878,-0.219807236,0.173684235,-0.318173477,-0.190892325
-1.572531512,-0.542416878,0.445355015,0.173684235,0.329093887,0.887816216
-1.572531512,-0.328619262,-0.441527986,-0.736637418,-0.595915361,-0.419080671
-1.572531512,0.098975969,-1.106690237,-0.736637418,-1.262822082,-0.937690546
0.545023038,-0.328619262,-0.441527986,-0.736637418,0.124026098,-0.377591881
0.545023038,-0.399885134,-0.884969487,-0.736637418,-0.254585932,-0.750990991
0.545023038,-0.328619262,0.667075765,1.994327541,1.377579349,1.281959721
0.545023038,-0.542416878,0.223634265,-0.736637418,0.844659743,-0.21163672
0.545023038,-0.257353391,0.445355015,0.173684235,1.164269891,0.223995575
0.545023038,-0.471151006,-0.219807236,-0.736637418,0.423517129,-0.253125511
0.545023038,0.312773584,0.223634265,0.173684235,0.886741876,0.16176239
0.545023038,2.593281483,0.667075765,1.084005888,1.377579349,0.49367271
0.801924608,-0.328619262,-1.328410988,-0.736637418,-1.316343325,-1.373322842
0.801924608,-0.471151006,1.775679517,1.994327541,1.504766965,1.904291572
0.801924608,1.025432303,0.223634265,-0.736637418,0.128964357,-0.21163672
0.801924608,-0.542416878,0.223634265,0.173684235,0.175196708,0.099529205
0.801924608,-0.542416878,-0.884969487,-0.736637418,-0.868426121,-0.896201756
0.801924608,-0.186087519,1.775679517,1.084005888,1.504766965,1.489403671
0.801924608,-0.471151006,-0.219807236,-0.736637418,-0.222338891,-0.419080671
0.801924608,-0.542416878,-0.219807236,0.173684235,-0.264818416,-0.232381115
-0.020024998,2.165686252,-0.441527986,-0.736637418,-0.501802807,-0.750990991
-0.020024998,-0.471151006,-0.884969487,-0.736637418,-0.843876444,-0.937690546
-0.020024998,-0.471151006,0.445355015,0.173684235,0.380435013,0.784094241
-0.020024998,-0.542416878,-1.328410988,-0.736637418,-1.397239342,-1.497789212
-0.020024998,2.522015611,1.332238016,2.904649194,1.097803781,2.132479917
-0.020024998,-0.542416878,0.445355015,-0.736637418,0.376088749,0.36920634
-0.020024998,-0.542416878,1.332238016,0.173684235,1.097803781,0.638883475
-0.020024998,-0.399885134,0.223634265,0.173684235,0.151002998,-0.502058251
1.910013275,-0.399885134,1.110517266,1.994327541,1.366251026,0.784094241
1.910013275,-0.542416878,-1.771852488,-0.736637418,-1.591811645,-1.601511187
1.910013275,-0.542416878,1.775679517,-0.736637418,2.053428113,1.157493351
1.910013275,-0.399885134,-0.884969487,-0.736637418,-0.640245529,-0.854712966
1.910013275,-0.471151006,-1.771852488,-0.736637418,-1.634884609,-1.642999977
1.910013275,-0.399885134,-0.219807236,0.173684235,-0.032139346,-0.356847486
1.910013275,-0.542416878,0.445355015,-0.736637418,0.728445928,0.70111666
1.910013275,-0.471151006,1.775679517,1.994327541,2.053428113,2.360668262
-1.101678903,-0.328619262,-0.219807236,-0.736637418,-0.292357926,0.03729602
-1.101678903,-0.114821647,0.667075765,1.084005888,0.563021972,0.784094241
-1.101678903,2.379483868,0.445355015,1.084005888,0.33615446,0.555905895
-1.101678903,-0.471151006,-0.219807236,-0.736637418,-0.327734008,0.28622876
-1.101678903,0.098975969,-0.884969487,-0.736637418,-0.93880883,-0.854712966
-1.101678903,-0.328619262,-0.884969487,-0.736637418,-0.920238338,-0.668013411
-1.101678903,-0.542416878,0.667075765,0.173684235,0.563021972,1.033026981
-1.101678903,-0.542416878,-0.441527986,-0.736637418,-0.560872126,-0.564291436
-1.331615517,0.312773584,0.445355015,1.084005888,0.448379421,0.846327426
-1.331615517,-0.471151006,-0.441527986,-0.736637418,-0.451206369,-0.107914745
-1.331615517,-0.471151006,-0.441527986,-0.736637418,-0.451601352,-0.668013411
-1.331615517,-0.399885134,-0.884969487,-0.736637418,-0.870520497,-0.481313856
-1.331615517,-0.471151006,0.223634265,0.173684235,0.220625123,0.36920634
-1.331615517,-0.471151006,-0.441527986,-0.736637418,-0.469624166,-0.253125511
-1.331615517,-0.542416878,-0.441527986,-0.736637418,-0.445674671,-0.21163672
-1.331615517,-0.542416878,0.445355015,1.994327541,0.448379421,0.472928315
-0.199965833,-0.257353391,0.667075765,-0.736637418,0.695779338,0.514417105
-0.199965833,-0.471151006,-1.771852488,-0.736637418,-1.839004918,-1.560022397
-0.199965833,2.09442038,1.110517266,1.994327541,1.008681989,1.530892461
-0.199965833,-0.471151006,-0.219807236,-0.736637418,-0.215491705,-0.398336276
-0.199965833,1.025432303,1.110517266,1.994327541,1.008681989,0.61813908
-0.199965833,-0.471151006,-1.771852488,-0.736637418,-1.825570176,-1.601511187
-0.199965833,1.453027534,0.223634265,-0.736637418,0.183606969,-0.00419277
-0.199965833,-0.328619262,0.223634265,0.173684235,0.18933664,0.141017995
0.124485297,-0.471151006,1.332238016,1.994327541,1.169946094,2.070246732
0.124485297,0.17024184,-0.219807236,0.173684235,-0.351230716,-0.21163672
0.124485297,-0.542416878,-1.106690237,-0.736637418,-1.233282124,-1.145134496
0.124485297,-0.542416878,1.332238016,1.994327541,1.169946094,0.721861055
0.124485297,-0.542416878,1.110517266,0.173684235,0.918694124,0.825583031
0.124485297,-0.328619262,-0.884969487,-0.736637418,-0.952832675,-0.833968571
0.124485297,-0.542416878,-0.441527986,-0.736637418,-0.580339038,-0.999923731
0.124485297,0.384039456,-0.884969487,-0.736637418,-0.945325096,-0.543547041
0.003408578,-0.542416878,-0.884969487,-0.736637418,-0.814459316,-0.771735386
0.003408578,-0.471151006,-0.884969487,-0.736637418,-0.821305538,-0.585035831
0.003408578,2.45074974,0.667075765,-0.736637418,0.806433999,0.472928315
0.003408578,-0.471151006,0.223634265,-0.736637418,0.364466596,-0.04568156
0.003408578,1.167964046,-1.328410988,-0.736637418,-1.332871945,-1.352578447
0.003408578,-0.399885134,1.110517266,1.084005888,1.109403776,0.597394685
0.003408578,-0.471151006,0.223634265,0.173684235,0.308711768,0.182506785
0.003408578,-0.471151006,1.110517266,2.904649194,1.109403776,1.427170486
-0.508069494,-0.399885134,-0.219807236,-0.736637418,-0.447154897,-0.522802646
-0.508069494,-0.257353391,-0.884969487,-0.736637418,-1.053904648,-0.771735386
-0.508069494,1.31049579,1.110517266,0.173684235,0.761833605,0.5351615
-0.508069494,-0.542416878,-1.328410988,0.173684235,-1.539779297,-1.186623286
-0.508069494,-0.471151006,1.332238016,-0.736637418,0.856072843,1.178237746
-0.508069494,-0.399885134,1.332238016,1.994327541,0.856072843,2.173968707
-0.508069494,-0.542416878,0.223634265,0.173684235,-0.049489724,-0.107914745
-0.508069494,0.811634687,-1.771852488,-0.736637418,-1.914206427,-1.580766792
1.423535039,-0.471151006,1.110517266,1.084005888,1.213832628,1.012282586
1.423535039,-0.542416878,-0.219807236,-0.736637418,-0.104437726,-0.460569461
1.423535039,0.954166431,-1.993573239,-0.736637418,-2.129013452,-1.788210742
1.423535039,-0.186087519,-0.441527986,-0.736637418,-0.335924619,-0.502058251
1.423535039,-0.471151006,-0.884969487,-0.736637418,-0.719686369,-0.771735386
1.423535039,-0.257353391,0.667075765,0.173684235,0.873724757,0.36920634
1.423535039,-0.471151006,1.775679517,1.084005888,1.809995855,1.676103226
1.423535039,-0.186087519,1.775679517,1.994327541,1.815725044,2.049502337
-0.472851032,-0.471151006,-0.884969487,-0.736637418,-0.823864743,-1.020668126
-0.472851032,-0.542416878,1.110517266,1.084005888,0.873546533,1.219726536
-0.472851032,-0.328619262,-0.884969487,-0.736637418,-0.773064551,-0.813224176
-0.472851032,-0.186087519,-0.441527986,-0.736637418,-0.414555742,-0.688757806
-0.472851032,-0.471151006,0.667075765,0.173684235,0.705209331,0.784094241
-0.472851032,-0.328619262,-0.441527986,-0.736637418,-0.454684151,-0.398336276
-0.472851032,1.381761662,-0.884969487,-0.736637418,-0.780784554,-0.419080671
-0.472851032,-0.542416878,1.110517266,1.994327541,0.873546533,0.65962787
-0.714099736,-0.471151006,-0.884969487,-0.736637418,-0.990066143,-0.937690546
-0.714099736,-0.542416878,-1.106690237,-0.736637418,-1.24364659,-0.979179336
-0.714099736,-0.471151006,1.110517266,-0.736637418,0.754137204,0.721861055
-0.714099736,-0.328619262,0.223634265,-0.736637418,-0.010340585,-0.273869906
-0.714099736,-0.471151006,-0.441527986,-0.736637418,-0.659437398,-0.626524621
-0.714099736,-0.186087519,-0.441527986,1.084005888,-0.647780564,-0.854712966
-0.714099736,0.882900559,-0.884969487,-0.736637418,-1.008242133,-0.875457361
-0.714099736,-0.257353391,1.110517266,1.994327541,0.754137204,2.713322977
-2.051631791,3.092142586,0.223634265,1.084005888,0.091872505,2.319179472
-2.051631791,-0.542416878,-0.219807236,0.173684235,-0.325013919,-0.813224176
-2.051631791,-0.399885134,-0.884969487,-0.736637418,-0.912514963,-0.564291436
-2.051631791,-0.471151006,-0.219807236,0.173684235,-0.317229852,0.058040415
-2.051631791,-0.471151006,-0.219807236,0.173684235,-0.307153916,-0.232381115
-2.051631791,-0.257353391,-1.993573239,-0.736637418,-2.216472459,-1.601511187
-2.051631791,-0.399885134,-0.441527986,-0.736637418,-0.544164319,-0.813224176
-2.051631791,-0.471151006,0.223634265,1.084005888,0.091872505,0.099529205
-0.002368098,-0.471151006,1.110517266,-0.736637418,1.090738391,0.804838636
-0.002368098,2.023154509,-0.884969487,-0.736637418,-0.731017582,-0.750990991
-0.002368098,-0.542416878,1.110517266,-0.736637418,1.101801786,0.908560611
-0.002368098,-0.542416878,0.223634265,-0.736637418,0.286248761,-0.149403535
-0.002368098,0.5265712,-0.219807236,-0.736637418,-0.108191515,-0.336103091
-0.002368098,-0.399885134,1.110517266,3.814970847,1.106545443,0.970793796
-0.002368098,-0.542416878,-0.884969487,-0.736637418,-0.743858884,-0.813224176
-0.002368098,-0.471151006,-0.441527986,0.173684235,-0.359578839,-0.688757806
0.630871566,-0.542416878,-0.219807236,-0.736637418,-0.006660012,-0.294614301
0.630871566,-0.542416878,-0.441527986,-0.736637418,-0.252627391,-0.626524621
0.630871566,-0.542416878,0.445355015,-0.736637418,0.663352146,0.058040415
0.630871566,-0.542416878,-0.441527986,-0.736637418,-0.238402682,-0.419080671
0.630871566,-0.471151006,1.332238016,1.994327541,1.419992883,1.510148066
0.630871566,-0.542416878,1.332238016,1.994327541,1.413671218,1.240470931
0.630871566,-0.399885134,0.223634265,0.173684235,0.406107504,-0.08717035
0.630871566,-0.542416878,-0.884969487,-0.736637418,-0.70990089,-0.750990991
0.065671768,0.384039456,1.775679517,0.173684235,1.140232729,2.236201892
0.065671768,-0.542416878,-1.771852488,-0.736637418,-1.994764781,-1.518533607
0.065671768,-0.471151006,-0.884969487,-0.736637418,-1.103827206,-0.875457361
0.065671768,1.025432303,1.775679517,0.173684235,1.140232729,1.033026981
0.065671768,-0.257353391,-0.441527986,-0.736637418,-0.774756237,-0.460569461
0.065671768,-0.542416878,1.332238016,1.994327541,0.805580449,1.095260166
0.065671768,0.312773584,-0.884969487,-0.736637418,-1.110741828,-0.771735386
0.065671768,-0.542416878,-1.328410988,-0.736637418,-1.608606638,-1.331834052
-0.341189901,-0.043555775,-0.219807236,-0.736637418,-0.135429971,-0.605780226
-0.341189901,1.666825149,0.223634265,-0.736637418,0.237360868,-0.190892325
-0.341189901,-0.257353391,1.110517266,1.994327541,0.940427857,2.505879027
-0.341189901,-0.471151006,1.110517266,0.173684235,0.940427857,1.489403671
-0.341189901,-0.399885134,-1.106690237,0.173684235,-1.033831292,-1.041412521
-0.341189901,-0.471151006,0.223634265,1.084005888,0.236767911,0.1202736
-0.341189901,-0.542416878,-1.328410988,-0.736637418,-1.273981332,-1.290345262
-0.341189901,-0.542416878,-0.884969487,-0.736637418,-0.767338252,-0.647269016
-1.803839819,2.023154509,0.445355015,1.084005888,0.214563569,1.551636856
-1.803839819,-0.399885134,0.223634265,-0.736637418,-0.028294036,0.223995575
-1.803839819,-0.399885134,0.445355015,1.084005888,0.214563569,0.680372265
-1.803839819,-0.542416878,0.223634265,0.173684235,-0.035209139,-0.21163672
-1.803839819,1.167964046,-1.328410988,-0.736637418,-1.549342236,-1.352578447
-1.803839819,-0.542416878,0.445355015,0.173684235,0.202116768,0.016551625
-1.803839819,-0.328619262,-0.441527986,-0.736637418,-0.678355668,-0.481313856
-1.803839819,-0.542416878,-1.328410988,-0.736637418,-1.578778631,-1.103645706
-1.061678972,2.593281483,0.223634265,-0.736637418,0.113471847,-0.439825066
-1.061678972,1.595559277,-1.106690237,-0.736637418,-1.177116898,-0.833968571
-1.061678972,-0.471151006,-0.219807236,-0.736637418,-0.287900391,-0.294614301
-1.061678972,0.312773584,0.667075765,2.904649194,0.582037061,1.883547177
-1.061678972,-0.114821647,-1.771852488,-0.736637418,-1.786720647,-1.394067237
-1.061678972,-0.471151006,0.445355015,0.173684235,0.346116717,0.16176239
-1.061678972,-0.471151006,-0.884969487,-0.736637418,-1.054667159,-0.585035831
-1.061678972,-0.471151006,0.667075765,0.173684235,0.582037061,0.991538191
0.441048704,-0.542416878,-0.219807236,-0.736637418,-0.420851878,-0.356847486
0.441048704,-0.471151006,1.775679517,0.173684235,1.323923233,1.447914881
0.441048704,2.593281483,-1.328410988,-0.736637418,-1.523610498,-1.331834052
0.441048704,-0.471151006,1.775679517,1.994327541,1.326096606,2.360668262
0.441048704,-0.471151006,-1.993573239,-0.736637418,-2.277672281,-1.746721952
0.441048704,-0.542416878,0.445355015,1.084005888,0.192498917,0.24473997
0.441048704,1.025432303,-1.771852488,-0.736637418,-1.900294815,-1.207367681
0.441048704,-0.542416878,-0.219807236,-0.736637418,-0.426186083,-0.08717035
-0.781812731,-0.399885134,0.888796516,1.994327541,0.720603095,1.904291572
-0.781812731,-0.471151006,0.667075765,0.173684235,0.607930646,0.70111666
-0.781812731,-0.542416878,0.888796516,0.173684235,0.720603095,1.302704116
-0.781812731,-0.471151006,-0.441527986,-0.736637418,-0.535048386,-0.730246596
-0.781812731,2.308217996,0.445355015,0.173684235,0.334595719,-0.377591881
-0.781812731,1.381761662,-0.884969487,-0.736637418,-0.965025627,-0.958434941
-0.781812731,-0.542416878,-1.328410988,-0.736637418,-1.441488587,-1.373322842
-0.781812731,-0.471151006,-0.219807236,0.173684235,-0.286845014,-0.688757806
1.509383567,3.804801305,-4.210780742,-0.736637418,-4.764670021,-1.725977557
1.509383567,-0.328619262,0.223634265,-0.736637418,0.007935596,-0.356847486
1.509383567,-0.471151006,0.223634265,0.173684235,-0.032187515,-0.585035831
1.509383567,-0.471151006,2.219121018,1.994327541,1.850922902,1.095260166
1.509383567,-0.399885134,2.219121018,1.994327541,1.855071193,1.510148066
1.509383567,-0.542416878,-0.219807236,-0.736637418,-0.416053308,-0.647269016
1.509383567,-0.542416878,1.997400267,0.173684235,1.622299639,1.240470931
1.509383567,-0.471151006,0.667075765,0.173684235,0.462982255,-0.21163672
-0.904448899,-0.542416878,0.223634265,-0.736637418,0.200703016,0.141017995
-0.904448899,-0.328619262,0.223634265,-0.736637418,0.175811341,0.555905895
-0.904448899,-0.542416878,-0.884969487,0.173684235,-0.865169433,-0.937690546
-0.904448899,-0.399885134,0.667075765,1.994327541,0.659892668,2.070246732
-0.904448899,-0.542416878,0.223634265,1.084005888,0.184503871,-0.149403535
-0.904448899,-0.542416878,-1.106690237,-0.736637418,-1.116512924,-1.145134496
-0.904448899,-0.542416878,-1.106690237,-0.736637418,-1.142985497,-0.937690546
-0.904448899,-0.542416878,0.667075765,0.173684235,0.659892668,0.32771755
1.645885509,-0.399885134,1.775679517,1.084005888,1.924041113,1.468659276
1.645885509,3.020876714,-0.441527986,-0.736637418,-0.346751024,-0.419080671
1.645885509,-0.471151006,1.775679517,1.084005888,1.921472756,2.132479917
1.645885509,-0.542416878,-0.441527986,-0.736637418,-0.309407249,-0.460569461
1.645885509,-0.471151006,-1.106690237,-0.736637418,-0.955374539,-1.020668126
1.645885509,-0.542416878,-1.106690237,-0.736637418,-0.954189107,-0.854712966
1.645885509,0.882900559,0.445355015,0.173684235,0.590778723,0.223995575
1.645885509,-0.257353391,-1.993573239,-0.736637418,-2.149378711,-1.622255582
0.078682423,-0.542416878,-0.441527986,-0.736637418,-0.521353533,-0.999923731
0.078682423,-0.542416878,1.110517266,-0.736637418,0.900607728,0.680372265
0.078682423,-0.542416878,0.445355015,0.173684235,0.332812031,0.24473997
0.078682423,-0.542416878,-0.219807236,1.084005888,-0.296989832,-0.00419277
0.078682423,-0.399885134,1.332238016,1.084005888,1.14842045,1.800569597
0.078682423,-0.542416878,-1.106690237,-0.736637418,-1.160825269,-1.165878891
0.078682423,-0.542416878,1.332238016,1.084005888,1.14842045,1.053771376
0.078682423,-0.542416878,-1.771852488,-0.736637418,-1.827597598,-1.414811632
-2.403006044,-0.471151006,-0.441527986,-0.736637418,-0.460382513,-0.564291436
-2.403006044,2.664547355,0.001913514,1.084005888,-0.081540718,2.526623422
-2.403006044,-0.043555775,0.001913514,1.084005888,-0.081540718,0.638883475
-2.403006044,-0.542416878,-1.106690237,-0.736637418,-1.017147569,-1.020668126
-2.403006044,-0.542416878,-0.884969487,-0.736637418,-0.783707915,-0.792479781
-2.403006044,-0.399885134,-1.328410988,-0.736637418,-1.277931168,-1.228112076
-2.403006044,-0.542416878,-0.219807236,0.173684235,-0.109038321,-0.481313856
-2.403006044,-0.471151006,-0.884969487,-0.736637418,-0.747552463,-1.228112076
0.642526093,2.379483868,0.667075765,-0.736637418,0.88466195,0.41069513
0.642526093,-0.257353391,-0.219807236,0.173684235,-0.037113249,-0.17014793
0.642526093,-0.328619262,-0.884969487,-0.736637418,-0.623929815,-0.958434941
0.642526093,0.17024184,-0.884969487,-0.736637418,-0.649054627,-0.688757806
0.642526093,-0.257353391,1.332238016,1.994327541,1.425699914,1.095260166
0.642526093,0.027710097,-1.771852488,-0.736637418,-1.631526766,-1.248856472
0.642526093,0.241507712,1.332238016,0.173684235,1.409894789,1.053771376
0.642526093,-0.114821647,0.445355015,-0.736637418,0.616864501,0.32771755
-1.427277001,-0.257353391,-0.441527986,-0.736637418,-0.526492655,-0.730246596
-1.427277001,1.738091021,0.445355015,1.084005888,0.401015105,1.572381251
-1.427277001,-0.471151006,0.445355015,1.084005888,0.382444131,0.223995575
-1.427277001,1.239229918,-1.106690237,-0.736637418,-1.157587848,-1.145134496
-1.427277001,-0.328619262,0.445355015,0.173684235,0.396075883,0.49367271
-1.427277001,1.595559277,-0.441527986,0.173684235,-0.472557642,-0.522802646
-1.427277001,-0.542416878,-1.106690237,-0.736637418,-1.14909281,-1.103645706
-1.427277001,-0.471151006,-0.219807236,-0.736637418,-0.191922744,0.058040415
-0.556189653,-0.542416878,0.667075765,1.084005888,0.835051044,0.65962787
-0.556189653,-0.399885134,0.223634265,0.173684235,0.390030225,0.16176239
-0.556189653,2.165686252,-1.106690237,0.173684235,-0.883953794,-1.145134496
-0.556189653,-0.471151006,-0.441527986,-0.736637418,-0.219097135,-0.668013411
-0.556189653,-0.471151006,-0.884969487,-0.736637418,-0.598525625,-1.082901311
-0.556189653,-0.542416878,0.445355015,-0.736637418,0.609071282,0.389950735
-0.556189653,-0.542416878,-1.328410988,-0.736637418,-1.110573719,-1.248856472
-0.556189653,3.020876714,0.667075765,1.994327541,0.835051044,2.153224312
-0.119008703,-0.328619262,-1.993573239,-0.736637418,-2.067001987,-1.580766792
-0.119008703,-0.257353391,0.445355015,-0.736637418,0.491301617,0.28622876
-0.119008703,-0.471151006,1.110517266,0.173684235,1.049977045,1.344192906
-0.119008703,-0.471151006,0.667075765,-0.736637418,0.727348645,0.57665029
-0.119008703,-0.043555775,1.110517266,1.084005888,1.043065795,0.991538191
-0.119008703,-0.471151006,-0.884969487,0.173684235,-0.730904867,-0.481313856
-0.119008703,-0.542416878,-1.106690237,-0.736637418,-0.983889948,-1.435556027
-0.119008703,-0.542416878,1.110517266,0.173684235,1.03812561,0.472928315
-0.597778219,-0.257353391,-1.993573239,-0.736637418,-2.276311032,-1.705233162
-0.597778219,-0.399885134,0.667075765,0.173684235,0.811730633,0.867071821
-0.597778219,-0.186087519,0.667075765,1.994327541,0.811730633,1.572381251
-0.597778219,-0.399885134,-0.884969487,-0.736637418,-0.742178759,-0.750990991
-0.597778219,-0.399885134,-0.884969487,-0.736637418,-0.761935647,-0.647269016
-0.597778219,-0.471151006,0.223634265,-0.736637418,0.305553826,0.016551625
-0.597778219,-0.186087519,-0.219807236,0.173684235,-0.124227368,0.182506785
-0.597778219,-0.186087519,0.223634265,0.173684235,0.281248846,-0.356847486
0.248338478,0.954166431,-1.328410988,-0.736637418,-1.2186764,-1.165878891
0.248338478,0.17024184,1.110517266,1.084005888,1.228899808,1.364937301
0.248338478,0.027710097,-0.219807236,-0.736637418,0.063259795,-0.149403535
0.248338478,-0.257353391,1.110517266,1.994327541,1.230678197,1.178237746
0.248338478,-0.471151006,0.445355015,1.084005888,0.72328802,0.61813908
0.248338478,-0.542416878,-0.219807236,-0.736637418,0.051603443,-0.024937165
0.248338478,-0.542416878,-1.328410988,-0.736637418,-1.195231232,-1.124390101
0.248338478,-0.542416878,-0.219807236,-0.736637418,0.057135141,-0.066425955
-0.909736241,-0.542416878,-1.106690237,-0.736637418,-1.261811502,-1.373322842
-0.909736241,-0.471151006,-0.219807236,1.084005888,-0.467350602,0.1202736
-0.909736241,1.524293406,-1.106690237,-0.736637418,-1.267936156,-1.145134496
-0.909736241,-0.542416878,-0.884969487,-0.736637418,-1.008605807,-0.999923731
-0.909736241,-0.471151006,-1.106690237,-0.736637418,-1.269714546,-1.269600867
-0.909736241,4.731257639,1.110517266,0.173684235,0.657271325,2.319179472
-0.909736241,-0.542416878,1.110517266,0.173684235,0.657271325,0.950049401
-0.909736241,-0.257353391,0.667075765,0.173684235,0.364648674,0.20325118
0.773214391,0.455305328,-0.441527986,0.173684235,-0.597735658,-0.398336276
0.773214391,-0.471151006,-1.328410988,-0.736637418,-1.461207903,-1.062156916
0.773214391,-0.186087519,1.775679517,1.084005888,1.486810624,1.821313992
0.773214391,-0.542416878,-1.993573239,-0.736637418,-2.253967001,-1.477044817
0.773214391,-0.471151006,0.223634265,0.173684235,0.061744889,-0.190892325
0.773214391,0.740368815,1.775679517,1.084005888,1.490563932,1.883547177
0.773214391,-0.471151006,-0.219807236,-0.736637418,-0.352962864,0.058040415
0.773214391,-0.471151006,0.445355015,-0.736637418,0.321189397,0.03729602
-1.327843847,-0.542416878,-0.884969487,-0.736637418,-0.724790809,-0.502058251
-1.327843847,-0.542416878,-0.219807236,0.173684235,-0.153981677,-0.00419277
-1.327843847,-0.542416878,0.445355015,0.173684235,0.450269081,0.431439525
-1.327843847,-0.471151006,-0.219807236,0.173684235,-0.121382523,-0.00419277
-1.327843847,-0.399885134,-0.884969487,-0.736637418,-0.725581258,-0.481313856
-1.327843847,-0.542416878,-0.884969487,-0.736637418,-0.695534084,-0.896201756
-1.327843847,-0.471151006,0.445355015,2.904649194,0.450269081,1.447914881
-1.327843847,-0.542416878,-0.441527986,-0.736637418,-0.361976679,0.20325118
-1.752522934,-0.542416878,-0.219807236,0.173684235,-0.149126269,0.16176239
-1.752522934,-0.542416878,-0.219807236,-0.736637418,-0.209167632,-0.024937165
-1.752522934,-0.471151006,-0.441527986,-0.736637418,-0.482646583,-0.21163672
-1.752522934,-0.542416878,-0.219807236,0.173684235,-0.198179862,-0.585035831
-1.752522934,-0.542416878,-0.441527986,-0.736637418,-0.481065685,-0.377591881
-1.752522934,-0.542416878,0.223634265,0.173684235,0.240766397,0.28622876
-1.752522934,-0.471151006,-0.441527986,-0.736637418,-0.469211842,-0.273869906
-1.752522934,1.738091021,0.223634265,1.994327541,0.240766397,1.406426091
2.295575762,-0.399885134,2.219121018,1.994327541,2.246319809,1.800569597
2.295575762,-0.542416878,-0.441527986,-0.736637418,-0.476110086,-0.647269016
2.295575762,-0.471151006,0.223634265,-0.736637418,0.180540066,-0.564291436
2.295575762,-0.542416878,2.219121018,1.994327541,2.246319809,1.240470931
2.295575762,-0.542416878,-0.441527986,0.173684235,-0.468997491,-0.336103091
2.295575762,-0.471151006,-1.771852488,-0.736637418,-1.77957337,-1.435556027
2.295575762,-0.471151006,0.667075765,0.173684235,0.668910336,0.20325118
2.295575762,-0.399885134,1.775679517,0.173684235,1.75093039,0.887816216
-1.564958016,-0.542416878,-1.328410988,-0.736637418,-1.423782723,-1.082901311
-1.564958016,-0.043555775,0.223634265,0.173684235,0.106368886,-0.336103091
-1.564958016,-0.542416878,-0.219807236,-0.736637418,-0.265702312,-0.12865914
-1.564958016,-0.471151006,-0.441527986,-0.736637418,-0.517846849,-0.377591881
-1.564958016,-0.542416878,0.445355015,0.173684235,0.333044204,-0.024937165
-1.564958016,-0.471151006,0.223634265,0.173684235,0.092934626,0.058040415
-1.564958016,-0.471151006,-0.219807236,0.173684235,-0.284667788,-0.024937165
-1.564958016,3.305940202,0.445355015,1.084005888,0.333044204,1.759080807
1.01960743,0.5265712,0.223634265,-0.736637418,0.204711618,0.1202736
1.01960743,-0.542416878,0.223634265,0.173684235,0.219133819,0.41069513
1.01960743,-0.542416878,-0.441527986,-0.736637418,-0.440372739,-0.439825066
1.01960743,-0.542416878,0.445355015,0.173684235,0.486266539,0.32771755
1.01960743,-0.471151006,1.775679517,0.173684235,1.605054269,0.950049401
1.01960743,0.312773584,-2.65873549,-0.736637418,-2.825080079,-2.078632272
1.01960743,-0.257353391,0.445355015,-0.736637418,0.447011429,-0.024937165
1.01960743,0.312773584,1.775679517,3.814970847,1.612561848,1.842058387
-1.032793645,-0.399885134,-0.441527986,-0.736637418,-0.591962153,-0.833968571
-1.032793645,-0.542416878,-0.219807236,0.173684235,-0.3147771,-0.502058251
-1.032793645,-0.328619262,-0.884969487,-0.736637418,-0.939001505,-0.896201756
-1.032793645,-0.399885134,0.667075765,0.173684235,0.563231987,0.24473997
-1.032793645,-0.542416878,-1.993573239,-0.736637418,-2.3017658,-1.497789212
-1.032793645,3.092142586,0.888796516,1.084005888,0.596310902,1.966524757
-1.032793645,-0.399885134,-0.441527986,0.173684235,-0.606187826,-0.21163672
-1.032793645,-0.542416878,0.888796516,0.173684235,0.596310902,0.555905895
-0.369001221,-0.542416878,0.667075765,1.084005888,0.6480605,0.389950735
-0.369001221,-0.542416878,0.445355015,-0.736637418,0.398315729,-0.024937165
-0.369001221,-0.471151006,0.667075765,0.173684235,0.63660164,0.597394685
-0.369001221,1.096698174,-0.219807236,-0.736637418,-0.232188434,-0.315358696
-0.369001221,-0.542416878,1.110517266,1.084005888,0.92552156,0.846327426
-0.369001221,-0.542416878,-0.219807236,-0.736637418,-0.21063437,-0.21163672
-0.369001221,-0.542416878,-0.884969487,-0.736637418,-0.923300906,-0.958434941
-0.369001221,-0.399885134,1.110517266,1.994327541,0.92552156,1.012282586
-0.304697029,3.020876714,0.667075765,-0.736637418,0.656716421,0.03729602
-0.304697029,-0.542416878,-0.884969487,-0.736637418,-0.778602511,-0.626524621
-0.304697029,-0.328619262,-0.441527986,0.173684235,-0.39515434,-0.481313856
-0.304697029,0.740368815,-1.106690237,-0.736637418,-1.015067161,-1.145134496
-0.304697029,-0.542416878,1.110517266,1.084005888,0.956830274,0.721861055
-0.304697029,-0.471151006,-1.106690237,-0.736637418,-1.069425578,-0.958434941
-0.304697029,0.740368815,-0.441527986,0.173684235,-0.425789655,-0.439825066
-0.304697029,-0.399885134,1.110517266,1.994327541,0.956830274,1.925035967
0.617098211,2.165686252,-1.328410988,-0.736637418,-1.032922348,-1.414811632
0.617098211,0.17024184,0.667075765,-0.736637418,1.109846928,0.389950735
0.617098211,-0.328619262,-0.219807236,-0.736637418,0.178729403,0.099529205
0.617098211,-0.542416878,0.445355015,-0.736637418,0.871804751,0.16176239
0.617098211,-0.328619262,1.110517266,3.814970847,1.413219395,1.925035967
0.617098211,-0.542416878,-1.993573239,-0.736637418,-1.869227427,-1.871188322
0.617098211,1.738091021,0.445355015,-0.736637418,0.868643919,0.182506785
0.617098211,-0.542416878,1.110517266,1.084005888,1.413219395,0.721861055
1.4665167,-0.542416878,-0.219807236,0.173684235,-0.203562237,-0.336103091
1.4665167,-0.471151006,-0.441527986,-0.736637418,-0.500560054,-0.626524621
1.4665167,-0.471151006,1.110517266,0.173684235,1.125969967,0.65962787
1.4665167,-0.471151006,-1.328410988,-0.736637418,-1.437161589,-1.228112076
1.4665167,-0.471151006,1.775679517,2.904649194,1.835227601,1.261215326
1.4665167,-0.542416878,0.445355015,-0.736637418,0.476771518,0.182506785
1.4665167,-0.542416878,0.667075765,-0.736637418,0.772652302,0.28622876
1.4665167,-0.542416878,1.775679517,1.084005888,1.816247193,1.302704116
-1.111057003,-0.542416878,-1.328410988,-0.736637418,-1.579320047,-1.435556027
-1.111057003,-0.471151006,-1.771852488,-0.736637418,-1.917426507,-1.663744372
-1.111057003,-0.471151006,0.223634265,0.173684235,-0.042100158,0.24473997
-1.111057003,-0.399885134,-0.441527986,-0.736637418,-0.67474205,-0.543547041
-1.111057003,-0.542416878,0.667075765,-0.736637418,0.406306441,0.555905895
-1.111057003,3.23467433,1.110517266,1.994327541,0.559877998,0.45218392
-1.111057003,-0.471151006,0.445355015,0.173684235,0.186963366,0.389950735
-1.111057003,2.593281483,1.110517266,1.084005888,0.559877998,1.468659276
-0.548381704,-0.471151006,-0.884969487,0.173684235,-0.894212289,-0.502058251
-0.548381704,-0.399885134,1.110517266,0.173684235,0.837375667,0.887816216
-0.548381704,0.17024184,0.223634265,0.173684235,0.043434508,0.16176239
-0.548381704,-0.542416878,-0.219807236,0.173684235,-0.32724365,-0.04568156
-0.548381704,-0.471151006,-1.106690237,-0.736637418,-1.216450041,-1.020668126
-0.548381704,-0.471151006,-1.328410988,-0.736637418,-1.446080994,-1.145134496
-0.548381704,-0.542416878,-1.106690237,-0.736637418,-1.210522879,-1.228112076
-0.548381704,-0.399885134,1.110517266,1.084005888,0.837375667,2.111735522
-0.036541739,-0.542416878,-0.441527986,-0.736637418,-0.384836115,-0.419080671
-0.036541739,-0.542416878,0.445355015,1.994327541,0.548172514,0.57665029
-0.036541739,1.167964046,-1.328410988,-0.736637418,-1.375168428,-1.248856472
-0.036541739,1.239229918,-1.106690237,-0.736637418,-1.085129548,-1.290345262
-0.036541739,-0.471151006,1.110517266,1.084005888,1.090612189,1.385681696
-0.036541739,1.167964046,1.110517266,0.173684235,1.087056373,1.261215326
-0.036541739,1.880622765,0.667075765,0.173684235,0.809769202,0.70111666
-0.036541739,-0.542416878,-0.884969487,-0.736637418,-0.783248867,-0.564291436
0.962969154,-0.542416878,0.445355015,-0.736637418,0.154537138,0.20325118
0.962969154,1.381761662,-0.441527986,-0.736637418,-0.687513026,-0.647269016
0.962969154,-0.542416878,-0.441527986,-0.736637418,-0.707074349,-0.750990991
0.962969154,-0.399885134,0.223634265,0.173684235,-0.0687866,-0.460569461
0.962969154,-0.043555775,1.997400267,1.084005888,1.585305088,1.302704116
0.962969154,-0.471151006,-1.328410988,-0.736637418,-1.581434173,-1.331834052
0.962969154,-0.471151006,1.997400267,1.084005888,1.585305088,1.987269152
0.962969154,-0.542416878,0.667075765,0.173684235,0.445163195,0.32771755
0.007000273,-0.542416878,-0.219807236,-0.736637418,-0.303728156,-0.107914745
0.007000273,-0.542416878,-0.219807236,1.084005888,-0.284367215,-0.439825066
0.007000273,0.882900559,-0.884969487,-0.736637418,-0.917465746,-0.833968571
0.007000273,-0.542416878,-0.441527986,-0.736637418,-0.555274919,-0.481313856
0.007000273,-0.043555775,-0.441527986,-0.736637418,-0.514420607,-0.502058251
0.007000273,-0.471151006,0.223634265,-0.736637418,0.143877397,-0.294614301
0.007000273,-0.471151006,1.332238016,1.994327541,1.111181202,1.593125646
0.007000273,0.027710097,1.332238016,1.084005888,1.106834455,1.447914881
-1.004775112,1.239229918,0.667075765,1.084005888,0.610212399,1.987269152
-1.004775112,-0.542416878,-1.106690237,-0.736637418,-1.323605244,-1.165878891
-1.004775112,2.379483868,-1.328410988,-0.736637418,-1.450708564,-1.248856472
-1.004775112,-0.471151006,0.667075765,0.173684235,0.610212399,0.825583031
-1.004775112,-0.542416878,-1.106690237,-0.736637418,-1.200895875,-1.228112076
-1.004775112,0.455305328,0.445355015,0.173684235,0.390205559,0.28622876
-1.004775112,1.951888637,-1.106690237,0.173684235,-1.153874521,-0.916946151
-1.004775112,0.811634687,0.445355015,0.173684235,0.365498371,0.763349846
-1.099748804,-0.542416878,-0.884969487,-0.736637418,-0.959011279,-0.813224176
-1.099748804,-0.542416878,0.667075765,0.173684235,0.550854068,1.178237746
-1.099748804,-0.471151006,-1.771852488,-0.736637418,-1.865521806,-1.497789212
-1.099748804,-0.471151006,0.223634265,0.173684235,0.068452385,0.182506785
-1.099748804,-0.471151006,0.667075765,1.994327541,0.563103859,1.157493351
-1.099748804,-0.542416878,-1.106690237,-0.736637418,-1.174150667,-0.854712966
-1.099748804,-0.471151006,-0.441527986,0.173684235,-0.582051918,-0.585035831
-1.099748804,-0.542416878,0.667075765,-0.736637418,0.563103859,0.908560611
0.9778457,-0.542416878,0.667075765,-0.736637418,0.968820435,0.825583031
0.9778457,-0.114821647,-1.771852488,-0.736637418,-1.817578502,-1.580766792
0.9778457,-0.186087519,1.332238016,1.994327541,1.591689372,1.676103226
0.9778457,-0.471151006,-0.884969487,-0.736637418,-0.577817886,-0.709502201
0.9778457,-0.471151006,1.332238016,1.084005888,1.596431102,1.385681696
0.9778457,-0.328619262,-1.106690237,-0.736637418,-0.921886672,-1.228112076
0.9778457,3.163408458,-1.771852488,-0.736637418,-1.577595607,-1.373322842
0.9778457,-0.257353391,1.110517266,-0.736637418,1.348200275,1.095260166
0.425261588,-0.471151006,0.667075765,0.173684235,0.759266211,0.763349846
0.425261588,-0.542416878,0.445355015,-0.736637418,0.514715475,0.223995575
0.425261588,-0.328619262,-0.884969487,-0.736637418,-0.759851386,-0.543547041
0.425261588,-0.471151006,-0.219807236,0.173684235,-0.133258524,-0.190892325
0.425261588,-0.328619262,-0.884969487,-0.736637418,-0.733998745,-0.398336276
0.425261588,3.804801305,-1.106690237,-0.736637418,-1.025696556,-0.958434941
0.425261588,-0.471151006,1.332238016,3.814970847,1.31827015,1.759080807
0.425261588,-0.257353391,1.332238016,0.173684235,1.31827015,0.597394685
0.091782578,-0.542416878,0.445355015,-0.736637418,0.608834773,0.265484365
0.091782578,1.595559277,0.223634265,0.173684235,0.306159789,0.099529205
0.091782578,-0.471151006,-1.771852488,-0.736637418,-1.719112457,-1.684488767
0.091782578,-0.257353391,1.110517266,1.084005888,1.153155437,1.676103226
0.091782578,-0.328619262,-0.884969487,-0.736637418,-0.75601571,-0.564291436
0.091782578,-0.471151006,1.110517266,0.173684235,1.153155437,0.680372265
0.091782578,-0.542416878,0.445355015,1.084005888,0.581570306,0.1202736
0.091782578,-0.471151006,-0.441527986,-0.736637418,-0.3988142,-0.709502201
-1.479357559,-0.542416878,0.223634265,-0.736637418,0.103029347,0.141017995
-1.479357559,1.666825149,-0.219807236,0.173684235,-0.286319012,-0.107914745
-1.479357559,-0.542416878,-0.441527986,-0.736637418,-0.545204282,-0.626524621
-1.479357559,-0.471151006,0.223634265,0.173684235,0.127527002,0.141017995
-1.479357559,-0.542416878,-1.106690237,-0.736637418,-1.268943846,-0.958434941
-1.479357559,-0.471151006,0.445355015,1.994327541,0.377796812,1.116004561
-1.479357559,-0.542416878,0.445355015,0.173684235,0.367127919,0.680372265
-1.479357559,1.31049579,-0.219807236,0.173684235,-0.380579444,-0.08717035
0.825235607,-0.542416878,1.332238016,1.994327541,1.516322644,0.74260545
0.825235607,-0.542416878,0.445355015,0.173684235,0.681600389,-0.439825066
0.825235607,-0.542416878,-4.210780742,-0.736637418,-4.597712613,-1.995654692
0.825235607,-0.471151006,-1.328410988,-0.736637418,-1.167022177,-1.352578447
0.825235607,-0.399885134,1.332238016,1.994327541,1.516322644,2.360668262
0.825235607,1.524293406,-0.441527986,-0.736637418,-0.261392174,-0.730246596
0.825235607,-0.542416878,-0.219807236,-0.736637418,0.069608434,-0.709502201
0.825235607,-0.542416878,-0.219807236,-0.736637418,0.008953401,-0.522802646
0.046828013,-0.471151006,1.110517266,1.084005888,1.12340161,0.784094241
0.046828013,0.027710097,1.110517266,-0.736637418,1.098115915,0.70111666
0.046828013,3.092142586,-0.219807236,0.173684235,-0.138921722,0.03729602
0.046828013,-0.399885134,-0.884969487,-0.736637418,-0.770748117,-0.833968571
0.046828013,-0.471151006,-0.219807236,0.173684235,-0.134575457,-0.481313856
0.046828013,-0.471151006,-1.328410988,-0.736637418,-1.317151597,-1.394067237
0.046828013,-0.471151006,1.110517266,0.173684235,1.130908225,1.240470931
0.046828013,-0.542416878,-0.884969487,-0.736637418,-0.762056069,-0.854712966
1.717954846,0.027710097,1.997400267,1.084005888,1.958341105,1.634614436
1.717954846,-0.542416878,-1.993573239,-0.736637418,-2.126691237,-1.622255582
1.717954846,-0.471151006,-0.441527986,-0.736637418,-0.33263036,-0.419080671
1.717954846,-0.471151006,0.223634265,-0.736637418,0.301838572,-0.066425955
1.717954846,-0.542416878,0.223634265,0.173684235,0.322188417,0.182506785
1.717954846,-0.399885134,0.667075765,1.994327541,0.76591735,0.306973155
1.717954846,0.597837072,-1.328410988,-0.736637418,-1.325778135,-1.290345262
1.717954846,-0.542416878,1.997400267,0.173684235,1.958341105,1.572381251
-0.705988263,-0.399885134,-0.884969487,-0.736637418,-0.850180768,-1.103645706
-0.705988263,-0.471151006,-0.441527986,-0.736637418,-0.435292382,-0.419080671
-0.705988263,-0.399885134,-0.219807236,-0.736637418,-0.194007487,-0.08717035
-0.705988263,-0.471151006,0.445355015,0.173684235,0.496788036,0.24473997
-0.705988263,-0.471151006,-0.884969487,-0.736637418,-0.822917746,-0.854712966
-0.705988263,-0.542416878,0.667075765,1.084005888,0.761113964,0.514417105
-0.705988263,-0.471151006,0.667075765,2.904649194,0.761113964,1.593125646
-0.705988263,-0.399885134,0.223634265,-0.736637418,0.244007671,0.1202736
-1.172433943,-0.257353391,-1.328410988,-0.736637418,-1.435041202,-0.896201756
-1.172433943,-0.542416878,-0.441527986,0.173684235,-0.596654751,-0.356847486
-1.172433943,0.312773584,0.667075765,1.994327541,0.527198884,2.111735522
-1.172433943,-0.471151006,-0.219807236,-0.736637418,-0.495036545,-0.273869906
-1.172433943,-0.471151006,-1.106690237,-0.736637418,-1.187844557,-0.813224176
-1.172433943,-0.542416878,-1.106690237,-0.736637418,-1.181522411,-0.730246596
-1.172433943,-0.542416878,-1.106690237,-0.736637418,-1.197722519,-0.813224176
-1.172433943,-0.186087519,0.667075765,1.084005888,0.527198884,1.116004561
-0.094886362,-0.542416878,-0.884969487,-0.736637418,-0.71925863,-0.730246596
-0.094886362,-0.471151006,-0.441527986,0.173684235,-0.369330118,-0.377591881
-0.094886362,-0.471151006,0.667075765,-0.736637418,0.753077492,0.45218392
-0.094886362,3.092142586,-1.106690237,-0.736637418,-1.005211838,-1.124390101
-0.094886362,-0.471151006,1.110517266,1.994327541,1.060598251,1.178237746
-0.094886362,-0.542416878,-0.219807236,0.173684235,-0.147063683,-0.253125511
-0.094886362,-0.471151006,0.223634265,-0.736637418,0.243358839,0.03729602
-0.094886362,-0.399885134,1.110517266,0.173684235,1.060598251,0.887816216
-0.363637026,-0.542416878,0.667075765,1.084005888,0.927442529,0.825583031
-0.363637026,-0.542416878,-0.219807236,-0.736637418,0.029542163,-0.232381115
-0.363637026,0.811634687,0.223634265,1.084005888,0.439877158,-0.377591881
-0.363637026,-0.542416878,0.445355015,0.173684235,0.698326501,0.20325118
-0.363637026,2.023154509,-0.219807236,0.173684235,0.008599843,-0.564291436
-0.363637026,1.025432303,-0.441527986,-0.736637418,-0.233261151,-0.336103091
-0.363637026,-0.471151006,0.667075765,0.173684235,0.927442529,1.551636856
-0.363637026,-0.471151006,-1.328410988,-0.736637418,-1.217874391,-1.331834052
0.032710276,-0.542416878,0.667075765,1.084005888,0.506403478,0.28622876
0.032710276,-0.471151006,-0.219807236,-0.736637418,-0.369853712,-0.439825066
0.032710276,-0.471151006,1.110517266,0.173684235,0.872285475,0.70111666
0.032710276,-0.471151006,-1.328410988,-0.736637418,-1.557107517,-1.290345262
0.032710276,-0.257353391,-0.884969487,-0.736637418,-1.042229029,-0.937690546
0.032710276,-0.328619262,1.332238016,0.173684235,1.12387559,1.012282586
0.032710276,-0.542416878,1.332238016,0.173684235,1.119726335,1.116004561
0.032710276,2.735813227,0.445355015,1.084005888,0.283140433,0.223995575
0.136515337,-0.328619262,-0.884969487,-0.736637418,-0.976706545,-0.833968571
0.136515337,-0.471151006,-1.106690237,-0.736637418,-1.204389072,-1.290345262
0.136515337,-0.471151006,1.332238016,2.904649194,1.175284153,1.655358831
0.136515337,-0.399885134,-0.219807236,-0.736637418,-0.376492327,-0.066425955
0.136515337,-0.542416878,-1.106690237,-0.736637418,-1.205771515,-1.414811632
0.136515337,2.023154509,0.223634265,-0.736637418,0.126913814,0.24473997
0.136515337,-0.471151006,0.445355015,1.084005888,0.369503119,0.555905895
0.136515337,-0.399885134,1.332238016,0.173684235,1.175284153,1.821313992
0.843902306,0.027710097,1.332238016,0.173684235,1.525561407,0.763349846
0.843902306,3.23467433,-1.106690237,-0.736637418,-1.112811156,-1.207367681
0.843902306,-0.257353391,0.667075765,1.084005888,0.774803518,0.65962787
0.843902306,-0.542416878,-0.219807236,-0.736637418,-0.210499498,-0.294614301
0.843902306,0.098975969,1.332238016,1.084005888,1.524178964,1.012282586
0.843902306,-0.399885134,-0.219807236,-0.736637418,-0.20002906,-0.17014793
0.843902306,-0.328619262,-0.219807236,0.173684235,-0.180667156,-0.543547041
0.843902306,-0.257353391,0.223634265,-0.736637418,0.203222723,-0.12865914
0.104020804,3.163408458,0.667075765,1.084005888,0.83380251,1.012282586
0.104020804,-0.542416878,-0.441527986,-0.736637418,-0.303837499,-0.626524621
0.104020804,-0.542416878,-0.441527986,-0.736637418,-0.324779338,-0.481313856
0.104020804,-0.471151006,1.110517266,1.084005888,1.161173604,1.240470931
0.104020804,0.241507712,-0.441527986,-0.736637418,-0.298700785,-0.543547041
0.104020804,-0.471151006,1.110517266,1.084005888,1.161173604,0.638883475
0.104020804,-0.471151006,-0.884969487,-0.736637418,-0.718810179,-0.813224176
0.104020804,-0.542416878,0.223634265,-0.736637418,0.311067701,0.223995575
0.520079626,-0.542416878,-0.884969487,-0.736637418,-0.631898369,-0.626524621
0.520079626,-0.471151006,0.667075765,1.084005888,1.002601168,0.141017995
0.520079626,-0.542416878,-1.771852488,-0.736637418,-1.629888548,-1.497789212
0.520079626,0.241507712,-0.884969487,0.173684235,-0.684587739,-0.647269016
0.520079626,-0.328619262,1.110517266,0.173684235,1.366412873,1.655358831
0.520079626,-0.471151006,-0.441527986,-0.736637418,-0.30009816,-0.21163672
0.520079626,-0.471151006,-0.219807236,0.173684235,0.059251675,-0.377591881
0.520079626,0.455305328,1.110517266,0.173684235,1.366412873,0.721861055
0.776702966,-0.471151006,1.775679517,1.994327541,1.493871197,1.904291572
0.776702966,-0.471151006,0.223634265,0.173684235,0.036280006,0.016551625
0.776702966,0.811634687,-0.219807236,0.173684235,-0.37593357,-0.08717035
0.776702966,-0.471151006,-0.884969487,-0.736637418,-0.976390558,-0.792479781
0.776702966,-0.471151006,-1.106690237,-0.736637418,-1.21665813,-0.647269016
0.776702966,-0.471151006,-1.328410988,-0.736637418,-1.464500236,-0.979179336
0.776702966,-0.542416878,0.223634265,-0.736637418,0.033513675,-0.273869906
0.776702966,0.312773584,1.775679517,0.173684235,1.480239445,1.883547177
-0.484285698,-0.471151006,-1.106690237,-0.736637418,-1.103850809,-1.228112076
-0.484285698,-0.043555775,1.110517266,1.994327541,0.867927168,1.012282586
-0.484285698,-0.542416878,-0.441527986,-0.736637418,-0.520130047,-0.585035831
-0.484285698,-0.399885134,1.110517266,0.173684235,0.867927168,1.676103226
-0.484285698,-0.542416878,0.445355015,-0.736637418,0.365588446,0.45218392
-0.484285698,-0.542416878,-0.219807236,-0.736637418,-0.287598855,-0.04568156
-0.484285698,-0.542416878,-0.219807236,1.084005888,-0.262704772,-0.12865914
-0.484285698,-0.114821647,-1.106690237,-0.736637418,-1.089231116,-1.041412521
0.245431656,-0.542416878,-0.219807236,-0.736637418,0.026987294,-0.356847486
0.245431656,2.308217996,-0.441527986,-0.736637418,-0.290084843,-0.481313856
0.245431656,-0.471151006,0.223634265,0.173684235,0.410225449,-0.232381115
0.245431656,1.809356893,1.110517266,-0.736637418,1.229050094,0.61813908
0.245431656,-0.542416878,0.667075765,0.173684235,0.925268193,0.804838636
0.245431656,-0.471151006,1.110517266,1.994327541,1.229050094,1.281959721
0.245431656,3.519737817,0.223634265,0.173684235,0.455469859,-0.419080671
0.245431656,-0.471151006,0.445355015,0.173684235,0.662789535,0.555905895
-0.487620566,-0.542416878,-0.441527986,0.173684235,-0.271745561,-0.398336276
-0.487620566,-0.471151006,-0.219807236,-0.736637418,-0.020891465,-0.439825066
-0.487620566,-0.399885134,0.667075765,1.084005888,0.866274981,1.012282586
-0.487620566,1.524293406,0.223634265,-0.736637418,0.359569281,0.03729602
-0.487620566,-0.471151006,0.667075765,1.084005888,0.866274981,0.950049401
-0.487620566,-0.257353391,-0.884969487,-0.736637418,-0.712143627,-1.041412521
-0.487620566,-0.471151006,0.445355015,0.173684235,0.631333425,0.638883475
-0.487620566,0.954166431,-1.328410988,-0.736637418,-1.248870971,-1.331834052
-1.851505666,-0.542416878,-0.884969487,-0.736637418,-0.966209133,-0.688757806
-1.851505666,-0.542416878,0.445355015,0.173684235,0.190933915,0.16176239
-1.851505666,-0.471151006,0.223634265,1.084005888,0.144586923,-0.190892325
-1.851505666,0.17024184,-0.884969487,-0.736637418,-0.896595197,-0.854712966
-1.851505666,-0.186087519,0.445355015,1.994327541,0.190933915,1.966524757
-1.851505666,-0.542416878,-0.219807236,-0.736637418,-0.277005587,-0.336103091
-1.851505666,-0.542416878,-0.441527986,-0.736637418,-0.53278301,-0.398336276
-1.851505666,-0.186087519,-0.884969487,-0.736637418,-0.926627439,-0.792479781
-0.119353086,-0.542416878,0.667075765,0.173684235,0.731670343,0.389950735
-0.119353086,-0.542416878,-0.219807236,0.173684235,-0.227443813,-0.17014793
-0.119353086,-0.542416878,1.110517266,0.173684235,1.048583042,0.784094241
-0.119353086,-0.399885134,1.110517266,1.994327541,1.048583042,1.738336411
-0.119353086,1.453027534,-0.884969487,-0.736637418,-0.80269892,-0.709502201
-0.119353086,-0.471151006,-0.884969487,-0.736637418,-0.794202919,-0.958434941
-0.119353086,-0.471151006,0.667075765,-0.736637418,0.753205621,0.058040415
-0.119353086,-0.542416878,-1.328410988,-0.736637418,-1.330167752,-1.311089657
-0.175030204,-0.542416878,-1.106690237,-0.736637418,-1.21949864,-1.290345262
-0.175030204,-0.471151006,1.332238016,1.994327541,1.02104883,1.261215326
-0.175030204,-0.471151006,-0.884969487,-0.736637418,-0.967800146,-1.041412521
-0.175030204,-0.328619262,-0.441527986,0.173684235,-0.621529086,-0.481313856
-0.175030204,-0.471151006,1.110517266,0.173684235,0.783046152,0.555905895
-0.175030204,0.17024184,1.332238016,0.173684235,1.02104883,1.966524757
-0.175030204,-0.399885134,-0.219807236,0.173684235,-0.373889289,-0.564291436
-0.175030204,-0.471151006,0.445355015,-0.736637418,0.197592761,0.182506785
0.866158756,-0.114821647,-0.219807236,-0.736637418,-0.176939859,-0.460569461
0.866158756,-0.542416878,1.775679517,1.084005888,1.534212512,1.240470931
0.866158756,-0.114821647,1.775679517,1.084005888,1.539744209,1.987269152
0.866158756,-0.471151006,-0.441527986,-0.736637418,-0.425162016,-0.668013411
0.866158756,-0.257353391,-0.219807236,0.173684235,-0.165680417,-0.04568156
0.866158756,-0.328619262,0.667075765,1.084005888,0.681361954,0.5351615
0.866158756,2.664547355,-1.328410988,-0.736637418,-1.25936742,-1.435556027
0.866158756,-0.257353391,-1.106690237,-0.736637418,-1.014730462,-0.750990991
0.577653767,-0.471151006,-0.441527986,-0.736637418,-0.289046807,-0.439825066
0.577653767,-0.328619262,-0.884969487,-0.736637418,-0.625268425,-0.958434941
0.577653767,-0.542416878,1.110517266,0.173684235,1.338813152,0.950049401
0.577653767,-0.399885134,1.110517266,1.994327541,1.395119512,0.846327426
0.577653767,-0.471151006,-0.219807236,-0.736637418,-0.011711467,-0.315358696
0.577653767,-0.471151006,-0.884969487,-0.736637418,-0.648979484,-0.709502201
0.577653767,-0.471151006,-0.441527986,-0.736637418,-0.232528987,-0.647269016
0.577653767,-0.328619262,1.110517266,1.084005888,1.394921057,0.784094241
0.469079884,-0.043555775,1.332238016,-0.736637418,1.335631125,1.116004561
0.469079884,-0.542416878,-1.993573239,-0.736637418,-2.095440807,-1.705233162
0.469079884,-0.542416878,-0.219807236,0.173684235,-0.152879576,-0.12865914
0.469079884,-0.471151006,1.110517266,0.173684235,1.145474451,0.5351615
0.469079884,-0.542416878,-0.441527986,0.173684235,-0.405885852,-0.522802646
0.469079884,-0.328619262,-1.328410988,-0.736637418,-1.311484545,-1.103645706
0.469079884,-0.399885134,1.332238016,1.994327541,1.339977872,2.381412657
0.469079884,-0.542416878,0.223634265,0.173684235,0.298308767,-0.17014793
-0.044978138,-0.471151006,-0.884969487,-0.736637418,-0.986235766,-0.916946151
-0.044978138,3.519737817,-1.328410988,-0.736637418,-1.476127205,-1.518533607
-0.044978138,-0.542416878,0.223634265,-0.736637418,0.0198352,0.28622876
-0.044978138,-0.471151006,0.445355015,-0.736637418,0.28350796,-0.00419277
-0.044978138,-0.399885134,-0.441527986,-0.736637418,-0.648036822,-0.460569461
-0.044978138,-0.471151006,1.332238016,1.084005888,1.085644066,1.385681696
-0.044978138,1.738091021,1.332238016,1.084005888,1.081494811,1.012282586
-0.044978138,-0.542416878,1.110517266,1.084005888,0.854958218,0.804838636
0.124668189,-0.471151006,0.223634265,1.084005888,0.319655223,0.16176239
0.124668189,-0.399885134,0.223634265,-0.736637418,0.365886129,-0.377591881
0.124668189,-0.399885134,1.110517266,1.084005888,1.169443213,1.178237746
0.124668189,-0.399885134,1.110517266,0.173684235,1.162725601,0.1202736
0.124668189,-0.542416878,-0.441527986,-0.736637418,-0.436155566,-0.605780226
0.124668189,-0.542416878,-1.106690237,-0.736637418,-1.164609405,-1.124390101
0.124668189,-0.542416878,-0.441527986,-0.736637418,-0.407495169,-0.522802646
0.124668189,-0.542416878,1.110517266,0.173684235,1.159367277,1.302704116
-0.292661152,0.312773584,1.110517266,1.084005888,0.951525933,0.784094241
-0.292661152,-0.471151006,-0.219807236,-0.736637418,-0.259371014,-0.356847486
-0.292661152,-0.257353391,-0.219807236,0.173684235,-0.293799135,0.099529205
-0.292661152,0.882900559,-1.328410988,-0.736637418,-1.438213594,-1.331834052
-0.292661152,0.17024184,-0.441527986,-0.736637418,-0.551982586,-0.522802646
-0.292661152,-0.471151006,0.667075765,0.173684235,0.630458681,0.431439525
-0.292661152,-0.114821647,1.110517266,1.084005888,0.96280705,1.530892461
-0.292661152,-0.542416878,-0.884969487,-0.736637418,-0.93054741,-0.792479781
1.034330269,-0.471151006,0.667075765,-0.736637418,0.226371171,0.5351615
1.034330269,-0.542416878,1.775679517,0.173684235,1.173103073,1.136748956
1.034330269,-0.186087519,-1.106690237,-0.736637418,-1.481508134,-1.103645706
1.034330269,-0.471151006,2.219121018,0.173684235,1.616300705,1.530892461
1.034330269,-0.399885134,-2.43701474,-0.736637418,-2.842537391,-1.829699532
1.034330269,2.308217996,0.445355015,-0.736637418,-0.020503225,0.07878481
1.034330269,-0.542416878,-1.771852488,0.173684235,-2.111200654,-1.580766792
1.034330269,-0.399885134,2.219121018,3.814970847,1.623017353,2.402157052
-0.311806485,-0.542416878,-0.219807236,0.173684235,-0.13319157,-0.253125511
-0.311806485,2.023154509,-1.106690237,-0.736637418,-1.033054812,-1.062156916
-0.311806485,-0.471151006,1.110517266,0.173684235,0.954705069,0.41069513
-0.311806485,-0.542416878,-1.106690237,-0.736637418,-1.037796542,-0.916946151
-0.311806485,-0.471151006,1.110517266,2.904649194,0.954705069,2.132479917
-0.311806485,-0.471151006,-0.884969487,-0.736637418,-0.812354343,-0.585035831
-0.311806485,-0.257353391,0.223634265,1.084005888,0.239612756,0.24473997
-0.311806485,-0.257353391,0.445355015,-0.736637418,0.46158488,0.182506785
0.219077638,-0.542416878,0.223634265,1.084005888,0.383833318,0.016551625
0.219077638,-0.399885134,-1.106690237,-0.736637418,-1.022025135,-1.020668126
0.219077638,3.092142586,1.110517266,1.084005888,1.213818177,0.804838636
0.219077638,0.312773584,0.445355015,-0.736637418,0.607097808,0.182506785
0.219077638,-0.471151006,-0.441527986,-0.736637418,-0.329462302,-0.522802646
0.219077638,-0.471151006,-1.328410988,-0.736637418,-1.288585129,-1.248856472
0.219077638,-0.471151006,1.110517266,0.173684235,1.216189042,1.219726536
0.219077638,0.312773584,0.223634265,-0.736637418,0.351235127,0.41069513
0.854031433,-0.257353391,1.110517266,-0.736637418,0.93420542,0.804838636
0.854031433,-0.471151006,1.775679517,1.994327541,1.528602781,1.655358831
0.854031433,0.241507712,-0.219807236,0.173684235,-0.20974084,-0.04568156
0.854031433,1.167964046,-1.106690237,-0.736637418,-1.095424652,-1.684488767
0.854031433,-0.471151006,-0.441527986,-0.736637418,-0.472375564,-0.771735386
0.854031433,-0.471151006,-0.884969487,-0.736637418,-0.85031275,-0.916946151
0.854031433,-0.328619262,1.775679517,1.994327541,1.530776154,2.215457497
0.854031433,-0.328619262,0.223634265,-0.736637418,0.156824189,-0.294614301
0.291018561,-0.542416878,-1.328410988,-0.736637418,-1.300543981,-1.082901311
0.291018561,-0.471151006,-0.219807236,-0.736637418,-0.173538665,-0.439825066
0.291018561,-0.399885134,0.223634265,-0.736637418,0.208496236,0.182506785
0.291018561,-0.471151006,-0.441527986,-0.736637418,-0.444010923,-0.585035831
0.291018561,-0.542416878,1.332238016,1.084005888,1.251810784,1.447914881
0.291018561,1.453027534,-0.884969487,-0.736637418,-0.808917985,-0.647269016
0.291018561,2.023154509,-0.884969487,-0.736637418,-0.810103418,-0.522802646
0.291018561,-0.399885134,1.332238016,2.904649194,1.251810784,2.132479917
-0.165041166,-0.542416878,0.223634265,-0.736637418,0.195499829,0.182506785
-0.165041166,-0.542416878,0.667075765,1.994327541,0.694451808,0.472928315
-0.165041166,-0.471151006,-1.106690237,-0.736637418,-0.995533295,-1.165878891
-0.165041166,-0.471151006,1.110517266,1.084005888,1.026787653,1.883547177
-0.165041166,-0.399885134,-0.884969487,-0.736637418,-0.757790246,-0.771735386
-0.165041166,-0.542416878,-1.771852488,-0.736637418,-1.714949715,-1.435556027
-0.165041166,-0.542416878,1.110517266,0.173684235,1.026787653,0.867071821
-0.165041166,-0.542416878,0.667075765,0.173684235,0.720530842,0.389950735
-2.208348208,1.666825149,-0.219807236,-0.736637418,-0.174194241,-0.315358696
-2.208348208,-0.471151006,-1.328410988,-0.736637418,-1.285939702,-1.414811632
-2.208348208,-0.257353391,-0.441527986,0.173684235,-0.420813343,-0.398336276
-2.208348208,-0.399885134,-0.219807236,-0.736637418,-0.172020868,-0.481313856
-2.208348208,1.167964046,0.001913514,1.084005888,0.014253889,1.447914881
-2.208348208,0.954166431,0.001913514,-0.736637418,0.014253889,-0.04568156
-2.208348208,2.023154509,0.001913514,-0.736637418,-0.044015347,0.20325118
-2.208348208,-0.328619262,-1.106690237,0.173684235,-1.0435739,-0.958434941
-0.444541622,2.949610843,-0.884969487,-0.736637418,-0.630810719,-0.916946151
-0.444541622,-0.471151006,0.667075765,0.173684235,0.887600243,0.70111666
-0.444541622,-0.542416878,-0.441527986,-0.736637418,-0.242961371,-0.377591881
-0.444541622,-0.542416878,0.445355015,0.173684235,0.617576435,0.28622876
-0.444541622,-0.542416878,-0.219807236,0.173684235,-0.01001352,-0.066425955
-0.444541622,-0.542416878,0.223634265,-0.736637418,0.386478263,0.1202736
-0.444541622,-0.399885134,0.667075765,2.904649194,0.887600243,1.966524757
-0.444541622,-0.542416878,-1.328410988,-0.736637418,-1.100285841,-1.020668126
-0.10232269,-0.542416878,0.223634265,0.173684235,0.022804321,-0.149403535
-0.10232269,-0.328619262,-1.106690237,-0.736637418,-1.250451387,-0.668013411
-0.10232269,-0.471151006,-0.884969487,-0.736637418,-0.971066468,-0.750990991
-0.10232269,1.809356893,1.332238016,1.994327541,1.057044362,1.987269152
-0.10232269,-0.399885134,0.667075765,0.173684235,0.529891516,0.03729602
-0.10232269,-0.471151006,0.667075765,-0.736637418,0.481085028,0.45218392
-0.10232269,-0.471151006,-0.441527986,-0.736637418,-0.619339817,-0.647269016
-0.10232269,1.025432303,1.332238016,0.173684235,1.057044362,1.095260166
0.132732966,2.522015611,0.445355015,1.084005888,0.583748015,0.41069513
0.132732966,-0.471151006,1.110517266,2.904649194,1.173429657,1.821313992
0.132732966,0.312773584,1.110517266,0.173684235,1.173429657,1.095260166
0.132732966,1.025432303,-0.441527986,-0.736637418,-0.382654553,-0.460569461
0.132732966,-0.471151006,-0.441527986,-0.736637418,-0.388186732,-0.460569461
0.132732966,-0.471151006,-1.328410988,-0.736637418,-1.285497031,-1.186623286
0.132732966,2.236952124,-1.328410988,-0.736637418,-1.319782573,-1.331834052
0.132732966,-0.542416878,0.667075765,-0.736637418,0.840443052,0.5351615
-0.850790407,2.379483868,-1.106690237,-0.736637418,-0.866455056,-0.875457361
-0.850790407,1.738091021,0.223634265,0.173684235,0.440094881,0.016551625
-0.850790407,-0.399885134,-0.219807236,0.173684235,0.03941001,-0.17014793
-0.850790407,0.811634687,-0.884969487,-0.736637418,-0.626752985,-0.854712966
-0.850790407,-0.399885134,0.445355015,0.173684235,0.686412446,0.1202736
-0.850790407,-0.542416878,-0.219807236,-0.736637418,0.076367471,0.20325118
-0.850790407,-0.471151006,-0.219807236,-0.736637418,0.044546724,-0.315358696
-0.850790407,3.23467433,0.445355015,2.904649194,0.686412446,1.406426091
-0.431678838,-0.542416878,-0.219807236,0.173684235,-0.03519517,-0.460569461
-0.431678838,0.312773584,0.667075765,1.994327541,0.893957552,1.344192906
-0.431678838,-0.471151006,-1.106690237,-0.736637418,-0.970671484,-0.937690546
-0.431678838,-0.399885134,0.667075765,-0.736637418,0.893957552,0.45218392
-0.431678838,0.597837072,-0.884969487,-0.736637418,-0.695544199,-0.813224176
-0.431678838,-0.542416878,0.223634265,-0.736637418,0.409974971,-0.04568156
-0.431678838,-0.542416878,0.223634265,-0.736637418,0.3817216,0.016551625
-0.431678838,3.020876714,0.445355015,1.084005888,0.648275814,0.265484365
0.136990079,-0.257353391,-0.219807236,-0.736637418,-0.286070461,-0.771735386
0.136990079,-0.471151006,1.332238016,-0.736637418,1.175537521,0.70111666
0.136990079,0.384039456,1.332238016,1.084005888,1.175537521,1.779825202
0.136990079,-0.542416878,-0.884969487,-0.736637418,-0.890641541,-0.377591881
0.136990079,0.811634687,-0.441527986,0.173684235,-0.516280883,-0.107914745
0.136990079,-0.471151006,-0.219807236,-0.736637418,-0.299899705,-0.564291436
0.136990079,-0.471151006,-2.43701474,-0.736637418,-2.633844424,-1.954165902
0.136990079,-0.257353391,0.667075765,0.173684235,0.625456358,0.5351615
-0.275823377,-0.043555775,0.667075765,1.084005888,0.971145058,1.613870041
-0.275823377,0.882900559,-1.328410988,-0.736637418,-1.225928203,-1.145134496
-0.275823377,-0.542416878,0.223634265,0.173684235,0.456329189,0.07878481
-0.275823377,-0.471151006,0.445355015,0.173684235,0.715300681,0.514417105
-0.275823377,-0.471151006,0.667075765,0.173684235,0.971145058,0.45218392
-0.275823377,-0.542416878,-0.441527986,-0.736637418,-0.27805133,-0.315358696
-0.275823377,-0.542416878,-0.441527986,0.173684235,-0.311464054,-0.481313856
-0.275823377,-0.471151006,-1.106690237,-0.736637418,-0.935070455,-1.041412521
0.36883928,-0.542416878,-0.219807236,0.173684235,-0.068701823,-0.481313856
0.36883928,-0.542416878,-1.106690237,-0.736637418,-1.013377884,-0.730246596
0.36883928,-0.399885134,-0.219807236,-0.736637418,-0.096165227,-0.377591881
0.36883928,1.025432303,1.110517266,2.904649194,1.290271592,0.867071821
0.36883928,0.241507712,0.667075765,0.173684235,0.901675147,0.57665029
0.36883928,1.595559277,-1.106690237,-0.736637418,-1.020095495,-0.999923731
0.36883928,-0.257353391,1.110517266,0.173684235,1.290271592,1.323448511
0.36883928,-0.542416878,-0.441527986,-0.736637418,-0.384316856,-0.813224176
2.018805072,-0.399885134,-0.219807236,0.173684235,-0.100009092,-0.024937165
2.018805072,-0.399885134,-0.441527986,0.173684235,-0.36165443,-0.460569461
2.018805072,1.880622765,-1.771852488,-0.736637418,-1.652336141,-1.497789212
2.018805072,-0.542416878,-1.106690237,-0.736637418,-0.964903278,-1.228112076
2.018805072,-0.542416878,-1.328410988,-0.736637418,-1.196853074,-1.414811632
2.018805072,-0.186087519,2.219121018,2.904649194,2.12666482,3.086722088
2.018805072,-0.114821647,0.223634265,-0.736637418,0.288989562,-0.149403535
2.018805072,-0.043555775,2.219121018,0.173684235,2.12666482,1.925035967
-0.042481851,-0.542416878,-0.219807236,0.173684235,-0.383670432,-0.605780226
-0.042481851,-0.328619262,1.332238016,-0.736637418,1.047785368,1.385681696
-0.042481851,0.455305328,-1.328410988,-0.736637418,-1.423261538,-1.394067237
-0.042481851,-0.471151006,0.223634265,0.173684235,0.031926997,-0.066425955
-0.042481851,-0.043555775,1.553958767,-0.736637418,1.08667006,0.867071821
-0.042481851,0.17024184,1.553958767,2.904649194,1.08667006,1.240470931
-0.042481851,-0.542416878,-0.884969487,0.173684235,-0.951316805,-0.833968571
-0.042481851,3.23467433,-1.106690237,-0.736637418,-1.177258033,-0.833968571
-0.070302899,-0.471151006,0.667075765,1.994327541,1.07284178,1.759080807
-0.070302899,-0.542416878,0.667075765,1.084005888,1.07284178,0.867071821
-0.070302899,-0.542416878,0.223634265,-0.736637418,0.570262696,-0.688757806
-0.070302899,0.455305328,0.445355015,-0.736637418,0.811405012,0.223995575
-0.070302899,-0.257353391,-1.771852488,-0.736637418,-1.645118538,-1.414811632
-0.070302899,-0.257353391,0.223634265,0.173684235,0.583894929,-0.294614301
-0.070302899,-0.471151006,-0.219807236,-0.736637418,0.203705855,-0.17014793
-0.070302899,-0.542416878,0.445355015,0.173684235,0.87363709,0.514417105
0.45363715,-0.186087519,1.332238016,2.904649194,1.333710156,1.779825202
0.45363715,-0.542416878,0.667075765,-0.736637418,0.774714888,0.74260545
0.45363715,-0.542416878,-0.441527986,-0.736637418,-0.351096325,-0.481313856
0.45363715,0.027710097,-1.993573239,-0.736637418,-2.135373651,-1.829699532
0.45363715,-0.114821647,1.110517266,1.084005888,1.086032306,0.431439525
0.45363715,-0.542416878,1.332238016,0.173684235,1.332524242,0.16176239
0.45363715,-0.399885134,0.445355015,-0.736637418,0.536262795,-0.08717035
0.45363715,0.027710097,0.667075765,0.173684235,0.740536281,0.597394685
1.201301308,-0.471151006,0.667075765,0.173684235,0.784748435,0.763349846
1.201301308,-0.328619262,1.775679517,1.994327541,1.702528519,2.339923867
1.201301308,-0.186087519,-1.106690237,-0.736637418,-0.962825279,-1.124390101
1.201301308,0.098975969,1.775679517,0.173684235,1.696995858,1.053771376
1.201301308,9.221007565,-1.771852488,-0.736637418,-1.647503372,-1.311089657
1.201301308,-0.542416878,-1.328410988,0.173684235,-1.181574914,-1.290345262
1.201301308,-0.471151006,1.332238016,0.173684235,1.341893061,1.157493351
1.201301308,-0.542416878,-1.106690237,-0.736637418,-0.916152184,-0.937690546
2.277171727,-0.114821647,1.110517266,1.084005888,1.876700881,0.5351615
2.277171727,2.09442038,1.332238016,0.173684235,2.235234256,0.950049401
2.277171727,-0.471151006,0.223634265,0.173684235,0.833599238,0.680372265
2.277171727,-0.471151006,-1.106690237,-0.736637418,-0.717035161,-0.999923731
2.277171727,-0.471151006,-0.441527986,1.084005888,0.052206516,-0.336103091
2.277171727,-0.186087519,1.332238016,1.084005888,2.235234256,1.510148066
2.277171727,-0.043555775,-0.884969487,-0.736637418,-0.399337794,-0.750990991
2.277171727,-0.471151006,-1.771852488,-0.736637418,-1.481355921,-1.373322842
1.485549184,2.807079099,1.775679517,1.084005888,1.838923107,1.053771376
1.485549184,-0.542416878,-0.884969487,-0.736637418,-0.722063014,-0.668013411
1.485549184,-0.542416878,1.332238016,0.173684235,1.465843737,1.116004561
1.485549184,-0.542416878,-0.219807236,-0.736637418,-0.071068835,-0.107914745
1.485549184,-0.471151006,0.445355015,1.084005888,0.592917415,-0.273869906
1.485549184,-0.471151006,-1.328410988,-0.736637418,-1.24654683,-1.705233162
1.485549184,1.381761662,1.775679517,1.084005888,1.84326889,1.406426091
1.485549184,-0.471151006,0.223634265,-0.736637418,0.34850685,0.058040415
-0.04135142,-0.542416878,-0.441527986,-0.736637418,-0.785699692,-0.916946151
-0.04135142,0.098975969,1.775679517,1.994327541,1.089985996,2.464390237
-0.04135142,-0.542416878,0.223634265,0.173684235,-0.198475137,-0.294614301
-0.04135142,-0.542416878,-0.219807236,1.084005888,-0.5600311,-0.460569461
-0.04135142,-0.542416878,-1.328410988,-0.736637418,-1.616790506,-1.435556027
-0.04135142,-0.542416878,-0.219807236,-0.736637418,-0.558846149,-0.439825066
-0.04135142,-0.542416878,1.775679517,0.173684235,1.089985996,1.364937301
-0.04135142,0.5265712,-0.884969487,-0.736637418,-1.158077724,-0.709502201
-1.47320537,-0.542416878,-2.43701474,-0.736637418,-2.841870254,-1.663744372
-1.47320537,2.308217996,0.667075765,0.173684235,0.378272237,0.555905895
-1.47320537,-0.043555775,0.223634265,-0.736637418,-0.066581917,0.28622876
-1.47320537,3.662269561,0.445355015,0.173684235,0.172652917,0.32771755
-1.47320537,1.666825149,0.667075765,1.994327541,0.378272237,1.468659276
-1.47320537,-0.542416878,-0.884969487,-0.736637418,-1.026168609,-0.854712966
-1.47320537,-0.471151006,-0.219807236,0.173684235,-0.457730824,-0.336103091
-1.47320537,-0.471151006,0.445355015,-0.736637418,0.154278954,-0.336103091
-0.423833921,-0.471151006,-0.441527986,-0.736637418,-0.54963436,-0.605780226
-0.423833921,-0.471151006,-1.106690237,-0.736637418,-1.131340705,-0.979179336
-0.423833921,0.384039456,1.110517266,1.084005888,0.901016198,1.738336411
-0.423833921,-0.399885134,-0.884969487,-0.736637418,-0.881535242,-1.082901311
-0.423833921,-0.542416878,0.223634265,0.173684235,0.131066922,0.016551625
-0.423833921,1.524293406,-0.441527986,0.173684235,-0.472180962,-0.12865914
-0.423833921,-0.542416878,0.667075765,1.084005888,0.579779393,0.24473997
-0.423833921,-0.542416878,1.110517266,0.173684235,0.901016198,1.136748956
-1.320518423,-0.471151006,0.445355015,0.173684235,0.452674627,0.28622876
-1.320518423,-0.471151006,0.223634265,-0.736637418,0.191178612,-0.04568156
-1.320518423,-0.471151006,-0.884969487,0.173684235,-0.825442269,-0.875457361
-1.320518423,1.025432303,-1.771852488,-0.736637418,-1.708568803,-1.497789212
-1.320518423,-0.399885134,0.445355015,1.994327541,0.457811341,1.219726536
-1.320518423,-0.471151006,-0.441527986,-0.736637418,-0.437222504,-0.709502201
-1.320518423,-0.471151006,0.223634265,-0.736637418,0.208005878,0.1202736
-1.320518423,-0.542416878,0.445355015,-0.736637418,0.452872119,0.24473997
0.265423353,-0.257353391,-1.993573239,-0.736637418,-2.160954621,-1.622255582
0.265423353,0.241507712,0.445355015,1.994327541,0.443131438,1.033026981
0.265423353,-0.542416878,1.332238016,1.084005888,1.225705257,1.572381251
0.265423353,-0.328619262,-0.884969487,-0.736637418,-0.782806678,-0.709502201
0.265423353,-0.471151006,1.332238016,0.173684235,1.239139517,1.157493351
0.265423353,2.023154509,0.223634265,-0.736637418,0.224006568,-0.00419277
0.265423353,-0.542416878,-1.106690237,-0.736637418,-1.067800365,-0.875457361
0.265423353,-0.542416878,-0.219807236,0.173684235,-0.192674658,-0.190892325
2.86939485,3.020876714,0.223634265,0.173684235,0.267614686,0.099529205
2.86939485,0.098975969,1.997400267,0.173684235,1.955577183,1.053771376
2.86939485,-0.542416878,-0.884969487,-0.736637418,-0.783392891,-0.999923731
2.86939485,-0.542416878,-1.106690237,0.173684235,-1.034353441,-1.290345262
2.86939485,-0.399885134,2.662562518,2.904649194,2.528463352,3.190444063
2.86939485,-0.471151006,2.662562518,1.084005888,2.512460735,2.153224312
2.86939485,0.17024184,-0.884969487,-0.736637418,-0.805324116,-1.165878891
2.86939485,-0.542416878,-2.43701474,-0.736637418,-2.578448935,-1.871188322
0.19163794,1.167964046,-0.441527986,-0.736637418,-0.283521372,-0.356847486
0.19163794,-0.471151006,-0.884969487,-0.736637418,-0.643206943,-0.833968571
0.19163794,-0.471151006,1.110517266,2.904649194,1.202603533,2.132479917
0.19163794,-0.542416878,1.110517266,1.084005888,1.202603533,0.74260545
0.19163794,-0.471151006,0.667075765,0.173684235,0.841700256,0.514417105
0.19163794,1.31049579,-2.43701474,-0.736637418,-2.515820428,-1.684488767
0.19163794,-0.542416878,-0.441527986,-0.736637418,-0.263369019,-0.709502201
0.19163794,-0.542416878,0.445355015,-0.736637418,0.595242038,0.348461945
0.070026164,2.949610843,-0.219807236,-0.736637418,-0.215519643,-0.107914745
0.070026164,-0.542416878,-0.219807236,-0.736637418,-0.205410471,-0.398336276
0.070026164,-0.328619262,0.223634265,-0.736637418,0.218577952,-0.439825066
0.070026164,-0.542416878,-1.106690237,-0.736637418,-1.131966899,-1.165878891
0.070026164,-0.328619262,0.223634265,-0.736637418,0.254732922,-0.294614301
0.070026164,-0.186087519,0.667075765,1.084005888,0.770348874,0.846327426
0.070026164,-0.471151006,1.110517266,-0.736637418,1.136655719,0.887816216
0.070026164,-0.471151006,1.110517266,1.994327541,1.142384908,0.721861055
-0.696254106,0.455305328,-0.441527986,-0.736637418,-0.481243428,-0.294614301
-0.696254106,-0.471151006,0.667075765,0.173684235,0.764270943,0.348461945
-0.696254106,0.17024184,-0.219807236,-0.736637418,-0.173038673,-0.419080671
-0.696254106,-0.471151006,-0.219807236,-0.736637418,-0.184497533,-0.460569461
-0.696254106,3.448471945,0.667075765,3.814970847,0.764270943,1.613870041
-0.696254106,-0.542416878,-1.106690237,-0.736637418,-1.169870875,-0.896201756
-0.696254106,0.17024184,-0.441527986,-0.736637418,-0.482230887,-0.626524621
-0.696254106,-0.542416878,0.223634265,-0.736637418,0.19582834,0.223995575
-0.902558687,-0.471151006,-0.441527986,0.173684235,-0.653066119,-0.253125511
-0.902558687,-0.471151006,-0.884969487,-0.736637418,-1.006403533,-0.336103091
-0.902558687,-0.542416878,-1.328410988,-0.736637418,-1.488137597,-1.248856472
-0.902558687,0.17024184,-1.106690237,-0.736637418,-1.247128708,-0.771735386
-0.902558687,0.17024184,1.110517266,1.994327541,0.663504359,1.613870041
-0.902558687,-0.399885134,0.223634265,0.173684235,-0.060920646,0.141017995
-0.902558687,2.735813227,-1.106690237,-0.736637418,-1.222792419,-0.792479781
-0.902558687,-0.114821647,1.110517266,1.084005888,0.663504359,1.427170486
0.282521847,-0.043555775,-0.441527986,-0.736637418,-0.44183177,-0.564291436
0.282521847,-0.542416878,-1.328410988,-0.736637418,-1.355790628,-1.580766792
0.282521847,-0.257353391,0.445355015,-0.736637418,0.439853074,0.223995575
0.282521847,0.027710097,-0.884969487,-0.736637418,-0.840878904,-0.605780226
0.282521847,-0.399885134,1.110517266,0.173684235,1.025068993,0.5351615
0.282521847,-0.043555775,1.332238016,2.904649194,1.247602764,1.738336411
0.282521847,-0.471151006,1.332238016,1.084005888,1.247602764,0.36920634
0.282521847,-0.328619262,0.223634265,-0.736637418,0.200968907,-0.107914745
-1.223520268,2.664547355,0.445355015,1.084005888,0.267362282,0.389950735
-1.223520268,-0.542416878,-1.106690237,-0.736637418,-1.182128373,-1.145134496
-1.223520268,-0.471151006,-0.441527986,-0.736637418,-0.579484524,-0.502058251
-1.223520268,-0.542416878,-0.441527986,-0.736637418,-0.590152454,-0.564291436
-1.223520268,2.023154509,0.667075765,2.904649194,0.501897775,1.759080807
-1.223520268,-0.399885134,-0.884969487,-0.736637418,-0.925533045,-0.647269016
-1.223520268,3.163408458,0.445355015,-0.736637418,0.288304121,0.431439525
-1.223520268,-0.471151006,0.667075765,0.173684235,0.501897775,0.929305006
0.035856415,-0.542416878,0.445355015,1.084005888,0.556128544,0.36920634
0.035856415,-0.542416878,-0.441527986,0.173684235,-0.362076388,-0.730246596
0.035856415,-0.542416878,1.110517266,0.173684235,1.125470939,1.136748956
0.035856415,-0.043555775,1.110517266,1.084005888,1.125470939,0.950049401
0.035856415,-0.542416878,0.223634265,-0.736637418,0.284717959,0.306973155
0.035856415,-0.542416878,-0.884969487,-0.736637418,-0.733609059,-0.937690546
0.035856415,-0.186087519,-1.328410988,-0.736637418,-1.25175965,-1.456300422
0.035856415,-0.471151006,0.445355015,0.173684235,0.538940013,0.41069513
-0.626305543,0.811634687,0.667075765,0.173684235,0.79760756,0.45218392
-0.626305543,-0.542416878,-1.328410988,-0.736637418,-1.364435471,-1.207367681
-0.626305543,-0.542416878,-0.441527986,-0.736637418,-0.498448818,-0.481313856
-0.626305543,2.308217996,0.667075765,-0.736637418,0.570765577,1.033026981
-0.626305543,1.809356893,-0.441527986,-0.736637418,-0.444942988,-1.103645706
-0.626305543,-0.186087519,0.445355015,0.173684235,0.539722273,0.61813908
-0.626305543,-0.399885134,-0.219807236,-0.736637418,-0.16876129,-0.460569461
-0.626305543,5.443916357,0.667075765,1.994327541,0.792469883,1.116004561
-0.677941518,-0.542416878,-0.219807236,-0.736637418,-0.38893961,-0.398336276
-0.677941518,-0.542416878,-0.441527986,-0.736637418,-0.634408924,-0.439825066
-0.677941518,-0.542416878,-1.771852488,-0.736637418,-1.963352023,-1.518533607
-0.677941518,-0.399885134,-1.106690237,-0.736637418,-1.228350609,-1.186623286
-0.677941518,-0.328619262,0.445355015,-0.736637418,0.257777667,0.49367271
-0.677941518,-0.542416878,1.110517266,0.173684235,0.774599283,1.551636856
-0.677941518,1.951888637,1.110517266,2.904649194,0.774599283,1.655358831
-0.677941518,-0.542416878,-0.884969487,0.173684235,-1.014609077,-0.750990991
0.655223495,0.954166431,0.223634265,-0.736637418,0.534847116,-0.21163672
0.655223495,-0.471151006,1.110517266,1.084005888,1.427705661,0.182506785
0.655223495,-0.471151006,0.445355015,1.084005888,0.810663214,0.07878481
0.655223495,-0.257353391,1.110517266,-0.736637418,1.416642266,0.597394685
0.655223495,-0.542416878,-0.219807236,-0.736637418,0.124512603,-0.439825066
0.655223495,0.312773584,1.110517266,1.084005888,1.432142964,1.551636856
0.655223495,3.163408458,-1.106690237,-0.736637418,-0.823409549,-1.290345262
0.655223495,-0.542416878,0.223634265,-0.736637418,0.520425397,-0.419080671
-0.606444206,3.092142586,0.001913514,-0.736637418,0.076223447,-0.00419277
-0.606444206,0.954166431,0.667075765,1.084005888,0.807427238,1.095260166
-0.606444206,3.305940202,-0.219807236,-0.736637418,0.009144631,-0.730246596
-0.606444206,-0.471151006,0.667075765,1.084005888,0.807427238,0.929305006
-0.606444206,-0.542416878,-0.884969487,-0.736637418,-0.643241143,-0.999923731
-0.606444206,-0.542416878,0.667075765,-0.736637418,0.79241208,0.65962787
-0.606444206,0.882900559,-1.328410988,-0.736637418,-1.171153609,-1.394067237
-0.606444206,-0.471151006,-0.219807236,0.173684235,-0.034347401,-0.107914745
-1.710016988,1.809356893,-1.106690237,-0.736637418,-1.059980652,-1.082901311
-1.710016988,-0.542416878,0.445355015,-0.736637418,0.263446164,0.74260545
-1.710016988,1.880622765,-1.328410988,-0.736637418,-1.33377848,-1.248856472
-1.710016988,-0.399885134,-0.219807236,0.173684235,-0.198590742,-0.21163672
-1.710016988,0.312773584,0.223634265,1.084005888,0.166349557,0.016551625
-1.710016988,-0.471151006,-0.441527986,-0.736637418,-0.441790826,-0.336103091
-1.710016988,0.597837072,-0.884969487,-0.736637418,-0.826061719,-0.792479781
-1.710016988,3.448471945,0.445355015,1.994327541,0.263446164,1.281959721
1.30351287,-0.471151006,-1.106690237,-0.736637418,-0.860238399,-1.228112076
1.30351287,-0.471151006,-0.441527986,-0.736637418,-0.095448476,-0.543547041
1.30351287,-0.471151006,-0.441527986,-0.736637418,-0.150994734,-0.502058251
1.30351287,-0.328619262,1.110517266,0.173684235,1.478760665,1.178237746
1.30351287,-0.399885134,-0.219807236,-0.736637418,0.169702582,-0.315358696
1.30351287,-0.542416878,1.332238016,-0.736637418,1.753133628,0.265484365
1.30351287,-0.471151006,-0.884969487,-0.736637418,-0.572218271,-0.792479781
1.30351287,-0.471151006,1.332238016,4.7252925,1.753133628,1.738336411
1.127502276,-0.542416878,-0.219807236,-0.736637418,-0.289360867,-0.377591881
1.127502276,-0.471151006,0.445355015,0.173684235,0.311983871,0.306973155
1.127502276,2.379483868,-1.106690237,0.173684235,-1.245557926,-1.518533607
1.127502276,-0.471151006,-1.771852488,-0.736637418,-1.920661038,-1.642999977
1.127502276,0.027710097,-0.884969487,-0.736637418,-0.922613538,-0.916946151
1.127502276,-0.542416878,0.223634265,-0.736637418,0.088266594,-0.04568156
1.127502276,-0.471151006,1.997400267,1.994327541,1.665985791,2.568112212
1.127502276,-0.542416878,1.997400267,0.173684235,1.665985791,1.966524757
0.637444019,-0.542416878,0.445355015,0.173684235,0.675803282,-0.107914745
0.637444019,-0.471151006,-0.219807236,-0.736637418,0.014188861,-0.12865914
0.637444019,-0.399885134,0.223634265,-0.736637418,0.436382998,-0.00419277
0.637444019,3.020876714,-1.771852488,-0.736637418,-1.511229688,-1.580766792
0.637444019,-0.186087519,1.332238016,0.173684235,1.423364694,2.028757942
0.637444019,-0.542416878,1.332238016,1.994327541,1.423364694,1.696847621
0.637444019,2.522015611,-1.328410988,-0.736637418,-1.140478314,-1.477044817
0.637444019,-0.471151006,0.667075765,1.084005888,0.889950877,0.223995575
-0.802339485,0.17024184,0.223634265,1.994327541,-0.049334621,0.514417105
-0.802339485,-0.471151006,-1.106690237,-0.736637418,-1.302523716,-1.269600867
-0.802339485,-0.542416878,1.110517266,0.173684235,0.710391323,1.530892461
-0.802339485,-0.542416878,-1.106690237,-0.736637418,-1.288492645,-1.041412521
-0.802339485,-0.542416878,-0.441527986,-0.736637418,-0.664131441,-0.481313856
-0.802339485,-0.328619262,1.110517266,1.994327541,0.710391323,1.613870041
-0.802339485,-0.471151006,-0.441527986,-0.736637418,-0.674404387,-0.21163672
-0.802339485,-0.542416878,-0.884969487,-0.736637418,-1.022598343,-0.564291436
0.143377693,-0.328619262,0.445355015,1.084005888,0.392754649,0.597394685
0.143377693,-0.471151006,1.110517266,0.173684235,0.927998396,0.680372265
0.143377693,-0.186087519,-0.884969487,-0.736637418,-0.898939087,-0.979179336
0.143377693,-0.542416878,0.223634265,-0.736637418,0.135727247,0.223995575
0.143377693,-0.471151006,1.332238016,0.173684235,1.174362204,0.784094241
0.143377693,-0.471151006,1.332238016,1.994327541,1.179102971,1.198982141
0.143377693,0.17024184,-1.106690237,-0.736637418,-1.158177434,-1.165878891
0.143377693,-0.114821647,-1.771852488,-0.736637418,-1.838473135,-1.477044817
0.671319973,-0.471151006,1.775679517,1.994327541,1.439123577,1.759080807
0.671319973,-0.471151006,0.445355015,-0.736637418,0.282997371,0.058040415
0.671319973,-0.186087519,-0.884969487,-0.736637418,-0.960202973,-0.833968571
0.671319973,-0.471151006,0.445355015,0.173684235,0.319943272,0.65962787
0.671319973,3.092142586,-0.441527986,0.173684235,-0.626700963,-0.668013411
0.671319973,-0.542416878,-1.106690237,-0.736637418,-1.23101723,-0.937690546
0.671319973,3.020876714,1.775679517,1.994327541,1.442679393,1.779825202
0.671319973,-0.542416878,-0.219807236,-0.736637418,-0.36398965,-0.190892325
0.857342952,-0.471151006,-1.328410988,-0.736637418,-1.602668878,-1.082901311
0.857342952,-0.186087519,1.332238016,0.173684235,1.166101266,0.804838636
0.857342952,-0.399885134,-0.441527986,-0.736637418,-0.732799825,-0.522802646
0.857342952,-0.471151006,-0.441527986,0.173684235,-0.717961928,-0.688757806
0.857342952,-0.542416878,-0.884969487,0.173684235,-1.077428813,-0.958434941
0.857342952,-0.542416878,-0.441527986,-0.736637418,-0.70788551,-0.398336276
0.857342952,-0.043555775,1.775679517,1.084005888,1.532218326,1.676103226
0.857342952,-0.542416878,1.775679517,1.084005888,1.5243148,1.323448511
-0.901184075,-0.471151006,0.667075765,-0.736637418,0.6366132,0.638883475
-0.901184075,3.23467433,0.667075765,1.084005888,0.663679212,1.406426091
-0.901184075,-0.471151006,-0.441527986,0.173684235,-0.415333186,-0.294614301
-0.901184075,-0.471151006,-1.993573239,-0.736637418,-2.134480603,-1.601511187
-0.901184075,-0.471151006,-1.106690237,-0.736637418,-1.023463453,-0.999923731
-0.901184075,-0.471151006,0.667075765,1.084005888,0.663679212,0.57665029
-0.901184075,0.954166431,-0.441527986,-0.736637418,-0.410986921,-0.709502201
-0.901184075,-0.471151006,-0.219807236,-0.736637418,-0.191171311,-0.543547041
1.195896254,-0.399885134,1.775679517,1.994327541,1.699824327,1.966524757
1.195896254,0.882900559,-1.328410988,-0.736637418,-1.25273892,-1.165878891
1.195896254,-0.471151006,-0.219807236,-0.736637418,-0.117993852,-0.066425955
1.195896254,0.597837072,-0.884969487,-0.736637418,-0.712347862,-1.020668126
1.195896254,-0.471151006,-0.219807236,0.173684235,-0.109103349,-0.294614301
1.195896254,-0.399885134,1.775679517,1.994327541,1.699824327,2.817044953
1.195896254,-0.542416878,-1.106690237,-0.736637418,-0.98171224,-0.896201756
1.195896254,-0.542416878,-0.884969487,-0.736637418,-0.76002672,-0.730246596
0.003842461,-0.542416878,-0.884969487,-0.736637418,-0.927462685,-0.875457361
0.003842461,-0.542416878,-1.328410988,-0.736637418,-1.477659452,-1.414811632
0.003842461,-0.542416878,0.445355015,0.173684235,0.288547373,0.514417105
0.003842461,1.666825149,1.332238016,2.904649194,1.110212047,1.696847621
0.003842461,-0.542416878,0.445355015,-0.736637418,0.309290757,0.16176239
0.003842461,-0.471151006,-0.884969487,-0.736637418,-0.956250729,-0.875457361
0.003842461,-0.257353391,-0.441527986,-0.736637418,-0.589973748,-0.564291436
0.003842461,0.312773584,1.332238016,1.084005888,1.101321062,1.925035967
-0.336409405,0.5265712,0.223634265,-0.736637418,0.458041106,-0.12865914
-0.336409405,-0.542416878,-0.441527986,-0.736637418,-0.218225763,-0.626524621
-0.336409405,-0.328619262,0.667075765,0.173684235,0.941159058,0.57665029
-0.336409405,-0.542416878,0.445355015,0.173684235,0.696392526,0.16176239
-0.336409405,2.949610843,0.667075765,2.904649194,0.941159058,1.800569597
-0.336409405,-0.542416878,-1.106690237,-0.736637418,-0.821192824,-1.062156916
-0.336409405,0.740368815,-0.884969487,-0.736637418,-0.59168422,-0.999923731
-0.336409405,-0.471151006,-0.219807236,0.173684235,0.096981281,-0.273869906
-0.293700137,-0.542416878,-0.219807236,-0.736637418,-0.174213509,-0.668013411
-0.293700137,0.098975969,-1.106690237,-0.736637418,-1.014556091,-1.145134496
-0.293700137,-0.471151006,0.445355015,0.173684235,0.406281874,0.265484365
-0.293700137,3.092142586,-0.441527986,-0.736637418,-0.418257028,-0.522802646
-0.293700137,-0.542416878,-0.884969487,-0.736637418,-0.76670387,-0.647269016
-0.293700137,3.23467433,1.110517266,1.994327541,0.962293572,2.194713102
-0.293700137,-0.471151006,-2.43701474,-0.736637418,-2.631890218,-1.954165902
-0.293700137,1.025432303,1.110517266,0.173684235,0.954983485,0.49367271
0.520058224,-0.471151006,1.332238016,0.173684235,1.363033355,1.364937301
0.520058224,-0.328619262,-1.106690237,-0.736637418,-0.81706669,-1.103645706
0.520058224,-0.471151006,0.445355015,1.084005888,0.631907597,0.306973155
0.520058224,0.384039456,-3.989059992,-0.736637418,-4.373440673,-1.497789212
0.520058224,-0.399885134,0.667075765,-0.736637418,0.84824446,0.555905895
0.520058224,-0.186087519,-0.884969487,-0.736637418,-0.584762373,-0.916946151
0.520058224,0.597837072,1.332238016,1.994327541,1.365206728,1.095260166
0.520058224,-0.471151006,-1.328410988,-0.736637418,-1.146384282,-1.622255582
-0.842108855,-0.542416878,-0.441527986,-0.736637418,-0.437312579,-0.253125511
-0.842108855,-0.471151006,0.223634265,1.084005888,0.197188144,0.16176239
-0.842108855,-0.257353391,-0.884969487,-0.736637418,-0.799345894,-0.481313856
-0.842108855,-0.542416878,0.667075765,0.173684235,0.686630169,0.41069513
-0.842108855,-0.328619262,0.667075765,0.173684235,0.693940256,1.883547177
-0.842108855,-0.542416878,0.667075765,1.084005888,0.677936676,0.597394685
-0.842108855,-0.542416878,-1.993573239,-0.736637418,-2.211003862,-1.601511187
-0.842108855,3.662269561,-0.884969487,-0.736637418,-0.861112662,-0.854712966
2.062242018,-0.471151006,0.223634265,-0.736637418,0.206153308,-0.17014793
2.062242018,-0.328619262,-1.328410988,-0.736637418,-1.305098816,-1.228112076
2.062242018,-0.186087519,2.219121018,1.994327541,2.128812182,2.402157052
2.062242018,-0.399885134,-1.993573239,-0.736637418,-2.116794489,-1.497789212
2.062242018,-0.257353391,-1.106690237,-0.736637418,-1.037081718,-1.331834052
2.062242018,-0.471151006,2.219121018,1.994327541,2.122293025,2.360668262
2.062242018,1.738091021,-1.328410988,-0.736637418,-1.27684689,-1.041412521
2.062242018,-0.399885134,0.667075765,0.173684235,0.695822208,0.680372265
0.223064304,0.098975969,0.223634265,-0.736637418,0.137776827,0.182506785
0.223064304,-0.471151006,-0.884969487,-0.736637418,-0.937237566,-0.605780226
0.223064304,-0.399885134,1.332238016,1.994327541,1.21816396,1.344192906
0.223064304,-0.542416878,-0.441527986,-0.736637418,-0.572504393,-0.564291436
0.223064304,1.096698174,-0.219807236,-0.736637418,-0.236228345,-0.315358696
0.223064304,-0.471151006,1.332238016,1.084005888,1.205914651,0.970793796
0.223064304,-0.542416878,-0.884969487,-0.736637418,-0.892391511,-0.979179336
0.223064304,-0.186087519,1.110517266,1.084005888,0.976025514,0.45218392
0.536074929,-0.328619262,1.110517266,-0.736637418,1.130644261,1.136748956
0.536074929,-0.399885134,-1.106690237,0.173684235,-0.952618324,-0.896201756
0.536074929,-0.471151006,0.667075765,0.173684235,0.78433033,1.157493351
0.536074929,2.165686252,-1.328410988,-0.736637418,-1.221870951,-1.228112076
0.536074929,-0.399885134,-1.106690237,-0.736637418,-0.966448531,-0.668013411
0.536074929,0.954166431,1.332238016,1.084005888,1.373149752,1.842058387
0.536074929,-0.542416878,1.332238016,1.994327541,1.373149752,1.074515771
0.536074929,-0.043555775,-1.993573239,-0.736637418,-2.075777849,-2.016399087
-0.296575828,-0.257353391,-0.884969487,-0.736637418,-1.034459894,-0.979179336
-0.296575828,2.807079099,1.332238016,2.904649194,0.960869704,2.070246732
-0.296575828,-0.471151006,-0.219807236,-0.736637418,-0.425473668,-0.356847486
-0.296575828,-0.542416878,-0.441527986,-0.736637418,-0.635942616,-0.564291436
-0.296575828,-0.542416878,1.332238016,0.173684235,0.960869704,0.5351615
-0.296575828,-0.471151006,1.110517266,-0.736637418,0.744382554,0.61813908
-0.296575828,-0.542416878,-0.441527986,0.173684235,-0.657081465,-0.792479781
-0.296575828,-0.114821647,-1.106690237,-0.736637418,-1.303759725,-1.103645706
0.983365549,-0.257353391,-1.993573239,-0.736637418,-1.911176614,-1.518533607
0.983365549,3.092142586,-0.441527986,-0.736637418,-0.090575727,-0.253125511
0.983365549,3.020876714,-1.106690237,-0.736637418,-0.839127007,-1.186623286
0.983365549,-0.542416878,1.332238016,1.084005888,1.594420539,1.696847621
0.983365549,1.524293406,-0.219807236,-0.736637418,0.156865615,-0.398336276
0.983365549,-0.399885134,-2.43701474,-0.736637418,-2.278363984,-1.746721952
0.983365549,-0.399885134,1.332238016,2.904649194,1.594618031,1.551636856
0.983365549,0.384039456,0.223634265,0.173684235,0.536216553,0.20325118
0.229130884,-0.542416878,-0.219807236,-0.736637418,0.094161965,-0.481313856
0.229130884,-0.542416878,0.667075765,-0.736637418,0.893463341,0.431439525
0.229130884,0.882900559,-0.219807236,-0.736637418,0.155807347,-0.730246596
0.229130884,2.45074974,1.110517266,1.084005888,1.221167763,0.908560611
0.229130884,0.098975969,-1.106690237,-0.736637418,-0.879724097,-1.269600867
0.229130884,0.455305328,-0.219807236,0.173684235,0.042340596,-0.398336276
0.229130884,-0.542416878,1.110517266,0.173684235,1.221167763,1.427170486
0.229130884,-0.542416878,0.223634265,0.173684235,0.565875006,-0.585035831
1.300279176,-0.471151006,-0.884969487,-0.736637418,-0.622175992,-0.709502201
1.300279176,2.023154509,-0.219807236,0.173684235,-0.029619158,-0.12865914
1.300279176,-0.471151006,-1.771852488,-0.736637418,-1.480312105,-1.456300422
1.300279176,-0.399885134,0.667075765,0.173684235,0.868548545,0.1202736
1.300279176,0.312773584,-0.441527986,-0.736637418,-0.274814391,-0.771735386
1.300279176,0.027710097,1.775679517,2.904649194,1.756869595,1.696847621
1.300279176,-0.542416878,1.332238016,0.173684235,1.266596659,0.867071821
1.300279176,-0.471151006,1.775679517,0.173684235,1.745410253,0.929305006
0.762126053,1.738091021,-0.219807236,-0.736637418,-0.025085998,-0.336103091
0.762126053,-0.471151006,-0.441527986,-0.736637418,-0.33066074,-0.813224176
0.762126053,-0.542416878,1.110517266,1.084005888,1.244262744,1.095260166
0.762126053,-0.471151006,1.332238016,1.084005888,1.482892579,1.572381251
0.762126053,-0.471151006,0.667075765,1.084005888,0.868084198,1.053771376
0.762126053,-0.471151006,-0.441527986,-0.736637418,-0.281332585,-0.668013411
0.762126053,-0.471151006,1.332238016,1.994327541,1.485065952,0.950049401
0.762126053,-0.399885134,-0.884969487,-0.736637418,-0.757276285,-1.124390101
0.427281187,-0.471151006,1.110517266,0.173684235,1.088727828,0.514417105
0.427281187,-0.471151006,1.332238016,0.173684235,1.317897324,1.095260166
0.427281187,-0.471151006,0.667075765,0.173684235,0.752846282,0.389950735
0.427281187,-0.399885134,0.223634265,0.173684235,0.248298542,-0.00419277
0.427281187,-0.542416878,-1.106690237,-0.736637418,-1.084685914,-1.145134496
0.427281187,-0.399885134,1.332238016,1.084005888,1.319873206,1.717592016
0.427281187,-0.471151006,-0.884969487,0.173684235,-0.80797436,-0.896201756
0.427281187,-0.542416878,-1.106690237,-0.736637418,-1.068485806,-1.228112076
-0.607428712,-0.542416878,0.223634265,-0.736637418,0.264156171,0.306973155
-0.607428712,0.882900559,0.667075765,1.994327541,0.806955185,1.427170486
-0.607428712,0.241507712,0.667075765,0.173684235,0.806955185,0.32771755
-0.607428712,-0.471151006,0.445355015,1.084005888,0.569835921,0.74260545
-0.607428712,-0.542416878,-0.884969487,-0.736637418,-0.725932408,-0.626524621
-0.607428712,3.163408458,-1.328410988,-0.736637418,-1.208964138,-1.207367681
-0.607428712,-0.542416878,0.223634265,-0.736637418,0.296757734,0.141017995
-0.607428712,-0.328619262,-1.771852488,-0.736637418,-1.640775163,-1.456300422
-0.341485642,-0.542416878,0.667075765,1.084005888,0.938485693,0.784094241
-0.341485642,-0.542416878,-1.771852488,-0.736637418,-1.548053722,-1.539278002
-0.341485642,-0.542416878,0.445355015,0.173684235,0.695429633,1.427170486
-0.341485642,1.096698174,-0.219807236,-0.736637418,0.076086648,-0.00419277
-0.341485642,-0.257353391,0.667075765,1.994327541,0.938485693,1.240470931
-0.341485642,-0.542416878,-0.441527986,0.173684235,-0.236737007,-0.08717035
-0.341485642,-0.471151006,-1.771852488,-0.736637418,-1.554771815,-1.622255582
-0.341485642,0.027710097,-0.884969487,-0.736637418,-0.610558175,-0.792479781
0.192850089,-0.186087519,-0.441527986,-0.736637418,-0.676030082,-0.398336276
0.192850089,-0.542416878,1.332238016,1.084005888,1.19944848,1.696847621
0.192850089,-0.257353391,1.332238016,1.994327541,1.204387702,1.759080807
0.192850089,-0.542416878,-1.106690237,-0.736637418,-1.306341569,-0.958434941
0.192850089,0.241507712,-2.43701474,-0.736637418,-2.795263632,-2.016399087
0.192850089,-0.542416878,0.667075765,0.173684235,0.577450434,0.099529205
0.192850089,3.092142586,-0.884969487,-0.736637418,-1.043546444,-0.916946151
0.192850089,-0.471151006,1.110517266,0.173684235,0.930836498,0.991538191
-1.654634638,-0.328619262,-0.884969487,0.173684235,-0.919369856,-0.709502201
-1.654634638,-0.471151006,-1.106690237,-0.736637418,-1.162778029,-0.854712966
-1.654634638,-0.471151006,-0.219807236,-0.736637418,-0.349552036,-0.107914745
-1.654634638,-0.114821647,0.445355015,0.173684235,0.288441402,1.883547177
-1.654634638,-0.542416878,0.223634265,1.994327541,0.056453553,0.016551625
-1.654634638,-0.328619262,-1.106690237,-0.736637418,-1.180777722,-0.958434941
-1.654634638,-0.471151006,-1.328410988,-0.736637418,-1.423707098,-1.560022397
-1.654634638,-0.471151006,0.445355015,0.173684235,0.288441402,0.638883475
0.010173651,1.666825149,-0.219807236,0.173684235,-0.168908686,-0.356847486
0.010173651,0.384039456,1.110517266,1.084005888,1.112755356,0.5351615
0.010173651,-0.471151006,-0.884969487,-0.736637418,-0.834950777,-0.937690546
0.010173651,1.381761662,0.445355015,-0.736637418,0.544269402,-0.066425955
0.010173651,0.241507712,1.110517266,2.904649194,1.112755356,2.547367817
0.010173651,-0.399885134,-0.219807236,-0.736637418,-0.178940788,-0.21163672
0.010173651,-0.114821647,-0.884969487,-0.736637418,-0.839495016,-0.833968571
0.010173651,0.17024184,-0.441527986,-0.736637418,-0.487406618,-0.750990991
0.558514271,-0.542416878,-0.441527986,0.173684235,-0.344076696,-0.771735386
0.558514271,0.027710097,0.445355015,0.173684235,0.627665376,0.348461945
0.558514271,-0.542416878,1.332238016,1.084005888,1.384220854,1.033026981
0.558514271,-0.471151006,0.223634265,-0.736637418,0.342494428,0.099529205
0.558514271,0.740368815,-0.219807236,-0.736637418,-0.109468468,-0.833968571
0.558514271,-0.186087519,-0.884969487,-0.736637418,-0.747041393,-0.916946151
0.558514271,0.241507712,-1.328410988,-0.736637418,-1.310163758,-1.331834052
0.558514271,-0.186087519,1.332238016,1.994327541,1.384220854,2.256946287
0.267477974,-0.542416878,-1.106690237,-0.736637418,-1.185989579,-1.041412521
0.267477974,-0.471151006,-0.884969487,-0.736637418,-0.923304278,-0.481313856
0.267477974,-0.328619262,0.667075765,-0.736637418,0.68026467,0.804838636
0.267477974,-0.399885134,-1.106690237,0.173684235,-1.157920694,-1.311089657
0.267477974,-0.542416878,1.332238016,1.084005888,1.240155878,1.447914881
0.267477974,1.381761662,1.332238016,1.994327541,1.240155878,1.842058387
0.267477974,3.020876714,1.110517266,0.173684235,1.006775471,0.389950735
0.267477974,-0.542416878,-1.771852488,-0.736637418,-1.850447882,-1.705233162
-1.595424194,-0.399885134,-0.884969487,-0.736637418,-0.992241925,-1.041412521
-1.595424194,-0.114821647,0.667075765,1.994327541,0.317673561,1.904291572
-1.595424194,-0.542416878,-0.441527986,-0.736637418,-0.634604489,-0.460569461
-1.595424194,-0.542416878,-0.219807236,0.173684235,-0.382167086,-0.564291436
-1.595424194,-0.542416878,0.445355015,0.173684235,0.267511605,0.141017995
-1.595424194,-0.471151006,0.223634265,-0.736637418,-0.012996609,-0.066425955
-1.595424194,-0.542416878,-0.884969487,-0.736637418,-0.964303096,-0.626524621
-1.595424194,0.241507712,0.667075765,0.173684235,0.317673561,0.1202736
0.145986828,-0.542416878,-1.771852488,-0.736637418,-2.01705101,-1.207367681
0.145986828,-0.328619262,-0.441527986,0.173684235,-0.506831623,-0.543547041
0.145986828,-0.471151006,-1.771852488,-0.736637418,-2.042338632,-1.560022397
0.145986828,-0.399885134,1.332238016,-0.736637418,1.179999872,0.825583031
0.145986828,-0.471151006,-1.106690237,-0.736637418,-1.096393807,-1.020668126
0.145986828,-0.399885134,-1.106690237,-0.736637418,-1.068143326,-0.916946151
0.145986828,-0.542416878,1.110517266,0.173684235,0.942074264,1.157493351
0.145986828,0.882900559,1.332238016,1.994327541,1.179999872,1.945780362
-0.071347721,-0.542416878,-0.884969487,-0.736637418,-0.850336834,-0.709502201
-0.071347721,1.809356893,1.332238016,3.814970847,1.07594192,1.779825202
-0.071347721,-0.399885134,-1.328410988,-0.736637418,-1.356370098,-1.497789212
-0.071347721,-0.328619262,-1.771852488,-0.736637418,-1.749852298,-1.580766792
-0.071347721,0.455305328,0.223634265,-0.736637418,0.087154859,0.16176239
-0.071347721,-0.542416878,1.332238016,0.173684235,1.07594192,0.472928315
-0.071347721,-0.399885134,-0.884969487,-0.736637418,-0.858634381,-0.232381115
-0.071347721,-0.542416878,1.110517266,0.173684235,0.869849101,1.178237746
-0.345884788,-0.186087519,0.667075765,1.084005888,0.936421181,1.613870041
-0.345884788,-0.471151006,-0.884969487,-0.736637418,-0.62837579,-0.647269016
-0.345884788,2.45074974,-1.771852488,-0.736637418,-1.546126973,-1.477044817
-0.345884788,-0.328619262,0.667075765,-0.736637418,0.936421181,0.49367271
-0.345884788,-0.471151006,0.223634265,0.173684235,0.408489929,-0.253125511
-0.345884788,-0.186087519,0.223634265,0.173684235,0.443920442,0.32771755
-0.345884788,-0.186087519,0.445355015,1.084005888,0.717406136,0.65962787
-0.345884788,-0.542416878,-0.441527986,-0.736637418,-0.272169928,-0.543547041
0.904819097,-0.257353391,1.332238016,1.994327541,1.555728522,1.198982141
0.904819097,0.882900559,1.332238016,1.994327541,1.555728522,1.779825202
0.904819097,-0.542416878,-1.106690237,-0.736637418,-0.877254005,-1.103645706
0.904819097,-0.542416878,0.445355015,0.173684235,0.68347897,-0.149403535
0.904819097,0.455305328,-0.441527986,-0.736637418,-0.211068852,-0.315358696
0.904819097,-0.399885134,-0.441527986,-0.736637418,-0.239320296,-0.419080671
0.904819097,7.296829025,-2.88045624,-0.736637418,-3.085707611,-1.954165902
0.904819097,-0.328619262,0.445355015,-0.736637418,0.738996326,0.20325118
-0.129705964,0.241507712,0.223634265,-0.736637418,-0.031538682,-0.294614301
-0.129705964,-0.328619262,-0.884969487,-0.736637418,-1.002731149,-0.792479781
-0.129705964,-0.399885134,1.110517266,1.084005888,0.814582222,0.28622876
-0.129705964,-0.471151006,-2.215293989,-0.736637418,-2.53442801,-1.663744372
-0.129705964,-0.257353391,1.332238016,1.994327541,1.04349546,1.676103226
-0.129705964,-0.399885134,-0.219807236,-0.736637418,-0.393507932,-0.315358696
-0.129705964,-0.471151006,1.332238016,0.173684235,1.04349546,0.65962787
-0.129705964,-0.186087519,0.667075765,-0.736637418,0.508501227,0.348461945
-0.169308007,-0.542416878,1.110517266,2.904649194,1.021513177,0.970793796
-0.169308007,-0.471151006,0.667075765,-0.736637418,0.725572663,0.16176239
-0.169308007,-0.471151006,-0.884969487,-0.736637418,-0.729590824,-0.419080671
-0.169308007,-0.186087519,-0.441527986,-0.736637418,-0.342358517,-0.730246596
-0.169308007,-0.542416878,-0.441527986,-0.736637418,-0.341370576,-0.253125511
-0.169308007,2.236952124,1.110517266,1.084005888,1.02546494,1.219726536
-0.169308007,-0.257353391,0.223634265,-0.736637418,0.258861464,0.099529205
-0.169308007,-0.542416878,-0.441527986,-0.736637418,-0.37202564,-0.564291436
0.900704018,-0.471151006,1.110517266,-0.736637418,0.943254398,0.28622876
0.900704018,-0.186087519,-0.219807236,-0.736637418,-0.251027707,-0.502058251
0.900704018,-0.471151006,1.332238016,1.994327541,1.180859203,0.348461945
0.900704018,-0.542416878,-1.328410988,-0.736637418,-1.395459989,-1.580766792
0.900704018,2.308217996,0.667075765,-0.736637418,0.631518875,0.099529205
0.900704018,-0.471151006,1.775679517,1.994327541,1.555863394,1.862802782
0.900704018,-0.328619262,-0.441527986,-0.736637418,-0.532642357,-0.999923731
0.900704018,-0.257353391,1.775679517,1.084005888,1.555664939,1.281959721
0.196317262,-0.542416878,-1.106690237,-0.736637418,-0.863333241,-0.979179336
0.196317262,0.027710097,0.445355015,-0.736637418,0.668336647,0.472928315
0.196317262,-0.542416878,0.223634265,-0.736637418,0.373409604,-0.294614301
0.196317262,-0.471151006,-1.328410988,-0.736637418,-1.100880724,-1.269600867
0.196317262,2.807079099,-0.884969487,-0.736637418,-0.599695162,-0.999923731
0.196317262,-0.471151006,1.110517266,0.173684235,1.204920449,0.846327426
0.196317262,-0.257353391,1.110517266,1.994327541,1.204920449,2.090991127
0.196317262,1.239229918,0.667075765,1.084005888,0.909596977,0.16176239
0.394810002,-0.542416878,-0.219807236,-0.736637418,-0.143084464,-0.419080671
0.394810002,-0.328619262,1.332238016,2.904649194,1.303184666,1.925035967
0.394810002,-0.328619262,1.332238016,1.084005888,1.303184666,1.302704116
0.394810002,1.666825149,0.445355015,0.173684235,0.53199938,-0.00419277
0.394810002,1.809356893,-0.441527986,-0.736637418,-0.463087669,-0.398336276
0.394810002,-0.399885134,-0.441527986,-0.736637418,-0.464865577,-0.647269016
0.394810002,-0.542416878,0.667075765,-0.736637418,0.777562623,0.28622876
0.394810002,-0.399885134,-1.328410988,-0.736637418,-1.376799422,-1.228112076
-0.741212562,3.662269561,1.110517266,1.084005888,0.740671153,0.784094241
-0.741212562,-0.542416878,-0.884969487,-0.736637418,-0.991510242,-0.937690546
-0.741212562,3.020876714,-0.441527986,-0.736637418,-0.648956845,-0.647269016
-0.741212562,-0.471151006,0.223634265,0.173684235,-0.040674364,-0.149403535
-0.741212562,-0.542416878,0.667075765,-0.736637418,0.411732167,0.348461945
-0.741212562,-0.399885134,-1.328410988,-0.736637418,-1.475850235,-1.435556027
-0.741212562,-0.399885134,1.110517266,1.994327541,0.740671153,1.842058387
-0.741212562,-0.471151006,0.667075765,0.173684235,0.440774542,0.846327426
-1.69228518,3.876067177,-0.219807236,-0.736637418,-0.299606357,-0.024937165
-1.69228518,0.384039456,0.445355015,2.904649194,0.269798175,1.800569597
-1.69228518,-0.328619262,-0.441527986,0.173684235,-0.541082965,-0.377591881
-1.69228518,-0.542416878,-1.328410988,-0.736637418,-1.336164759,-1.124390101
-1.69228518,3.876067177,-0.884969487,-0.736637418,-0.859775016,-0.543547041
-1.69228518,-0.471151006,-1.106690237,-0.736637418,-1.114471533,-1.082901311
-1.69228518,-0.542416878,-0.884969487,-0.736637418,-0.856021227,-0.668013411
-1.69228518,-0.542416878,0.445355015,0.173684235,0.269798175,0.867071821
0.429043958,-0.471151006,-0.219807236,-0.736637418,-0.235568434,-0.585035831
0.429043958,-0.542416878,-1.328410988,-0.736637418,-1.419176347,-1.435556027
0.429043958,1.096698174,0.667075765,-0.736637418,0.733674644,0.472928315
0.429043958,-0.542416878,1.332238016,0.173684235,1.315014907,0.763349846
0.429043958,0.241507712,1.332238016,3.814970847,1.322324994,1.655358831
0.429043958,-0.542416878,1.110517266,-0.736637418,1.051206311,0.306973155
0.429043958,-0.257353391,1.110517266,0.173684235,1.072938117,0.825583031
0.429043958,-0.542416878,-0.884969487,-0.736637418,-0.894713244,-0.958434941
0.453070962,-0.399885134,1.332238016,-0.736637418,1.324934776,0.804838636
0.453070962,0.740368815,0.223634265,-0.736637418,0.273145902,0.265484365
0.453070962,-0.186087519,-1.328410988,-0.736637418,-1.361515001,-1.518533607
0.453070962,-0.399885134,-0.884969487,-0.736637418,-0.868957904,-0.481313856
0.453070962,-0.186087519,1.332238016,3.814970847,1.332048335,1.883547177
0.453070962,1.524293406,-1.328410988,-0.736637418,-1.389175415,-1.248856472
0.453070962,-0.542416878,0.667075765,0.173684235,0.77819556,0.784094241
0.453070962,-0.542416878,-0.441527986,0.173684235,-0.462667637,-0.356847486
-0.247109269,2.522015611,0.223634265,-0.736637418,0.162218606,-0.481313856
-0.247109269,-0.471151006,1.110517266,0.173684235,0.985953091,0.991538191
-0.247109269,-0.542416878,-1.771852488,-0.736637418,-2.01049669,-1.560022397
-0.247109269,-0.399885134,1.110517266,1.994327541,0.985953091,1.240470931
-0.247109269,-0.471151006,-0.219807236,-0.736637418,-0.202937488,-0.626524621
-0.247109269,0.098975969,0.445355015,0.173684235,0.413110756,0.141017995
-0.247109269,2.807079099,-0.441527986,-0.736637418,-0.535214086,-0.668013411
-0.247109269,-0.471151006,0.667075765,0.173684235,0.687223126,0.721861055
-0.763350326,-0.542416878,-0.219807236,-0.736637418,-0.376777004,0.141017995
-0.763350326,-0.542416878,-0.219807236,-0.736637418,-0.40028431,-0.12865914
-0.763350326,-0.399885134,0.223634265,0.173684235,-0.022252713,0.182506785
-0.763350326,-0.328619262,-1.328410988,-0.736637418,-1.43829789,-1.165878891
-0.763350326,-0.257353391,-0.441527986,-0.736637418,-0.625128735,-0.481313856
-0.763350326,-0.471151006,1.110517266,0.173684235,0.72972818,0.65962787
-0.763350326,1.025432303,1.110517266,1.084005888,0.72972818,2.173968707
-0.763350326,2.236952124,-1.106690237,0.173684235,-1.221743303,-1.186623286
-0.072620185,-0.328619262,-0.884969487,-0.736637418,-0.899671252,-0.833968571
-0.072620185,-0.471151006,0.445355015,0.173684235,0.324290982,0.1202736
-0.072620185,-0.471151006,1.332238016,1.084005888,1.071760873,0.950049401
-0.072620185,-0.471151006,-1.106690237,-0.736637418,-1.166072771,-1.124390101
-0.072620185,-0.542416878,-0.884969487,-0.736637418,-0.9482894,-0.833968571
-0.072620185,-0.542416878,0.223634265,-0.736637418,0.088121124,-0.066425955
-0.072620185,-0.471151006,1.332238016,2.904649194,1.071760873,2.008013547
-0.072620185,-0.186087519,0.223634265,0.173684235,0.077847696,0.265484365
1.52822343,0.455305328,1.775679517,1.994327541,1.867712596,2.111735522
1.52822343,-0.542416878,1.110517266,-0.736637418,1.259827989,0.680372265
1.52822343,0.882900559,0.445355015,1.084005888,0.624998755,0.20325118
1.52822343,-0.471151006,1.775679517,0.173684235,1.867712596,0.846327426
1.52822343,-0.257353391,-1.106690237,-0.736637418,-1.082285666,-0.999923731
1.52822343,-0.471151006,-0.219807236,0.173684235,-0.089531911,-0.377591881
1.52822343,-0.471151006,-0.441527986,-0.736637418,-0.437525485,-0.419080671
1.52822343,-0.542416878,-0.884969487,-0.736637418,-0.833810142,-0.771735386
-0.260892352,-0.542416878,1.110517266,0.173684235,0.972611315,0.74260545
-0.260892352,-0.542416878,-0.441527986,-0.736637418,-0.456893651,-0.502058251
-0.260892352,-0.399885134,0.223634265,1.084005888,0.172889907,0.555905895
-0.260892352,-0.471151006,-0.884969487,-0.736637418,-0.805254271,-0.750990991
-0.260892352,-0.471151006,-0.884969487,-0.736637418,-0.847272821,-0.564291436
-0.260892352,-0.542416878,-0.441527986,0.173684235,-0.424487172,-0.17014793
-0.260892352,-0.542416878,0.445355015,0.173684235,0.467480251,0.49367271
-0.260892352,-0.471151006,1.110517266,1.994327541,0.978537996,1.634614436
0.410960958,1.239229918,-1.328410988,-0.736637418,-1.382797874,-1.207367681
0.410960958,-0.542416878,0.445355015,-0.736637418,0.493418633,0.389950735
0.410960958,-0.542416878,1.332238016,1.084005888,1.311197053,1.033026981
0.410960958,-0.471151006,-0.441527986,-0.736637418,-0.504432338,-0.647269016
0.410960958,0.5265712,-1.328410988,-0.736637418,-1.396641087,-1.020668126
0.410960958,0.027710097,1.332238016,1.994327541,1.311197053,1.966524757
0.410960958,3.163408458,0.223634265,1.084005888,0.167861573,0.389950735
0.410960958,-0.399885134,-1.771852488,-0.736637418,-1.820825556,-1.497789212
-1.018150579,-0.471151006,0.445355015,1.084005888,0.603590643,1.427170486
-1.018150579,-0.399885134,-0.884969487,-0.736637418,-0.677053667,-1.041412521
-1.018150579,0.384039456,0.445355015,-0.736637418,0.563287863,0.514417105
-1.018150579,-0.328619262,-0.219807236,0.173684235,-0.07750755,-0.294614301
-1.018150579,-0.471151006,-0.441527986,-0.736637418,-0.294631009,-0.460569461
-1.018150579,-0.399885134,-1.993573239,-0.736637418,-2.013324676,-1.829699532
-1.018150579,-0.542416878,-0.219807236,-0.736637418,-0.062887376,-0.149403535
-1.018150579,-0.257353391,0.445355015,0.173684235,0.59944187,0.41069513
0.61080788,-0.471151006,1.332238016,1.994327541,1.410108659,1.634614436
0.61080788,-0.542416878,-0.884969487,-0.736637418,-0.755999332,-0.916946151
0.61080788,-0.257353391,1.332238016,1.084005888,1.410108659,1.364937301
0.61080788,-0.542416878,-1.106690237,-0.736637418,-0.97425572,-0.896201756
0.61080788,-0.542416878,0.223634265,-0.736637418,0.305559606,-0.232381115
0.61080788,-0.542416878,-0.219807236,-0.736637418,-0.14753381,-0.336103091
0.61080788,-0.471151006,0.223634265,0.173684235,0.345863831,0.28622876
0.61080788,-0.471151006,-0.219807236,0.173684235,-0.064552087,-0.08717035
0.250891189,-0.399885134,0.223634265,1.084005888,0.339298915,-0.273869906
0.250891189,-0.399885134,0.667075765,0.173684235,0.862784674,0.389950735
0.250891189,-0.257353391,-0.219807236,-0.736637418,-0.039782761,-0.356847486
0.250891189,-0.542416878,1.110517266,0.173684235,1.231944072,0.763349846
0.250891189,0.384039456,1.110517266,1.084005888,1.231944072,1.966524757
0.250891189,0.5265712,-0.884969487,-0.736637418,-0.651702462,-0.896201756
0.250891189,-0.186087519,-1.993573239,-0.736637418,-2.06124775,-1.746721952
0.250891189,-0.542416878,-0.884969487,-0.736637418,-0.639059133,-0.792479781
-0.981096383,-0.471151006,0.445355015,0.173684235,0.381926799,0.141017995
-0.981096383,-0.542416878,-1.771852488,-0.736637418,-1.984372859,-0.896201756
-0.981096383,-0.186087519,0.667075765,1.084005888,0.623913995,0.721861055
-0.981096383,-0.471151006,0.223634265,-0.736637418,0.148381655,0.03729602
-0.981096383,-0.399885134,0.223634265,-0.736637418,0.165175685,-0.439825066
-0.981096383,-0.542416878,0.667075765,0.173684235,0.619765222,0.57665029
-0.981096383,-0.471151006,-0.441527986,-0.736637418,-0.468939688,-0.958434941
-0.981096383,3.804801305,-0.219807236,-0.736637418,-0.230441354,-0.00419277
1.925742022,-0.043555775,1.997400267,2.904649194,2.061226631,2.505879027
1.925742022,1.595559277,-0.441527986,-0.736637418,-0.350137286,-0.626524621
1.925742022,-0.471151006,-0.441527986,-0.736637418,-0.324455162,-0.481313856
1.925742022,-0.542416878,1.332238016,0.173684235,1.398290941,1.593125646
1.925742022,-0.471151006,-0.219807236,-0.736637418,-0.065274618,-0.294614301
1.925742022,-0.043555775,1.997400267,0.173684235,2.054114999,1.116004561
1.925742022,-0.471151006,-1.771852488,-0.736637418,-1.610938486,-1.622255582
1.925742022,-0.257353391,-1.993573239,-0.736637418,-2.012343961,-1.725977557
1.28132841,-0.471151006,1.775679517,1.994327541,1.744001799,1.945780362
1.28132841,-0.471151006,1.332238016,1.084005888,1.389960641,1.551636856
1.28132841,0.312773584,-0.884969487,-0.736637418,-0.595259785,-0.730246596
1.28132841,-0.542416878,-1.106690237,-0.736637418,-0.838052362,-0.833968571
1.28132841,-0.542416878,1.775679517,-0.736637418,1.744001799,0.57665029
1.28132841,-0.471151006,-0.884969487,-0.736637418,-0.625290582,-1.165878891
1.28132841,-0.471151006,-0.219807236,1.084005888,-0.027229988,-0.522802646
1.28132841,-0.542416878,-1.771852488,-0.736637418,-1.68943281,-0.937690546
-0.879778854,-0.542416878,0.445355015,0.173684235,0.667359303,0.846327426
-0.879778854,1.666825149,-1.106690237,0.173684235,-0.906857545,-0.750990991
-0.879778854,-0.542416878,-1.328410988,-0.736637418,-1.172977759,-1.020668126
-0.879778854,0.17024184,-0.884969487,0.173684235,-0.631597314,-0.419080671
-0.879778854,0.597837072,-1.106690237,-0.736637418,-0.885305409,-0.854712966
-0.879778854,0.954166431,0.223634265,-0.736637418,0.393042698,0.514417105
-0.879778854,-0.471151006,0.445355015,0.173684235,0.639303906,0.45218392
-0.879778854,-0.471151006,0.445355015,1.084005888,0.672101515,0.887816216
1.202081519,-0.186087519,1.775679517,1.084005888,1.698567123,1.302704116
1.202081519,-0.114821647,-0.441527986,-0.736637418,-0.407994197,-0.502058251
1.202081519,-0.399885134,0.445355015,0.173684235,0.484078715,0.1202736
1.202081519,0.241507712,0.667075765,-0.736637418,0.746310748,0.389950735
1.202081519,0.5265712,-1.106690237,-0.736637418,-1.038714156,-1.186623286
1.202081519,-0.542416878,-1.771852488,-0.736637418,-1.672245242,-1.871188322
1.202081519,-0.114821647,0.667075765,0.173684235,0.750460003,0.784094241
1.202081519,-0.471151006,1.775679517,1.994327541,1.702913869,1.634614436
1.221071199,-0.471151006,-1.771852488,-0.736637418,-1.640252051,-1.705233162
1.221071199,1.239229918,-0.884969487,-0.736637418,-0.687075654,-0.937690546
1.221071199,-0.542416878,1.997400267,1.084005888,1.713488833,2.526623422
1.221071199,-0.471151006,1.997400267,2.904649194,1.713488833,2.588856607
1.221071199,-0.542416878,-0.219807236,-0.736637418,-0.130587086,-0.750990991
1.221071199,-0.542416878,-0.441527986,-0.736637418,-0.36533404,-0.481313856
1.221071199,-0.257353391,0.445355015,0.173684235,0.470312573,0.5351615
1.221071199,-0.471151006,-1.771852488,-0.736637418,-1.637683694,-1.642999977
-0.396182146,-0.542416878,-1.106690237,-0.736637418,-1.163253455,-1.041412521
-0.396182146,0.098975969,1.110517266,-0.736637418,0.911552627,0.908560611
-0.396182146,-0.328619262,1.110517266,1.084005888,0.911552627,1.074515771
-0.396182146,0.17024184,-0.884969487,-0.736637418,-0.909655667,-0.958434941
-0.396182146,-0.471151006,0.445355015,-0.736637418,0.349196626,0.265484365
-0.396182146,-0.542416878,-0.219807236,0.173684235,-0.275145311,-0.481313856
-0.396182146,0.312773584,-0.441527986,-0.736637418,-0.554486397,-0.647269016
-0.396182146,-0.471151006,0.223634265,0.173684235,-0.010050128,-0.21163672
1.741717239,-0.257353391,1.110517266,0.173684235,0.812731579,0.514417105
1.741717239,0.5265712,0.223634265,-0.736637418,-0.009323262,-0.377591881
1.741717239,-0.399885134,2.219121018,1.994327541,1.970108727,2.443645842
1.741717239,-0.542416878,-0.441527986,-0.736637418,-0.656929733,-0.585035831
1.741717239,-0.542416878,2.219121018,1.084005888,1.970108727,2.215457497
1.741717239,-0.542416878,-1.328410988,-0.736637418,-1.529876287,-1.248856472
1.741717239,-0.471151006,-0.219807236,-0.736637418,-0.425824336,-0.232381115
1.741717239,-0.542416878,-0.884969487,0.173684235,-1.017618177,-0.771735386
1.352409349,-0.471151006,-1.328410988,-0.736637418,-1.273766018,-1.373322842
1.352409349,-0.542416878,-1.328410988,-0.736637418,-1.293126477,-1.477044817
1.352409349,-0.471151006,1.332238016,-0.736637418,1.4191586,0.825583031
1.352409349,-0.399885134,1.775679517,1.994327541,1.780903866,2.008013547
1.352409349,-0.471151006,-0.441527986,-0.736637418,-0.381547154,-0.439825066
1.352409349,-0.542416878,1.775679517,1.994327541,1.780706375,1.634614436
1.352409349,-0.471151006,-1.993573239,-0.736637418,-2.15106558,-1.829699532
1.352409349,-0.328619262,0.445355015,-0.736637418,0.481449184,0.348461945
0.3969872,0.17024184,-0.219807236,-0.736637418,-0.013489375,-0.149403535
0.3969872,-0.542416878,0.223634265,0.173684235,0.531468079,0.49367271
0.3969872,-0.542416878,-1.106690237,-0.736637418,-1.017289667,-1.560022397
0.3969872,-0.542416878,0.223634265,-0.736637418,0.514279066,-0.253125511
0.3969872,-0.471151006,1.110517266,1.994327541,1.304280986,1.281959721
0.3969872,-0.257353391,-0.219807236,-0.736637418,0.019703218,-0.605780226
0.3969872,1.595559277,0.667075765,-0.736637418,1.017643301,-0.21163672
0.3969872,-0.471151006,1.110517266,1.994327541,1.304280986,0.991538191
0.448169834,-0.471151006,-2.43701474,-0.736637418,-2.580872304,-1.829699532
0.448169834,-0.542416878,0.223634265,0.173684235,0.198064333,0.099529205
0.448169834,-0.542416878,0.667075765,-0.736637418,0.752519698,-0.04568156
0.448169834,-0.542416878,-1.328410988,-0.736637418,-1.283459494,-1.103645706
0.448169834,-0.399885134,-1.771852488,-0.736637418,-1.738624166,-1.228112076
0.448169834,-0.471151006,-0.441527986,0.173684235,-0.419277242,-0.315358696
0.448169834,-0.471151006,1.332238016,1.084005888,1.331992459,1.157493351
0.448169834,1.096698174,1.332238016,2.904649194,1.331992459,2.132479917
0.493496021,-0.043555775,-1.328410988,-0.736637418,-1.115620357,-1.165878891
0.493496021,-0.471151006,1.110517266,0.173684235,1.35196418,0.721861055
0.493496021,-0.328619262,0.667075765,-0.736637418,1.012008522,0.265484365
0.493496021,0.882900559,1.110517266,4.7252925,1.35196418,1.717592016
0.493496021,-0.399885134,-1.993573239,-0.736637418,-1.98668255,-1.871188322
0.493496021,-0.542416878,0.445355015,-0.736637418,0.784258077,0.182506785
0.493496021,0.312773584,0.667075765,-0.736637418,1.040859667,0.41069513
0.493496021,-0.471151006,-0.884969487,-0.736637418,-0.529775836,-0.585035831
-0.478127672,3.876067177,0.445355015,1.994327541,0.870974322,1.385681696
-0.478127672,-0.542416878,0.445355015,1.084005888,0.870974322,0.389950735
-0.478127672,-0.399885134,-0.441527986,-0.736637418,-0.056223713,-0.356847486
-0.478127672,-0.542416878,0.223634265,-0.736637418,0.610473955,-0.273869906
-0.478127672,-0.328619262,0.223634265,0.173684235,0.524099226,0.24473997
-0.478127672,3.163408458,-0.884969487,-0.736637418,-0.536589303,-0.543547041
-0.478127672,-0.471151006,-0.441527986,-0.736637418,-0.169443841,-0.543547041
-0.478127672,2.308217996,-0.441527986,-0.736637418,-0.095748568,-0.336103091
2.207863287,-0.471151006,1.997400267,0.173684235,2.19696516,1.427170486
2.207863287,-0.257353391,1.997400267,1.084005888,2.204077756,1.468659276
2.207863287,-0.471151006,-1.106690237,-0.736637418,-1.037905403,-0.999923731
2.207863287,1.31049579,-0.441527986,-0.736637418,-0.409264889,-0.605780226
2.207863287,-0.471151006,-0.219807236,-0.736637418,-0.067975439,-0.626524621
2.207863287,-0.542416878,-1.106690237,-0.736637418,-1.239237706,-0.979179336
2.207863287,2.735813227,0.445355015,0.173684235,0.596858581,0.28622876
2.207863287,-0.471151006,-3.545618491,-0.736637418,-4.018799573,-1.954165902
0.564933016,1.738091021,-0.441527986,-0.736637418,-0.064208162,-0.336103091
0.564933016,-0.542416878,-1.771852488,-0.736637418,-1.405962218,-1.560022397
0.564933016,0.098975969,1.110517266,0.173684235,1.389807464,1.053771376
0.564933016,-0.328619262,-1.328410988,-0.736637418,-0.986480463,-1.207367681
0.564933016,-0.471151006,1.110517266,1.084005888,1.389609972,1.613870041
0.564933016,3.092142586,0.223634265,0.173684235,0.582291392,0.223995575
0.564933016,-0.542416878,0.445355015,1.084005888,0.834323696,0.16176239
0.564933016,2.236952124,-0.219807236,-0.736637418,0.184491829,0.182506785
-0.35859581,1.666825149,0.445355015,1.994327541,0.41340603,0.74260545
-0.35859581,1.381761662,-0.219807236,-0.736637418,-0.241771603,-0.12865914
-0.35859581,-0.542416878,1.110517266,0.173684235,0.931771935,0.991538191
-0.35859581,-0.399885134,-1.106690237,-0.736637418,-1.147289373,-1.041412521
-0.35859581,-0.542416878,-0.219807236,-0.736637418,-0.208382,-0.232381115
-0.35859581,-0.399885134,1.110517266,1.084005888,0.931771935,1.759080807
-0.35859581,0.882900559,-1.106690237,-0.736637418,-1.185222251,-1.082901311
-0.35859581,-0.471151006,-0.441527986,-0.736637418,-0.530313881,-0.502058251
-0.288452681,-0.542416878,-0.884969487,-0.736637418,-0.904124933,-0.730246596
-0.288452681,-0.114821647,-0.441527986,-0.736637418,-0.500124127,-0.771735386
-0.288452681,-0.542416878,-0.219807236,-0.736637418,-0.239483107,0.07878481
-0.288452681,-0.542416878,-0.219807236,0.173684235,-0.244817312,-0.17014793
-0.288452681,0.17024184,-0.219807236,-0.736637418,-0.221504608,-0.21163672
-0.288452681,2.735813227,1.110517266,1.994327541,0.964883123,1.012282586
-0.288452681,-0.114821647,1.110517266,1.994327541,0.964883123,0.721861055
-0.288452681,0.241507712,0.667075765,0.173684235,0.654623972,0.825583031
0.243155229,-0.542416878,-1.106690237,-0.736637418,-1.028328977,-0.937690546
0.243155229,1.381761662,-0.441527986,-0.736637418,-0.430202874,-0.605780226
0.243155229,1.025432303,1.332238016,1.994327541,1.228111767,1.966524757
0.243155229,-0.542416878,0.445355015,-0.736637418,0.435980307,0.03729602
0.243155229,-0.542416878,-0.219807236,0.173684235,-0.196788749,0.141017995
0.243155229,0.312773584,0.445355015,0.173684235,0.463639276,-0.024937165
0.243155229,-0.471151006,1.332238016,1.084005888,1.223963476,1.364937301
0.243155229,-0.114821647,-1.328410988,-0.736637418,-1.284065938,-1.269600867
0.69084471,-0.542416878,1.332238016,1.084005888,1.44819664,1.593125646
0.69084471,1.025432303,-1.328410988,-0.736637418,-1.21885896,-1.290345262
0.69084471,-0.542416878,-0.219807236,-0.736637418,-0.031588777,-0.17014793
0.69084471,-0.399885134,0.223634265,0.173684235,0.399484303,0.058040415
0.69084471,-0.542416878,-0.884969487,-0.736637418,-0.848320973,-0.792479781
0.69084471,-0.542416878,-0.441527986,-0.736637418,-0.28809114,-0.771735386
0.69084471,-0.542416878,0.667075765,1.084005888,0.885073311,0.306973155
0.69084471,4.089864792,1.332238016,0.173684235,1.452344931,1.136748956
-0.650725571,-0.471151006,0.667075765,2.904649194,0.785517208,2.236201892
-0.650725571,-0.471151006,-0.884969487,-0.736637418,-0.720243199,-0.605780226
-0.650725571,-0.542416878,-1.993573239,-0.736637418,-2.203421622,-1.560022397
-0.650725571,-0.471151006,0.445355015,0.173684235,0.544298785,0.514417105
-0.650725571,-0.186087519,-0.441527986,-0.736637418,-0.361625047,-0.460569461
-0.650725571,-0.542416878,-0.441527986,-0.736637418,-0.327049048,-0.502058251
-0.650725571,-0.471151006,0.667075765,-0.736637418,0.785517208,0.867071821
-0.650725571,-0.542416878,-2.43701474,-0.736637418,-2.419907327,-1.788210742
-0.328523629,-0.328619262,0.667075765,0.173684235,0.944921036,0.141017995
-0.328523629,-0.542416878,0.445355015,-0.736637418,0.635307346,0.555905895
-0.328523629,-0.399885134,0.445355015,-0.736637418,0.674819677,0.348461945
-0.328523629,-0.471151006,-1.106690237,-0.736637418,-0.901857149,-1.082901311
-0.328523629,-0.399885134,-0.219807236,0.173684235,-0.005318031,-0.190892325
-0.328523629,-0.471151006,0.667075765,2.904649194,0.944921036,0.970793796
-0.328523629,-0.471151006,0.223634265,-0.736637418,0.393026321,-0.024937165
-0.328523629,-0.542416878,-0.441527986,-0.736637418,-0.272043726,-0.08717035
-0.969596536,-0.471151006,-0.884969487,-0.736637418,-0.753640509,-0.999923731
-0.969596536,-0.399885134,-0.884969487,-0.736637418,-0.720977291,-0.958434941
-0.969596536,-0.471151006,-0.219807236,0.173684235,-0.063120512,-0.439825066
-0.969596536,0.597837072,-1.771852488,-0.736637418,-1.67700335,-1.642999977
-0.969596536,-0.328619262,0.223634265,0.173684235,0.331675731,0.223995575
-0.969596536,-0.186087519,0.667075765,1.084005888,0.628621526,2.070246732
-0.969596536,0.455305328,0.223634265,-0.736637418,0.357263926,-0.04568156
-0.969596536,0.954166431,0.667075765,1.084005888,0.628621526,0.57665029
1.975992683,0.954166431,-0.884969487,-0.736637418,-0.573314591,-1.186623286
1.975992683,1.453027534,-1.106690237,-0.736637418,-0.8824254,-1.124390101
1.975992683,-0.471151006,-1.993573239,-0.736637418,-1.953007306,-1.808955137
1.975992683,-0.542416878,1.110517266,0.173684235,1.264434846,0.45218392
1.975992683,-0.542416878,0.223634265,-0.736637418,0.387975829,-0.08717035
1.975992683,-0.542416878,0.667075765,-0.736637418,0.92799358,0.5351615
1.975992683,-0.471151006,1.997400267,1.084005888,2.086099039,2.090991127
1.975992683,-0.542416878,1.997400267,3.814970847,2.086099039,1.572381251
0.947617866,-0.471151006,1.332238016,2.904649194,1.576893864,1.613870041
0.947617866,-0.471151006,1.332238016,0.173684235,1.576893864,1.074515771
0.947617866,2.236952124,-0.219807236,-0.736637418,-0.02378207,-0.398336276
0.947617866,-0.043555775,1.110517266,-0.736637418,1.365450462,0.991538191
0.947617866,-0.542416878,-1.106690237,-0.736637418,-0.738503966,-1.165878891
0.947617866,-0.542416878,-1.106690237,-0.736637418,-0.731588863,-1.207367681
0.947617866,-0.399885134,-0.441527986,0.173684235,-0.10849257,-0.356847486
0.947617866,-0.542416878,-0.441527986,-0.736637418,-0.112048867,-0.833968571
-1.036602282,-0.471151006,-0.441527986,-0.736637418,-0.628446598,-0.647269016
-1.036602282,-0.328619262,0.667075765,1.994327541,0.594452071,1.613870041
-1.036602282,-0.542416878,0.445355015,0.173684235,0.353409464,0.28622876
-1.036602282,-0.542416878,-0.884969487,-0.736637418,-0.939157572,-0.564291436
-1.036602282,-0.471151006,-0.884969487,-0.736637418,-0.982245949,-1.082901311
-1.036602282,-0.399885134,0.445355015,-0.736637418,0.349062717,0.1202736
-1.036602282,2.379483868,0.223634265,0.173684235,0.119747751,0.1202736
-1.036602282,-0.471151006,0.667075765,1.084005888,0.594452071,0.65962787
-1.403300585,-0.471151006,-1.771852488,-0.736637418,-2.125621891,-1.456300422
-1.403300585,-0.399885134,0.223634265,-0.736637418,0.076161791,-0.17014793
-1.403300585,-0.471151006,-0.441527986,-0.736637418,-0.567295908,-0.294614301
-1.403300585,-0.471151006,0.667075765,1.084005888,0.39880127,0.784094241
-1.403300585,-0.542416878,-0.219807236,-0.736637418,-0.318338214,-0.253125511
-1.403300585,-0.471151006,-1.328410988,-0.736637418,-1.450714344,-0.854712966
-1.403300585,-0.542416878,0.667075765,0.173684235,0.415002824,1.053771376
-1.403300585,-0.542416878,0.667075765,-0.736637418,0.415002824,0.389950735
0.864997194,-0.328619262,1.332238016,1.084005888,1.534428308,1.447914881
0.864997194,-0.542416878,-1.106690237,-0.736637418,-0.976972436,-1.186623286
0.864997194,-0.257353391,0.445355015,-0.736637418,0.679572004,0.20325118
0.864997194,-0.542416878,-1.106690237,-0.736637418,-1.008919386,-1.124390101
0.864997194,-0.542416878,-0.441527986,0.173684235,-0.339424559,-0.771735386
0.864997194,-0.542416878,0.667075765,0.173684235,0.907395666,0.784094241
0.864997194,-0.471151006,0.667075765,-0.736637418,0.957993067,0.223995575
0.864997194,-0.471151006,1.332238016,1.994327541,1.540553444,1.489403671
0.361235626,-0.471151006,-1.771852488,-0.736637418,-1.926337723,-1.684488767
0.361235626,-0.542416878,1.775679517,0.173684235,1.281693704,1.136748956
0.361235626,3.662269561,-0.219807236,-0.736637418,-0.427689429,-0.190892325
0.361235626,1.595559277,-1.328410988,-0.736637418,-1.527392225,-1.352578447
0.361235626,-0.257353391,1.775679517,2.904649194,1.286435434,2.920766928
0.361235626,-0.114821647,-1.106690237,-0.736637418,-1.261443011,-0.916946151
0.361235626,-0.471151006,0.445355015,0.173684235,0.23787242,0.61813908
0.361235626,-0.471151006,-0.884969487,0.173684235,-0.991526138,-0.854712966
0.764048368,-0.542416878,-0.219807236,0.173684235,0.003937109,-0.730246596
0.764048368,-0.328619262,-0.441527986,-0.736637418,-0.278640434,-0.315358696
0.764048368,-0.542416878,0.667075765,1.084005888,0.91433389,0.950049401
0.764048368,-0.471151006,-0.219807236,-0.736637418,-0.001397096,-0.377591881
0.764048368,-0.471151006,1.332238016,1.994327541,1.489189196,1.696847621
0.764048368,3.591003689,0.223634265,-0.736637418,0.386245608,0.058040415
0.764048368,-0.542416878,1.332238016,1.994327541,1.484053446,0.680372265
0.764048368,-0.471151006,0.223634265,0.173684235,0.420818717,0.36920634
1.926199253,-0.471151006,-0.219807236,-0.736637418,-0.027123536,-0.107914745
1.926199253,-0.471151006,0.667075765,1.084005888,1.026150863,0.61813908
1.926199253,-0.471151006,1.775679517,1.084005888,2.061453024,1.344192906
1.926199253,3.23467433,-0.441527986,0.173684235,-0.308069122,-0.564291436
1.926199253,-0.542416878,1.775679517,0.173684235,2.061453024,1.261215326
1.926199253,-0.542416878,-2.88045624,-0.736637418,-3.330440666,-1.891932717
1.926199253,-0.542416878,-1.771852488,-0.736637418,-1.684008529,-1.497789212
1.926199253,0.312773584,-1.106690237,-0.736637418,-0.927328294,-1.165878891
1.117505455,-0.542416878,-0.441527986,-0.736637418,-0.376943668,-0.522802646
1.117505455,-0.471151006,0.667075765,0.173684235,0.766505972,0.20325118
1.117505455,-0.471151006,1.775679517,2.904649194,1.661035972,2.049502337
1.117505455,-0.542416878,-1.993573239,-0.736637418,-2.101264407,-1.601511187
1.117505455,0.241507712,-0.884969487,-0.736637418,-0.746876174,-0.916946151
1.117505455,-0.542416878,-0.219807236,1.084005888,-0.133772485,0.1202736
1.117505455,1.595559277,-0.219807236,-0.736637418,-0.15967474,-0.605780226
1.117505455,-0.471151006,1.775679517,-0.736637418,1.661035972,1.261215326
-1.191437243,0.312773584,0.667075765,0.173684235,0.517783823,1.033026981
-1.191437243,0.17024184,0.223634265,0.173684235,0.024453136,-0.294614301
-1.191437243,2.379483868,0.223634265,-0.736637418,0.047569312,0.16176239
-1.191437243,-0.043555775,-1.771852488,-0.736637418,-1.842984137,-1.518533607
-1.191437243,-0.471151006,0.667075765,0.173684235,0.517783823,0.5351615
-1.191437243,-0.399885134,-1.993573239,-0.736637418,-2.314690434,-1.020668126
-1.191437243,-0.257353391,0.445355015,0.173684235,0.280981028,0.431439525
-1.191437243,-0.399885134,-0.884969487,0.173684235,-0.983282059,-0.792479781
2.291522944,-0.542416878,-1.993573239,-0.736637418,-2.19390926,-1.705233162
2.291522944,-0.471151006,-1.106690237,0.173684235,-1.141859793,-0.771735386
2.291522944,-0.471151006,2.219121018,3.814970847,2.242339145,2.485134632
2.291522944,-0.186087519,2.219121018,1.084005888,2.227916462,1.510148066
2.291522944,-0.471151006,-0.884969487,-0.736637418,-0.873420255,-1.248856472
2.291522944,1.951888637,0.667075765,-0.736637418,0.771637869,0.45218392
2.291522944,-0.471151006,1.110517266,-0.736637418,1.122493148,0.991538191
2.291522944,-0.542416878,1.110517266,-0.736637418,1.099772919,0.70111666
0.27919087,-0.399885134,-0.219807236,1.084005888,-0.245240234,0.03729602
0.27919087,-0.471151006,1.332238016,0.173684235,1.2457974,1.510148066
0.27919087,0.17024184,-1.106690237,-0.736637418,-1.146941595,-1.041412521
0.27919087,-0.471151006,0.223634265,0.173684235,0.161652142,0.016551625
0.27919087,1.453027534,1.332238016,1.994327541,1.2457974,0.908560611
0.27919087,-0.542416878,0.445355015,-0.736637418,0.410669083,0.265484365
0.27919087,-0.471151006,-1.106690237,-0.736637418,-1.147336578,-0.875457361
0.27919087,1.096698174,-1.328410988,-0.736637418,-1.380150039,-1.290345262
0.103781487,-0.542416878,0.667075765,1.084005888,0.862661362,0.680372265
0.103781487,-0.471151006,0.223634265,0.173684235,0.401648524,0.24473997
0.103781487,-0.186087519,1.110517266,1.084005888,1.159098495,1.261215326
0.103781487,0.098975969,-1.106690237,-0.736637418,-0.964744321,-1.041412521
0.103781487,-0.542416878,1.110517266,1.084005888,1.156925122,0.784094241
0.103781487,1.595559277,-0.441527986,-0.736637418,-0.252510822,-0.315358696
0.103781487,-0.328619262,0.223634265,-0.736637418,0.411762995,-0.377591881
0.103781487,0.384039456,-0.441527986,-0.736637418,-0.253498282,-0.522802646
-0.445954174,0.455305328,-0.219807236,-0.736637418,-0.31540522,-0.315358696
-0.445954174,-0.471151006,1.110517266,0.173684235,0.876433767,0.74260545
-0.445954174,-0.399885134,1.110517266,1.084005888,0.889079023,0.950049401
-0.445954174,-0.471151006,0.445355015,-0.736637418,0.303826014,-0.232381115
-0.445954174,-0.471151006,-1.106690237,-0.736637418,-1.237940522,-0.688757806
-0.445954174,-0.542416878,1.110517266,0.173684235,0.883744817,0.846327426
-0.445954174,-0.542416878,-0.884969487,-0.736637418,-0.980124598,-0.854712966
-0.445954174,-0.399885134,0.223634265,0.173684235,0.055507519,-0.377591881
0.149313914,0.098975969,1.110517266,1.084005888,1.18243432,1.447914881
0.149313914,-0.471151006,-0.884969487,-0.736637418,-0.59782188,-1.041412521
0.149313914,2.949610843,-0.219807236,0.173684235,0.008451483,-0.315358696
0.149313914,-0.542416878,-0.884969487,-0.736637418,-0.574114192,-0.896201756
0.149313914,-0.471151006,0.445355015,0.173684235,0.641366973,0.058040415
0.149313914,-0.471151006,-2.43701474,-0.736637418,-2.533192964,-1.684488767
0.149313914,0.027710097,0.667075765,-0.736637418,0.885370994,0.784094241
0.149313914,2.593281483,1.110517266,0.173684235,1.18243432,0.49367271
1.886881277,-0.328619262,-2.43701474,-0.736637418,-2.444178589,-1.891932717
1.886881277,-0.471151006,1.997400267,1.994327541,2.041983222,1.489403671
1.886881277,-0.186087519,-1.106690237,-0.736637418,-0.952946353,-1.165878891
1.886881277,-0.043555775,0.667075765,1.084005888,0.808740318,0.970793796
1.886881277,-0.542416878,-0.663248737,-0.736637418,-0.625350793,-0.896201756
1.886881277,-0.542416878,-0.219807236,0.173684235,-0.084598469,-0.522802646
1.886881277,2.735813227,1.997400267,0.173684235,2.041983222,1.696847621
1.886881277,-0.186087519,1.332238016,-0.736637418,1.411646205,0.555905895
0.4681304,-0.257353391,-1.106690237,-0.736637418,-1.344393906,-1.145134496
0.4681304,-0.399885134,-0.441527986,0.173684235,-0.707844567,-0.750990991
0.4681304,-0.328619262,0.667075765,-0.736637418,0.420687216,0.61813908
0.4681304,-0.328619262,1.775679517,1.994327541,1.339480771,1.572381251
0.4681304,0.455305328,-0.219807236,-0.736637418,-0.442134751,-0.585035831
0.4681304,-0.471151006,1.775679517,1.994327541,1.339480771,2.173968707
0.4681304,-0.186087519,-2.43701474,-0.736637418,-2.807471998,-1.974910297
0.4681304,-0.542416878,0.667075765,0.173684235,0.389273013,0.348461945
1.273277253,-0.471151006,0.667075765,0.173684235,0.684513634,0.472928315
1.273277253,1.167964046,-1.106690237,-0.736637418,-1.152263758,-1.269600867
1.273277253,-0.542416878,-0.884969487,-0.736637418,-0.882859882,-1.062156916
1.273277253,-0.399885134,1.110517266,1.084005888,1.041756569,0.867071821
1.273277253,-0.257353391,1.775679517,1.994327541,1.738757187,1.883547177
1.273277253,-0.471151006,0.223634265,0.173684235,0.139969949,-0.419080671
1.273277253,-0.471151006,-0.441527986,-0.736637418,-0.553271581,-0.481313856
1.273277253,-0.471151006,1.775679517,-0.736637418,1.734805425,1.198982141
0.132003342,-0.542416878,-1.106690237,-0.736637418,-0.920739293,-1.145134496
0.132003342,-0.542416878,0.223634265,0.173684235,0.411286606,-0.273869906
0.132003342,-0.471151006,0.445355015,-0.736637418,0.650704482,0.514417105
0.132003342,-0.471151006,-0.219807236,0.173684235,0.00584989,-0.294614301
0.132003342,-0.328619262,1.110517266,1.994327541,1.173077062,1.323448511
0.132003342,0.027710097,0.445355015,0.173684235,0.628774702,0.597394685
0.132003342,-0.542416878,-0.441527986,-0.736637418,-0.246050432,-0.709502201
0.132003342,-0.542416878,1.110517266,0.173684235,1.173077062,0.597394685
-0.109509972,-0.399885134,1.332238016,1.994327541,1.054245758,1.344192906
-0.109509972,-0.542416878,0.223634265,-0.736637418,-0.048202655,-0.21163672
-0.109509972,-0.542416878,-0.441527986,-0.736637418,-0.714491852,-0.688757806
-0.109509972,3.947333048,-0.219807236,-0.736637418,-0.410312559,-0.647269016
-0.109509972,-0.186087519,1.110517266,1.084005888,0.814109205,0.5351615
-0.109509972,-0.542416878,-0.884969487,-0.736637418,-1.121589908,-0.958434941
-0.109509972,-0.471151006,1.332238016,1.084005888,1.04535381,1.447914881
-0.109509972,0.17024184,0.445355015,0.173684235,0.206671122,0.265484365
0.215343909,-0.471151006,-0.441527986,-0.736637418,-0.494086176,-0.543547041
0.215343909,-0.471151006,0.223634265,-0.736637418,0.125248139,-0.190892325
0.215343909,-0.542416878,-0.884969487,-0.736637418,-0.832107377,-0.792479781
0.215343909,0.312773584,1.332238016,1.994327541,1.214337436,2.319179472
0.215343909,2.45074974,-0.884969487,0.173684235,-0.859570299,-0.709502201
0.215343909,-0.471151006,1.332238016,1.994327541,1.214337436,1.447914881
0.215343909,2.949610843,0.223634265,-0.736637418,0.166342813,-0.273869906
0.215343909,-0.542416878,-1.106690237,-0.736637418,-1.091936272,-0.999923731
-0.269262598,-0.471151006,-1.771852488,-0.736637418,-1.823996985,-1.560022397
-0.269262598,-0.471151006,1.110517266,1.084005888,0.974391631,1.323448511
-0.269262598,3.020876714,-1.328410988,-0.736637418,-1.450449416,-0.999923731
-0.269262598,-0.257353391,1.110517266,0.173684235,0.974391631,0.846327426
-0.269262598,-0.186087519,0.223634265,0.173684235,0.173115337,0.32771755
-0.269262598,-0.542416878,-0.219807236,0.173684235,-0.230886914,-0.00419277
-0.269262598,-0.328619262,-0.884969487,-0.736637418,-0.840122654,-0.502058251
-0.269262598,-0.542416878,0.667075765,0.173684235,0.657979406,0.5351615
-0.7464678,-0.471151006,1.332238016,0.173684235,0.740827701,0.970793796
-0.7464678,-0.542416878,-0.884969487,-0.736637418,-1.208043152,-0.564291436
-0.7464678,-0.471151006,0.667075765,0.173684235,0.240496652,0.784094241
-0.7464678,3.092142586,-0.884969487,0.173684235,-1.197966735,-0.750990991
-0.7464678,-0.114821647,-1.328410988,-0.736637418,-1.660856227,-1.248856472
-0.7464678,-0.542416878,0.223634265,-0.736637418,-0.262149386,-0.294614301
-0.7464678,-0.542416878,0.223634265,-0.736637418,-0.209194125,-0.439825066
-0.7464678,0.241507712,1.332238016,1.994327541,0.740827701,1.634614436
-0.021721617,0.17024184,1.332238016,1.084005888,1.09933073,1.074515771
-0.021721617,3.163408458,0.223634265,0.173684235,0.01113111,0.431439525
-0.021721617,-0.542416878,-1.106690237,-0.736637418,-1.257969563,-0.916946151
-0.021721617,-0.186087519,1.332238016,1.084005888,1.092613118,1.406426091
-0.021721617,-0.542416878,0.445355015,-0.736637418,0.280626988,0.41069513
-0.021721617,-0.542416878,-0.884969487,-0.736637418,-0.941524102,-0.896201756
-0.021721617,-0.471151006,-1.106690237,-0.736637418,-1.242163475,-1.165878891
-0.021721617,-0.399885134,1.110517266,1.084005888,0.848693393,0.57665029
-0.60143023,2.593281483,0.667075765,0.173684235,0.811109256,0.887816216
-0.60143023,-0.471151006,-0.884969487,-0.736637418,-0.635228755,-0.833968571
-0.60143023,0.954166431,0.667075765,4.7252925,0.811109256,2.090991127
-0.60143023,-0.328619262,-0.441527986,-0.736637418,-0.306715099,-0.605780226
-0.60143023,-0.471151006,0.223634265,-0.736637418,0.37083643,0.016551625
-0.60143023,-0.257353391,-0.884969487,-0.736637418,-0.684781377,-0.730246596
-0.60143023,-0.542416878,0.223634265,0.173684235,0.383498063,0.32771755
-0.60143023,-0.471151006,-1.106690237,-0.736637418,-0.981764744,-0.854712966
-0.731091218,-0.471151006,0.445355015,0.173684235,0.745724535,0.24473997
-0.731091218,-0.542416878,-1.106690237,-0.736637418,-0.792095055,-1.186623286
-0.731091218,-0.328619262,-0.884969487,0.173684235,-0.543948523,-0.585035831
-0.731091218,-0.399885134,-0.219807236,-0.736637418,0.085388993,0.36920634
-0.731091218,-0.186087519,0.223634265,-0.736637418,0.49203908,0.24473997
-0.731091218,-0.471151006,0.445355015,0.173684235,0.724782696,0.389950735
-0.731091218,-0.471151006,0.223634265,0.173684235,0.466859838,0.016551625
-0.731091218,-0.542416878,0.445355015,1.084005888,0.740192838,0.431439525
-0.03844849,0.5265712,1.110517266,0.173684235,1.088678696,0.846327426
-0.03844849,-0.186087519,0.667075765,0.173684235,0.771340186,0.306973155
-0.03844849,-0.471151006,1.110517266,1.084005888,1.082158576,0.45218392
-0.03844849,4.588725895,0.445355015,-0.736637418,0.516216413,0.32771755
-0.03844849,1.951888637,-1.328410988,-0.736637418,-1.29858255,-0.979179336
-0.03844849,0.027710097,-0.219807236,0.173684235,-0.150923444,-0.294614301
-0.03844849,1.096698174,-0.441527986,-0.736637418,-0.42164907,-0.813224176
-0.03844849,-0.542416878,0.445355015,0.173684235,0.50019501,0.223995575
-0.839311963,-0.043555775,0.445355015,1.994327541,0.679888954,0.61813908
-0.839311963,0.312773584,0.445355015,1.084005888,0.692138263,0.950049401
-0.839311963,0.384039456,-1.771852488,-0.736637418,-1.603545067,-1.539278002
-0.839311963,-0.043555775,-0.884969487,-0.736637418,-0.609319275,-0.585035831
-0.839311963,-0.471151006,0.445355015,-0.736637418,0.653809438,0.991538191
-0.839311963,0.597837072,-0.441527986,-0.736637418,-0.222400547,-0.12865914
-0.839311963,-0.542416878,-0.219807236,0.173684235,0.031301767,-0.336103091
-0.839311963,-0.186087519,0.223634265,-0.736637418,0.419469992,-0.107914745
0.373777375,-0.542416878,-0.219807236,-0.736637418,-0.165946791,-0.522802646
0.373777375,-0.114821647,-1.106690237,-0.736637418,-1.120595224,-0.875457361
0.373777375,-0.186087519,0.667075765,-0.736637418,0.730880376,0.32771755
0.373777375,-0.471151006,0.223634265,0.173684235,0.241577077,-0.066425955
0.373777375,-0.471151006,1.332238016,1.084005888,1.293774422,1.095260166
0.373777375,-0.542416878,1.332238016,1.994327541,1.287650249,0.991538191
0.373777375,-0.328619262,0.445355015,0.173684235,0.46256126,0.16176239
0.373777375,-0.399885134,-0.441527986,-0.736637418,-0.424191898,-0.377591881
0.617325854,-0.542416878,1.110517266,0.173684235,1.175536557,0.555905895
0.617325854,-0.542416878,-0.884969487,-0.736637418,-0.667819239,-0.833968571
0.617325854,-0.471151006,-0.441527986,0.173684235,-0.298038465,-0.356847486
0.617325854,-0.542416878,0.223634265,1.084005888,0.34986858,0.058040415
0.617325854,-0.043555775,-1.328410988,-0.736637418,-1.20248448,-1.456300422
0.617325854,-0.186087519,1.332238016,1.084005888,1.413253114,1.385681696
0.617325854,-0.542416878,0.667075765,-0.736637418,0.846420792,0.555905895
0.617325854,0.098975969,1.332238016,0.173684235,1.412857167,0.846327426
-0.298614884,0.384039456,0.001913514,-0.736637418,0.362104402,-0.04568156
-0.298614884,1.453027534,0.001913514,0.173684235,0.405374857,-0.253125511
-0.298614884,-0.542416878,-0.441527986,-0.736637418,-0.204220703,-0.647269016
-0.298614884,-0.542416878,0.667075765,0.173684235,0.959839856,0.867071821
-0.298614884,-0.186087519,0.667075765,1.084005888,0.959839856,0.61813908
-0.298614884,-0.542416878,-0.441527986,-0.736637418,-0.145337316,-0.999923731
-0.298614884,-0.257353391,-1.106690237,-0.736637418,-0.906455336,-1.020668126
-0.298614884,-0.542416878,0.223634265,-0.736637418,0.640010059,0.058040415
-0.472273169,-0.471151006,1.332238016,1.084005888,0.873811461,1.842058387
-0.472273169,-0.186087519,1.332238016,2.904649194,0.873811461,3.439376803
-0.472273169,1.381761662,-1.328410988,-0.736637418,-1.478053954,-1.456300422
-0.472273169,-0.542416878,-0.441527986,0.173684235,-0.674856209,-0.336103091
-0.472273169,-0.257353391,-1.106690237,-0.736637418,-1.211278164,-0.937690546
-0.472273169,-0.471151006,-0.441527986,-0.736637418,-0.670114961,-0.232381115
-0.472273169,-0.542416878,-1.328410988,-0.736637418,-1.46540918,-1.642999977
-0.472273169,2.379483868,-0.884969487,0.173684235,-0.981376504,-0.979179336
0.952542341,-0.542416878,-1.106690237,-0.736637418,-1.041420276,-1.186623286
0.952542341,0.669102943,-1.106690237,-0.736637418,-1.005607304,-1.186623286
0.952542341,-0.542416878,0.667075765,0.173684235,0.939893184,0.41069513
0.952542341,-0.328619262,-1.328410988,-0.736637418,-1.264563381,-1.248856472
0.952542341,-0.471151006,1.332238016,1.084005888,1.579245461,2.070246732
0.952542341,-0.542416878,0.667075765,0.173684235,0.92823635,0.306973155
0.952542341,-0.471151006,-0.219807236,-0.736637418,-0.107445863,-0.460569461
0.952542341,-0.471151006,1.332238016,1.994327541,1.579245461,1.095260166
-1.908695538,0.098975969,0.223634265,0.173684235,-0.068086227,0.265484365
-1.908695538,-0.471151006,-0.219807236,0.173684235,-0.461776034,0.1202736
-1.908695538,-0.114821647,-0.219807236,-0.736637418,-0.482070967,-0.00419277
-1.908695538,-0.043555775,0.445355015,0.173684235,0.162645863,0.825583031
-1.908695538,-0.399885134,0.223634265,0.173684235,-0.061764081,-0.12865914
-1.908695538,-0.471151006,0.445355015,1.084005888,0.162645863,0.991538191
-1.908695538,-0.471151006,-0.441527986,0.173684235,-0.689803931,-0.398336276
-1.908695538,-0.471151006,-1.106690237,-0.736637418,-1.358449061,-0.896201756
0.674436926,0.027710097,-1.328410988,-0.736637418,-1.188034823,-1.456300422
0.674436926,-0.542416878,0.223634265,-0.736637418,0.422574467,-0.273869906
0.674436926,1.809356893,-1.106690237,-0.736637418,-0.930222271,-1.082901311
0.674436926,-0.471151006,0.223634265,0.173684235,0.409930174,-0.00419277
0.674436926,-0.471151006,-0.219807236,-0.736637418,0.03226177,-0.21163672
0.674436926,-0.399885134,-1.993573239,-0.736637418,-2.117144194,-1.705233162
0.674436926,2.379483868,1.332238016,1.994327541,1.441652436,2.671834187
0.674436926,-0.186087519,1.332238016,1.994327541,1.441652436,1.510148066
0.072191688,-0.257353391,-1.328410988,-0.736637418,-1.170538976,-1.145134496
0.072191688,0.098975969,1.110517266,0.173684235,1.141287624,0.70111666
0.072191688,-0.542416878,0.667075765,-0.736637418,0.797665363,0.389950735
0.072191688,-0.471151006,-0.884969487,-0.736637418,-0.667824538,-0.730246596
0.072191688,0.455305328,-0.884969487,0.173684235,-0.676319576,-0.833968571
0.072191688,-0.542416878,1.110517266,-0.736637418,1.143460997,1.012282586
0.072191688,-0.114821647,1.110517266,1.084005888,1.143460997,1.261215326
0.072191688,0.954166431,-0.219807236,0.173684235,-0.070168561,-0.356847486
0.457545989,-0.542416878,-0.219807236,-0.736637418,-0.192682846,-0.190892325
0.457545989,-0.471151006,1.332238016,1.994327541,1.33643458,1.613870041
0.457545989,0.882900559,0.667075765,0.173684235,0.731978623,0.597394685
0.457545989,1.738091021,-1.771852488,-0.736637418,-1.909649183,-1.062156916
0.457545989,-0.471151006,-0.219807236,-0.736637418,-0.231573801,-0.00419277
0.457545989,-0.043555775,0.223634265,-0.736637418,0.177434627,0.03729602
0.457545989,-0.542416878,-1.771852488,-0.736637418,-1.88253404,-1.663744372
0.457545989,-0.542416878,1.332238016,0.173684235,1.335842104,0.970793796
-0.267134042,-0.471151006,-0.884969487,-0.736637418,-0.781368359,-0.626524621
-0.267134042,-0.471151006,1.110517266,1.994327541,0.9753762,1.178237746
-0.267134042,-0.471151006,-0.219807236,0.173684235,-0.108691025,-0.460569461
-0.267134042,-0.471151006,1.110517266,0.173684235,0.9753762,0.929305006
-0.267134042,-0.542416878,0.667075765,-0.736637418,0.804443667,0.555905895
-0.267134042,-0.186087519,0.223634265,-0.736637418,0.278116915,0.28622876
-0.267134042,-0.542416878,-1.771852488,-0.736637418,-1.686965607,-1.456300422
-0.267134042,-0.542416878,-1.328410988,-0.736637418,-1.288838978,-1.290345262
0.20280216,-0.542416878,0.667075765,1.084005888,0.897603925,0.721861055
0.20280216,2.45074974,0.223634265,0.173684235,0.425090802,-0.066425955
0.20280216,0.954166431,-1.106690237,-0.736637418,-0.849097935,-1.414811632
0.20280216,0.597837072,1.110517266,0.173684235,1.20813234,0.846327426
0.20280216,-0.542416878,-0.441527986,-0.736637418,-0.199521362,-0.730246596
0.20280216,-0.399885134,-0.884969487,-0.736637418,-0.573141666,-0.875457361
0.20280216,0.882900559,1.110517266,1.994327541,1.20813234,1.406426091
0.20280216,-0.542416878,-0.441527986,-0.736637418,-0.218136169,-0.273869906
-0.581061075,0.17024184,-0.219807236,-0.736637418,0.022827442,-0.460569461
-0.581061075,-0.542416878,0.667075765,-0.736637418,0.819951109,1.095260166
-0.581061075,-0.542416878,0.445355015,0.173684235,0.660466839,0.431439525
-0.581061075,1.167964046,0.667075765,1.994327541,0.819951109,0.950049401
-0.581061075,-0.542416878,-1.106690237,-0.736637418,-0.91542869,-0.916946151
-0.581061075,-0.542416878,-0.441527986,-0.736637418,-0.296143989,-0.813224176
-0.581061075,3.23467433,-0.219807236,-0.736637418,0.070247634,-0.315358696
-0.581061075,0.027710097,-0.884969487,-0.736637418,-0.657093989,-0.833968571
0.323256266,2.165686252,-0.884969487,-0.736637418,-0.852127266,-0.937690546
0.323256266,-0.043555775,0.667075765,-0.736637418,0.706630309,0.20325118
0.323256266,-0.542416878,-0.884969487,-0.736637418,-0.831946493,-0.605780226
0.323256266,2.023154509,0.223634265,1.084005888,0.205221243,-0.107914745
0.323256266,3.23467433,0.223634265,-0.736637418,0.225177068,-0.17014793
0.323256266,1.239229918,1.332238016,1.994327541,1.267768123,1.717592016
0.323256266,0.954166431,-0.441527986,-0.736637418,-0.430825214,-0.896201756
0.323256266,-0.542416878,1.332238016,1.084005888,1.267768123,1.385681696
-0.239920041,-0.471151006,1.110517266,0.173684235,0.99425738,1.385681696
-0.239920041,-0.471151006,0.223634265,-0.736637418,0.081446383,-0.522802646
-0.239920041,1.025432303,-0.441527986,-0.736637418,-0.592450584,-0.585035831
-0.239920041,-0.471151006,0.223634265,-0.736637418,0.025370751,-0.024937165
-0.239920041,-0.471151006,-1.106690237,-0.736637418,-1.25990113,-1.269600867
-0.239920041,-0.399885134,-0.441527986,-0.736637418,-0.594820968,-0.647269016
-0.239920041,2.308217996,0.445355015,1.084005888,0.402139845,0.5351615
-0.239920041,0.312773584,1.110517266,1.994327541,0.985761379,0.45218392
-0.752075204,-0.471151006,0.667075765,1.994327541,0.735298894,2.236201892
-0.752075204,2.735813227,0.223634265,1.084005888,0.198320109,-0.294614301
-0.752075204,-0.471151006,-1.106690237,-0.736637418,-1.085876645,-0.916946151
-0.752075204,-0.471151006,-1.328410988,-0.736637418,-1.347122665,-1.290345262
-0.752075204,-0.471151006,0.445355015,-0.736637418,0.4757672,0.20325118
-0.752075204,-0.471151006,0.445355015,0.173684235,0.502066847,0.016551625
-0.752075204,-0.471151006,0.667075765,0.173684235,0.735298894,0.49367271
-0.752075204,-0.471151006,-0.884969487,-0.736637418,-0.794062266,-0.813224176
1.447449194,-0.542416878,-0.441527986,-0.736637418,-0.316653754,-0.460569461
1.447449194,-0.542416878,-1.106690237,-0.736637418,-0.916192164,-1.062156916
1.447449194,-0.043555775,0.223634265,-0.736637418,0.302483069,0.03729602
1.447449194,0.027710097,1.775679517,2.904649194,1.825788456,1.945780362
1.447449194,0.17024184,-1.328410988,-0.736637418,-1.200993658,-1.580766792
1.447449194,-0.542416878,0.445355015,0.173684235,0.587420399,0.36920634
1.447449194,-0.542416878,1.775679517,1.994327541,1.819466792,1.427170486
1.447449194,-0.471151006,1.110517266,-0.736637418,1.203650721,0.846327426
0.034801865,-0.471151006,1.110517266,-0.736637418,1.124947826,1.116004561
0.034801865,-0.542416878,-0.219807236,0.173684235,-0.286990966,-0.066425955
0.034801865,-0.542416878,0.445355015,-0.736637418,0.43828759,0.61813908
0.034801865,-0.471151006,1.110517266,0.173684235,1.089187358,1.033026981
0.034801865,-0.471151006,1.110517266,1.994327541,1.124947826,1.779825202
0.034801865,-0.328619262,0.223634265,0.173684235,0.118227546,-0.439825066
0.034801865,1.096698174,-1.328410988,-0.736637418,-1.553778576,-1.186623286
0.034801865,8.793412334,-2.65873549,-0.736637418,-3.040718014,-1.850443927
0.629171056,-0.471151006,1.110517266,-0.736637418,0.800101737,0.846327426
0.629171056,-0.471151006,1.775679517,0.173684235,1.408237785,1.593125646
0.629171056,1.951888637,-0.884969487,-0.736637418,-1.061970021,-0.896201756
0.629171056,-0.542416878,-2.65873549,-0.736637418,-3.08047167,-2.078632272
0.629171056,0.597837072,0.223634265,-0.736637418,-0.017959434,-0.294614301
0.629171056,-0.542416878,-1.328410988,-0.736637418,-1.571546577,-1.228112076
0.629171056,-0.043555775,-0.441527986,0.173684235,-0.660051549,0.16176239
0.629171056,-0.399885134,1.775679517,2.904649194,1.422462976,2.215457497
0.063196884,-0.186087519,-0.219807236,-0.736637418,-0.529947798,-0.605780226
0.063196884,-0.471151006,0.667075765,-0.736637418,0.297359843,0.804838636
0.063196884,-0.257353391,1.775679517,1.084005888,1.135847447,2.049502337
0.063196884,0.098975969,-0.219807236,-0.736637418,-0.544603617,-0.398336276
0.063196884,-0.399885134,0.667075765,1.084005888,0.325019293,-0.273869906
0.063196884,-0.186087519,1.775679517,1.084005888,1.139009243,1.717592016
0.063196884,-0.328619262,-0.441527986,0.173684235,-0.782361117,-0.481313856
0.063196884,1.239229918,-1.328410988,-0.736637418,-1.640637401,-1.394067237
-0.138336929,-0.328619262,-0.884969487,-0.736637418,-0.607058716,-0.916946151
-0.138336929,-0.542416878,-0.884969487,-0.736637418,-0.609627073,-0.730246596
-0.138336929,1.595559277,0.445355015,0.173684235,0.760424188,0.5351615
-0.138336929,0.098975969,-0.219807236,-0.736637418,0.075984048,-0.626524621
-0.138336929,-0.542416878,-0.219807236,0.173684235,0.099097815,-0.17014793
-0.138336929,-0.257353391,-1.106690237,-0.736637418,-0.854789071,-1.165878891
-0.138336929,3.23467433,0.667075765,1.994327541,1.03921904,1.240470931
-0.138336929,-0.542416878,0.667075765,0.173684235,1.03921904,0.389950735
-0.02806059,-0.542416878,-0.219807236,-0.736637418,-0.072032691,-0.066425955
-0.02806059,-0.257353391,-0.441527986,-0.736637418,-0.310696726,-0.543547041
-0.02806059,-0.471151006,-1.328410988,-0.736637418,-1.227995605,-1.186623286
-0.02806059,-0.399885134,-0.219807236,1.084005888,-0.08606039,-0.21163672
-0.02806059,-0.542416878,0.667075765,0.173684235,0.780591473,0.07878481
-0.02806059,-0.114821647,0.223634265,-0.736637418,0.309457902,0.28622876
-0.02806059,3.377206074,1.110517266,1.084005888,1.093822154,1.717592016
-0.02806059,-0.542416878,1.110517266,1.084005888,1.093822154,0.348461945
1.317607259,-0.542416878,-1.106690237,-0.736637418,-0.924957911,-0.999923731
1.317607259,-0.399885134,-0.219807236,-0.736637418,-0.047205562,-0.564291436
1.317607259,-0.542416878,0.667075765,1.084005888,0.854174031,0.61813908
1.317607259,-0.399885134,0.223634265,-0.736637418,0.348131134,-0.08717035
1.317607259,-0.471151006,-0.884969487,-0.736637418,-0.657058344,-0.916946151
1.317607259,-0.471151006,1.775679517,1.084005888,1.755767494,1.323448511
1.317607259,-0.399885134,1.775679517,2.904649194,1.761891667,1.613870041
1.317607259,-0.328619262,-0.441527986,-0.736637418,-0.287463983,-0.460569461
-1.248995818,-0.542416878,-1.106690237,-0.736637418,-1.496372524,-0.771735386
-1.248995818,-0.471151006,0.667075765,2.904649194,0.489266006,1.987269152
-1.248995818,-0.328619262,-1.328410988,-0.736637418,-1.586242376,-1.331834052
-1.248995818,-0.542416878,0.667075765,0.173684235,0.489266006,0.74260545
-1.248995818,-0.471151006,0.223634265,-0.736637418,0.033301251,-0.398336276
-1.248995818,-0.399885134,-0.441527986,-0.736637418,-0.636396847,-0.688757806
-1.248995818,0.740368815,0.223634265,0.173684235,0.002032999,0.20325118
-1.248995818,-0.043555775,-0.219807236,-0.736637418,-0.370476052,-0.149403535
-1.789689006,2.308217996,0.223634265,0.173684235,-0.072202245,-0.149403535
-1.789689006,0.312773584,0.223634265,-0.736637418,-0.08326564,-0.460569461
-1.789689006,2.165686252,0.445355015,1.084005888,0.192325992,0.41069513
-1.789689006,-0.399885134,-1.106690237,-0.736637418,-1.36370138,-1.041412521
-1.789689006,-0.542416878,-0.441527986,0.173684235,-0.659385375,-0.460569461
-1.789689006,0.17024184,0.445355015,-0.736637418,0.21682461,0.389950735
-1.789689006,-0.399885134,0.445355015,0.173684235,0.22156634,1.613870041
-1.789689006,-0.471151006,-1.106690237,-0.736637418,-1.310722516,-0.813224176
0.23197739,-0.471151006,-0.219807236,-0.736637418,-0.047743126,-0.419080671
0.23197739,-0.471151006,1.332238016,0.173684235,1.223564639,0.991538191
0.23197739,-0.542416878,0.223634265,0.173684235,0.374190419,-0.17014793
0.23197739,0.384039456,1.332238016,0.173684235,1.223564639,1.261215326
0.23197739,-0.471151006,-0.884969487,-0.736637418,-0.682578139,-1.103645706
0.23197739,-0.542416878,0.667075765,0.173684235,0.645221916,0.887816216
0.23197739,-0.542416878,-0.884969487,-0.736637418,-0.663414208,-0.937690546
0.23197739,-0.542416878,-0.219807236,0.173684235,-0.069870879,-0.564291436
-0.833454542,-0.399885134,0.667075765,1.084005888,0.695039948,0.970793796
-0.833454542,-0.471151006,0.667075765,1.084005888,0.695039948,1.053771376
-0.833454542,-0.471151006,-0.884969487,-0.736637418,-0.962932214,-0.709502201
-0.833454542,1.524293406,0.223634265,0.173684235,0.114332141,0.03729602
-0.833454542,1.595559277,-1.328410988,-0.736637418,-1.478485064,-1.165878891
-0.833454542,-0.257353391,0.445355015,-0.736637418,0.396786372,0.514417105
-0.833454542,-0.257353391,-0.441527986,-0.736637418,-0.600163844,-0.688757806
-0.833454542,-0.471151006,-0.219807236,0.173684235,-0.244033125,-0.315358696
0.791982265,-0.542416878,-0.441527986,-0.736637418,-0.294324655,-0.750990991
0.791982265,0.027710097,1.332238016,1.084005888,1.49983834,1.427170486
0.791982265,-0.471151006,1.332238016,0.173684235,1.469609569,1.427170486
0.791982265,-0.542416878,-0.219807236,-0.736637418,-0.052278694,-0.813224176
0.791982265,0.954166431,-0.219807236,0.173684235,-0.025211719,-0.688757806
0.791982265,-0.542416878,-1.106690237,-0.736637418,-0.94991076,-1.311089657
0.791982265,2.379483868,1.110517266,0.173684235,1.226059779,0.61813908
0.791982265,-0.471151006,1.332238016,1.084005888,1.493910695,0.65962787
-0.032422769,-0.471151006,0.445355015,0.173684235,1.092610228,-0.190892325
-0.032422769,-0.471151006,-0.441527986,-0.736637418,0.04134254,-0.419080671
-0.032422769,-0.542416878,0.445355015,-0.736637418,1.030353103,0.41069513
-0.032422769,-0.471151006,0.445355015,2.904649194,1.092610228,1.157493351
-0.032422769,-0.542416878,0.223634265,-0.736637418,0.774462483,0.099529205
-0.032422769,-0.471151006,-0.441527986,-0.736637418,0.022685344,-0.999923731
-0.032422769,-0.542416878,-0.884969487,-0.736637418,-0.367046438,-0.564291436
-0.032422769,1.666825149,-4.210780742,-0.736637418,-4.374835399,-1.829699532
3.4670133,-0.542416878,-1.328410988,-0.736637418,-0.962778074,-1.373322842
3.4670133,-0.471151006,0.223634265,0.173684235,0.844545101,0.03729602
3.4670133,-0.471151006,-1.328410988,-0.736637418,-0.879466395,-1.394067237
3.4670133,-0.471151006,-0.884969487,-0.736637418,-0.40703564,-1.103645706
3.4670133,-0.471151006,2.219121018,1.084005888,2.810568359,2.319179472
3.4670133,-0.542416878,1.775679517,0.173684235,2.334314452,0.597394685
3.4670133,-0.542416878,0.223634265,0.173684235,0.832691739,-0.149403535
3.4670133,-0.471151006,2.219121018,1.084005888,2.824397603,1.510148066
-1.440808121,-0.471151006,0.445355015,0.173684235,0.389182456,0.514417105
-1.440808121,-0.471151006,0.445355015,1.994327541,0.394911163,0.929305006
-1.440808121,-0.186087519,0.445355015,-0.736637418,0.369229521,0.223995575
-1.440808121,-0.542416878,-0.884969487,-0.736637418,-0.886304428,-0.398336276
-1.440808121,-0.542416878,0.223634265,0.173684235,0.1456081,0.223995575
-1.440808121,-0.542416878,-1.771852488,-0.736637418,-1.766036511,-1.394067237
-1.440808121,-0.471151006,0.223634265,-0.736637418,0.140274376,0.141017995
-1.440808121,-0.399885134,-0.219807236,-0.736637418,-0.244724347,-0.12865914
0.675510933,-0.471151006,-0.441527986,-0.736637418,-0.108982927,-0.315358696
0.675510933,-0.471151006,-0.219807236,-0.736637418,0.146834957,-0.792479781
0.675510933,0.882900559,-1.328410988,-0.736637418,-1.096725689,-1.165878891
0.675510933,-0.471151006,-0.219807236,-0.736637418,0.232975586,-0.00419277
0.675510933,-0.257353391,1.110517266,1.994327541,1.442186145,1.779825202
0.675510933,-0.328619262,-0.219807236,-0.736637418,0.210057866,-0.273869906
0.675510933,-0.542416878,1.110517266,2.904649194,1.442186145,0.70111666
0.675510933,-0.471151006,0.445355015,0.173684235,0.890478806,0.514417105
-0.478096541,3.020876714,-1.106690237,-0.736637418,-1.106932162,-0.937690546
-0.478096541,-0.471151006,-1.328410988,-0.736637418,-1.361119054,-1.622255582
-0.478096541,-0.328619262,0.667075765,1.084005888,0.871188192,0.763349846
-0.478096541,-0.542416878,0.445355015,0.173684235,0.535513289,0.389950735
-0.478096541,1.809356893,0.667075765,1.084005888,0.871188192,2.173968707
-0.478096541,-0.542416878,0.445355015,-0.736637418,0.586486889,0.07878481
-0.478096541,-0.328619262,0.445355015,0.173684235,0.53452583,0.265484365
-0.478096541,-0.542416878,-1.106690237,-0.736637418,-1.055866079,-1.269600867
-1.51287162,-0.114821647,-0.219807236,-0.736637418,-0.042867486,0.223995575
-1.51287162,-0.542416878,-1.106690237,-0.736637418,-0.898209812,-0.896201756
-1.51287162,0.5265712,-0.884969487,0.173684235,-0.631474966,-0.626524621
-1.51287162,-0.542416878,-1.106690237,-0.736637418,-0.868761375,-0.854712966
-1.51287162,-0.542416878,-0.441527986,-0.736637418,-0.299315418,-0.21163672
-1.51287162,3.305940202,0.223634265,0.173684235,0.353298675,0.223995575
-1.51287162,1.595559277,0.223634265,0.173684235,0.348951929,-0.149403535
-1.51287162,-0.257353391,0.223634265,1.994327541,0.358632881,1.364937301
-0.992543696,0.241507712,-1.328410988,-0.736637418,-1.266449187,-1.497789212
-0.992543696,-0.471151006,-0.441527986,-0.736637418,-0.30737212,-0.750990991
-0.992543696,-0.471151006,0.445355015,1.994327541,0.616271062,1.572381251
-0.992543696,-0.542416878,0.223634265,-0.736637418,0.319039145,-0.460569461
-0.992543696,-0.542416878,0.223634265,-0.736637418,0.317261237,0.1202736
-0.992543696,0.740368815,0.223634265,0.173684235,0.372972713,-0.377591881
-0.992543696,-0.399885134,0.445355015,0.173684235,0.602441337,0.348461945
-0.992543696,0.811634687,0.445355015,0.173684235,0.616271062,0.24473997
1.195267804,2.878344971,-0.441527986,-0.736637418,-0.1183556,-0.999923731
1.195267804,0.027710097,-1.328410988,-0.736637418,-1.046470286,-1.311089657
1.195267804,-0.471151006,-0.441527986,-0.736637418,-0.113379288,-0.502058251
1.195267804,0.241507712,-0.219807236,-0.736637418,0.155212464,-0.190892325
1.195267804,-0.399885134,1.332238016,-0.736637418,1.68531494,1.116004561
1.195267804,-0.471151006,-2.65873549,-0.736637418,-2.837422835,-1.622255582
1.195267804,-0.043555775,1.332238016,1.994327541,1.701319484,1.696847621
1.195267804,-0.114821647,1.110517266,1.084005888,1.444200562,0.638883475
-0.772792633,-0.542416878,-0.441527986,-0.736637418,-0.529295112,-0.481313856
-0.772792633,-0.471151006,-0.441527986,-0.736637418,-0.522775474,-0.626524621
-0.772792633,-0.328619262,0.667075765,1.994327541,0.7294199,0.721861055
-0.772792633,-0.043555775,0.445355015,0.173684235,0.445988807,0.24473997
-0.772792633,-0.471151006,0.223634265,-0.736637418,0.145634111,-0.08717035
-0.772792633,-0.542416878,-0.884969487,-0.736637418,-0.899887048,-0.709502201
-0.772792633,-0.186087519,0.223634265,-0.736637418,0.159692638,0.24473997
-0.772792633,-0.542416878,0.667075765,1.084005888,0.715392201,0.431439525
-0.596503809,-0.542416878,-0.441527986,-0.736637418,-0.2632038,-0.439825066
-0.596503809,-0.114821647,0.667075765,2.904649194,0.813350066,1.530892461
-0.596503809,-0.257353391,0.445355015,0.173684235,0.577742819,0.5351615
-0.596503809,1.524293406,-1.993573239,-0.736637418,-2.080925641,-1.788210742
-0.596503809,-0.399885134,-1.106690237,-0.736637418,-0.983182349,-1.207367681
-0.596503809,0.098975969,0.223634265,0.173684235,0.334005652,0.1202736
-0.596503809,2.09442038,0.667075765,0.173684235,0.813350066,0.908560611
-0.596503809,-0.328619262,-0.441527986,-0.736637418,-0.311801717,-0.419080671
-1.030670926,-0.471151006,-1.106690237,-0.736637418,-1.042625457,-1.041412521
-1.030670926,-0.114821647,0.667075765,0.173684235,0.59737784,1.323448511
-1.030670926,-0.043555775,0.001913514,-0.736637418,-0.079497882,-0.460569461
-1.030670926,1.666825149,-1.328410988,-0.736637418,-1.301190887,-1.435556027
-1.030670926,-0.471151006,-0.219807236,-0.736637418,-0.103552866,-0.439825066
-1.030670926,-0.471151006,-0.441527986,0.173684235,-0.409469124,-0.668013411
-1.030670926,1.167964046,0.667075765,1.994327541,0.59737784,0.555905895
-1.030670926,-0.043555775,0.445355015,-0.736637418,0.585918498,0.57665029
-0.783958798,-0.186087519,-0.884969487,-0.736637418,-1.068702083,-0.771735386
-0.783958798,3.733535433,-1.771852488,-0.736637418,-1.966382318,-1.352578447
-0.783958798,-0.542416878,1.110517266,1.084005888,0.703344719,0.929305006
-0.783958798,-0.471151006,-0.219807236,-0.736637418,-0.471967575,-0.481313856
-0.783958798,-0.471151006,1.110517266,0.173684235,0.701763822,0.472928315
-0.783958798,2.379483868,0.223634265,-0.736637418,-0.109223771,0.016551625
-0.783958798,-0.542416878,-0.219807236,-0.736637418,-0.451831117,-0.294614301
-0.783958798,3.020876714,1.110517266,2.904649194,0.719545791,1.717592016
1.275475853,-0.471151006,0.223634265,1.084005888,0.155749063,0.32771755
1.275475853,-0.257353391,1.997400267,2.904649194,1.739253325,2.236201892
1.275475853,-0.471151006,-0.219807236,-0.736637418,-0.248649135,-0.273869906
1.275475853,-0.328619262,0.445355015,0.173684235,0.386021623,-0.066425955
1.275475853,0.17024184,0.667075765,-0.736637418,0.597396625,0.1202736
1.275475853,0.17024184,1.997400267,-0.736637418,1.739253325,1.427170486
1.275475853,-0.471151006,-1.106690237,-0.736637418,-1.09798193,-0.854712966
1.275475853,0.098975969,-1.993573239,-0.736637418,-2.097810709,-1.808955137
1.109656647,1.595559277,-0.219807236,-0.736637418,-0.095902226,-0.12865914
1.109656647,-0.471151006,1.775679517,1.994327541,1.658732543,1.178237746
1.109656647,-0.471151006,1.775679517,1.084005888,1.658732543,1.676103226
1.109656647,-0.542416878,-0.884969487,-0.736637418,-0.706328215,-0.668013411
1.109656647,-0.471151006,0.445355015,0.173684235,0.505822563,0.058040415
1.109656647,-0.328619262,0.223634265,-0.736637418,0.276869827,-0.439825066
1.109656647,-0.471151006,-1.771852488,-0.736637418,-1.637517993,-1.663744372
1.109656647,1.239229918,0.445355015,-0.736637418,0.520442256,0.306973155
-0.155863469,-0.471151006,1.110517266,-0.736637418,1.031512043,0.57665029
-0.155863469,1.239229918,-0.219807236,-0.736637418,-0.221965101,-0.12865914
-0.155863469,-0.542416878,0.445355015,0.173684235,0.499427201,0.389950735
-0.155863469,-0.542416878,-1.106690237,-0.736637418,-1.124585522,-0.875457361
-0.155863469,-0.542416878,-0.441527986,-0.736637418,-0.478883642,-0.502058251
-0.155863469,1.025432303,0.223634265,1.994327541,0.252496929,0.16176239
-0.155863469,4.374928279,1.110517266,1.994327541,1.031512043,1.696847621
-0.155863469,-0.542416878,-0.219807236,-0.736637418,-0.243895844,-0.481313856
0.213604486,-0.471151006,1.332238016,0.173684235,1.21341067,1.572381251
0.213604486,-0.542416878,-2.43701474,-0.736637418,-2.368685658,-1.871188322
0.213604486,1.595559277,0.223634265,1.084005888,0.357138687,-0.024937165
0.213604486,-0.186087519,-0.219807236,-0.736637418,-0.040129575,-0.107914745
0.213604486,-0.471151006,1.332238016,1.084005888,1.21341067,0.929305006
0.213604486,-0.257353391,-0.884969487,0.173684235,-0.638230149,-0.896201756
0.213604486,-0.328619262,-1.106690237,-0.736637418,-0.916766817,-0.958434941
0.213604486,-0.542416878,0.667075765,-0.736637418,0.860082408,0.182506785
1.590866025,-0.043555775,0.445355015,-0.736637418,0.972681641,-0.315358696
1.590866025,0.241507712,1.332238016,1.994327541,1.895388423,1.033026981
1.590866025,-0.542416878,-0.441527986,-0.736637418,-0.01632555,-0.585035831
1.590866025,-0.542416878,-1.328410988,-0.736637418,-1.005918955,-1.456300422
1.590866025,1.025432303,1.332238016,2.904649194,1.895388423,2.485134632
1.590866025,-0.399885134,-1.328410988,-0.736637418,-0.974703207,-1.290345262
1.590866025,-0.114821647,-0.441527986,-0.736637418,-0.044982575,-0.460569461
1.590866025,-0.542416878,1.110517266,0.173684235,1.62807507,0.74260545
0.950098588,-0.542416878,1.332238016,1.994327541,1.567457609,1.406426091
0.950098588,2.236952124,0.223634265,0.173684235,0.585792777,0.058040415
0.950098588,-0.542416878,0.445355015,-0.736637418,0.838626127,0.431439525
0.950098588,-0.399885134,1.332238016,1.994327541,1.579311934,1.261215326
0.950098588,-0.471151006,-1.328410988,-0.736637418,-1.064529708,-1.311089657
0.950098588,2.023154509,0.223634265,-0.736637418,0.544006882,0.016551625
0.950098588,-0.471151006,0.667075765,-0.736637418,1.060259143,0.389950735
0.950098588,-0.257353391,-1.328410988,-0.736637418,-1.021657608,-1.456300422
0.21604824,2.09442038,-0.441527986,-0.736637418,-0.306520016,-0.688757806
0.21604824,-0.471151006,1.110517266,1.084005888,1.214887523,1.261215326
0.21604824,-0.257353391,0.223634265,-0.736637418,0.383443633,-0.149403535
0.21604824,-0.399885134,1.110517266,1.994327541,1.218444302,0.950049401
0.21604824,-0.471151006,0.667075765,0.173684235,0.891984561,0.07878481
0.21604824,-0.471151006,0.445355015,-0.736637418,0.650566719,-0.253125511
0.21604824,-0.542416878,-1.328410988,-0.736637418,-1.334994259,-1.435556027
0.21604824,-0.399885134,0.667075765,0.173684235,0.914597855,0.638883475
0.285218537,-0.257353391,0.667075765,-0.736637418,0.407884448,0.49367271
0.285218537,-0.471151006,0.445355015,-0.736637418,0.18665894,0.03729602
0.285218537,2.308217996,-0.219807236,0.173684235,-0.448749282,-0.315358696
0.285218537,-0.471151006,1.775679517,1.084005888,1.245776205,1.572381251
0.285218537,-0.471151006,-0.441527986,-0.736637418,-0.667237843,-0.979179336
0.285218537,5.443916357,-2.65873549,-0.736637418,-2.861995151,-1.933421507
0.285218537,-0.471151006,-1.328410988,0.173684235,-1.650027414,-1.082901311
0.285218537,-0.399885134,1.775679517,0.173684235,1.248937038,1.987269152
0.304389163,-0.328619262,-0.884969487,-0.736637418,-0.537245843,-0.896201756
0.304389163,-0.542416878,1.110517266,0.173684235,1.258428205,1.219726536
0.304389163,-0.471151006,0.223634265,-0.736637418,0.473479185,-0.543547041
0.304389163,-0.399885134,1.110517266,1.994327541,1.258428205,1.572381251
0.304389163,-0.542416878,0.223634265,-0.736637418,0.481446776,-0.066425955
0.304389163,-0.471151006,-1.328410988,-0.736637418,-1.046622017,-1.414811632
0.304389163,0.384039456,0.223634265,-0.736637418,0.484016096,0.20325118
0.304389163,-0.542416878,0.445355015,1.084005888,0.709482861,0.32771755
-0.130291608,3.733535433,-0.219807236,-0.736637418,-0.365241556,0.07878481
-0.130291608,-0.471151006,0.445355015,0.173684235,0.449303779,0.389950735
-0.130291608,-0.471151006,-1.328410988,-0.736637418,-1.299984742,-1.352578447
-0.130291608,-0.399885134,-0.663248737,-0.736637418,-0.77435162,-0.398336276
-0.130291608,1.096698174,1.110517266,1.994327541,1.043203558,1.033026981
-0.130291608,-0.257353391,-1.106690237,-0.736637418,-1.063216628,-1.373322842
-0.130291608,1.167964046,1.110517266,-0.736637418,1.043203558,1.634614436
-0.130291608,-0.542416878,-1.993573239,-0.736637418,-2.237605046,-1.663744372
-1.690607045,0.455305328,0.445355015,1.084005888,0.25597712,0.61813908
-1.690607045,-0.471151006,0.445355015,-0.736637418,0.270597776,1.240470931
-1.690607045,-0.471151006,0.223634265,-0.736637418,0.164407875,0.141017995
-1.690607045,-0.471151006,0.445355015,-0.736637418,0.265065597,0.141017995
-1.690607045,0.17024184,-1.328410988,-0.736637418,-1.373799473,-1.165878891
-1.690607045,-0.471151006,0.445355015,1.084005888,0.270597776,0.265484365
-1.690607045,-0.471151006,-0.219807236,-0.736637418,-0.208011101,-0.937690546
-1.690607045,-0.471151006,-1.106690237,-0.736637418,-1.130741004,-1.041412521
-0.922680743,2.949610843,0.223634265,-0.736637418,0.196766185,-0.336103091
-0.922680743,-0.542416878,0.445355015,1.084005888,0.425764201,0.24473997
-0.922680743,-0.542416878,0.445355015,-0.736637418,0.351475007,0.265484365
-0.922680743,0.882900559,-0.884969487,-0.736637418,-0.745805383,-0.481313856
-0.922680743,-0.471151006,-0.884969487,-0.736637418,-0.846309447,-0.813224176
-0.922680743,-0.542416878,-1.106690237,-0.736637418,-1.042499255,-1.186623286
-0.922680743,-0.471151006,0.667075765,2.904649194,0.650859585,1.136748956
-0.922680743,-0.471151006,0.667075765,-0.736637418,0.650859585,0.49367271
0.408565846,-0.399885134,1.775679517,1.084005888,1.31080207,1.676103226
0.408565846,-0.471151006,-0.441527986,-0.736637418,-0.684326183,-0.668013411
0.408565846,-0.471151006,0.223634265,-0.736637418,-0.052833597,-0.481313856
0.408565846,1.595559277,-1.106690237,-0.736637418,-1.274506853,-1.020668126
0.408565846,-0.542416878,-1.771852488,-0.736637418,-2.143660119,-1.622255582
0.408565846,-0.257353391,1.775679517,1.084005888,1.305466901,1.385681696
0.408565846,4.446194151,0.223634265,0.173684235,-0.050463214,-0.107914745
0.408565846,-0.471151006,1.332238016,0.173684235,0.945892118,0.784094241
-0.114488926,-0.257353391,-0.219807236,-0.736637418,-0.205133982,-0.419080671
-0.114488926,1.025432303,0.001913514,0.173684235,0.048178165,0.07878481
-0.114488926,-0.542416878,0.445355015,0.173684235,0.355062133,0.016551625
-0.114488926,-0.471151006,1.110517266,1.994327541,1.052806477,2.215457497
-0.114488926,-0.471151006,1.110517266,-0.736637418,1.040953114,0.804838636
-0.114488926,-0.542416878,-0.884969487,-0.736637418,-0.813910674,-0.813224176
-0.114488926,0.312773584,-1.771852488,-0.736637418,-1.708030758,-1.518533607
-0.114488926,-0.471151006,0.223634265,-0.736637418,0.269992777,-0.12865914
-0.557950479,1.453027534,-0.441527986,-0.736637418,-0.615959817,-0.377591881
-0.557950479,-0.542416878,-0.884969487,-0.736637418,-0.95445259,-1.124390101
-0.557950479,-0.043555775,1.110517266,1.084005888,0.831446096,1.406426091
-0.557950479,1.096698174,0.223634265,-0.736637418,0.058792145,0.223995575
-0.557950479,-0.542416878,0.223634265,-0.736637418,0.032121117,-0.273869906
-0.557950479,-0.542416878,1.110517266,2.904649194,0.825321923,0.638883475
-0.557950479,-0.542416878,-1.328410988,-0.736637418,-1.547034953,-1.269600867
-0.557950479,-0.542416878,0.667075765,0.173684235,0.522797707,0.721861055
1.620663868,-0.542416878,1.997400267,0.173684235,1.680813091,1.074515771
1.620663868,-0.399885134,-0.441527986,-0.736637418,-0.525176204,-0.315358696
1.620663868,-0.542416878,2.219121018,0.173684235,1.906411357,1.261215326
1.620663868,-0.542416878,-0.884969487,-0.736637418,-0.862143473,-0.792479781
1.620663868,0.5265712,-0.884969487,0.173684235,-0.830078992,-0.605780226
1.620663868,-0.542416878,-0.884969487,-0.736637418,-0.856611775,-0.605780226
1.620663868,-0.542416878,-1.106690237,-0.736637418,-1.075861884,-0.833968571
1.620663868,-0.471151006,2.219121018,2.904649194,1.913523952,2.028757942
-0.979256757,-0.542416878,0.445355015,1.994327541,0.622848985,0.472928315
-0.979256757,2.308217996,0.445355015,1.084005888,0.622848985,0.970793796
-0.979256757,2.308217996,-0.884969487,-0.736637418,-0.642421792,-0.543547041
-0.979256757,-0.542416878,0.223634265,-0.736637418,0.374835398,-0.190892325
-0.979256757,-0.542416878,-0.441527986,0.173684235,-0.275175175,-0.232381115
-0.979256757,-0.542416878,-0.219807236,-0.736637418,0.00085142,-0.149403535
-0.979256757,-0.471151006,0.223634265,0.173684235,0.377403273,0.1202736
-0.979256757,-0.257353391,-0.884969487,-0.736637418,-0.60898113,-0.253125511
0.77789955,0.098975969,-0.441527986,-0.736637418,-0.294630527,-0.875457361
0.77789955,-0.471151006,-0.441527986,-0.736637418,-0.331999349,-0.336103091
0.77789955,-0.399885134,-0.441527986,-0.736637418,-0.339111944,-0.564291436
0.77789955,-0.542416878,1.332238016,-0.736637418,1.495454022,0.65962787
0.77789955,3.377206074,0.445355015,0.173684235,0.666483596,-0.04568156
0.77789955,0.597837072,0.667075765,1.084005888,0.96863065,0.514417105
0.77789955,-0.399885134,1.332238016,1.084005888,1.495454022,1.302704116
0.77789955,0.954166431,0.223634265,0.173684235,0.364323535,0.141017995
-1.428466774,-0.471151006,-0.441527986,-0.736637418,-0.615622636,-0.647269016
-1.428466774,0.241507712,-0.441527986,-0.736637418,-0.571256823,-0.356847486
-1.428466774,-0.471151006,-0.219807236,0.173684235,-0.337591257,-0.315358696
-1.428466774,0.312773584,0.223634265,1.084005888,0.148111911,-0.149403535
-1.428466774,-0.471151006,-1.328410988,-0.736637418,-1.504144549,-1.373322842
-1.428466774,-0.471151006,-0.441527986,-0.736637418,-0.587259922,-0.605780226
-1.428466774,-0.542416878,0.445355015,0.173684235,0.401018959,0.74260545
-1.428466774,1.666825149,0.445355015,1.084005888,0.401018959,1.302704116
1.3468,-0.542416878,1.332238016,0.173684235,1.774567751,1.033026981
1.3468,0.312773584,0.445355015,0.173684235,0.839485458,0.058040415
1.3468,-0.542416878,-0.884969487,-0.736637418,-0.576492283,-0.999923731
1.3468,-0.471151006,0.223634265,0.173684235,0.519551134,0.03729602
1.3468,-0.257353391,1.332238016,1.994327541,1.774567751,1.489403671
1.3468,-0.399885134,1.332238016,-0.736637418,1.747105792,0.74260545
1.3468,-0.471151006,-0.884969487,-0.736637418,-0.548420508,-1.041412521
1.3468,0.954166431,-0.441527986,-0.736637418,-0.126268759,-0.647269016
0.432592849,-0.257353391,0.223634265,-0.736637418,0.392176142,0.141017995
0.432592849,-0.471151006,-1.106690237,-0.736637418,-0.902942872,-1.062156916
0.432592849,2.308217996,-0.219807236,-0.736637418,-0.024667412,-0.315358696
0.432592849,-0.399885134,-0.219807236,-0.736637418,0.015248573,-0.232381115
0.432592849,-0.542416878,1.110517266,1.084005888,1.322699747,0.825583031
0.432592849,-0.471151006,0.667075765,-0.736637418,0.993838312,0.514417105
0.432592849,-0.043555775,1.110517266,3.814970847,1.322699747,1.178237746
0.432592849,-0.542416878,-0.884969487,-0.736637418,-0.651011723,-1.186623286
0.495083682,-0.328619262,-0.884969487,-0.736637418,-0.681175947,-0.771735386
0.495083682,-0.542416878,0.667075765,0.173684235,1.048348942,0.41069513
0.495083682,-0.471151006,-0.884969487,-0.736637418,-0.685522694,-0.875457361
0.495083682,-0.399885134,1.110517266,3.814970847,1.355416915,1.779825202
0.495083682,-0.471151006,1.110517266,0.173684235,1.355416915,0.57665029
0.495083682,-0.542416878,0.667075765,0.173684235,1.06632744,0.514417105
0.495083682,-0.471151006,0.223634265,-0.736637418,0.427076317,0.28622876
0.495083682,0.098975969,-1.328410988,-0.736637418,-1.326883126,-1.352578447
-1.452197064,-0.471151006,-0.884969487,-0.736637418,-1.043454441,-0.668013411
-1.452197064,-0.471151006,0.667075765,-0.736637418,0.388675239,0.970793796
-1.452197064,-0.399885134,-0.219807236,-0.736637418,-0.343800689,-0.688757806
-1.452197064,-0.257353391,0.667075765,1.084005888,0.388675239,1.302704116
-1.452197064,1.239229918,0.445355015,1.084005888,0.316978005,0.555905895
-1.452197064,-0.399885134,-1.106690237,-0.736637418,-1.27766913,-0.813224176
-1.452197064,0.882900559,-0.441527986,-0.736637418,-0.684389284,-0.750990991
-1.452197064,-0.471151006,-0.441527986,-0.736637418,-0.666609241,-0.439825066
1.835772577,-0.542416878,0.223634265,-0.736637418,0.448273932,0.03729602
1.835772577,-0.257353391,1.775679517,1.994327541,2.016680186,1.779825202
1.835772577,-0.328619262,-0.884969487,-0.736637418,-0.610337562,-0.585035831
1.835772577,-0.399885134,0.445355015,1.084005888,0.771045393,-0.190892325
1.835772577,-0.542416878,-2.65873549,-0.736637418,-2.883880134,-1.684488767
1.835772577,2.379483868,-1.993573239,-0.736637418,-2.065854126,-1.746721952
1.835772577,-0.114821647,1.775679517,0.173684235,2.00838264,1.344192906
1.835772577,-0.328619262,0.223634265,-0.736637418,0.511903384,-0.024937165
-0.667936914,-0.257353391,0.667075765,1.084005888,0.473680531,0.41069513
-0.667936914,-0.471151006,0.445355015,-0.736637418,0.221958433,-0.00419277
-0.667936914,0.241507712,0.667075765,-0.736637418,0.465580476,0.41069513
-0.667936914,1.738091021,-1.993573239,-0.736637418,-2.274770596,-1.725977557
-0.667936914,-0.471151006,1.110517266,1.994327541,0.777586708,1.489403671
-0.667936914,-0.542416878,1.110517266,1.084005888,0.777586708,1.074515771
-0.667936914,-0.542416878,-1.106690237,-0.736637418,-1.200475844,-1.165878891
-0.667936914,-0.186087519,-0.884969487,-0.736637418,-0.956655346,-0.605780226
0.547918186,-0.542416878,1.110517266,0.173684235,1.107915362,0.784094241
0.547918186,-0.471151006,-0.441527986,-0.736637418,-0.48917152,-0.460569461
0.547918186,-0.328619262,1.332238016,2.904649194,1.37898973,1.593125646
0.547918186,0.17024184,-0.219807236,0.173684235,-0.23871626,-0.605780226
0.547918186,-0.542416878,1.332238016,1.084005888,1.37898973,1.281959721
0.547918186,3.662269561,-0.219807236,-0.736637418,-0.24605284,-0.149403535
0.547918186,-0.471151006,1.110517266,-0.736637418,1.148613125,0.597394685
0.547918186,-0.542416878,-1.993573239,-0.736637418,-2.115829669,-1.788210742
1.42693995,-0.542416878,1.110517266,0.173684235,0.996091646,0.70111666
1.42693995,-0.328619262,1.110517266,-0.736637418,0.981075525,0.680372265
1.42693995,-0.471151006,1.997400267,1.994327541,1.814444719,2.028757942
1.42693995,-0.328619262,-0.219807236,-0.736637418,-0.19062267,-0.833968571
1.42693995,-0.542416878,-0.441527986,-0.736637418,-0.455647526,-0.460569461
1.42693995,-0.471151006,0.445355015,0.173684235,0.458392256,0.03729602
1.42693995,-0.471151006,1.997400267,1.994327541,1.809505497,1.198982141
1.42693995,-0.471151006,-1.328410988,-0.736637418,-1.306355057,-1.435556027
-0.728723345,-0.399885134,-0.441527986,-0.736637418,-0.375897925,-0.626524621
-0.728723345,-0.542416878,0.667075765,-0.736637418,0.740175015,0.182506785
-0.728723345,3.305940202,0.667075765,0.173684235,0.735828269,0.825583031
-0.728723345,0.241507712,-0.219807236,-0.736637418,-0.134371704,-0.273869906
-0.728723345,-0.542416878,-0.441527986,0.173684235,-0.390715591,-0.377591881
-0.728723345,0.384039456,-1.328410988,-0.736637418,-1.248041506,-1.414811632
-0.728723345,-0.114821647,0.667075765,2.904649194,0.746892627,2.132479917
-0.728723345,-0.471151006,-0.884969487,-0.736637418,-0.754830277,-1.062156916
0.389255131,-0.471151006,-0.441527986,-0.736637418,-0.488893586,-0.522802646
0.389255131,-0.399885134,1.332238016,0.173684235,1.295314858,1.323448511
0.389255131,-0.542416878,-2.65873549,-0.736637418,-3.106142233,-1.622255582
0.389255131,-0.257353391,-0.219807236,0.173684235,-0.229096964,-0.315358696
0.389255131,-0.114821647,-2.43701474,-0.736637418,-2.590264725,-2.078632272
0.389255131,-0.257353391,1.332238016,0.173684235,1.300451572,1.655358831
0.389255131,0.241507712,0.223634265,-0.736637418,0.172494924,-0.190892325
0.389255131,-0.328619262,1.110517266,0.173684235,0.9777172,1.074515771
1.367531049,-0.471151006,1.110517266,0.173684235,1.198152741,0.763349846
1.367531049,-0.471151006,-1.106690237,-0.736637418,-0.881913366,-0.937690546
1.367531049,-0.542416878,0.445355015,0.173684235,0.618837974,0.223995575
1.367531049,-0.471151006,-0.219807236,-0.736637418,0.021548562,-0.668013411
1.367531049,-0.542416878,-2.43701474,-0.736637418,-2.300791346,-1.995654692
1.367531049,0.17024184,-0.884969487,-0.736637418,-0.609258582,-0.626524621
1.367531049,-0.399885134,1.775679517,1.994327541,1.784227509,1.738336411
1.367531049,0.098975969,1.775679517,1.994327541,1.786598374,2.360668262
1.750085539,-0.542416878,2.219121018,2.904649194,1.974251238,1.987269152
1.750085539,-0.114821647,0.445355015,-0.736637418,0.212977373,0.141017995
1.750085539,-0.542416878,0.223634265,-0.736637418,-0.039838155,-0.481313856
1.750085539,-0.471151006,-0.219807236,-0.736637418,-0.441815874,-0.460569461
1.750085539,-0.542416878,-2.43701474,-0.736637418,-2.816135626,-1.497789212
1.750085539,-0.471151006,-1.106690237,-0.736637418,-1.289437716,-1.808955137
1.750085539,-0.186087519,2.219121018,1.994327541,1.974251238,2.526623422
1.750085539,-0.542416878,0.667075765,-0.736637418,0.459750133,0.763349846
-0.635461838,2.308217996,0.223634265,0.173684235,0.314633633,-0.190892325
-0.635461838,2.735813227,0.445355015,0.173684235,0.562647219,-0.04568156
-0.635461838,-0.257353391,-0.441527986,-0.736637418,-0.361704044,-0.626524621
-0.635461838,1.025432303,-0.219807236,0.173684235,-0.080858649,-0.232381115
-0.635461838,-0.471151006,-0.441527986,-0.736637418,-0.381263922,-0.273869906
-0.635461838,0.241507712,0.667075765,0.173684235,0.797020865,0.784094241
-0.635461838,0.882900559,0.667075765,0.173684235,0.797020865,1.240470931
-0.635461838,-0.542416878,-1.106690237,-0.736637418,-1.018307472,-0.979179336
1.20134995,-0.399885134,-0.219807236,-0.736637418,0.442379042,-0.585035831
1.20134995,0.882900559,-0.441527986,0.173684235,0.187399775,-0.626524621
1.20134995,-0.471151006,1.110517266,1.084005888,1.678955704,1.074515771
1.20134995,1.951888637,-0.441527986,-0.736637418,0.153813644,-0.585035831
1.20134995,0.027710097,1.110517266,1.084005888,1.702553567,0.825583031
1.20134995,-0.542416878,0.445355015,-0.736637418,1.117980701,0.45218392
1.20134995,-0.471151006,-0.884969487,-0.736637418,-0.280704464,-1.062156916
1.20134995,-0.399885134,1.110517266,0.173684235,1.699590226,0.5351615
-0.086070559,-0.399885134,-0.441527986,0.173684235,-0.136624555,-0.17014793
-0.086070559,0.384039456,0.888796516,0.173684235,1.065086614,0.846327426
-0.086070559,-0.328619262,0.445355015,0.173684235,0.791251214,-0.066425955
-0.086070559,-0.471151006,0.223634265,-0.736637418,0.51928428,-0.522802646
-0.086070559,-0.471151006,-0.441527986,0.173684235,-0.164125531,-0.585035831
-0.086070559,-0.328619262,0.888796516,-0.736637418,1.065086614,1.468659276
-0.086070559,-0.399885134,-1.771852488,-0.736637418,-1.472772253,-1.684488767
-0.086070559,-0.471151006,-0.441527986,-0.736637418,-0.158198368,-0.460569461
-0.98683901,1.167964046,0.667075765,0.173684235,0.618895295,0.61813908
-0.98683901,-0.471151006,0.667075765,2.904649194,0.619092787,1.178237746
-0.98683901,-0.186087519,0.223634265,-0.736637418,0.157687373,0.03729602
-0.98683901,-0.471151006,-1.328410988,-0.736637418,-1.384253533,-1.290345262
-0.98683901,-0.471151006,-1.328410988,-0.736637418,-1.351261804,-1.331834052
-0.98683901,0.027710097,0.223634265,-0.736637418,0.143067681,-0.17014793
-0.98683901,-0.542416878,0.445355015,1.084005888,0.3838969,0.431439525
-0.98683901,0.241507712,-1.106690237,-0.736637418,-1.057371834,-0.813224176
0.549175084,-0.471151006,0.445355015,0.173684235,0.257113902,0.45218392
0.549175084,1.880622765,-0.219807236,-0.736637418,-0.311390356,-0.08717035
0.549175084,-0.043555775,-1.328410988,-0.736637418,-1.465361011,-1.456300422
0.549175084,-0.257353391,1.775679517,1.084005888,1.379628447,2.008013547
0.549175084,-0.257353391,-0.219807236,0.173684235,-0.335098525,-0.356847486
0.549175084,2.023154509,-1.106690237,-0.736637418,-1.217849825,-0.709502201
0.549175084,-0.471151006,-0.884969487,-0.736637418,-0.949798527,-0.750990991
0.549175084,3.876067177,1.775679517,0.173684235,1.379628447,1.074515771
-0.674626106,-0.542416878,-1.328410988,-0.736637418,-1.586708168,-1.331834052
-0.674626106,2.878344971,-0.219807236,-0.736637418,-0.388459849,-0.066425955
-0.674626106,-0.471151006,0.223634265,-0.736637418,0.039339202,0.141017995
-0.674626106,0.455305328,0.223634265,-0.736637418,0.026892883,0.223995575
-0.674626106,-0.328619262,-1.106690237,-0.736637418,-1.283607854,-0.792479781
-0.674626106,3.23467433,1.110517266,3.814970847,0.774472117,1.883547177
-0.674626106,0.312773584,1.110517266,1.994327541,0.774472117,0.265484365
-0.674626106,-0.542416878,-0.441527986,-0.736637418,-0.668861611,-0.273869906
1.493382427,0.17024184,-1.106690237,-0.736637418,-0.891305306,-1.207367681
1.493382427,-0.471151006,1.775679517,1.994327541,1.831340384,1.738336411
1.493382427,-0.328619262,1.775679517,1.994327541,1.848135859,1.759080807
1.493382427,0.312773584,-1.106690237,-0.736637418,-0.860286086,-0.958434941
1.493382427,-0.399885134,-0.441527986,-0.736637418,-0.238702773,-0.668013411
1.493382427,-0.542416878,-0.219807236,-0.736637418,0.040003931,-0.419080671
1.493382427,0.384039456,1.110517266,0.173684235,1.256074681,1.364937301
1.493382427,-0.542416878,-0.441527986,0.173684235,-0.219143859,-0.502058251
0.539059578,-0.542416878,0.223634265,0.173684235,-0.019700252,-0.356847486
0.539059578,-0.471151006,-0.441527986,-0.736637418,-0.66728842,-0.481313856
0.539059578,-0.542416878,1.332238016,-0.736637418,1.011723363,0.846327426
0.539059578,-0.257353391,-0.219807236,-0.736637418,-0.401677831,-0.253125511
0.539059578,-0.471151006,1.775679517,1.084005888,1.377588983,1.385681696
0.539059578,-0.471151006,-1.106690237,-0.736637418,-1.293713172,-0.999923731
0.539059578,-0.542416878,1.775679517,1.994327541,1.372649761,1.178237746
0.539059578,-0.257353391,-0.219807236,-0.736637418,-0.418273887,-0.543547041
-0.055342689,-0.471151006,0.445355015,-0.736637418,0.461714935,0.058040415
-0.055342689,0.384039456,-1.993573239,-0.736637418,-2.076037478,-1.871188322
-0.055342689,-0.471151006,-0.219807236,1.084005888,-0.13175566,-0.315358696
-0.055342689,1.096698174,1.332238016,0.173684235,1.08031275,1.676103226
-0.055342689,-0.471151006,1.332238016,1.084005888,1.08031275,1.053771376
-0.055342689,-0.471151006,-0.884969487,-0.736637418,-0.781565369,-1.062156916
-0.055342689,1.167964046,-0.441527986,-0.736637418,-0.389207428,-0.543547041
-0.055342689,-0.542416878,1.110517266,0.173684235,0.979827954,0.20325118
-0.932895478,0.027710097,0.223634265,1.084005888,-0.082663531,0.472928315
-0.932895478,2.664547355,-0.884969487,-0.736637418,-1.070831141,-0.709502201
-0.932895478,-0.542416878,-0.441527986,0.173684235,-0.71863051,-0.481313856
-0.932895478,1.453027534,1.110517266,0.173684235,0.638095834,0.61813908
-0.932895478,-0.471151006,1.110517266,1.994327541,0.645800905,1.302704116
-0.932895478,-0.542416878,-0.219807236,-0.736637418,-0.479176026,-0.08717035
-0.932895478,-0.542416878,-1.106690237,-0.736637418,-1.317467584,-0.854712966
-0.932895478,-0.186087519,0.445355015,-0.736637418,0.14417219,0.57665029
-1.075503886,-0.542416878,0.445355015,0.173684235,0.323106031,0.5351615
-1.075503886,-0.542416878,0.667075765,0.173684235,0.570450554,1.136748956
-1.075503886,-0.471151006,-0.441527986,0.173684235,-0.497882354,-0.419080671
-1.075503886,-0.542416878,-1.328410988,-0.736637418,-1.37566842,-1.062156916
-1.075503886,-0.399885134,0.667075765,-0.736637418,0.550496174,0.41069513
-1.075503886,-0.542416878,-0.884969487,-0.736637418,-0.861230194,-0.647269016
-1.075503886,1.381761662,0.667075765,1.994327541,0.575192284,1.012282586
-1.075503886,-0.399885134,-0.884969487,-0.736637418,-0.902257431,-0.688757806
0.091658055,-0.471151006,1.110517266,0.173684235,1.136700997,1.427170486
0.091658055,-0.471151006,1.110517266,2.904649194,1.153098598,1.800569597
0.091658055,-0.399885134,0.445355015,0.173684235,0.592764238,0.65962787
0.091658055,-0.471151006,-1.771852488,-0.736637418,-1.570815857,-1.331834052
0.091658055,-0.471151006,0.445355015,0.173684235,0.592764238,0.57665029
0.091658055,-0.399885134,-0.441527986,-0.736637418,-0.303227683,-0.605780226
0.091658055,2.308217996,-1.993573239,-0.736637418,-1.989912263,-1.705233162
0.091658055,-0.471151006,-0.441527986,-0.736637418,-0.300856817,-0.232381115
0.850731587,1.025432303,-0.884969487,-0.736637418,-0.720701284,-0.854712966
0.850731587,-0.542416878,-1.106690237,-0.736637418,-0.933920667,-1.352578447
0.850731587,-0.542416878,1.775679517,0.173684235,1.547902066,1.240470931
0.850731587,2.165686252,0.445355015,1.084005888,0.47832207,0.24473997
0.850731587,-0.328619262,0.223634265,-0.736637418,0.235447606,-0.066425955
0.850731587,-0.114821647,1.775679517,2.904649194,1.547902066,3.211188458
0.850731587,-0.399885134,-1.771852488,-0.736637418,-1.560581928,-1.871188322
0.850731587,-0.471151006,-1.328410988,-0.736637418,-1.208717996,-1.124390101
-0.213673035,-0.471151006,0.223634265,-0.736637418,0.248786491,-0.232381115
-0.213673035,-0.399885134,-0.441527986,0.173684235,-0.422324396,-0.709502201
-0.213673035,-0.043555775,0.667075765,1.084005888,0.714268907,0.70111666
-0.213673035,-0.471151006,1.110517266,1.994327541,1.001758216,1.655358831
-0.213673035,-0.471151006,-1.328410988,-0.736637418,-1.395383401,-1.269600867
-0.213673035,0.811634687,0.667075765,0.173684235,0.705575413,0.431439525
-0.213673035,-0.542416878,1.110517266,0.173684235,1.001758216,0.70111666
-0.213673035,-0.542416878,0.223634265,0.173684235,0.242661355,-0.253125511
-1.155099051,1.239229918,-0.884969487,-0.736637418,-0.735701991,-0.647269016
-1.155099051,-0.471151006,0.445355015,1.084005888,0.489305986,0.016551625
-1.155099051,-0.542416878,-0.441527986,-0.736637418,-0.374100268,-0.522802646
-1.155099051,-0.542416878,-0.884969487,-0.736637418,-0.829941229,-0.585035831
-1.155099051,1.951888637,0.223634265,0.173684235,0.261717388,0.1202736
-1.155099051,-0.043555775,0.667075765,0.173684235,0.535781589,1.116004561
-1.155099051,-0.471151006,-0.219807236,-0.736637418,-0.118012638,0.07878481
-1.155099051,-0.043555775,0.667075765,1.084005888,0.535781589,0.389950735
-2.315821818,-0.542416878,-0.219807236,-0.736637418,-0.437758622,0.016551625
-2.315821818,-0.542416878,0.223634265,0.173684235,-0.037162381,0.472928315
-2.315821818,0.597837072,0.223634265,0.173684235,-0.181263966,-0.00419277
-2.315821818,1.167964046,0.223634265,0.173684235,-0.037162381,1.406426091
-2.315821818,2.023154509,-0.219807236,-0.736637418,-0.400022272,-0.149403535
-2.315821818,-0.542416878,-1.106690237,0.173684235,-1.270077738,-1.435556027
-2.315821818,-0.542416878,-2.65873549,-0.736637418,-2.963093135,-2.078632272
-2.315821818,-0.542416878,-0.219807236,0.173684235,-0.462456177,-0.107914745
-1.109445993,2.522015611,0.223634265,0.173684235,0.334490712,0.36920634
-1.109445993,-0.471151006,0.445355015,2.904649194,0.560558141,1.012282586
-1.109445993,-0.471151006,0.223634265,-0.736637418,0.307777295,0.28622876
-1.109445993,-0.471151006,-0.219807236,-0.736637418,-0.137829737,-0.08717035
-1.109445993,-0.328619262,0.445355015,0.173684235,0.560558141,0.389950735
-1.109445993,-0.471151006,-1.771852488,-0.736637418,-1.604028199,-1.435556027
-1.109445993,0.17024184,-0.441527986,-0.736637418,-0.375842531,-0.750990991
-1.109445993,-0.542416878,0.223634265,-0.736637418,0.348517929,-0.377591881
1.085905928,-0.471151006,-0.441527986,0.173684235,-0.075310092,-0.439825066
1.085905928,-0.471151006,0.223634265,-0.736637418,0.638185909,-0.273869906
1.085905928,-0.471151006,1.332238016,1.994327541,1.645785751,1.157493351
1.085905928,-0.542416878,1.110517266,0.173684235,1.417113356,0.867071821
1.085905928,0.811634687,-0.884969487,-0.736637418,-0.417349047,-0.979179336
1.085905928,-0.542416878,0.445355015,-0.736637418,0.862743249,-0.024937165
1.085905928,-0.399885134,1.332238016,1.084005888,1.645785751,1.510148066
1.085905928,-0.542416878,-1.328410988,-0.736637418,-1.101531484,-1.394067237
-0.150285251,0.455305328,-1.106690237,-0.736637418,-1.060416098,-0.979179336
-0.150285251,-0.399885134,1.110517266,1.084005888,1.034685399,2.339923867
-0.150285251,-0.542416878,-1.328410988,-0.736637418,-1.325840273,-1.352578447
-0.150285251,-0.542416878,-1.328410988,-0.736637418,-1.366746125,-1.290345262
-0.150285251,-0.542416878,1.110517266,1.084005888,1.034685399,1.074515771
-0.150285251,-0.471151006,0.445355015,1.084005888,0.41162186,0.472928315
-0.150285251,-0.542416878,-1.106690237,-0.736637418,-1.082743751,-1.207367681
-0.150285251,-0.328619262,-0.441527986,0.173684235,-0.455856097,-0.273869906
0.033208366,-0.399885134,-0.884969487,-0.736637418,-0.987443356,-0.460569461
0.033208366,-0.471151006,-0.441527986,-0.736637418,-0.629044372,-0.419080671
0.033208366,-0.542416878,1.110517266,1.084005888,0.875037837,0.472928315
0.033208366,-0.399885134,1.332238016,1.084005888,1.124159786,1.240470931
0.033208366,-0.542416878,0.223634265,0.173684235,0.036988568,0.24473997
0.033208366,-0.043555775,-1.106690237,-0.736637418,-1.265827811,-1.311089657
0.033208366,-0.471151006,1.332238016,1.084005888,1.122381396,1.364937301
0.033208366,0.17024184,0.445355015,-0.736637418,0.292055984,0.141017995
0.253675434,-0.471151006,0.667075765,-0.736637418,0.891520214,1.344192906
0.253675434,-0.399885134,-1.106690237,-0.736637418,-0.764407666,-1.124390101
0.253675434,0.455305328,1.110517266,0.173684235,1.215736256,0.784094241
0.253675434,-0.471151006,-1.993573239,-0.736637418,-1.944998291,-1.539278002
0.253675434,-0.542416878,-0.441527986,-0.736637418,-0.192377938,-0.439825066
0.253675434,-0.542416878,-0.884969487,0.173684235,-0.52004816,-0.792479781
0.253675434,0.312773584,1.110517266,2.904649194,1.233518226,2.173968707
0.253675434,-0.542416878,-0.884969487,0.173684235,-0.504045543,-0.543547041
-0.290219344,-0.542416878,-0.441527986,0.173684235,-0.600260663,-0.377591881
-0.290219344,-0.471151006,-0.884969487,-0.736637418,-0.927617306,-0.688757806
-0.290219344,-0.542416878,-0.219807236,-0.736637418,-0.360379886,-0.668013411
-0.290219344,1.239229918,0.667075765,0.173684235,0.48209898,0.555905895
-0.290219344,-0.542416878,-1.106690237,-0.736637418,-1.163284764,-1.103645706
-0.290219344,-0.399885134,1.332238016,1.994327541,0.964017049,1.593125646
-0.290219344,-0.542416878,1.332238016,1.084005888,0.964017049,1.427170486
-0.290219344,-0.542416878,0.445355015,1.084005888,0.253369265,0.555905895
1.284762507,-0.542416878,-1.328410988,-0.736637418,-0.914482174,-1.435556027
1.284762507,0.811634687,-1.106690237,-0.736637418,-0.581177655,-1.228112076
1.284762507,-0.542416878,-0.219807236,1.084005888,0.258933235,-0.253125511
1.284762507,-0.257353391,-1.771852488,-0.736637418,-1.348515705,-1.435556027
1.284762507,1.025432303,1.110517266,-0.736637418,1.487709453,1.074515771
1.284762507,-0.542416878,1.332238016,-0.736637418,1.745060548,1.116004561
1.284762507,0.669102943,1.332238016,3.814970847,1.745060548,2.464390237
1.284762507,-0.471151006,-1.106690237,-0.736637418,-0.641040795,-1.062156916
-0.094894145,-0.542416878,-1.993573239,-0.736637418,-2.19241314,-1.580766792
-0.094894145,-0.399885134,-0.219807236,0.173684235,-0.272916062,-0.273869906
-0.094894145,-0.471151006,1.332238016,0.173684235,1.060734087,1.136748956
-0.094894145,-0.542416878,-0.441527986,-0.736637418,-0.492090064,-0.439825066
-0.094894145,-0.542416878,0.445355015,1.084005888,0.313016127,0.141017995
-0.094894145,-0.399885134,1.332238016,1.994327541,1.060734087,1.696847621
-0.094894145,-0.542416878,-0.441527986,-0.736637418,-0.513031421,-0.190892325
-0.094894145,-0.471151006,-0.884969487,-0.736637418,-0.92758696,-0.937690546
0.476831409,-0.471151006,1.332238016,1.994327541,1.343730216,1.862802782
0.476831409,-0.328619262,0.223634265,-0.736637418,0.470133385,-0.398336276
0.476831409,-0.471151006,-0.884969487,-0.736637418,-0.608187791,-0.647269016
0.476831409,-0.471151006,1.332238016,0.173684235,1.343730216,1.427170486
0.476831409,0.954166431,-1.106690237,-0.736637418,-0.906791072,-1.145134496
0.476831409,-0.542416878,-0.441527986,-0.736637418,-0.281090777,-0.730246596
0.476831409,-0.471151006,-0.884969487,-0.736637418,-0.658208613,-0.668013411
0.476831409,-0.328619262,0.667075765,1.084005888,0.963053674,0.431439525
0.300418063,-0.471151006,0.445355015,0.173684235,0.370516589,0.016551625
0.300418063,-0.542416878,0.223634265,1.084005888,0.117846532,-0.024937165
0.300418063,-0.542416878,-1.106690237,-0.736637418,-1.197794291,-1.207367681
0.300418063,0.027710097,1.332238016,0.173684235,1.256465811,0.970793796
0.300418063,-0.542416878,-0.441527986,-0.736637418,-0.549815474,-0.21163672
0.300418063,-0.328619262,1.332238016,1.084005888,1.256465811,1.281959721
0.300418063,-0.542416878,-0.884969487,0.173684235,-0.901591739,-1.041412521
0.300418063,3.305940202,1.110517266,-0.736637418,0.997614741,0.680372265
-0.274011964,-0.471151006,0.223634265,0.173684235,0.228400038,0.03729602
-0.274011964,-0.328619262,1.110517266,1.084005888,0.975202792,2.402157052
-0.274011964,2.949610843,-1.106690237,0.173684235,-1.08163876,-1.062156916
-0.274011964,-0.542416878,0.223634265,-0.736637418,0.166560054,0.36920634
-0.274011964,-0.399885134,1.110517266,1.084005888,0.975202792,0.970793796
-0.274011964,-0.328619262,-0.441527986,0.173684235,-0.428783341,-0.626524621
-0.274011964,-0.471151006,-0.884969487,-0.736637418,-0.798904187,-0.813224176
-0.274011964,-0.542416878,-1.993573239,-0.736637418,-2.138021487,-1.663744372
0.688033226,-0.471151006,-0.884969487,-0.736637418,-0.696520098,-0.688757806
0.688033226,1.453027534,1.332238016,1.084005888,1.44424006,1.033026981
0.688033226,-0.471151006,-0.441527986,-0.736637418,-0.256809882,-0.688757806
0.688033226,0.954166431,0.223634265,-0.736637418,0.421625543,0.099529205
0.688033226,-0.399885134,1.332238016,1.084005888,1.448389315,1.842058387
0.688033226,-0.542416878,-1.106690237,-0.736637418,-1.01767887,-1.373322842
0.688033226,-0.471151006,-0.219807236,0.173684235,-0.040750952,-0.253125511
0.688033226,-0.328619262,0.445355015,1.084005888,0.652440965,0.36920634
0.346366862,-0.471151006,-0.441527986,-0.736637418,-0.839226234,-0.502058251
0.346366862,1.951888637,0.445355015,1.084005888,0.091508349,0.32771755
0.346366862,1.096698174,-1.328410988,-0.736637418,-1.74551663,-1.352578447
0.346366862,-0.542416878,1.775679517,1.084005888,1.272694821,1.821313992
0.346366862,-0.542416878,-0.219807236,-0.736637418,-0.591819092,-0.771735386
0.346366862,2.807079099,-0.219807236,-0.736637418,-0.595177898,-0.356847486
0.346366862,-0.399885134,1.775679517,1.994327541,1.279215904,1.925035967
0.346366862,-0.542416878,0.445355015,-0.736637418,0.068107978,-0.17014793
0.391866212,-0.471151006,-0.884969487,-0.736637418,-0.760579697,-1.103645706
0.391866212,-0.186087519,-1.771852488,-0.736637418,-1.772911635,-1.518533607
0.391866212,-0.542416878,0.223634265,-0.736637418,0.276262901,0.348461945
0.391866212,-0.542416878,-0.441527986,-0.736637418,-0.395760784,-0.12865914
0.391866212,-0.186087519,-1.106690237,-0.736637418,-1.008607252,-0.937690546
0.391866212,-0.328619262,1.332238016,1.084005888,1.300954454,1.468659276
0.391866212,-0.471151006,1.332238016,1.084005888,1.301744421,1.572381251
0.391866212,3.020876714,0.445355015,1.994327541,0.526977308,0.348461945
-0.229804534,-0.471151006,-1.106690237,-0.736637418,-1.077029494,-1.124390101
-0.229804534,-0.399885134,0.445355015,0.173684235,0.458370098,-0.149403535
-0.229804534,-0.399885134,0.667075765,-0.736637418,0.717634456,0.721861055
-0.229804534,-0.471151006,-0.884969487,-0.736637418,-0.761729485,-0.730246596
-0.229804534,-0.471151006,0.445355015,1.084005888,0.452245444,0.389950735
-0.229804534,0.027710097,1.110517266,1.084005888,0.992546427,1.157493351
-0.229804534,0.384039456,-0.884969487,-0.736637418,-0.771412364,-0.916946151
-0.229804534,2.593281483,1.110517266,0.173684235,0.997288157,0.57665029
-0.131079602,-0.471151006,-0.884969487,-0.736637418,-0.772233159,-0.875457361
-0.131079602,-0.328619262,-0.884969487,-0.736637418,-0.73541346,-0.958434941
-0.131079602,-0.542416878,-0.441527986,0.173684235,-0.373645073,-0.315358696
-0.131079602,-0.471151006,1.110517266,1.084005888,1.033923369,0.908560611
-0.131079602,-0.542416878,-0.441527986,-0.736637418,-0.342004477,-0.273869906
-0.131079602,-0.471151006,-0.884969487,-0.736637418,-0.691159881,-0.605780226
-0.131079602,0.098975969,1.110517266,2.904649194,1.042813391,1.489403671
-0.131079602,-0.542416878,0.667075765,-0.736637418,0.706843215,0.32771755
0.118685273,-0.542416878,1.332238016,2.904649194,1.166460605,1.323448511
0.118685273,-0.257353391,0.445355015,-0.736637418,0.381928726,0.28622876
0.118685273,-0.186087519,0.445355015,0.173684235,0.369481925,0.07878481
0.118685273,-0.328619262,-1.328410988,-0.736637418,-1.440117223,-1.165878891
0.118685273,-0.542416878,-0.441527986,-0.736637418,-0.53172667,-0.543547041
0.118685273,-0.471151006,-1.328410988,-0.736637418,-1.442093104,-1.352578447
0.118685273,2.236952124,1.332238016,1.084005888,1.166460605,2.422901447
0.118685273,3.23467433,-1.106690237,-0.736637418,-1.17091132,-0.937690546
1.562603312,-0.471151006,0.445355015,-0.736637418,0.307560054,-0.232381115
1.562603312,-0.542416878,0.667075765,1.084005888,0.551751933,0.07878481
1.562603312,-0.542416878,-0.884969487,0.173684235,-0.924985367,-0.668013411
1.562603312,-0.328619262,0.223634265,-0.736637418,0.089598459,-0.08717035
1.562603312,-0.471151006,-1.106690237,-0.736637418,-1.1651619,-1.145134496
1.562603312,-0.542416878,-1.328410988,-0.736637418,-1.389100753,-1.228112076
1.562603312,-0.542416878,2.219121018,1.994327541,1.876122857,2.028757942
1.562603312,-0.399885134,2.219121018,0.173684235,1.881457062,2.277690682
-0.093269516,-0.542416878,0.223634265,-0.736637418,0.241824183,0.32771755
-0.093269516,-0.186087519,-0.884969487,-0.736637418,-0.759292147,-0.439825066
-0.093269516,-0.542416878,0.223634265,0.173684235,0.277784069,0.07878481
-0.093269516,-0.257353391,-1.328410988,-0.736637418,-1.332486595,-1.311089657
-0.093269516,-0.328619262,1.110517266,3.814970847,1.061537541,1.468659276
-0.093269516,-0.542416878,1.110517266,0.173684235,1.061537541,0.74260545
-0.093269516,-0.471151006,-0.884969487,-0.736637418,-0.755142892,-0.688757806
-0.093269516,-0.542416878,0.445355015,-0.736637418,0.489631607,-0.00419277
0.501996626,-0.114821647,-0.441527986,-0.736637418,-0.360348094,-0.253125511
0.501996626,-0.542416878,-0.441527986,-0.736637418,-0.369435608,-0.522802646
0.501996626,0.17024184,-2.43701474,-0.736637418,-2.502791749,-1.995654692
0.501996626,-0.471151006,-0.219807236,0.173684235,-0.05488414,-0.377591881
0.501996626,3.092142586,1.332238016,1.084005888,1.356274318,1.676103226
0.501996626,-0.257353391,0.667075765,-0.736637418,0.832812161,0.49367271
0.501996626,-0.471151006,1.332238016,1.994327541,1.356274318,0.887816216
0.501996626,-0.542416878,0.223634265,0.173684235,0.322869041,-0.336103091
-1.66958901,-0.399885134,-1.328410988,-0.736637418,-1.487652538,-1.331834052
-1.66958901,3.092142586,0.445355015,1.994327541,0.281035459,0.825583031
-1.66958901,-0.399885134,0.445355015,1.084005888,0.223540776,1.406426091
-1.66958901,-0.542416878,-0.441527986,-0.736637418,-0.625813213,-0.688757806
-1.66958901,-0.471151006,0.445355015,0.173684235,0.281035459,0.804838636
-1.66958901,-0.186087519,-1.771852488,-0.736637418,-1.918280057,-1.477044817
-1.66958901,-0.399885134,-0.219807236,-0.736637418,-0.383642494,-0.00419277
-1.66958901,-0.471151006,-0.884969487,-0.736637418,-0.984942435,-0.792479781
0.85629424,3.448471945,1.775679517,1.994327541,1.531677873,1.987269152
0.85629424,-0.542416878,1.332238016,-0.736637418,1.152247938,0.721861055
0.85629424,-0.542416878,-0.219807236,-0.736637418,-0.302109686,-0.273869906
0.85629424,-0.471151006,-0.441527986,-0.736637418,-0.547492296,-0.315358696
0.85629424,-0.328619262,1.775679517,1.994327541,1.531677873,1.198982141
0.85629424,-0.328619262,-0.441527986,-0.736637418,-0.552234027,-0.419080671
0.85629424,-0.328619262,-1.993573239,-0.736637418,-2.262698548,-1.767466347
0.85629424,-0.471151006,-0.884969487,0.173684235,-0.913380555,-0.792479781
-1.209230339,2.379483868,0.667075765,0.173684235,0.51253584,0.514417105
-1.209230339,-0.542416878,-1.993573239,-0.736637418,-2.200442386,-1.808955137
-1.209230339,-0.471151006,0.445355015,0.173684235,0.293518868,0.28622876
-1.209230339,3.23467433,-1.328410988,-0.736637418,-1.466566675,-0.979179336
-1.209230339,-0.542416878,-1.328410988,-0.736637418,-1.461627453,-1.186623286
-1.209230339,-0.471151006,0.667075765,1.084005888,0.507794591,0.721861055
-1.209230339,2.878344971,-0.219807236,-0.736637418,-0.332400595,-0.273869906
-1.209230339,-0.542416878,0.667075765,0.173684235,0.51253584,1.510148066
0.991161824,-0.471151006,-0.884969487,-0.736637418,-0.991465445,-1.290345262
0.991161824,-0.542416878,1.775679517,1.084005888,1.599466696,1.676103226
0.991161824,-0.542416878,-0.219807236,-0.736637418,-0.341612383,-0.585035831
0.991161824,-0.471151006,-2.65873549,-0.736637418,-2.968246227,-2.016399087
0.991161824,-0.542416878,1.332238016,0.173684235,1.186050829,1.510148066
0.991161824,-0.542416878,0.667075765,0.173684235,0.5867812,0.846327426
0.991161824,-0.399885134,1.775679517,1.084005888,1.585241505,0.950049401
0.991161824,-0.542416878,-1.106690237,-0.736637418,-1.259793232,-1.165878891
-0.330747523,-0.328619262,-0.441527986,0.173684235,-0.446430921,-0.854712966
-0.330747523,-0.542416878,0.445355015,-0.736637418,0.399630254,0.306973155
-0.330747523,-0.471151006,0.223634265,-0.736637418,0.188233576,-0.08717035
-0.330747523,-0.542416878,1.110517266,0.173684235,0.94570715,0.74260545
-0.330747523,-0.043555775,-1.771852488,-0.736637418,-1.748299338,-1.767466347
-0.330747523,2.807079099,1.110517266,1.994327541,0.94570715,1.883547177
-0.330747523,-0.471151006,0.445355015,0.173684235,0.417412224,0.07878481
-0.330747523,0.098975969,0.223634265,0.173684235,0.175786775,-0.066425955
0.94453788,-0.399885134,-0.441527986,-0.736637418,-0.457643157,-0.17014793
0.94453788,-0.542416878,-1.106690237,-0.736637418,-1.037880355,-0.979179336
0.94453788,-0.542416878,-0.441527986,-0.736637418,-0.4530994,-0.564291436
0.94453788,0.241507712,-1.106690237,-0.736637418,-1.070355234,-1.062156916
0.94453788,-0.471151006,1.332238016,-0.736637418,1.197866619,0.784094241
0.94453788,-0.114821647,1.775679517,1.994327541,1.575391963,1.634614436
0.94453788,-0.471151006,1.775679517,1.994327541,1.573613573,1.427170486
0.94453788,-0.542416878,0.223634265,0.173684235,0.135791312,0.306973155
0.563067125,-0.471151006,-1.106690237,-0.736637418,-0.957734807,-0.979179336
0.563067125,-0.542416878,-0.441527986,-0.736637418,-0.334227635,-0.439825066
0.563067125,-0.471151006,-0.219807236,0.173684235,-0.041927714,-0.12865914
0.563067125,-0.471151006,1.332238016,1.084005888,1.372480207,1.033026981
0.563067125,-0.257353391,-0.441527986,0.173684235,-0.31407191,-0.502058251
0.563067125,-0.257353391,1.332238016,1.084005888,1.386510796,1.385681696
0.563067125,0.098975969,0.445355015,0.173684235,0.572655237,0.49367271
0.563067125,-0.542416878,-0.884969487,-0.736637418,-0.662378581,-0.792479781
-0.995941798,-0.471151006,0.223634265,0.173684235,0.121450516,-0.12865914
-0.995941798,2.165686252,-0.219807236,-0.736637418,-0.28180801,-0.232381115
-0.995941798,-0.399885134,0.445355015,0.173684235,0.386656969,0.07878481
-0.995941798,3.591003689,0.667075765,1.994327541,0.614572151,1.759080807
-0.995941798,-0.328619262,0.667075765,0.173684235,0.614572151,-0.253125511
-0.995941798,0.241507712,-1.106690237,-0.736637418,-1.187685118,-0.999923731
-0.995941798,0.098975969,0.223634265,-0.736637418,0.107225326,0.61813908
-0.995941798,-0.542416878,0.223634265,-0.736637418,0.112362039,0.099529205
-0.66528692,-0.542416878,-0.441527986,-0.736637418,-0.422196267,-0.813224176
-0.66528692,-0.542416878,-0.219807236,-0.736637418,-0.137106243,0.058040415
-0.66528692,-0.328619262,0.223634265,0.173684235,0.276167045,-0.00419277
-0.66528692,-0.471151006,-0.441527986,-0.736637418,-0.403624812,-0.04568156
-0.66528692,-0.542416878,0.223634265,-0.736637418,0.275179104,0.141017995
-0.66528692,-0.471151006,0.667075765,1.084005888,0.778306348,0.32771755
-0.66528692,-0.471151006,-1.106690237,-0.736637418,-1.127531522,-1.186623286
-0.66528692,-0.399885134,0.667075765,2.904649194,0.778306348,1.302704116
0.23109795,0.241507712,1.332238016,1.994327541,1.223721669,0.680372265
0.23109795,-0.542416878,-0.219807236,0.173684235,-0.260544886,-0.419080671
0.23109795,0.098975969,0.445355015,-0.736637418,0.40069671,0.1202736
0.23109795,-0.399885134,-1.106690237,-0.736637418,-1.15728872,-1.145134496
0.23109795,-0.542416878,-0.884969487,-0.736637418,-0.834405026,-0.896201756
0.23109795,-0.471151006,1.332238016,0.173684235,1.223721669,1.344192906
0.23109795,-0.471151006,0.667075765,0.173684235,0.631811259,0.555905895
0.23109795,-0.542416878,1.110517266,0.173684235,0.937496307,0.804838636
1.456453726,-0.399885134,1.997400267,1.994327541,1.831429978,2.422901447
1.456453726,-0.542416878,-1.106690237,-0.736637418,-1.26391503,-0.979179336
1.456453726,-0.471151006,1.997400267,0.173684235,1.825305805,1.655358831
1.456453726,-0.542416878,0.667075765,1.994327541,0.519291505,0.74260545
1.456453726,-0.399885134,-0.884969487,-0.736637418,-1.002982589,-0.854712966
1.456453726,-0.471151006,-0.219807236,0.173684235,-0.412140562,0.016551625
1.456453726,-0.542416878,-1.106690237,-0.736637418,-1.256159382,-0.937690546
1.456453726,-0.186087519,-0.884969487,-0.736637418,-0.998833335,-0.730246596
1.892906998,1.951888637,0.445355015,1.084005888,0.444562531,0.41069513
1.892906998,1.025432303,-1.993573239,-0.736637418,-2.168831172,-1.684488767
1.892906998,2.522015611,1.997400267,2.904649194,2.04496872,1.779825202
1.892906998,-0.471151006,-0.219807236,-0.736637418,-0.202348385,-0.08717035
1.892906998,-0.471151006,-2.65873549,-0.736637418,-2.990537272,-1.725977557
1.892906998,-0.542416878,0.667075765,0.173684235,0.722298153,0.555905895
1.892906998,-0.471151006,1.997400267,0.173684235,2.039437023,1.821313992
1.892906998,-0.328619262,-0.441527986,-0.736637418,-0.47946263,-0.688757806
-0.608496882,-0.399885134,0.667075765,1.084005888,0.806425329,1.883547177
-0.608496882,-0.542416878,0.667075765,0.173684235,0.806425329,0.825583031
-0.608496882,-0.471151006,0.445355015,1.994327541,0.553714809,0.721861055
-0.608496882,1.595559277,-0.884969487,-0.736637418,-0.775587148,-0.668013411
-0.608496882,-0.471151006,-0.219807236,0.173684235,-0.12787615,-0.107914745
-0.608496882,-0.542416878,-1.328410988,-0.736637418,-1.255807751,-1.622255582
-0.608496882,-0.542416878,-1.328410988,-0.736637418,-1.249090621,-1.414811632
-0.608496882,-0.328619262,0.445355015,-0.736637418,0.500934882,0.61813908
1.321432434,-0.542416878,-1.328410988,-0.736637418,-1.363606487,-1.414811632
1.321432434,4.517460023,0.445355015,-0.736637418,0.565796009,0.57665029
1.321432434,-0.043555775,-0.441527986,-0.736637418,-0.263025575,-0.419080671
1.321432434,0.098975969,1.775679517,1.994327541,1.762008235,1.759080807
1.321432434,-0.542416878,0.667075765,1.084005888,0.838438269,0.784094241
1.321432434,2.308217996,-0.441527986,0.173684235,-0.353706107,-0.439825066
1.321432434,-0.471151006,1.775679517,0.173684235,1.762008235,1.406426091
1.321432434,2.949610843,-1.328410988,-0.736637418,-1.363606487,-1.539278002
-0.109101383,-0.542416878,-1.328410988,-0.736637418,-1.525285807,-1.311089657
-0.109101383,-0.471151006,-0.219807236,-0.736637418,-0.397119142,-0.12865914
-0.109101383,0.384039456,1.553958767,1.994327541,1.05365521,1.219726536
-0.109101383,-0.542416878,-0.884969487,-0.736637418,-1.002585679,-0.730246596
-0.109101383,0.098975969,1.553958767,0.173684235,1.05365521,0.929305006
-0.109101383,-0.542416878,-0.219807236,0.173684235,-0.378140179,-0.04568156
-0.109101383,-0.542416878,1.332238016,0.173684235,1.028173949,1.281959721
-0.109101383,-0.471151006,-0.219807236,-0.736637418,-0.398502548,-0.585035831
-0.181108458,-0.471151006,1.332238016,0.173684235,1.018042138,1.344192906
-0.181108458,-0.471151006,-0.884969487,-0.736637418,-0.920049998,-0.709502201
-0.181108458,-0.471151006,-0.441527986,0.173684235,-0.563655315,-0.377591881
-0.181108458,-0.542416878,-0.884969487,0.173684235,-0.937435539,-0.750990991
-0.181108458,-0.114821647,-1.771852488,-0.736637418,-1.821941626,-1.435556027
-0.181108458,-0.043555775,0.223634265,0.173684235,0.039511646,0.07878481
-0.181108458,-0.471151006,1.332238016,1.994327541,1.018042138,2.132479917
-0.181108458,-0.471151006,-0.884969487,-0.736637418,-0.874017066,-0.750990991
0.104649253,3.092142586,-1.328410988,-0.736637418,-1.117851533,-0.999923731
0.104649253,-0.043555775,-1.328410988,-0.736637418,-1.148082712,-1.248856472
0.104649253,0.027710097,-1.106690237,0.173684235,-0.864404995,-0.813224176
0.104649253,1.167964046,-0.884969487,-0.736637418,-0.623209693,-0.522802646
0.104649253,2.45074974,0.223634265,-0.736637418,0.353588651,0.182506785
0.104649253,-0.471151006,1.110517266,0.173684235,1.159532977,0.950049401
0.104649253,-0.399885134,1.110517266,1.994327541,1.159532977,2.028757942
0.104649253,-0.471151006,-0.884969487,0.173684235,-0.643953558,-0.833968571
0.955061976,-0.114821647,-0.441527986,0.173684235,-0.498193042,-0.356847486
0.955061976,0.740368815,1.775679517,1.994327541,1.580557578,2.028757942
0.955061976,-0.542416878,-0.884969487,-0.736637418,-0.838292724,-0.896201756
0.955061976,0.384039456,-0.441527986,0.173684235,-0.502539307,-0.564291436
0.955061976,-0.186087519,-1.106690237,-0.736637418,-1.099946733,-1.103645706
0.955061976,0.312773584,1.775679517,-0.736637418,1.580557578,1.468659276
0.955061976,-0.043555775,0.667075765,0.173684235,0.62530848,0.680372265
0.955061976,-0.542416878,-1.328410988,-0.736637418,-1.329716893,-1.414811632
0.148354701,-0.471151006,0.445355015,0.173684235,0.388910784,-0.315358696
0.148354701,-0.399885134,1.110517266,1.084005888,0.926940611,0.32771755
0.148354701,-0.542416878,-1.106690237,-0.736637418,-1.130875877,-1.248856472
0.148354701,1.31049579,0.667075765,-0.736637418,0.60778903,0.5351615
0.148354701,-0.328619262,1.332238016,0.173684235,1.181157849,1.510148066
0.148354701,1.951888637,-0.219807236,-0.736637418,-0.221160684,-0.356847486
0.148354701,-0.542416878,-1.106690237,-0.736637418,-1.11329188,-1.020668126
0.148354701,-0.471151006,1.332238016,2.904649194,1.181157849,1.344192906
0.024077365,0.17024184,-1.328410988,-0.736637418,-1.091937717,-1.248856472
0.024077365,-0.542416878,-0.441527986,0.173684235,-0.260428799,-0.792479781
0.024077365,-0.542416878,-1.106690237,-0.736637418,-0.848300742,-1.124390101
0.024077365,-0.471151006,0.667075765,1.084005888,0.810540865,0.74260545
0.024077365,-0.114821647,1.110517266,3.814970847,1.119636742,2.422901447
0.024077365,-0.542416878,-1.106690237,-0.736637418,-0.883684049,-1.082901311
0.024077365,0.455305328,1.110517266,0.173684235,1.119636742,1.033026981
0.024077365,-0.542416878,0.445355015,-0.736637418,0.57319569,0.1202736
-2.376926366,-0.471151006,-1.106690237,-0.736637418,-1.170234068,-1.082901311
-2.376926366,-0.542416878,0.001913514,-0.736637418,-0.06920615,0.41069513
-2.376926366,-0.399885134,-0.219807236,0.173684235,-0.236746641,-0.481313856
-2.376926366,-0.399885134,-0.219807236,-0.736637418,-0.19758546,-0.336103091
-2.376926366,-0.542416878,0.001913514,1.084005888,-0.06920615,0.49367271
-2.376926366,0.027710097,0.001913514,-0.736637418,-0.096694602,0.514417105
-2.376926366,0.027710097,0.001913514,0.173684235,-0.076911221,0.41069513
-2.376926366,-0.328619262,-0.441527986,-0.736637418,-0.47085584,-0.585035831
-0.2670854,3.163408458,-0.441527986,-0.736637418,-0.364152942,-0.522802646
-0.2670854,-0.471151006,1.110517266,2.904649194,0.975472537,1.966524757
-0.2670854,-0.471151006,-0.884969487,-0.736637418,-0.752866919,-0.875457361
-0.2670854,-0.471151006,-1.993573239,-0.736637418,-2.09674329,-1.912677112
-0.2670854,3.092142586,-0.219807236,0.173684235,-0.126207103,-0.502058251
-0.2670854,-0.399885134,0.667075765,1.084005888,0.66969645,0.680372265
-0.2670854,-0.399885134,1.110517266,-0.736637418,0.975472537,0.472928315
-0.2670854,-0.542416878,0.445355015,-0.736637418,0.442216713,-0.024937165
-1.033539807,-0.471151006,-0.441527986,-0.736637418,-0.343970725,-0.377591881
-1.033539807,2.45074974,0.223634265,-0.736637418,0.356325599,0.28622876
-1.033539807,2.522015611,-1.106690237,-0.736637418,-0.963644629,-1.207367681
-1.033539807,2.522015611,0.445355015,1.084005888,0.595968904,1.116004561
-1.033539807,0.312773584,0.445355015,0.173684235,0.589251774,0.57665029
-1.033539807,-0.471151006,0.223634265,0.173684235,0.318591657,-0.273869906
-1.033539807,-0.328619262,0.223634265,0.173684235,0.317208733,-0.149403535
-1.033539807,1.239229918,0.445355015,0.173684235,0.585892968,0.45218392
0.666872185,-0.257353391,-1.328410988,-0.736637418,-1.484996996,-1.331834052
0.666872185,-0.399885134,1.775679517,-0.736637418,1.440869212,0.721861055
0.666872185,1.239229918,1.775679517,3.814970847,1.440869212,1.489403671
0.666872185,-0.114821647,1.332238016,1.084005888,1.064740762,1.468659276
0.666872185,-0.114821647,-0.219807236,-0.736637418,-0.362337463,-0.294614301
0.666872185,-0.186087519,0.223634265,0.173684235,0.030504093,-0.024937165
0.666872185,-0.542416878,-1.106690237,-0.736637418,-1.252473511,-1.331834052
0.666872185,-0.328619262,-0.441527986,-0.736637418,-0.611396792,-0.377591881
1.292321411,-0.542416878,1.997400267,0.173684235,1.750558527,1.344192906
1.292321411,-0.471151006,1.775679517,-0.736637418,1.520521031,1.033026981
1.292321411,-0.471151006,1.997400267,2.904649194,1.750558527,1.904291572
1.292321411,-0.471151006,0.223634265,0.173684235,0.107919437,-0.232381115
1.292321411,1.595559277,-0.441527986,0.173684235,-0.524514847,-0.668013411
1.292321411,-0.471151006,-0.219807236,-0.736637418,-0.257102266,-0.17014793
1.292321411,0.954166431,-1.993573239,-0.736637418,-2.08795635,-1.891932717
1.292321411,-0.328619262,-1.328410988,-0.736637418,-1.385190897,-1.456300422
0.236436852,0.027710097,0.445355015,1.084005888,0.63023277,0.680372265
0.236436852,0.669102943,1.110517266,1.994327541,1.224785235,0.867071821
0.236436852,-0.542416878,-0.441527986,-0.736637418,-0.30793714,-0.336103091
0.236436852,-0.542416878,1.110517266,1.084005888,1.218661062,0.5351615
0.236436852,-0.542416878,-0.219807236,-0.736637418,-0.036552565,-0.419080671
0.236436852,-0.471151006,-0.441527986,-0.736637418,-0.308727589,-0.439825066
0.236436852,-0.399885134,-0.441527986,-0.736637418,-0.291935486,-0.522802646
0.236436852,-0.471151006,0.223634265,0.173684235,0.361870302,-0.08717035
0.488330283,1.809356893,1.553958767,1.994327541,1.349447845,2.194713102
0.488330283,-0.542416878,-0.884969487,-0.736637418,-0.875595555,-0.813224176
0.488330283,-0.542416878,-1.106690237,-0.736637418,-1.09390541,-0.896201756
0.488330283,3.163408458,-0.884969487,-0.736637418,-0.866112577,-0.605780226
0.488330283,-0.399885134,-0.884969487,0.173684235,-0.773651728,-0.792479781
0.488330283,0.098975969,1.553958767,0.173684235,1.349447845,0.867071821
0.488330283,-0.257353391,1.332238016,0.173684235,1.315922406,0.70111666
0.488330283,-0.542416878,-1.328410988,-0.736637418,-1.40355619,-1.435556027
-0.381597449,-0.471151006,-0.441527986,0.173684235,-0.500677104,-0.605780226
-0.381597449,-0.542416878,0.223634265,-0.736637418,0.121658123,-0.00419277
-0.381597449,-0.471151006,0.445355015,0.173684235,0.406691309,-0.439825066
-0.381597449,-0.542416878,0.667075765,0.173684235,0.631558855,0.36920634
-0.381597449,-0.471151006,-0.884969487,-0.736637418,-0.881653255,-0.771735386
-0.381597449,-0.542416878,1.110517266,1.994327541,0.918774084,1.323448511
-0.381597449,-0.399885134,1.110517266,-0.736637418,0.918774084,0.991538191
-0.381597449,-0.186087519,-0.441527986,-0.736637418,-0.489021233,-0.668013411
-1.744456211,-0.471151006,-1.993573239,-0.736637418,-2.217429572,-1.248856472
-1.744456211,-0.186087519,0.445355015,1.994327541,0.246732577,1.738336411
-1.744456211,-0.471151006,0.445355015,-0.736637418,0.239422008,0.223995575
-1.744456211,-0.471151006,-0.884969487,-0.736637418,-0.954719926,-1.497789212
-1.744456211,-0.542416878,0.445355015,-0.736637418,0.238434067,0.5351615
-1.744456211,-0.542416878,0.223634265,0.173684235,-0.002352282,-0.12865914
-1.744456211,3.092142586,-0.219807236,1.084005888,-0.359572578,-0.294614301
-1.744456211,0.241507712,-0.441527986,-0.736637418,-0.583760945,-0.398336276
-0.077595247,0.384039456,-0.441527986,-0.736637418,-0.601752449,-0.502058251
-0.077595247,-0.542416878,-0.884969487,-0.736637418,-0.990353229,-0.958434941
-0.077595247,0.241507712,0.223634265,-0.736637418,0.025870742,-0.315358696
-0.077595247,-0.542416878,-1.106690237,-0.736637418,-1.20862503,-1.145134496
-0.077595247,-0.471151006,1.332238016,1.084005888,1.069293671,1.738336411
-0.077595247,-0.542416878,1.332238016,0.173684235,1.069293671,1.613870041
-0.077595247,-0.542416878,0.667075765,1.994327541,0.494216307,0.929305006
-0.077595247,-0.114821647,-1.993573239,-0.736637418,-2.236471154,-1.725977557
-0.593462737,-0.542416878,0.445355015,0.173684235,0.288343619,0.36920634
-0.593462737,-0.542416878,-0.441527986,0.173684235,-0.572376746,-0.585035831
-0.593462737,0.027710097,1.110517266,1.994327541,0.813870288,1.198982141
-0.593462737,0.17024184,0.445355015,-0.736637418,0.288343619,0.638883475
-0.593462737,0.669102943,-1.328410988,-0.736637418,-1.424538009,-1.352578447
-0.593462737,-0.542416878,-1.106690237,-0.736637418,-1.20636399,-0.958434941
-0.593462737,3.305940202,1.110517266,0.173684235,0.808930103,1.323448511
-0.593462737,-0.399885134,-0.884969487,-0.736637418,-0.928614881,-0.605780226
1.72517715,-0.542416878,0.667075765,0.173684235,0.959323488,0.57665029
1.72517715,-0.114821647,1.775679517,1.994327541,1.961905592,2.049502337
1.72517715,-0.471151006,0.445355015,0.173684235,0.710683226,-0.107914745
1.72517715,0.027710097,-2.43701474,-0.736637418,-2.346407137,-1.912677112
1.72517715,-0.471151006,0.223634265,-0.736637418,0.44551868,-0.398336276
1.72517715,3.305940202,1.775679517,1.084005888,1.961905592,1.800569597
1.72517715,-0.399885134,-1.106690237,-0.736637418,-0.775814504,-1.124390101
1.72517715,-0.542416878,-0.441527986,-0.736637418,-0.189441572,-0.377591881
0.042051409,-0.399885134,-1.106690237,-0.736637418,-1.010222832,-1.062156916
0.042051409,-0.471151006,1.110517266,-0.736637418,1.125176146,0.970793796
0.042051409,-0.542416878,-0.219807236,-0.736637418,-0.112619667,0.099529205
0.042051409,-0.542416878,1.110517266,1.994327541,1.122410297,0.638883475
0.042051409,-0.471151006,-0.219807236,-0.736637418,-0.163651069,-0.066425955
0.042051409,0.241507712,1.110517266,1.994327541,1.128535434,0.825583031
0.042051409,-0.471151006,0.223634265,-0.736637418,0.270204237,0.016551625
0.042051409,-0.328619262,-1.328410988,-0.736637418,-1.264662127,-0.979179336
-0.89485483,-0.542416878,-1.328410988,-0.736637418,-1.329689918,-1.248856472
-0.89485483,2.807079099,0.667075765,1.084005888,0.66463488,1.012282586
-0.89485483,1.595559277,-0.441527986,-0.736637418,-0.452804126,-0.481313856
-0.89485483,2.522015611,0.667075765,2.904649194,0.654558462,0.74260545
-0.89485483,2.949610843,-0.219807236,-0.736637418,-0.188291785,-0.21163672
-0.89485483,-0.399885134,0.445355015,-0.736637418,0.416541333,0.24473997
-0.89485483,-0.399885134,-0.884969487,-0.736637418,-0.818689013,-0.813224176
-0.89485483,-0.542416878,0.445355015,-0.736637418,0.399550776,0.1202736
-0.175946612,-0.471151006,1.110517266,1.084005888,1.020598934,1.157493351
-0.175946612,-0.542416878,0.445355015,0.173684235,0.454847519,-0.024937165
-0.175946612,1.524293406,-0.219807236,0.173684235,-0.230081533,-0.12865914
-0.175946612,-0.328619262,0.667075765,-0.736637418,0.715094519,0.514417105
-0.175946612,-0.186087519,-0.441527986,-0.736637418,-0.4729112,-0.647269016
-0.175946612,-0.542416878,0.445355015,-0.736637418,0.457218384,-0.149403535
-0.175946612,-0.328619262,-0.441527986,-0.736637418,-0.475676567,-0.792479781
-0.175946612,0.811634687,1.110517266,1.084005888,1.014672253,1.302704116
-0.937424984,-0.399885134,-0.219807236,-0.736637418,-0.245182431,-0.190892325
-0.937424984,-0.399885134,-0.884969487,-0.736637418,-0.919073618,-0.875457361
-0.937424984,1.096698174,0.667075765,1.084005888,0.643560095,0.32771755
-0.937424984,-0.542416878,-0.441527986,-0.736637418,-0.494669981,-0.585035831
-0.937424984,-0.542416878,-0.219807236,-0.736637418,-0.240440701,0.03729602
-0.937424984,-0.542416878,-0.441527986,-0.736637418,-0.545985097,-0.502058251
-0.937424984,-0.114821647,0.667075765,1.994327541,0.643560095,1.551636856
-0.937424984,-0.399885134,0.445355015,1.084005888,0.387677183,-0.149403535
-1.252264533,-0.328619262,0.223634265,-0.736637418,0.235238072,0.306973155
-1.252264533,-0.399885134,0.445355015,1.994327541,0.489056954,1.198982141
-1.252264533,-0.328619262,-1.106690237,-0.736637418,-1.081726909,-0.999923731
-1.252264533,-0.328619262,-0.219807236,-0.736637418,-0.18236414,0.07878481
-1.252264533,0.027710097,-0.884969487,-0.736637418,-0.782141949,-0.750990991
-1.252264533,-0.542416878,0.445355015,1.084005888,0.477358213,0.846327426
-1.252264533,-0.471151006,-1.106690237,-0.736637418,-1.103771812,-0.999923731
-1.252264533,-0.542416878,0.445355015,0.173684235,0.482339824,0.70111666
0.716904932,-0.471151006,-1.106690237,0.173684235,-1.309474464,-1.041412521
0.716904932,-0.399885134,1.997400267,1.994327541,1.464837011,2.920766928
0.716904932,-0.399885134,-0.884969487,-0.736637418,-1.055009157,-0.750990991
0.716904932,0.312773584,-1.771852488,-0.736637418,-1.926157572,-1.933421507
0.716904932,-0.328619262,-0.219807236,-0.736637418,-0.447992069,-0.00419277
0.716904932,-0.471151006,1.997400267,1.084005888,1.464837011,2.215457497
0.716904932,-0.542416878,-0.441527986,-0.736637418,-0.686616124,-0.585035831
0.716904932,0.384039456,-0.441527986,-0.736637418,-0.680688962,-0.605780226
0.46823352,-0.542416878,0.223634265,-0.736637418,0.309658766,-0.21163672
0.46823352,-0.542416878,0.223634265,-0.736637418,0.291284802,-0.460569461
0.46823352,-0.471151006,-1.771852488,-0.736637418,-1.64140232,-1.642999977
0.46823352,-0.328619262,-1.106690237,-0.736637418,-0.988996316,-1.041412521
0.46823352,-0.471151006,1.332238016,1.084005888,1.333825761,0.721861055
0.46823352,-0.399885134,1.332238016,2.904649194,1.33955495,1.655358831
0.46823352,0.811634687,1.110517266,1.084005888,1.09312178,0.680372265
0.46823352,-0.399885134,0.223634265,-0.736637418,0.28160385,0.36920634
0.341263386,-0.114821647,1.110517266,2.904649194,1.276688972,1.696847621
0.341263386,-0.542416878,0.223634265,-0.736637418,0.341443868,0.182506785
0.341263386,-0.542416878,1.110517266,0.173684235,1.276688972,0.49367271
0.341263386,1.666825149,-1.106690237,-0.736637418,-1.011921261,-1.041412521
0.341263386,-0.328619262,0.445355015,-0.736637418,0.649797946,-0.107914745
0.341263386,-0.328619262,-0.441527986,0.173684235,-0.383702223,-0.419080671
0.341263386,-0.328619262,-0.884969487,-0.736637418,-0.753919406,-0.626524621
0.341263386,0.597837072,0.667075765,1.084005888,0.93009759,0.24473997
1.03777604,-0.399885134,-0.219807236,-0.736637418,0.067515985,-0.232381115
1.03777604,-0.471151006,1.332238016,1.084005888,1.616029033,1.095260166
1.03777604,-0.471151006,1.110517266,-0.736637418,1.377544668,0.28622876
1.03777604,0.740368815,1.332238016,1.994327541,1.621560731,1.219726536
1.03777604,-0.542416878,0.223634265,-0.736637418,0.448051874,-0.377591881
1.03777604,-0.542416878,-1.328410988,-0.736637418,-1.167186432,-1.186623286
1.03777604,2.45074974,-1.106690237,-0.736637418,-0.905316146,-0.999923731
1.03777604,-0.471151006,0.667075765,1.084005888,0.98150808,0.680372265
-0.126890588,0.740368815,1.110517266,1.084005888,1.045281557,0.867071821
-0.126890588,-0.471151006,1.110517266,3.814970847,1.045281557,1.904291572
-0.126890588,-0.542416878,-0.219807236,-0.736637418,-0.120087747,-0.066425955
-0.126890588,2.165686252,-0.884969487,-0.736637418,-0.738916772,-0.750990991
-0.126890588,-0.186087519,0.223634265,-0.736637418,0.272228288,0.182506785
-0.126890588,3.092142586,-0.441527986,-0.736637418,-0.366706849,-0.585035831
-0.126890588,-0.542416878,0.223634265,0.173684235,0.279537893,-0.024937165
-0.126890588,-0.471151006,-1.106690237,-0.736637418,-0.990280976,-1.248856472
-0.366783164,2.379483868,-0.441527986,-0.736637418,-0.215744591,-0.709502201
-0.366783164,1.666825149,0.667075765,0.173684235,0.926072611,0.597394685
-0.366783164,-0.542416878,-0.219807236,0.173684235,0.074451801,0.07878481
-0.366783164,-0.542416878,0.223634265,-0.736637418,0.449184803,0.431439525
-0.366783164,-0.114821647,0.667075765,2.904649194,0.926072611,1.883547177
-0.366783164,1.381761662,-1.328410988,-0.736637418,-1.241384105,-1.207367681
-0.366783164,0.027710097,0.445355015,0.173684235,0.699971463,0.348461945
-0.366783164,-0.542416878,-1.771852488,-0.736637418,-1.596930536,-1.580766792
1.983584664,-0.542416878,0.223634265,-0.736637418,0.356603532,-0.149403535
1.983584664,-0.542416878,-0.441527986,-0.736637418,-0.340934168,-0.626524621
1.983584664,-0.471151006,1.997400267,3.814970847,2.089866797,1.779825202
1.983584664,-0.542416878,-0.441527986,-0.736637418,-0.305768583,-0.12865914
1.983584664,-0.542416878,0.223634265,-0.736637418,0.382485075,0.016551625
1.983584664,-0.542416878,-1.328410988,-0.736637418,-1.285436339,-1.311089657
1.983584664,-0.471151006,1.997400267,1.994327541,2.07307325,1.945780362
1.983584664,-0.399885134,-0.219807236,-0.736637418,-0.048634729,-0.564291436
1.19975256,-0.399885134,1.775679517,0.173684235,1.701710614,2.319179472
1.19975256,-0.186087519,-0.219807236,-0.736637418,-0.144365753,-0.460569461
1.19975256,-0.471151006,-1.106690237,-0.736637418,-1.064922283,-1.228112076
1.19975256,-0.542416878,-0.884969487,0.173684235,-0.760011788,-0.937690546
1.19975256,0.5265712,1.775679517,1.084005888,1.701710614,1.862802782
1.19975256,-0.471151006,0.445355015,0.173684235,0.501083242,0.472928315
1.19975256,-0.542416878,-0.441527986,0.173684235,-0.381526441,-0.543547041
1.19975256,-0.471151006,-1.106690237,-0.736637418,-1.041004098,-1.186623286
0.331087564,-0.399885134,1.332238016,1.084005888,1.27421888,1.945780362
0.331087564,-0.114821647,0.223634265,1.084005888,0.199256509,-0.024937165
0.331087564,-0.399885134,-0.884969487,-0.736637418,-0.755629396,-1.103645706
0.331087564,-0.542416878,-0.441527986,-0.736637418,-0.414493123,-0.439825066
0.331087564,-0.471151006,-0.441527986,-0.736637418,-0.38841457,-0.564291436
0.331087564,-0.471151006,1.332238016,0.173684235,1.261179603,0.950049401
0.331087564,-0.471151006,0.667075765,0.173684235,0.745239958,0.867071821
0.331087564,-0.542416878,-0.884969487,-0.736637418,-0.797314619,-0.875457361
0.300174855,-0.471151006,-0.219807236,-0.736637418,-0.112465527,-0.190892325
0.300174855,-0.471151006,1.110517266,0.173684235,1.256344426,1.116004561
0.300174855,1.880622765,0.223634265,0.173684235,0.387737875,0.16176239
0.300174855,-0.257353391,0.223634265,0.173684235,0.406507304,0.24473997
0.300174855,-0.471151006,-1.106690237,-0.736637418,-0.999302016,-1.248856472
0.300174855,-0.542416878,-0.219807236,-0.736637418,-0.091076682,-0.854712966
0.300174855,-0.542416878,0.667075765,-0.736637418,0.947526001,0.472928315
0.300174855,-0.542416878,1.110517266,1.994327541,1.256344426,0.555905895
-0.043861327,-0.542416878,0.223634265,-0.736637418,0.306928562,-0.377591881
-0.043861327,-0.471151006,-0.219807236,0.173684235,-0.088071916,0.141017995
-0.043861327,-0.471151006,-0.441527986,-0.736637418,-0.376592518,-1.062156916
-0.043861327,-0.328619262,1.110517266,1.084005888,1.085998588,1.696847621
-0.043861327,3.020876714,0.667075765,0.173684235,0.758093784,0.597394685
-0.043861327,0.312773584,1.110517266,0.173684235,1.085998588,0.721861055
-0.043861327,1.595559277,-1.106690237,-0.736637418,-1.045285817,-1.228112076
-0.043861327,-0.542416878,0.445355015,1.084005888,0.548441778,0.016551625
1.104796379,-0.257353391,1.110517266,-0.736637418,1.079720275,0.36920634
1.104796379,0.098975969,-1.328410988,-0.736637418,-1.260288406,-1.373322842
1.104796379,-0.471151006,-1.771852488,-0.736637418,-1.709767241,-1.560022397
1.104796379,-0.399885134,-0.219807236,1.084005888,-0.082455442,-0.419080671
1.104796379,-0.542416878,0.445355015,-0.736637418,0.516845497,-0.190892325
1.104796379,-0.471151006,1.775679517,1.084005888,1.6578867,2.734067372
1.104796379,-0.542416878,1.775679517,2.904649194,1.6578867,1.655358831
1.104796379,-0.471151006,-1.106690237,-0.736637418,-1.020918699,-1.311089657
0.942084398,-0.186087519,0.667075765,0.173684235,0.913747195,0.28622876
0.942084398,-0.542416878,0.223634265,-0.736637418,0.341148594,-0.419080671
0.942084398,-0.399885134,-0.441527986,-0.736637418,-0.341437049,-1.456300422
0.942084398,0.098975969,1.332238016,1.084005888,1.567660881,1.406426091
0.942084398,-0.542416878,-1.993573239,-0.736637418,-2.199860989,-1.954165902
0.942084398,-0.328619262,-0.441527986,-0.736637418,-0.34044959,-0.585035831
0.942084398,-0.399885134,1.332238016,2.904649194,1.574181001,2.111735522
0.942084398,-0.257353391,0.667075765,0.173684235,0.898139562,0.45218392
1.361857493,-0.471151006,1.775679517,0.173684235,1.782025235,1.178237746
1.361857493,2.593281483,-0.441527986,0.173684235,-0.284958727,-0.190892325
1.361857493,-0.471151006,0.445355015,-0.736637418,0.635728822,0.016551625
1.361857493,-0.114821647,-0.219807236,0.173684235,-0.033749145,0.141017995
1.361857493,-0.542416878,-1.328410988,-0.736637418,-1.183050323,-1.269600867
1.361857493,-0.399885134,1.775679517,2.904649194,1.782025235,2.443645842
1.361857493,-0.471151006,-0.441527986,-0.736637418,-0.274289834,-0.916946151
1.361857493,-0.542416878,-1.106690237,-0.736637418,-0.932101815,-1.124390101
-0.812884983,0.882900559,-0.441527986,0.173684235,-0.133439157,-0.419080671
-0.812884983,3.092142586,0.445355015,1.084005888,0.705946313,1.364937301
-0.812884983,0.312773584,-1.328410988,-0.736637418,-1.085908437,-1.228112076
-0.812884983,-0.471151006,-0.219807236,0.173684235,0.091729926,-0.398336276
-0.812884983,-0.542416878,0.445355015,0.173684235,0.687752018,0.45218392
-0.812884983,-0.542416878,-0.884969487,-0.736637418,-0.581622253,-0.481313856
-0.812884983,-0.471151006,0.445355015,-0.736637418,0.70021616,0.514417105
-0.812884983,-0.399885134,0.223634265,-0.736637418,0.465789529,0.141017995
1.494113997,-0.399885134,-1.328410988,-0.736637418,-1.087349164,-1.435556027
1.494113997,-0.399885134,1.775679517,1.994327541,1.847507738,1.759080807
1.494113997,-0.542416878,-0.884969487,0.173684235,-0.586391921,-1.041412521
1.494113997,-0.186087519,0.445355015,0.173684235,0.697154555,0.182506785
1.494113997,-0.399885134,1.332238016,0.173684235,1.495611052,1.240470931
1.494113997,-0.471151006,-0.884969487,-0.736637418,-0.570839682,-1.041412521
1.494113997,-0.542416878,-0.219807236,-0.736637418,0.070579034,-0.771735386
1.494113997,-0.542416878,1.775679517,0.173684235,1.839999196,1.095260166
-1.005734325,-0.542416878,0.223634265,0.173684235,0.336065347,-0.232381115
-1.005734325,-0.328619262,-0.441527986,-0.736637418,-0.290318462,-0.688757806
-1.005734325,-0.542416878,0.445355015,-0.736637418,0.569777155,0.20325118
-1.005734325,-0.542416878,-0.219807236,-0.736637418,-0.008277037,-0.08717035
-1.005734325,1.025432303,-0.219807236,-0.736637418,-0.037978841,-0.522802646
-1.005734325,0.241507712,-0.219807236,0.173684235,-0.041930123,-0.522802646
-1.005734325,-0.542416878,0.445355015,1.084005888,0.609690731,1.344192906
-1.005734325,-0.542416878,0.445355015,0.173684235,0.592894776,0.306973155
-0.37052273,-0.471151006,-1.106690237,-0.736637418,-0.901940481,-1.062156916
-0.37052273,3.591003689,-0.441527986,0.173684235,-0.221380333,-0.439825066
-0.37052273,3.305940202,-0.884969487,-0.736637418,-0.589646682,-0.647269016
-0.37052273,3.377206074,-1.328410988,-0.736637418,-1.122603378,-0.854712966
-0.37052273,-0.471151006,0.667075765,1.994327541,0.924184396,1.655358831
-0.37052273,1.025432303,-0.219807236,-0.736637418,0.028890922,-0.04568156
-0.37052273,0.811634687,0.667075765,1.084005888,0.924184396,0.908560611
-0.37052273,-0.399885134,0.223634265,0.173684235,0.416180068,-0.190892325
0.103653073,1.738091021,-1.106690237,-0.736637418,-1.235100493,-0.875457361
0.103653073,-0.114821647,1.332238016,4.7252925,1.159040693,1.261215326
0.103653073,1.096698174,0.223634265,-0.736637418,0.043238943,0.1202736
0.103653073,-0.257353391,0.445355015,-0.736637418,0.309807607,-0.21163672
0.103653073,-0.471151006,-0.219807236,-0.736637418,-0.335930881,-0.04568156
0.103653073,-0.399885134,-1.328410988,-0.736637418,-1.492020479,-1.145134496
0.103653073,-0.471151006,1.332238016,-0.736637418,1.154298963,0.65962787
0.103653073,-0.328619262,0.223634265,0.173684235,0.046004791,0.28622876
2.211139785,-0.471151006,1.997400267,0.173684235,2.200953532,1.489403671
2.211139785,-0.542416878,-0.884969487,-0.736637418,-0.607854464,-0.896201756
2.211139785,-0.328619262,1.997400267,1.994327541,2.206485229,1.281959721
2.211139785,-0.471151006,-0.219807236,-0.736637418,0.047138683,-0.107914745
2.211139785,-0.542416878,-0.884969487,-0.736637418,-0.598766469,-1.103645706
2.211139785,-0.542416878,0.667075765,1.994327541,0.964692375,0.804838636
2.211139785,-0.471151006,-1.106690237,-0.736637418,-0.840616384,-1.311089657
2.211139785,-0.399885134,1.775679517,-0.736637418,1.957701425,0.908560611
-0.229810371,-0.399885134,0.667075765,-0.736637418,0.637633414,0.141017995
-0.229810371,-0.542416878,-0.884969487,-0.736637418,-0.840280166,-0.647269016
-0.229810371,-0.471151006,1.110517266,1.084005888,0.976721071,0.867071821
-0.229810371,0.669102943,-0.219807236,-0.736637418,-0.21358326,-0.315358696
-0.229810371,-0.399885134,1.110517266,3.814970847,0.993909602,1.302704116
-0.229810371,-0.257353391,0.223634265,-0.736637418,0.157185455,0.20325118
-0.229810371,-0.542416878,-1.993573239,-0.736637418,-2.129749952,-1.912677112
-0.229810371,-0.399885134,1.110517266,-0.736637418,0.989562855,1.053771376
-0.927210248,-0.257353391,0.667075765,2.904649194,0.64861733,1.613870041
-0.927210248,-0.542416878,-0.441527986,-0.736637418,-0.522353034,-0.066425955
-0.927210248,-0.542416878,-0.884969487,-0.736637418,-0.894868829,-0.813224176
-0.927210248,0.882900559,0.667075765,1.084005888,0.631428318,0.887816216
-0.927210248,-0.471151006,0.445355015,-0.736637418,0.384711915,-0.04568156
-0.927210248,-0.542416878,-1.106690237,-0.736637418,-1.165981732,-1.165878891
-0.927210248,-0.328619262,-1.993573239,-0.736637418,-2.215484518,-1.601511187
-0.927210248,-0.542416878,0.667075765,-0.736637418,0.630835361,1.281959721
0.008729969,-0.542416878,1.332238016,0.173684235,1.112039569,0.597394685
0.008729969,-0.328619262,0.667075765,-0.736637418,0.616288403,0.389950735
0.008729969,-0.399885134,-0.219807236,-0.736637418,-0.210741786,-0.543547041
0.008729969,-0.471151006,0.667075765,0.173684235,0.471830369,0.431439525
0.008729969,-0.471151006,-1.106690237,-0.736637418,-1.090065399,-1.311089657
0.008729969,-0.471151006,-0.219807236,-0.736637418,-0.202048775,-0.336103091
0.008729969,-0.471151006,1.332238016,2.904649194,1.112039569,1.655358831
0.008729969,-0.542416878,-0.441527986,-0.736637418,-0.440321198,-0.688757806
0.471986706,-0.471151006,1.332238016,3.814970847,1.34141619,1.821313992
0.471986706,-0.257353391,-1.328410988,-0.736637418,-1.196662807,-1.228112076
0.471986706,0.740368815,-1.328410988,-0.736637418,-1.216819014,-1.248856472
0.471986706,-0.186087519,0.223634265,-0.736637418,0.395210291,0.28622876
0.471986706,-0.043555775,0.223634265,-0.736637418,0.401927421,-0.04568156
0.471986706,-0.542416878,-0.441527986,0.173684235,-0.337755031,-0.377591881
0.471986706,-0.399885134,-0.219807236,-0.736637418,-0.062711078,-0.273869906
0.471986706,-0.471151006,1.332238016,0.173684235,1.337661919,1.510148066
0.829848776,0.17024184,0.223634265,1.084005888,0.148794943,0.07878481
0.829848776,-0.542416878,1.775679517,-0.736637418,1.517027834,1.676103226
0.829848776,-0.471151006,-0.884969487,-0.736637418,-0.80636456,-0.730246596
0.829848776,-0.257353391,-0.884969487,-0.736637418,-0.815452556,-1.145134496
0.829848776,-0.471151006,-1.993573239,-0.736637418,-2.117296407,-1.601511187
0.829848776,-0.399885134,1.775679517,4.7252925,1.518607769,1.821313992
0.829848776,-0.328619262,-1.106690237,-0.736637418,-1.0495974,-0.999923731
0.829848776,-0.399885134,1.110517266,-0.736637418,0.947649313,1.095260166
0.977485753,-0.399885134,1.332238016,1.084005888,1.594221121,1.074515771
0.977485753,-0.471151006,-0.441527986,-0.736637418,-0.106504646,-0.356847486
0.977485753,-0.471151006,1.332238016,0.173684235,1.594221121,1.095260166
0.977485753,-0.542416878,-1.328410988,-0.736637418,-0.985753597,-1.580766792
0.977485753,-0.471151006,0.223634265,0.173684235,0.566099472,0.099529205
0.977485753,-0.542416878,0.667075765,0.173684235,1.030902226,0.016551625
0.977485753,0.740368815,0.445355015,-0.736637418,0.792472773,0.265484365
0.977485753,-0.471151006,0.445355015,1.084005888,0.784964231,0.20325118
1.557873403,0.5265712,1.997400267,1.084005888,1.879065003,1.821313992
1.557873403,0.098975969,-0.884969487,0.173684235,-0.814418855,-0.792479781
1.557873403,-0.328619262,-0.441527986,-0.736637418,-0.41131784,-0.273869906
1.557873403,-0.328619262,1.997400267,2.904649194,1.879065003,2.651089792
1.557873403,-0.399885134,-0.884969487,-0.736637418,-0.797032832,-0.979179336
1.557873403,-0.399885134,-0.219807236,-0.736637418,-0.111269015,-0.356847486
1.557873403,0.17024184,-1.106690237,-0.736637418,-1.051993795,-1.124390101
1.557873403,-0.328619262,0.445355015,-0.736637418,0.531978186,-0.21163672
-0.28805382,1.31049579,-0.441527986,-0.736637418,-0.196220358,-0.502058251
-0.28805382,-0.471151006,0.223634265,-0.736637418,0.504912174,-0.21163672
-0.28805382,-0.399885134,0.667075765,1.084005888,0.965089285,1.157493351
-0.28805382,-0.542416878,0.445355015,-0.736637418,0.730427108,0.099529205
-0.28805382,-0.471151006,-1.106690237,-0.736637418,-0.901955413,-1.124390101
-0.28805382,-0.542416878,0.445355015,0.173684235,0.73536633,0.36920634
-0.28805382,-0.542416878,0.667075765,0.173684235,0.965089285,0.45218392
-0.28805382,-0.542416878,0.445355015,1.084005888,0.752159396,0.20325118
0.250054553,-0.257353391,0.445355015,-0.736637418,0.941034783,0.141017995
0.250054553,-0.471151006,0.445355015,-0.736637418,0.911389817,0.721861055
0.250054553,-0.542416878,0.223634265,0.173684235,0.652220833,0.1202736
0.250054553,-0.399885134,0.667075765,1.994327541,1.232119406,0.825583031
0.250054553,-0.542416878,-0.219807236,-0.736637418,0.116636533,-0.04568156
0.250054553,0.17024184,-0.884969487,-0.736637418,-0.613626042,-0.896201756
0.250054553,-0.471151006,-1.328410988,-0.736637418,-1.135271274,-1.290345262
0.250054553,-0.471151006,0.667075765,1.994327541,1.232119406,0.348461945
0.686359955,0.098975969,1.110517266,1.084005888,1.447556959,2.070246732
0.686359955,-0.471151006,-2.43701474,-0.736637418,-2.449677531,-2.078632272
0.686359955,-0.471151006,-1.106690237,-0.736637418,-0.813542665,-1.082901311
0.686359955,-0.471151006,0.445355015,0.173684235,0.843469975,0.058040415
0.686359955,0.312773584,1.110517266,1.084005888,1.447556959,1.406426091
0.686359955,3.23467433,-0.441527986,-0.736637418,-0.186405015,-0.626524621
0.686359955,-0.114821647,0.223634265,1.084005888,0.540643741,0.07878481
0.686359955,-0.114821647,-0.219807236,-0.736637418,0.151173997,0.1202736
0.443712318,0.098975969,-1.106690237,0.173684235,-0.885984106,-1.041412521
0.443712318,-0.399885134,0.445355015,1.084005888,0.709864839,0.65962787
0.443712318,-0.471151006,-0.884969487,-0.736637418,-0.587289304,-0.771735386
0.443712318,-0.542416878,-1.328410988,-0.736637418,-1.145261951,-1.248856472
0.443712318,0.5265712,1.110517266,0.173684235,1.327418356,1.074515771
0.443712318,-0.399885134,-0.884969487,-0.736637418,-0.629798694,-0.875457361
0.443712318,0.027710097,1.110517266,0.173684235,1.322085114,1.198982141
0.443712318,-0.542416878,1.110517266,0.173684235,1.310626736,1.157493351
-0.116533819,-0.471151006,1.110517266,0.173684235,1.053176412,1.053771376
-0.116533819,3.23467433,1.110517266,1.994327541,1.053176412,1.634614436
-0.116533819,-0.471151006,-0.884969487,0.173684235,-0.801090084,-0.647269016
-0.116533819,2.45074974,0.223634265,-0.736637418,0.236689396,-0.17014793
-0.116533819,-0.471151006,-1.993573239,-0.736637418,-2.110038824,-1.808955137
-0.116533819,2.949610843,-0.219807236,0.173684235,-0.190530667,-0.107914745
-0.116533819,0.098975969,-0.219807236,-0.736637418,-0.153760582,0.016551625
-0.116533819,-0.471151006,-0.884969487,-0.736637418,-0.808992647,-0.937690546
-0.656179267,-0.471151006,0.667075765,1.084005888,0.78268585,1.385681696
-0.656179267,-0.186087519,-0.663248737,-0.736637418,-0.698193961,-0.626524621
-0.656179267,-0.471151006,-0.441527986,-0.736637418,-0.397470292,-0.377591881
-0.656179267,-0.542416878,-0.884969487,-0.736637418,-0.804983081,-0.709502201
-0.656179267,-0.542416878,0.445355015,-0.736637418,0.51918168,0.16176239
-0.656179267,-0.471151006,0.667075765,1.084005888,0.78268585,0.846327426
-0.656179267,3.804801305,-0.219807236,0.173684235,-0.116229432,0.16176239
-0.656179267,1.096698174,-1.106690237,-0.736637418,-1.029256225,-0.875457361
-0.323926025,-0.471151006,0.223634265,-0.736637418,0.482033471,-0.149403535
-0.323926025,0.027710097,0.667075765,1.994327541,0.946984585,0.929305006
-0.323926025,2.023154509,-0.219807236,-0.736637418,0.075832798,-0.502058251
-0.323926025,-0.328619262,-0.441527986,-0.736637418,-0.180293366,-0.21163672
-0.323926025,-0.471151006,-0.219807236,-0.736637418,0.068721166,-0.024937165
-0.323926025,-0.471151006,0.223634265,-0.736637418,0.474874152,0.472928315
-0.323926025,0.811634687,-1.328410988,-0.736637418,-1.107822321,-1.248856472
-0.323926025,-0.186087519,0.667075765,2.904649194,0.947182077,1.530892461
0.940590128,1.951888637,0.223634265,-0.736637418,0.169712216,-0.04568156
0.940590128,-0.471151006,-0.219807236,-0.736637418,-0.372612336,-0.398336276
0.940590128,-0.471151006,1.775679517,0.173684235,1.574425698,1.966524757
0.940590128,-0.114821647,1.110517266,1.084005888,0.951653098,1.261215326
0.940590128,0.455305328,-0.884969487,0.173684235,-0.904931278,-0.792479781
0.940590128,1.31049579,-0.441527986,-0.736637418,-0.557471413,-0.979179336
0.940590128,-0.399885134,-1.993573239,-0.736637418,-2.307254145,-1.788210742
0.940590128,-0.471151006,1.775679517,1.994327541,1.574425698,1.136748956
1.822168495,-0.542416878,0.445355015,-0.736637418,0.533662647,0.514417105
1.822168495,-0.542416878,1.997400267,3.814970847,2.011924005,1.821313992
1.822168495,-0.471151006,-1.106690237,-0.736637418,-1.004441139,-1.352578447
1.822168495,-0.257353391,1.775679517,0.173684235,1.743299499,1.053771376
1.822168495,-0.542416878,-1.328410988,-0.736637418,-1.273434617,-1.352578447
1.822168495,-0.471151006,-0.219807236,-0.736637418,-0.108259433,-0.439825066
1.822168495,1.453027534,0.223634265,-0.736637418,0.301781733,-0.149403535
1.822168495,-0.043555775,1.997400267,1.084005888,1.993354958,1.261215326
0.090831148,-0.471151006,1.110517266,1.994327541,1.152690127,1.406426091
0.090831148,-0.471151006,0.667075765,0.173684235,0.848168354,0.763349846
0.090831148,-0.257353391,-0.441527986,-0.736637418,-0.352958047,-0.647269016
0.090831148,-0.399885134,1.110517266,1.994327541,1.152690127,1.655358831
0.090831148,-0.471151006,-0.441527986,-0.736637418,-0.368961146,-0.750990991
0.090831148,-0.471151006,-1.328410988,-0.736637418,-1.316709889,-1.103645706
0.090831148,-0.542416878,-1.771852488,-0.736637418,-1.745303725,-1.725977557
0.090831148,-0.471151006,0.445355015,-0.736637418,0.555368923,0.680372265
-0.932320534,-0.471151006,-0.219807236,0.173684235,-0.206679235,-0.522802646
-0.932320534,0.882900559,-1.328410988,-0.736637418,-1.358332493,-1.601511187
-0.932320534,-0.542416878,0.445355015,0.173684235,0.403244836,0.431439525
-0.932320534,-0.257353391,0.667075765,1.994327541,0.646078838,1.240470931
-0.932320534,-0.328619262,-0.441527986,-0.736637418,-0.462704727,-0.460569461
-0.932320534,1.167964046,0.667075765,0.173684235,0.646078838,0.867071821
-0.932320534,-0.542416878,-0.884969487,-0.736637418,-0.826967773,-0.854712966
-0.932320534,-0.542416878,0.445355015,0.173684235,0.377735638,0.638883475
-1.196936662,0.098975969,-0.219807236,0.173684235,-0.340525697,-0.00419277
-1.196936662,-0.043555775,0.667075765,0.173684235,0.516645596,0.804838636
-1.196936662,-0.471151006,-0.884969487,0.173684235,-0.920543728,-0.647269016
-1.196936662,2.735813227,0.667075765,1.084005888,0.516645596,1.676103226
-1.196936662,0.811634687,-0.219807236,-0.736637418,-0.313656214,-0.107914745
-1.196936662,3.23467433,-0.219807236,0.173684235,-0.314446662,-0.17014793
-1.196936662,-0.471151006,-1.328410988,-0.736637418,-1.469898506,-1.352578447
-1.196936662,-0.542416878,-0.441527986,-0.736637418,-0.576683513,-0.730246596
-0.863888617,-0.471151006,-1.106690237,-0.736637418,-1.153672212,-1.082901311
-0.863888617,0.954166431,0.667075765,1.084005888,0.682340743,1.821313992
-0.863888617,2.664547355,-0.441527986,-0.736637418,-0.546058795,-0.502058251
-0.863888617,-0.471151006,0.223634265,0.173684235,0.166243104,-0.04568156
-0.863888617,-0.542416878,-0.441527986,-0.736637418,-0.511083477,-0.543547041
-0.863888617,-0.542416878,0.445355015,-0.736637418,0.422552309,0.431439525
-0.863888617,0.384039456,0.667075765,1.084005888,0.682340743,0.57665029
-0.863888617,-0.471151006,-1.106690237,-0.736637418,-1.255948885,-1.186623286
0.015716848,3.163408458,-0.884969487,-0.736637418,-0.854317017,-0.730246596
0.015716848,-0.471151006,0.223634265,0.173684235,0.092282903,0.03729602
0.015716848,-0.471151006,-1.993573239,-0.736637418,-2.229179371,-1.684488767
0.015716848,-0.542416878,-0.884969487,-0.736637418,-0.871702558,-0.377591881
0.015716848,-0.399885134,1.332238016,1.994327541,1.1172784,2.215457497
0.015716848,-0.542416878,-0.219807236,1.084005888,-0.291505821,-0.066425955
0.015716848,0.312773584,-1.328410988,-0.736637418,-1.468578683,-1.311089657
0.015716848,-0.542416878,1.332238016,0.173684235,1.1172784,1.385681696
1.343042923,-0.186087519,0.445355015,0.173684235,0.756785521,-0.00419277
1.343042923,-0.542416878,-1.771852488,-0.736637418,-1.638665373,-1.497789212
1.343042923,3.092142586,-0.441527986,-0.736637418,-0.2990134,-0.481313856
1.343042923,-0.542416878,1.775679517,2.904649194,1.772708438,2.008013547
1.343042923,-0.542416878,-1.328410988,-0.736637418,-1.184281997,-1.020668126
1.343042923,-0.542416878,0.445355015,-0.736637418,0.736435676,0.45218392
1.343042923,1.880622765,-0.219807236,-0.736637418,-0.003066143,-0.17014793
1.343042923,-0.542416878,1.775679517,0.173684235,1.772708438,1.883547177
1.197186229,-0.542416878,-1.328410988,-0.736637418,-1.40697328,-1.331834052
1.197186229,-0.399885134,-0.884969487,0.173684235,-0.876437063,-0.771735386
1.197186229,0.17024184,-0.441527986,-0.736637418,-0.509998235,-0.626524621
1.197186229,0.098975969,1.775679517,1.084005888,1.701010241,1.634614436
1.197186229,-0.257353391,-1.328410988,-0.736637418,-1.432760412,-1.290345262
1.197186229,2.735813227,1.775679517,1.084005888,1.701010241,2.277690682
1.197186229,-0.399885134,1.332238016,0.173684235,1.306030475,0.472928315
1.197186229,-0.471151006,0.445355015,0.173684235,0.46779961,0.28622876
0.168583769,-0.257353391,0.667075765,0.173684235,0.324845886,0.514417105
0.168583769,-0.471151006,1.775679517,2.904649194,1.191189469,1.842058387
0.168583769,-0.471151006,0.223634265,-0.736637418,-0.137977615,-0.253125511
0.168583769,-0.471151006,-0.441527986,-0.736637418,-0.704489133,-1.062156916
0.168583769,0.027710097,-0.441527986,-0.736637418,-0.71555301,-0.543547041
0.168583769,-0.043555775,-0.219807236,0.173684235,-0.472302348,-0.253125511
0.168583769,-0.542416878,1.775679517,0.173684235,1.186645231,1.634614436
0.168583769,0.740368815,-0.884969487,-0.736637418,-1.065324973,-0.771735386
-0.24598273,-0.399885134,1.110517266,2.904649194,0.988091782,1.302704116
-0.24598273,-0.542416878,0.445355015,0.173684235,0.43060564,0.016551625
-0.24598273,-0.328619262,-0.219807236,-0.736637418,-0.239326077,-0.481313856
-0.24598273,-0.542416878,-0.219807236,-0.736637418,-0.236757238,-0.564291436
-0.24598273,-0.471151006,1.110517266,0.173684235,0.988091782,0.680372265
-0.24598273,-0.542416878,-0.441527986,-0.736637418,-0.493823656,-0.626524621
-0.24598273,-0.471151006,0.223634265,-0.736637418,0.157883902,-0.12865914
-0.24598273,1.880622765,0.445355015,0.173684235,0.399587866,0.5351615
0.3500967,1.809356893,-0.884969487,-0.736637418,-1.015569561,-0.916946151
0.3500967,-0.257353391,-0.441527986,-0.736637418,-0.644091802,-0.833968571
0.3500967,-0.257353391,1.775679517,1.994327541,1.281017415,2.651089792
0.3500967,-0.399885134,-2.43701474,-0.736637418,-2.734125466,-1.829699532
0.3500967,2.308217996,0.223634265,1.084005888,-0.031239072,-0.00419277
0.3500967,-0.542416878,0.445355015,1.084005888,0.196605302,0.20325118
0.3500967,2.522015611,-1.106690237,-0.736637418,-1.243046408,-0.875457361
0.3500967,-0.542416878,1.775679517,-0.736637418,1.281017415,1.198982141
-1.702962983,-0.399885134,0.445355015,1.994327541,0.266092554,1.157493351
-1.702962983,-0.542416878,-1.106690237,-0.736637418,-1.204031178,-1.186623286
-1.702962983,0.954166431,-0.884969487,-0.736637418,-0.93069577,-0.336103091
-1.702962983,0.384039456,0.445355015,1.084005888,0.266092554,0.41069513
-1.702962983,1.809356893,-0.219807236,-0.736637418,-0.328027837,0.223995575
-1.702962983,-0.542416878,-0.219807236,-0.736637418,-0.327632853,0.07878481
-1.702962983,-0.542416878,-0.884969487,-0.736637418,-0.941725447,-0.502058251
-1.702962983,-0.542416878,-0.441527986,0.173684235,-0.55774742,0.03729602
0.185110238,0.312773584,-0.219807236,-0.736637418,-0.060013629,-0.419080671
0.185110238,-0.542416878,1.110517266,1.084005888,1.194230843,1.012282586
0.185110238,-0.471151006,0.223634265,-0.736637418,0.323164797,-0.190892325
0.185110238,-0.399885134,-0.219807236,-0.736637418,-0.069299597,-0.336103091
0.185110238,-0.542416878,0.223634265,-0.736637418,0.326721576,-0.066425955
0.185110238,1.096698174,-0.441527986,-0.736637418,-0.347093022,-0.21163672
0.185110238,-0.328619262,1.110517266,2.904649194,1.199367557,1.468659276
0.185110238,-0.542416878,-0.219807236,-0.736637418,-0.081962676,-0.273869906
-0.62352519,-0.542416878,0.667075765,-0.736637418,0.799339708,0.49367271
-0.62352519,2.308217996,0.223634265,-0.736637418,0.129306355,0.099529205
-0.62352519,-0.542416878,-1.106690237,-0.736637418,-1.145273511,-0.771735386
-0.62352519,-0.114821647,0.667075765,0.173684235,0.799339708,1.779825202
-0.62352519,0.027710097,-1.993573239,-0.736637418,-2.257170222,-1.767466347
-0.62352519,-0.542416878,-0.219807236,0.173684235,-0.131928585,-0.356847486
-0.62352519,-0.328619262,0.445355015,0.173684235,0.485072918,0.555905895
-0.62352519,-0.471151006,-0.884969487,0.173684235,-0.826319422,-0.771735386
-0.552880079,-0.471151006,0.223634265,0.173684235,0.239826144,-0.294614301
-0.552880079,1.666825149,-1.106690237,-0.736637418,-1.05049671,-1.165878891
-0.552880079,-0.542416878,-1.993573239,-0.736637418,-2.249094252,-1.808955137
-0.552880079,-0.257353391,0.445355015,0.173684235,0.549830964,0.141017995
-0.552880079,-0.542416878,-0.884969487,-0.736637418,-0.823147992,-0.522802646
-0.552880079,-0.471151006,0.667075765,1.084005888,0.80406217,0.182506785
-0.552880079,-0.471151006,0.888796516,0.173684235,0.834356451,0.182506785
-0.552880079,2.379483868,0.888796516,0.173684235,0.834356451,1.987269152
0.718967336,-0.471151006,0.445355015,-0.736637418,0.327724931,-0.17014793
0.718967336,-0.399885134,1.775679517,1.084005888,1.463705046,1.759080807
0.718967336,-0.328619262,0.667075765,1.084005888,0.568951061,0.5351615
0.718967336,-0.114821647,-0.441527986,-0.736637418,-0.532991099,-0.460569461
0.718967336,-0.471151006,-1.771852488,-0.736637418,-1.892295915,-1.477044817
0.718967336,-0.471151006,-0.441527986,-0.736637418,-0.534966499,-0.543547041
0.718967336,-0.542416878,-1.106690237,-0.736637418,-1.188929798,-0.854712966
0.718967336,-0.043555775,1.775679517,1.994327541,1.463705046,1.406426091
0.706254368,0.027710097,0.223634265,0.173684235,0.337665994,0.265484365
0.706254368,-0.542416878,-0.884969487,-0.736637418,-0.741903716,-0.709502201
0.706254368,-0.399885134,-0.219807236,0.173684235,-0.075095259,-0.439825066
0.706254368,-0.114821647,0.667075765,0.173684235,0.841802374,0.70111666
0.706254368,-0.328619262,-0.884969487,-0.736637418,-0.687769284,-0.668013411
0.706254368,-0.328619262,-0.884969487,-0.736637418,-0.763868658,-0.792479781
0.706254368,-0.399885134,1.332238016,1.084005888,1.457409392,0.825583031
0.706254368,0.098975969,1.332238016,1.084005888,1.457409392,1.468659276
-0.829104037,-0.471151006,-1.106690237,-0.736637418,-1.01604595,-0.999923731
-0.829104037,-0.542416878,-1.106690237,-0.736637418,-1.006562971,-1.082901311
-0.829104037,-0.114821647,-0.219807236,1.084005888,-0.04881199,-0.12865914
-0.829104037,-0.186087519,0.445355015,0.173684235,0.661279927,0.41069513
-0.829104037,2.522015611,0.667075765,0.173684235,0.697197907,1.406426091
-0.829104037,-0.542416878,-0.441527986,-0.736637418,-0.356183907,-0.771735386
-0.829104037,-0.471151006,-0.441527986,0.173684235,-0.343342604,-0.543547041
-0.829104037,-0.114821647,0.667075765,0.173684235,0.697197907,0.950049401
-1.218739771,-0.471151006,0.667075765,0.173684235,0.506185274,0.49367271
-1.218739771,-0.471151006,-1.106690237,-0.736637418,-1.132164872,-1.020668126
-1.218739771,0.811634687,-0.441527986,-0.736637418,-0.439933922,-0.564291436
-1.218739771,-0.542416878,0.223634265,-0.736637418,0.196762332,0.49367271
-1.218739771,-0.186087519,0.667075765,0.173684235,0.506185274,1.385681696
-1.218739771,-0.471151006,0.445355015,1.994327541,0.437093005,0.61813908
-1.218739771,1.381761662,-0.219807236,-0.736637418,-0.186809633,0.1202736
-1.218739771,-0.471151006,-1.328410988,-0.736637418,-1.380439533,-1.145134496
-0.045262205,-0.399885134,-1.106690237,-0.736637418,-1.08457898,-1.165878891
-0.045262205,-0.471151006,0.223634265,0.173684235,0.249040341,-0.066425955
-0.045262205,-0.114821647,-0.441527986,-0.736637418,-0.391684746,-0.356847486
-0.045262205,-0.542416878,1.110517266,1.084005888,1.08550245,0.784094241
-0.045262205,-0.471151006,0.445355015,-0.736637418,0.508123102,0.182506785
-0.045262205,-0.542416878,-1.771852488,-0.736637418,-1.800524843,-1.311089657
-0.045262205,-0.471151006,-0.219807236,-0.736637418,-0.105297056,-0.543547041
-0.045262205,0.597837072,1.110517266,1.084005888,1.08550245,1.655358831
0.354741,-0.471151006,1.332238016,0.173684235,1.284943167,0.784094241
0.354741,1.595559277,1.332238016,1.084005888,1.284943167,1.842058387
0.354741,-0.328619262,-1.106690237,-0.736637418,-0.989863835,-1.145134496
0.354741,-0.328619262,0.223634265,-0.736637418,0.268952332,0.306973155
0.354741,-0.471151006,0.445355015,1.084005888,0.504137621,-0.149403535
0.354741,-0.471151006,1.110517266,1.084005888,1.049168774,0.804838636
0.354741,-0.471151006,-2.43701474,-0.736637418,-2.470568793,-2.078632272
0.354741,-0.542416878,0.223634265,-0.736637418,0.287325814,-0.107914745
-0.015462416,-0.542416878,-1.328410988,-0.736637418,-1.224286613,-1.290345262
-0.015462416,4.446194151,0.223634265,0.173684235,0.506029689,0.20325118
-0.015462416,0.312773584,-0.884969487,-0.736637418,-0.632274567,-0.564291436
-0.015462416,0.027710097,0.667075765,1.994327541,1.100060005,0.431439525
-0.015462416,-0.471151006,-1.106690237,-0.736637418,-0.944447944,-0.833968571
-0.015462416,-0.542416878,-0.884969487,-0.736637418,-0.612692531,-0.273869906
-0.015462416,-0.542416878,-1.106690237,-0.736637418,-0.907450021,-0.896201756
-0.015462416,-0.114821647,0.667075765,1.084005888,1.100060005,1.676103226
-0.442218499,-0.542416878,-0.884969487,-0.736637418,-0.890792791,-0.647269016
-0.442218499,-0.399885134,-1.328410988,-0.736637418,-1.411096042,-1.394067237
-0.442218499,-0.186087519,-0.441527986,0.173684235,-0.556953599,-0.522802646
-0.442218499,3.23467433,1.110517266,2.904649194,0.888757256,1.821313992
-0.442218499,3.163408458,0.445355015,0.173684235,0.278222405,0.5351615
-0.442218499,-0.399885134,-1.771852488,-0.736637418,-1.803372097,-1.331834052
-0.442218499,-0.471151006,0.445355015,-0.736637418,0.296595405,0.389950735
-0.442218499,-0.471151006,1.110517266,0.173684235,0.888757256,0.887816216
0.619691781,-0.328619262,0.223634265,0.173684235,0.240458599,0.141017995
0.619691781,-0.542416878,1.332238016,-0.736637418,1.39375441,0.804838636
0.619691781,-0.542416878,0.445355015,0.173684235,0.527169501,0.20325118
0.619691781,-0.399885134,1.332238016,1.084005888,1.414498757,1.219726536
0.619691781,0.241507712,-0.884969487,-0.736637418,-0.763377819,-0.937690546
0.619691781,-0.542416878,1.332238016,0.173684235,1.40718867,0.74260545
0.619691781,-0.328619262,-0.441527986,-0.736637418,-0.363020014,-0.12865914
0.619691781,0.17024184,-2.43701474,-0.736637418,-2.57884729,-1.746721952
0.49027011,-0.471151006,0.223634265,0.173684235,0.311707382,0.49367271
0.49027011,-0.542416878,0.667075765,0.173684235,0.821114866,0.32771755
0.49027011,-0.471151006,-0.884969487,0.173684235,-0.768740926,-0.585035831
0.49027011,-0.399885134,1.332238016,0.173684235,1.350468059,0.784094241
0.49027011,-0.542416878,-1.106690237,-0.736637418,-0.986242027,-1.165878891
0.49027011,-0.471151006,0.445355015,0.173684235,0.588453137,0.24473997
0.49027011,-0.257353391,1.332238016,1.084005888,1.350468059,1.551636856
0.49027011,-0.542416878,-1.993573239,-0.736637418,-2.061196691,-1.622255582
-0.065646925,-0.257353391,0.223634265,0.173684235,0.021338064,0.223995575
-0.065646925,0.098975969,-0.884969487,-0.736637418,-0.957046958,-0.522802646
-0.065646925,-0.257353391,0.223634265,0.173684235,-0.001147101,-0.315358696
-0.065646925,-0.471151006,-0.219807236,-0.736637418,-0.369888394,-0.149403535
-0.065646925,-0.257353391,1.332238016,1.994327541,1.076001649,1.759080807
-0.065646925,-0.328619262,1.332238016,0.173684235,1.076001649,1.572381251
-0.065646925,-0.328619262,-1.328410988,-0.736637418,-1.454173341,-1.394067237
-0.065646925,-0.542416878,0.667075765,1.084005888,0.503234457,0.099529205
-0.355513879,-0.399885134,0.667075765,3.814970847,0.932820087,1.800569597
-0.355513879,0.241507712,0.445355015,-0.736637418,0.679394743,-0.253125511
-0.355513879,-0.471151006,-0.219807236,-0.736637418,0.017880031,-0.17014793
-0.355513879,0.027710097,0.445355015,0.173684235,0.724048123,0.182506785
-0.355513879,-0.471151006,-1.993573239,-0.736637418,-2.005659104,-1.767466347
-0.355513879,-0.471151006,-0.441527986,-0.736637418,-0.253713596,-0.253125511
-0.355513879,-0.471151006,-0.219807236,-0.736637418,0.002425574,-0.502058251
-0.355513879,-0.542416878,0.667075765,0.173684235,0.932820087,0.680372265
-0.799360673,-0.542416878,-0.219807236,0.173684235,-0.028702988,-0.066425955
-0.799360673,-0.399885134,0.223634265,0.173684235,0.401583496,0.32771755
-0.799360673,-0.114821647,-1.328410988,-0.736637418,-1.161322852,-1.477044817
-0.799360673,-0.471151006,0.667075765,0.173684235,0.711888408,-0.149403535
-0.799360673,-0.542416878,-1.328410988,-0.736637418,-1.19641233,-1.186623286
-0.799360673,-0.043555775,0.445355015,1.084005888,0.611074619,0.182506785
-0.799360673,-0.471151006,-0.441527986,-0.736637418,-0.278300844,-0.626524621
-0.799360673,-0.471151006,0.667075765,1.084005888,0.711888408,2.402157052
0.72734731,0.954166431,-1.993573239,-0.736637418,-2.256204439,-1.891932717
0.72734731,-0.328619262,1.775679517,1.084005888,1.461926656,1.530892461
0.72734731,0.027710097,-1.771852488,-0.736637418,-2.221376518,-1.808955137
0.72734731,-0.542416878,0.223634265,0.173684235,0.064141765,-0.04568156
0.72734731,-0.542416878,-0.441527986,-0.736637418,-0.554574545,-0.564291436
0.72734731,-0.542416878,0.667075765,0.173684235,0.563174667,0.223995575
0.72734731,-0.043555775,1.775679517,0.173684235,1.468841759,1.862802782
0.72734731,-0.043555775,1.332238016,0.173684235,1.126903477,1.033026981
0.767029126,1.524293406,1.332238016,1.084005888,1.487499437,0.970793796
0.767029126,-0.471151006,1.332238016,1.084005888,1.487499437,1.510148066
0.767029126,0.312773584,0.223634265,-0.736637418,0.324826137,0.058040415
0.767029126,-0.542416878,-1.328410988,-0.736637418,-1.321672232,-1.269600867
0.767029126,-0.542416878,-0.884969487,-0.736637418,-0.784785449,-0.750990991
0.767029126,-0.542416878,-0.441527986,0.173684235,-0.381012963,-0.522802646
0.767029126,-0.471151006,1.110517266,1.084005888,1.215474218,0.5351615
0.767029126,-0.542416878,-0.441527986,-0.736637418,-0.367914921,-0.21163672
0.873643725,-0.542416878,-0.884969487,0.173684235,-0.624275185,-0.439825066
0.873643725,-0.542416878,-1.106690237,-0.736637418,-0.857066007,-0.958434941
0.873643725,2.308217996,0.445355015,0.173684235,0.656526155,0.389950735
0.873643725,-0.471151006,-0.884969487,-0.736637418,-0.618151012,-0.522802646
0.873643725,-0.542416878,1.332238016,1.084005888,1.537922468,1.053771376
0.873643725,0.241507712,-0.219807236,0.173684235,-0.027096561,0.1202736
0.873643725,-0.542416878,-1.106690237,-0.736637418,-0.867751277,-0.688757806
0.873643725,-0.399885134,1.332238016,1.084005888,1.540292369,1.530892461
0.053098888,-0.542416878,0.445355015,-0.736637418,0.319696648,0.223995575
0.053098888,-0.542416878,1.332238016,1.084005888,1.134798332,0.991538191
0.053098888,-0.542416878,-2.43701474,-0.736637418,-2.7361105,-1.954165902
0.053098888,-0.471151006,0.667075765,0.173684235,0.583114596,0.431439525
0.053098888,-0.471151006,-1.771852488,-0.736637418,-1.914244962,-1.642999977
0.053098888,-0.114821647,1.110517266,-0.736637418,0.911053599,0.472928315
0.053098888,-0.542416878,-1.328410988,0.173684235,-1.502625789,-1.373322842
0.053098888,-0.186087519,1.332238016,1.994327541,1.134798332,2.173968707
-1.105146076,-0.542416878,-1.106690237,-0.736637418,-1.273922566,-0.730246596
-1.105146076,-0.471151006,-0.219807236,-0.736637418,-0.344949513,-0.273869906
-1.105146076,-0.399885134,0.445355015,-0.736637418,0.284923157,0.431439525
-1.105146076,-0.542416878,0.223634265,1.084005888,0.031120171,-0.04568156
-1.105146076,3.23467433,-0.884969487,-0.736637418,-0.964741913,-0.688757806
-1.105146076,-0.257353391,0.667075765,1.084005888,0.560451688,1.551636856
-1.105146076,-0.542416878,-0.441527986,-0.736637418,-0.585176142,-0.688757806
-1.105146076,2.45074974,0.667075765,1.084005888,0.560451688,0.597394685
-0.165412787,0.17024184,-1.106690237,-0.736637418,-1.056823192,-0.958434941
-0.165412787,-0.542416878,-0.441527986,0.173684235,-0.463013007,-0.543547041
-0.165412787,-0.186087519,1.110517266,1.994327541,1.025762623,2.111735522
-0.165412787,0.811634687,-1.328410988,-0.736637418,-1.29929063,-1.269600867
-0.165412787,0.17024184,1.110517266,0.173684235,1.025762623,0.970793796
-0.165412787,1.809356893,0.223634265,0.173684235,0.18637908,0.28622876
-0.165412787,0.384039456,0.445355015,0.173684235,0.459117677,0.306973155
-0.165412787,0.740368815,-1.328410988,-0.736637418,-1.308181615,-1.020668126
-0.227162323,2.45074974,-0.884969487,-0.736637418,-0.739310793,-0.792479781
-0.227162323,-0.471151006,-0.884969487,-0.736637418,-0.731803214,-0.875457361
-0.227162323,-0.328619262,1.110517266,1.084005888,0.995239059,1.385681696
-0.227162323,-0.399885134,0.223634265,0.173684235,0.248539386,0.07878481
-0.227162323,-0.471151006,-1.328410988,-0.736637418,-1.244132613,-1.311089657
-0.227162323,-0.542416878,-0.219807236,0.173684235,-0.15553849,-0.336103091
-0.227162323,3.092142586,1.110517266,1.994327541,0.995239059,2.588856607
-0.227162323,-0.471151006,-1.328410988,-0.736637418,-1.230302406,-1.207367681
0.53617805,-0.542416878,-0.884969487,-0.736637418,-0.836611154,-0.896201756
0.53617805,-0.471151006,-0.441527986,-0.736637418,-0.490610802,-0.833968571
0.53617805,-0.471151006,1.332238016,1.084005888,1.356604756,0.721861055
0.53617805,-0.542416878,0.223634265,0.173684235,0.251929501,0.016551625
0.53617805,0.455305328,1.332238016,1.084005888,1.376954119,1.323448511
0.53617805,-0.542416878,-0.441527986,-0.736637418,-0.443574515,-0.813224176
0.53617805,-0.542416878,0.223634265,0.173684235,0.24126109,-0.294614301
0.53617805,-0.471151006,1.332238016,0.173684235,1.369051556,0.45218392
-1.313166732,3.876067177,-4.210780742,-0.736637418,-4.774783288,-2.016399087
-1.313166732,2.664547355,0.667075765,1.084005888,0.457513658,0.763349846
-1.313166732,1.025432303,0.667075765,0.173684235,0.457513658,1.696847621
-1.313166732,-0.542416878,0.445355015,0.173684235,0.238668649,-0.253125511
-1.313166732,-0.114821647,-0.219807236,-0.736637418,-0.335169334,-0.149403535
-1.313166732,-0.471151006,-1.771852488,-0.736637418,-1.817910866,-1.808955137
-1.313166732,-0.542416878,-0.884969487,-0.736637418,-0.948048557,-1.020668126
-1.313166732,3.020876714,-0.219807236,-0.736637418,-0.350196533,-0.315358696
0.01100445,-0.471151006,0.223634265,-0.736637418,0.171715072,0.182506785
0.01100445,-0.542416878,1.110517266,1.084005888,1.110200487,1.095260166
0.01100445,-0.257353391,1.110517266,-0.736637418,1.11316479,0.680372265
0.01100445,-0.542416878,-1.106690237,-0.736637418,-1.087136258,-1.290345262
0.01100445,-0.328619262,-0.884969487,-0.736637418,-0.85204827,-0.771735386
0.01100445,-0.471151006,-0.219807236,0.173684235,-0.234980293,-0.564291436
0.01100445,-0.257353391,0.445355015,0.173684235,0.487220762,-0.066425955
0.01100445,-0.471151006,1.110517266,1.084005888,1.11316479,0.867071821
-0.97208504,-0.542416878,-0.219807236,-0.736637418,-0.227767025,-0.232381115
-0.97208504,-0.542416878,-0.884969487,-0.736637418,-0.868487777,-0.730246596
-0.97208504,-0.471151006,-0.219807236,-0.736637418,-0.22262983,-0.04568156
-0.97208504,-0.542416878,0.223634265,1.084005888,0.144613897,-0.21163672
-0.97208504,-0.471151006,-1.328410988,-0.736637418,-1.351013735,-1.248856472
-0.97208504,-0.328619262,0.667075765,1.084005888,0.626397575,1.012282586
-0.97208504,-0.471151006,0.445355015,-0.736637418,0.38199568,0.223995575
-0.97208504,-0.471151006,0.667075765,1.084005888,0.626397575,1.198982141
-0.376118459,-0.471151006,-0.884969487,-0.736637418,-1.016803162,-0.336103091
-0.376118459,-0.542416878,0.667075765,0.173684235,0.403666312,0.825583031
-0.376118459,-0.399885134,1.332238016,1.084005888,0.921485984,1.530892461
-0.376118459,-0.542416878,1.332238016,1.084005888,0.921485984,1.281959721
-0.376118459,-0.542416878,-0.884969487,-0.736637418,-1.035788387,-0.937690546
-0.376118459,3.23467433,0.223634265,0.173684235,-0.066743283,-0.107914745
-0.376118459,-0.542416878,-0.219807236,0.173684235,-0.417994027,-0.377591881
-0.376118459,-0.471151006,-0.884969487,-0.736637418,-1.043952988,-0.813224176
0.819702139,-0.542416878,0.223634265,-0.736637418,0.423653928,0.16176239
0.819702139,-0.471151006,1.332238016,0.173684235,1.508445129,0.991538191
0.819702139,-0.471151006,-1.328410988,-0.736637418,-1.266360557,-1.082901311
0.819702139,-0.471151006,0.445355015,-0.736637418,0.673045141,0.36920634
0.819702139,-0.186087519,-0.884969487,-0.736637418,-0.679817589,-0.522802646
0.819702139,0.5265712,0.445355015,0.173684235,0.682133617,-0.066425955
0.819702139,0.455305328,1.332238016,2.904649194,1.51358088,1.738336411
0.819702139,-0.399885134,-0.219807236,0.173684235,-0.018413183,-0.460569461
1.486570658,-0.542416878,1.332238016,-0.736637418,1.487844325,1.012282586
1.486570658,-0.471151006,-1.993573239,-0.736637418,-2.16644393,-1.663744372
1.486570658,-0.542416878,-0.884969487,-0.736637418,-0.637607327,-0.771735386
1.486570658,2.308217996,-2.43701474,-0.736637418,-2.47624018,-1.725977557
1.486570658,2.45074974,-0.219807236,-0.736637418,0.006992452,-0.522802646
1.486570658,-0.542416878,0.223634265,-0.736637418,0.439609822,-0.17014793
1.486570658,-0.471151006,1.775679517,1.084005888,1.843750577,2.070246732
1.486570658,1.595559277,1.775679517,1.994327541,1.843750577,1.219726536
-0.125188132,-0.471151006,0.667075765,0.173684235,1.046321038,0.70111666
-0.125188132,-0.471151006,-1.771852488,-0.736637418,-1.498570463,-1.103645706
-0.125188132,-0.542416878,-0.219807236,-0.736637418,0.157635351,-0.336103091
-0.125188132,-0.542416878,-0.884969487,-0.736637418,-0.519179196,-0.854712966
-0.125188132,-0.328619262,-0.441527986,-0.736637418,-0.16182162,-0.398336276
-0.125188132,0.312773584,-1.993573239,-0.736637418,-1.931515862,-1.829699532
-0.125188132,-0.471151006,0.223634265,0.173684235,0.555321718,0.223995575
-0.125188132,-0.399885134,0.667075765,2.904649194,1.046321038,2.422901447
0.653972433,1.096698174,-0.884969487,-0.736637418,-0.624711112,-0.833968571
0.653972433,-0.471151006,-0.884969487,-0.736637418,-0.642096172,-0.792479781
0.653972433,-0.542416878,1.110517266,1.084005888,1.203034161,0.825583031
0.653972433,-0.542416878,-0.219807236,-0.736637418,0.020152632,-0.08717035
0.653972433,-0.542416878,0.445355015,-0.736637418,0.628164404,0.61813908
0.653972433,-0.542416878,1.332238016,1.084005888,1.434684347,1.074515771
0.653972433,-0.471151006,-0.441527986,0.173684235,-0.279030601,-0.481313856
0.653972433,-0.257353391,1.332238016,1.084005888,1.434684347,0.950049401
1.119871382,-0.043555775,1.997400267,1.994327541,1.662209362,2.049502337
1.119871382,0.882900559,-1.993573239,-0.736637418,-2.322573729,-1.705233162
1.119871382,2.023154509,1.775679517,-0.736637418,1.426821283,0.950049401
1.119871382,-0.257353391,-1.771852488,0.173684235,-1.906749426,-1.477044817
1.119871382,-0.542416878,-0.884969487,-0.736637418,-1.052212481,-0.958434941
1.119871382,1.666825149,-0.441527986,-0.736637418,-0.711939873,-0.522802646
1.119871382,1.096698174,0.223634265,0.173684235,-0.042866041,-0.149403535
1.119871382,-0.471151006,1.997400267,1.084005888,1.662209362,2.339923867
1.681475593,2.735813227,0.001913514,0.173684235,0.257316211,-0.439825066
1.681475593,-0.471151006,-0.441527986,-0.736637418,-0.234301596,-0.647269016
1.681475593,-0.471151006,1.775679517,1.084005888,1.936132429,1.489403671
1.681475593,-0.186087519,1.775679517,0.173684235,1.94028072,1.613870041
1.681475593,-0.114821647,-0.884969487,-0.736637418,-0.672843238,-0.999923731
1.681475593,0.954166431,0.001913514,-0.736637418,0.264033823,-0.336103091
1.681475593,-0.542416878,0.223634265,0.173684235,0.479648637,-0.190892325
1.681475593,-0.542416878,0.667075765,-0.736637418,1.0177801,0.141017995
-0.690563039,-0.471151006,-1.328410988,-0.736637418,-1.633736748,-1.269600867
-0.690563039,0.954166431,1.110517266,1.084005888,0.767371082,1.572381251
-0.690563039,-0.328619262,-0.884969487,-0.736637418,-1.114367007,-0.750990991
-0.690563039,0.740368815,0.001913514,-0.736637418,-0.336146677,0.182506785
-0.690563039,0.811634687,-1.106690237,-0.736637418,-1.384586861,-1.103645706
-0.690563039,2.949610843,1.110517266,0.173684235,0.767371082,1.178237746
-0.690563039,1.31049579,0.001913514,-0.736637418,-0.329824531,0.182506785
-0.690563039,-0.471151006,-0.884969487,0.173684235,-1.164755838,-0.730246596
1.246119676,0.17024184,0.223634265,0.173684235,0.352173936,0.20325118
1.246119676,-0.471151006,1.775679517,2.904649194,1.724717928,2.464390237
1.246119676,-0.186087519,-0.219807236,-0.736637418,-0.042843884,-0.522802646
1.246119676,0.312773584,-1.771852488,-0.736637418,-1.666819998,-1.560022397
1.246119676,-0.399885134,-1.771852488,-0.736637418,-1.617816981,-1.207367681
1.246119676,-0.542416878,-0.884969487,-0.736637418,-0.678582061,-0.688757806
1.246119676,-0.542416878,0.445355015,-0.736637418,0.589057654,0.24473997
1.246119676,-0.542416878,1.775679517,-0.736637418,1.717210349,1.157493351
-0.02785435,-0.542416878,1.110517266,1.994327541,1.093925235,1.468659276
-0.02785435,0.027710097,-0.884969487,-0.736637418,-0.769099783,-0.792479781
-0.02785435,1.595559277,1.110517266,1.084005888,1.093925235,0.804838636
-0.02785435,-0.542416878,0.223634265,-0.736637418,0.268727866,-0.08717035
-0.02785435,-0.471151006,0.445355015,-0.736637418,0.518124858,0.16176239
-0.02785435,-0.542416878,-2.43701474,-0.736637418,-2.460958167,-1.954165902
-0.02785435,-0.542416878,0.445355015,0.173684235,0.508443906,0.265484365
-0.02785435,2.807079099,-0.884969487,-0.736637418,-0.779175719,-0.916946151
0.001639969,3.163408458,-0.884969487,-0.736637418,-0.813600468,-0.833968571
0.001639969,-0.542416878,-1.106690237,-0.736637418,-1.031451275,-1.352578447
0.001639969,-0.542416878,0.445355015,0.173684235,0.536323488,0.099529205
0.001639969,-0.114821647,-0.219807236,-0.736637418,-0.152213403,-0.543547041
0.001639969,-0.542416878,1.110517266,-0.736637418,1.102402932,1.033026981
0.001639969,-0.257353391,1.110517266,0.173684235,1.098253677,0.846327426
0.001639969,-0.328619262,0.445355015,0.173684235,0.531186774,0.20325118
0.001639969,-0.399885134,1.110517266,1.084005888,1.108528068,1.095260166
0.27328578,0.17024184,1.110517266,1.994327541,1.244808014,0.929305006
0.27328578,-0.542416878,-0.219807236,-0.736637418,0.080905929,-0.398336276
0.27328578,-0.542416878,1.110517266,0.173684235,1.244808014,1.281959721
0.27328578,1.096698174,-0.219807236,-0.736637418,0.088808492,-0.17014793
0.27328578,-0.471151006,-0.441527986,-0.736637418,-0.196372571,-0.626524621
0.27328578,-0.542416878,-0.441527986,-0.736637418,-0.188029265,-0.605780226
0.27328578,-0.471151006,-0.219807236,-0.736637418,0.089598459,-0.253125511
0.27328578,-0.114821647,0.445355015,1.084005888,0.493736546,0.306973155
0.071936806,-0.542416878,0.223634265,0.173684235,0.335917469,0.058040415
0.071936806,-0.471151006,1.110517266,0.173684235,1.1359197,0.846327426
0.071936806,2.379483868,-0.219807236,-0.736637418,-0.048704092,-0.273869906
0.071936806,-0.542416878,-0.219807236,0.173684235,-0.029540161,-0.17014793
0.071936806,-0.471151006,-1.771852488,-0.736637418,-1.602947775,-1.539278002
0.071936806,3.377206074,1.110517266,1.994327541,1.143235568,2.070246732
0.071936806,-0.542416878,1.110517266,0.173684235,1.122804318,0.991538191
0.071936806,0.384039456,-1.993573239,-0.736637418,-2.015290924,-1.663744372
-0.523492772,3.092142586,0.667075765,1.994327541,0.848508425,0.472928315
-0.523492772,-0.043555775,-0.884969487,-0.736637418,-0.687108409,-0.585035831
-0.523492772,-0.471151006,-1.106690237,-0.736637418,-0.997654646,-1.062156916
-0.523492772,-0.542416878,-0.441527986,0.173684235,-0.337397137,-0.439825066
-0.523492772,-0.471151006,0.667075765,0.173684235,0.848508425,1.717592016
-0.523492772,-0.328619262,-1.328410988,-0.736637418,-1.274549242,-1.124390101
-0.523492772,-0.471151006,0.667075765,-0.736637418,0.804205713,0.45218392
-0.523492772,-0.542416878,-0.219807236,0.173684235,-0.068946039,0.1202736
-1.169549497,-0.542416878,0.667075765,0.173684235,0.518152314,0.57665029
-1.169549497,-0.328619262,0.445355015,1.084005888,0.299878104,0.70111666
-1.169549497,-0.542416878,-0.219807236,-0.736637418,-0.337222285,-0.481313856
-1.169549497,-0.542416878,0.223634265,1.084005888,0.055194904,0.058040415
-1.169549497,-0.542416878,0.223634265,-0.736637418,0.017256246,-0.024937165
-1.169549497,-0.471151006,0.667075765,1.084005888,0.531983485,0.804838636
-1.169549497,-0.542416878,-0.441527986,-0.736637418,-0.559395754,-0.294614301
-1.169549497,0.669102943,-1.106690237,-0.736637418,-1.220591107,-0.999923731
-1.023288104,-0.542416878,-0.219807236,0.173684235,-0.245574525,-0.17014793
-1.023288104,-0.542416878,-0.884969487,-0.736637418,-0.848444767,-0.481313856
-1.023288104,-0.471151006,0.445355015,0.173684235,0.378183125,0.389950735
-1.023288104,1.524293406,-0.441527986,-0.736637418,-0.501855793,-0.522802646
-1.023288104,-0.471151006,0.667075765,1.084005888,0.604999097,0.431439525
-1.023288104,0.027710097,0.445355015,0.173684235,0.343806063,0.306973155
-1.023288104,0.098975969,-2.65873549,-0.736637418,-2.823494845,-2.078632272
-1.023288104,-0.328619262,0.667075765,1.084005888,0.604999097,1.406426091
-0.464412687,-0.542416878,-0.441527986,-0.736637418,-0.283800269,-0.585035831
-0.464412687,-0.186087519,-2.65873549,-0.736637418,-3.016124503,-1.331834052
-0.464412687,-0.542416878,-1.106690237,-0.736637418,-0.908878705,-1.207367681
-0.464412687,-0.471151006,0.445355015,0.173684235,0.624439034,0.1202736
-0.464412687,-0.542416878,-0.219807236,-0.736637418,0.01497353,-0.273869906
-0.464412687,-0.471151006,0.667075765,0.173684235,0.870458917,0.49367271
-0.464412687,-0.542416878,-0.219807236,0.173684235,0.010824275,-0.439825066
-0.464412687,-0.399885134,0.667075765,1.084005888,0.877769004,1.198982141
2.176933068,-0.542416878,0.223634265,-0.736637418,0.535617334,-0.12865914
2.176933068,-0.328619262,0.445355015,1.084005888,0.802146982,-0.232381115
2.176933068,-0.399885134,1.997400267,1.084005888,2.185594449,2.547367817
2.176933068,-0.471151006,1.997400267,1.084005888,2.185594449,1.344192906
2.176933068,-0.542416878,0.223634265,0.173684235,0.56347524,0.016551625
2.176933068,0.882900559,-0.884969487,-0.736637418,-0.561082623,-1.103645706
2.176933068,-0.114821647,-1.771852488,-0.736637418,-1.518195369,-1.622255582
2.176933068,-0.471151006,-0.441527986,-0.736637418,-0.148493813,-0.626524621
1.27927768,3.092142586,1.775679517,1.084005888,1.741530743,2.505879027
1.27927768,-0.471151006,1.775679517,1.084005888,1.741530743,0.70111666
1.27927768,-0.328619262,-0.219807236,-0.736637418,-0.161841851,-0.543547041
1.27927768,-0.471151006,1.110517266,-0.736637418,1.103621601,0.45218392
1.27927768,-0.186087519,-0.219807236,0.173684235,-0.118679775,-0.439825066
1.27927768,-0.542416878,-0.884969487,-0.736637418,-0.792586857,-1.165878891
1.27927768,-0.542416878,-0.219807236,-0.736637418,-0.146930256,-1.041412521
1.27927768,-0.114821647,1.110517266,0.173684235,1.097891448,0.908560611
1.85598608,-0.399885134,1.997400267,0.173684235,2.014043429,1.613870041
1.85598608,-0.542416878,-0.219807236,0.173684235,-0.077722382,-0.564291436
1.85598608,-0.471151006,0.667075765,-0.736637418,0.827280464,0.058040415
1.85598608,-0.471151006,1.110517266,0.173684235,1.166479872,0.763349846
1.85598608,1.880622765,-1.106690237,-0.736637418,-0.995798223,-1.165878891
1.85598608,0.098975969,-2.43701474,-0.736637418,-2.49561509,-1.477044817
1.85598608,-0.399885134,1.997400267,1.994327541,2.026687722,2.381412657
1.85598608,-0.471151006,-0.884969487,-0.736637418,-0.697761888,-1.041412521
-0.876020804,-0.542416878,-0.441527986,-0.736637418,-0.446438146,-0.356847486
-0.876020804,-0.471151006,-0.441527986,-0.736637418,-0.432410929,-0.481313856
-0.876020804,-0.399885134,0.667075765,1.084005888,0.675744516,1.198982141
-0.876020804,-0.542416878,-0.219807236,-0.736637418,-0.198756442,-0.00419277
-0.876020804,-0.542416878,-0.441527986,-0.736637418,-0.432015945,-0.668013411
-0.876020804,1.666825149,0.223634265,1.084005888,0.203743908,0.431439525
-0.876020804,-0.257353391,0.223634265,0.173684235,0.184582386,-0.12865914
-0.876020804,-0.542416878,0.667075765,1.994327541,0.675744516,0.804838636
-4.628789122,-0.399885134,-1.106690237,-0.736637418,-1.190749613,-0.564291436
-4.628789122,-0.542416878,-1.328410988,-0.736637418,-1.365654622,-0.999923731
-4.628789122,3.733535433,-1.106690237,-0.736637418,-1.238917866,-0.17014793
-4.628789122,0.669102943,-0.884969487,-0.736637418,-1.182439062,0.41069513
-4.628789122,-0.542416878,-1.771852488,-0.736637418,-1.83237979,-1.456300422
-4.628789122,-0.542416878,-1.328410988,0.173684235,-1.382251159,-1.207367681
-4.628789122,1.595559277,-1.106690237,-0.736637418,-1.212245874,-0.730246596
-4.628789122,-0.186087519,-0.884969487,0.173684235,-1.182439062,-0.04568156
-1.377310406,-0.471151006,-0.219807236,-0.736637418,-0.227624928,-0.08717035
-1.377310406,-0.542416878,-0.884969487,-0.736637418,-0.84859698,-0.875457361
-1.377310406,-0.542416878,0.223634265,-0.736637418,0.172254562,0.20325118
-1.377310406,-0.471151006,-0.219807236,0.173684235,-0.269713804,-0.398336276
-1.377310406,-0.542416878,-0.884969487,-0.736637418,-0.849387429,-0.647269016
-1.377310406,-0.471151006,0.445355015,2.904649194,0.42575553,1.116004561
-1.377310406,-0.328619262,0.223634265,0.173684235,0.171661605,0.45218392
-1.377310406,-0.471151006,0.445355015,0.173684235,0.42575553,0.991538191
-0.898520461,-0.399885134,0.223634265,-0.736637418,0.195823042,0.41069513
-0.898520461,2.379483868,-1.106690237,-0.736637418,-1.134788623,-0.875457361
-0.898520461,1.809356893,-0.441527986,-0.736637418,-0.449849937,-0.730246596
-0.898520461,-0.399885134,0.223634265,-0.736637418,0.183771706,0.16176239
-0.898520461,-0.471151006,0.667075765,1.084005888,0.665392574,0.970793796
-0.898520461,-0.542416878,0.223634265,0.173684235,0.174091717,0.24473997
-0.898520461,-0.328619262,0.667075765,1.084005888,0.661046309,0.306973155
-0.898520461,-0.542416878,0.445355015,1.084005888,0.43735986,0.41069513
-0.613851349,0.241507712,-1.106690237,0.173684235,-1.090739761,-0.958434941
-0.613851349,-0.471151006,0.667075765,1.084005888,0.803775085,1.302704116
-0.613851349,-0.471151006,0.223634265,0.173684235,0.20397271,-0.398336276
-0.613851349,1.239229918,-1.328410988,-0.736637418,-1.351761796,-1.456300422
-0.613851349,-0.471151006,0.445355015,-0.736637418,0.464231752,0.721861055
-0.613851349,-0.542416878,0.445355015,-0.736637418,0.525914706,0.5351615
-0.613851349,0.312773584,-0.884969487,-0.736637418,-0.815053237,-0.833968571
-0.613851349,-0.471151006,0.667075765,0.173684235,0.803775085,0.597394685
0.303416332,-0.328619262,-1.771852488,-0.736637418,-1.476249554,-1.477044817
0.303416332,2.45074974,0.223634265,-0.736637418,0.469101129,0.03729602
0.303416332,-0.471151006,0.223634265,0.173684235,0.473447876,0.058040415
0.303416332,-0.542416878,-0.219807236,0.173684235,0.079400175,-0.190892325
0.303416332,-0.186087519,1.110517266,1.084005888,1.26110157,1.074515771
0.303416332,-0.542416878,0.667075765,-0.736637418,0.970775122,0.680372265
0.303416332,1.738091021,1.110517266,1.084005888,1.26110157,1.323448511
0.303416332,-0.399885134,-2.43701474,-0.736637418,-2.357874186,-1.767466347
0.639115344,-0.471151006,1.110517266,0.173684235,1.217003094,0.431439525
0.639115344,-0.399885134,1.332238016,3.814970847,1.423882026,1.447914881
0.639115344,-0.542416878,-0.441527986,-0.736637418,-0.326022091,-0.460569461
0.639115344,0.027710097,0.223634265,-0.736637418,0.334617877,-0.232381115
0.639115344,0.384039456,-0.884969487,-0.736637418,-0.779026877,-0.854712966
0.639115344,0.098975969,-0.219807236,-0.736637418,-0.036193708,-0.273869906
0.639115344,-0.257353391,1.332238016,0.173684235,1.420114268,1.136748956
0.639115344,-0.542416878,-0.219807236,-0.736637418,-0.057925996,-0.273869906
0.769675228,-0.471151006,1.332238016,0.173684235,1.488799993,0.638883475
0.769675228,-0.542416878,-1.106690237,-0.736637418,-0.980697806,-1.186623286
0.769675228,-0.399885134,1.332238016,2.904649194,1.488799993,2.360668262
0.769675228,0.027710097,-1.771852488,-0.736637418,-1.519319145,-1.497789212
0.769675228,1.239229918,-2.65873549,-0.736637418,-2.734220359,-1.560022397
0.769675228,-0.542416878,0.667075765,0.173684235,0.952914156,0.680372265
0.769675228,1.738091021,-0.884969487,-0.736637418,-0.533002659,-1.020668126
0.769675228,-0.471151006,-0.441527986,-0.736637418,-0.213048587,-0.771735386
0.416986679,-0.542416878,-0.441527986,-0.736637418,-0.647285871,-0.564291436
0.416986679,0.098975969,0.223634265,0.173684235,-0.054871135,-0.149403535
0.416986679,-0.257353391,-0.441527986,-0.736637418,-0.635628556,-0.315358696
0.416986679,-0.328619262,-1.328410988,-0.736637418,-1.535321281,-1.103645706
0.416986679,-0.542416878,0.223634265,0.173684235,-0.020691564,-0.024937165
0.416986679,-0.328619262,1.775679517,1.084005888,1.316748982,1.344192906
0.416986679,-0.542416878,-0.441527986,-0.736637418,-0.662036101,-0.709502201
0.416986679,0.027710097,1.775679517,1.084005888,1.316748982,1.862802782
-1.254656727,-0.399885134,-1.106690237,-0.736637418,-1.204997443,-0.979179336
-1.254656727,-0.471151006,0.667075765,-0.736637418,0.48819955,1.302704116
-1.254656727,0.384039456,-0.219807236,-0.736637418,-0.383475348,-0.419080671
-1.254656727,-0.542416878,0.445355015,1.994327541,0.370017561,0.721861055
-1.254656727,-0.471151006,-1.993573239,-0.736637418,-2.253646198,-1.601511187
-1.254656727,0.455305328,0.223634265,-0.736637418,0.120584442,0.099529205
-1.254656727,2.949610843,-0.884969487,-0.736637418,-0.953728614,-0.916946151
-1.254656727,2.593281483,0.667075765,1.084005888,0.48819955,0.74260545
0.690780503,0.811634687,1.332238016,-0.736637418,1.44500787,1.116004561
0.690780503,-0.542416878,-0.441527986,0.173684235,-0.225701068,-0.522802646
0.690780503,2.878344971,1.332238016,2.904649194,1.4497496,1.530892461
0.690780503,-0.399885134,-0.884969487,-0.736637418,-0.594306526,-0.647269016
0.690780503,-0.399885134,0.223634265,-0.736637418,0.400473207,-0.08717035
0.690780503,-0.186087519,0.223634265,-0.736637418,0.405411947,-0.066425955
0.690780503,0.241507712,-1.328410988,-0.736637418,-1.166683069,-1.311089657
0.690780503,-0.542416878,0.667075765,0.173684235,0.922285585,0.223995575
0.486205618,-0.471151006,0.223634265,-0.736637418,0.320612818,-0.273869906
0.486205618,-0.471151006,-1.328410988,-0.736637418,-1.259023495,-1.228112076
0.486205618,-0.328619262,0.667075765,1.084005888,0.791826349,0.141017995
0.486205618,-0.471151006,-1.106690237,-0.736637418,-1.045992452,-0.792479781
0.486205618,-0.542416878,1.332238016,1.084005888,1.351616401,0.763349846
0.486205618,2.379483868,-0.441527986,-0.736637418,-0.347139264,-0.564291436
0.486205618,-0.257353391,0.445355015,-0.736637418,0.549054484,0.1202736
0.486205618,-0.471151006,1.332238016,1.084005888,1.351616401,2.008013547
-0.162194659,-0.471151006,0.445355015,0.173684235,0.743965413,0.57665029
-0.162194659,-0.186087519,0.667075765,0.173684235,1.030173915,0.825583031
-0.162194659,-0.542416878,-0.219807236,-0.736637418,0.006915382,-0.377591881
-0.162194659,10.93138849,-1.771852488,-0.736637418,-1.73514542,-1.373322842
-0.162194659,-0.542416878,0.223634265,0.173684235,0.410467256,-0.17014793
-0.162194659,-0.542416878,-1.106690237,-0.736637418,-1.0264056,-1.539278002
-0.162194659,3.305940202,0.667075765,1.994327541,1.030173915,2.153224312
-0.162194659,-0.542416878,-1.106690237,-0.736637418,-1.024627692,-0.750990991
-0.552617414,-0.471151006,-1.106690237,-0.736637418,-0.858246141,-0.854712966
-0.552617414,0.241507712,0.667075765,1.994327541,0.834093449,0.950049401
-0.552617414,-0.471151006,0.223634265,-0.736637418,0.367040252,0.472928315
-0.552617414,-0.186087519,0.667075765,1.084005888,0.834093449,1.468659276
-0.552617414,-0.542416878,-0.219807236,-0.736637418,-0.038050131,-0.149403535
-0.552617414,-0.542416878,0.445355015,1.084005888,0.600885005,0.223995575
-0.552617414,-0.471151006,-0.441527986,-0.736637418,-0.270834691,-0.688757806
-0.552617414,-0.542416878,-1.106690237,-0.736637418,-0.880428806,-1.124390101
-0.695608146,-0.399885134,0.667075765,1.084005888,0.460890287,0.32771755
-0.695608146,-0.471151006,1.110517266,1.994327541,0.763294081,1.551636856
-0.695608146,-0.471151006,-1.106690237,-0.736637418,-1.379519029,-0.958434941
-0.695608146,1.31049579,0.223634265,-0.736637418,-0.013995147,-0.273869906
-0.695608146,-0.471151006,-0.441527986,-0.736637418,-0.714738958,-0.564291436
-0.695608146,-0.399885134,1.110517266,0.173684235,0.763294081,0.825583031
-0.695608146,1.167964046,0.223634265,-0.736637418,-0.030394193,0.1202736
-0.695608146,0.597837072,-0.219807236,-0.736637418,-0.43998209,-0.522802646
-0.729902418,0.312773584,0.223634265,-0.736637418,0.252234409,-0.08717035
-0.729902418,-0.186087519,0.667075765,1.084005888,0.746310267,2.402157052
-0.729902418,-0.471151006,0.667075765,1.994327541,0.746310267,0.1202736
-0.729902418,-0.043555775,-1.328410988,0.173684235,-1.282935418,-1.228112076
-0.729902418,-0.328619262,-1.106690237,-0.736637418,-1.042621604,-0.833968571
-0.729902418,2.735813227,-0.441527986,0.173684235,-0.38316755,-0.419080671
-0.729902418,2.807079099,0.445355015,-0.736637418,0.477067756,0.5351615
-0.729902418,-0.471151006,-1.771852488,-0.736637418,-1.686971388,-1.497789212
1.535400985,-0.043555775,-0.884969487,0.173684235,-0.822950501,-0.813224176
1.535400985,2.735813227,-0.441527986,-0.736637418,-0.479838346,-0.730246596
1.535400985,-0.471151006,-1.106690237,-0.736637418,-1.061686307,-1.020668126
1.535400985,0.098975969,1.997400267,0.173684235,1.867952476,1.925035967
1.535400985,-0.542416878,-1.106690237,-0.736637418,-1.093709363,-1.103645706
1.535400985,-0.542416878,1.997400267,1.994327541,1.862223287,2.090991127
1.535400985,1.524293406,0.223634265,0.173684235,0.171467003,-0.253125511
1.535400985,-0.542416878,1.110517266,0.173684235,1.023873445,0.887816216
-0.682062434,0.811634687,0.667075765,0.173684235,0.556866008,0.16176239
-0.682062434,-0.328619262,-1.771852488,-0.736637418,-1.985853566,-1.435556027
-0.682062434,-0.471151006,0.667075765,1.084005888,0.606851185,0.389950735
-0.682062434,0.17024184,-1.771852488,-0.736637418,-1.988422404,-1.663744372
-0.682062434,-0.542416878,0.223634265,0.173684235,0.071398866,0.32771755
-0.682062434,-0.542416878,1.110517266,0.173684235,0.771680257,0.908560611
-0.682062434,1.453027534,1.110517266,0.173684235,0.771680257,1.779825202
-0.682062434,3.662269561,-0.884969487,-0.736637418,-0.963908112,-0.688757806
-1.574648395,-0.399885134,-0.884969487,-0.736637418,-0.917062092,-0.688757806
-1.574648395,-0.399885134,0.445355015,1.084005888,0.327989859,1.053771376
-1.574648395,0.384039456,0.445355015,1.084005888,0.327989859,1.883547177
-1.574648395,0.5265712,-0.441527986,0.173684235,-0.527475779,-0.647269016
-1.574648395,1.738091021,0.223634265,0.173684235,0.092191864,-0.17014793
-1.574648395,-0.542416878,-0.884969487,-0.736637418,-0.913111292,-0.668013411
-1.574648395,-0.399885134,-0.441527986,-0.736637418,-0.535773325,-0.668013411
-1.574648395,-0.542416878,-0.219807236,-0.736637418,-0.2944287,-0.253125511
1.178972869,-0.542416878,-1.106690237,-0.736637418,-0.949178595,-0.750990991
1.178972869,-0.186087519,1.775679517,2.904649194,1.693250258,1.738336411
1.178972869,-0.471151006,1.110517266,0.173684235,1.106615769,0.929305006
1.178972869,-0.471151006,-1.106690237,-0.736637418,-0.998371878,-0.979179336
1.178972869,0.954166431,-0.219807236,0.173684235,-0.099077991,-0.21163672
1.178972869,-0.542416878,1.775679517,0.173684235,1.693250258,0.970793796
1.178972869,1.880622765,-1.328410988,-0.736637418,-1.232217113,-1.228112076
1.178972869,-0.471151006,-0.219807236,-0.736637418,-0.110338877,-0.439825066
1.126978893,-0.542416878,-0.219807236,-0.736637418,-0.126000459,-0.398336276
1.126978893,-0.542416878,0.667075765,0.173684235,0.741937991,0.1202736
1.126978893,-0.328619262,-0.441527986,-0.736637418,-0.425517501,-0.460569461
1.126978893,-0.542416878,-0.441527986,-0.736637418,-0.404575181,-0.647269016
1.126978893,-0.542416878,1.775679517,1.084005888,1.660985876,1.447914881
1.126978893,1.096698174,-0.441527986,0.173684235,-0.389714163,-0.605780226
1.126978893,1.096698174,1.775679517,1.084005888,1.665727606,1.676103226
1.126978893,-0.542416878,-1.106690237,-0.736637418,-1.054680165,-1.124390101
-0.610820004,-0.542416878,0.667075765,1.084005888,0.504931924,1.116004561
-0.610820004,-0.471151006,1.110517266,-0.736637418,0.805276023,0.929305006
-0.610820004,-0.471151006,-0.884969487,-0.736637418,-0.971628115,-1.290345262
-0.610820004,-0.542416878,0.223634265,-0.736637418,0.01976102,-0.585035831
-0.610820004,1.880622765,-1.328410988,-0.736637418,-1.484803839,-1.539278002
-0.610820004,-0.114821647,-0.441527986,-0.736637418,-0.591862926,-0.896201756
-0.610820004,-0.328619262,1.110517266,1.994327541,0.805276023,0.950049401
-0.610820004,0.241507712,0.445355015,0.173684235,0.26886611,0.223995575
-0.697129655,-0.542416878,1.110517266,1.084005888,0.76530657,0.638883475
-0.697129655,-0.328619262,1.110517266,3.814970847,0.76530657,1.613870041
-0.697129655,-0.542416878,-1.106690237,-0.736637418,-1.247197589,-1.145134496
-0.697129655,-0.471151006,-0.884969487,-0.736637418,-0.985095612,-0.564291436
-0.697129655,-0.471151006,0.667075765,-0.736637418,0.465325664,0.36920634
-0.697129655,-0.471151006,-0.219807236,0.173684235,-0.401664344,-0.398336276
-0.697129655,-0.542416878,0.223634265,0.173684235,-0.013080423,0.1202736
-0.697129655,-0.399885134,0.445355015,-0.736637418,0.221303339,0.16176239
-0.547743526,-0.471151006,0.223634265,0.173684235,-0.02461828,-0.00419277
-0.547743526,-0.542416878,-0.884969487,-0.736637418,-1.109590113,-0.771735386
-0.547743526,-0.471151006,-0.884969487,-0.736637418,-1.076190876,-0.585035831
-0.547743526,-0.257353391,-1.106690237,-0.736637418,-1.338295263,-0.668013411
-0.547743526,-0.471151006,1.110517266,1.084005888,0.836506703,1.240470931
-0.547743526,-0.471151006,-1.106690237,-0.736637418,-1.3614177,-0.792479781
-0.547743526,-0.542416878,1.110517266,1.084005888,0.836506703,1.074515771
-0.547743526,-0.542416878,0.667075765,0.173684235,0.493149851,0.74260545
0.60572386,-0.542416878,0.445355015,-0.736637418,0.614892473,-0.00419277
0.60572386,-0.114821647,1.332238016,1.994327541,1.407668431,2.111735522
0.60572386,-0.542416878,0.445355015,2.904649194,0.604817019,0.5351615
0.60572386,3.020876714,-1.106690237,-0.736637418,-0.871139466,-1.103645706
0.60572386,1.31049579,0.223634265,-0.736637418,0.386668529,-0.00419277
0.60572386,-0.542416878,-1.328410988,-0.736637418,-1.149189148,-1.352578447
0.60572386,-0.399885134,1.332238016,0.173684235,1.407668431,0.65962787
0.60572386,-0.542416878,-0.441527986,-0.736637418,-0.267164715,-0.854712966
-0.486361722,-0.399885134,-0.219807236,-0.736637418,-0.023717524,-0.315358696
-0.486361722,-0.471151006,0.445355015,1.084005888,0.604656617,0.348461945
-0.486361722,-0.471151006,-0.441527986,-0.736637418,-0.335425591,-0.481313856
-0.486361722,1.025432303,0.667075765,1.084005888,0.870258535,0.65962787
-0.486361722,-0.114821647,0.445355015,-0.736637418,0.606435007,0.45218392
-0.486361722,-0.542416878,-0.219807236,-0.736637418,-0.029447195,-0.232381115
-0.486361722,-0.186087519,0.667075765,1.084005888,0.870258535,0.867071821
-0.486361722,-0.471151006,-1.106690237,-0.736637418,-0.935424495,-0.958434941
-0.005012256,-0.043555775,1.332238016,0.173684235,1.105106161,0.70111666
-0.005012256,3.092142586,0.223634265,-0.736637418,0.191213294,-0.149403535
-0.005012256,-0.471151006,0.445355015,0.173684235,0.442756685,0.348461945
-0.005012256,-0.471151006,-0.884969487,-0.736637418,-0.810076925,-0.958434941
-0.005012256,0.5265712,1.332238016,1.084005888,1.105106161,1.219726536
-0.005012256,-0.542416878,1.110517266,0.173684235,1.014720422,0.36920634
-0.005012256,-0.471151006,-0.219807236,0.173684235,-0.227407687,-0.17014793
-0.005012256,-0.542416878,-0.884969487,-0.736637418,-0.870168384,-1.062156916
0.959293795,-0.399885134,-1.106690237,-0.736637418,-1.098246376,-1.103645706
0.959293795,-0.257353391,0.667075765,1.994327541,0.725067855,0.721861055
0.959293795,0.17024184,1.775679517,0.173684235,1.576773442,1.364937301
0.959293795,-0.399885134,-0.219807236,-0.736637418,-0.213031728,-0.190892325
0.959293795,0.455305328,1.775679517,1.084005888,1.582700123,2.070246732
0.959293795,0.027710097,0.445355015,-0.736637418,0.445119361,0.058040415
0.959293795,-0.542416878,-1.771852488,-0.736637418,-1.777086419,-1.684488767
0.959293795,-0.471151006,0.223634265,-0.736637418,0.236047788,-0.481313856
0.933093485,-0.328619262,0.223634265,-0.736637418,0.489489027,-0.024937165
0.933093485,-0.399885134,1.332238016,2.904649194,1.569727319,1.489403671
0.933093485,3.092142586,-1.328410988,-0.736637418,-1.242853251,-1.165878891
0.933093485,-0.471151006,-1.328410988,-0.736637418,-1.278130105,-1.228112076
0.933093485,-0.471151006,0.223634265,0.173684235,0.430965942,-0.024937165
0.933093485,0.098975969,1.110517266,1.084005888,1.300004566,0.825583031
0.933093485,-0.114821647,1.332238016,-0.736637418,1.569727319,0.970793796
0.933093485,-0.471151006,-0.219807236,-0.736637418,-0.04058188,-0.294614301
0.50046928,-0.186087519,1.775679517,-0.736637418,1.352949712,1.178237746
0.50046928,-0.399885134,-0.219807236,-0.736637418,-0.362601428,-0.439825066
0.50046928,-0.328619262,1.775679517,1.994327541,1.355518069,2.132479917
0.50046928,-0.471151006,-0.884969487,-0.736637418,-0.987403857,-0.979179336
0.50046928,-0.542416878,0.445355015,-0.736637418,0.254320597,0.472928315
0.50046928,-0.471151006,0.667075765,1.084005888,0.485441409,0.555905895
0.50046928,-0.542416878,-1.771852488,-0.736637418,-1.874963841,-1.705233162
0.50046928,1.595559277,-0.219807236,0.173684235,-0.354896357,-0.398336276
2.964012486,-0.471151006,-1.106690237,-0.736637418,-0.94512905,-1.311089657
2.964012486,-0.471151006,1.775679517,0.173684235,2.033448686,0.348461945
2.964012486,-0.471151006,-0.884969487,-0.736637418,-0.675697717,-1.041412521
2.964012486,-0.542416878,-0.219807236,0.173684235,-0.055513706,-0.107914745
2.964012486,-0.471151006,2.219121018,1.084005888,2.575313226,1.925035967
2.964012486,-0.471151006,-1.106690237,-0.736637418,-0.952241645,-1.207367681
2.964012486,-0.471151006,0.223634265,0.173684235,0.407366153,-0.12865914
2.964012486,-0.257353391,2.219121018,1.994327541,2.575313226,2.339923867
-0.56631878,-0.542416878,0.445355015,0.173684235,0.247247019,0.472928315
-0.56631878,-0.542416878,-0.441527986,-0.736637418,-0.620558486,-0.502058251
-0.56631878,-0.043555775,-1.993573239,-0.736637418,-2.325094399,-1.705233162
-0.56631878,-0.542416878,0.445355015,-0.736637418,0.246852035,0.638883475
-0.56631878,-0.542416878,-0.219807236,-0.736637418,-0.390183326,-0.336103091
-0.56631878,-0.328619262,1.110517266,1.994327541,0.827308402,0.763349846
-0.56631878,-0.542416878,1.110517266,1.994327541,0.825924996,1.198982141
-0.56631878,0.811634687,-0.884969487,-0.736637418,-1.000824148,-0.626524621
-0.523105584,-0.471151006,-0.884969487,-0.736637418,-0.780043719,-0.896201756
-0.523105584,-0.471151006,0.223634265,0.173684235,0.288529069,-0.00419277
-0.523105584,1.096698174,-0.219807236,0.173684235,-0.092173966,-0.12865914
-0.523105584,-0.471151006,-1.106690237,-0.736637418,-1.105780448,-0.792479781
-0.523105584,-0.471151006,0.223634265,-0.736637418,0.324487029,0.28622876
-0.523105584,-0.471151006,0.667075765,-0.736637418,0.848682796,0.306973155
-0.523105584,-0.471151006,0.667075765,1.084005888,0.848682796,0.784094241
-0.523105584,-0.186087519,0.445355015,1.084005888,0.562001276,0.74260545
0.565794945,3.163408458,-2.65873549,-0.736637418,-2.787845165,-2.078632272
0.565794945,-0.471151006,1.775679517,1.084005888,1.388259321,1.095260166
0.565794945,-0.471151006,-1.771852488,-0.736637418,-1.888481433,-1.435556027
0.565794945,-0.471151006,-1.106690237,-0.736637418,-1.183780079,-1.062156916
0.565794945,-0.114821647,1.775679517,1.084005888,1.39102517,1.759080807
0.565794945,-0.471151006,-0.441527986,-0.736637418,-0.779645364,-0.066425955
0.565794945,-0.471151006,1.332238016,-0.736637418,1.050808437,1.033026981
0.565794945,-0.542416878,0.445355015,0.173684235,0.221391487,0.016551625
-0.148820166,-0.542416878,-1.328410988,-0.736637418,-1.328570959,-1.124390101
-0.148820166,-0.328619262,-1.106690237,-0.736637418,-1.03887793,-0.999923731
-0.148820166,0.17024184,1.110517266,1.994327541,1.035213328,1.095260166
-0.148820166,-0.471151006,-0.219807236,-0.736637418,-0.138078288,-0.107914745
-0.148820166,-0.542416878,-0.441527986,-0.736637418,-0.412725812,-0.543547041
-0.148820166,-0.471151006,1.110517266,1.084005888,1.022765564,1.053771376
-0.148820166,1.595559277,0.667075765,0.173684235,0.729732997,0.74260545
-0.148820166,-0.471151006,0.445355015,0.173684235,0.491026092,0.49367271
-1.033030043,-0.399885134,0.667075765,1.084005888,0.596222272,0.74260545
-1.033030043,-0.542416878,0.445355015,-0.736637418,0.348972641,0.45218392
-1.033030043,-0.542416878,-0.441527986,-0.736637418,-0.552668027,-0.543547041
-1.033030043,-0.542416878,-0.441527986,-0.736637418,-0.574004849,-0.709502201
-1.033030043,-0.471151006,-0.884969487,-0.736637418,-0.970797205,-0.771735386
-1.033030043,-0.542416878,0.667075765,1.994327541,0.596222272,1.344192906
-1.033030043,-0.542416878,0.445355015,0.173684235,0.316607106,0.20325118
-1.033030043,-0.328619262,0.223634265,-0.736637418,0.073991308,0.07878481
-1.249729333,-0.542416878,-0.441527986,-0.736637418,-0.477288293,-0.585035831
-1.249729333,-0.471151006,0.445355015,1.994327541,0.488818519,1.966524757
-1.249729333,-0.542416878,-1.106690237,-0.736637418,-1.08415365,-1.207367681
-1.249729333,-0.471151006,0.445355015,0.173684235,0.488818519,0.5351615
-1.249729333,-0.542416878,-0.884969487,-0.736637418,-0.821376828,-0.688757806
-1.249729333,-0.257353391,-0.219807236,0.173684235,-0.169179876,-0.398336276
-1.249729333,-0.328619262,0.223634265,0.173684235,0.23360467,-0.273869906
-1.249729333,2.522015611,-0.441527986,-0.736637418,-0.451739115,-0.585035831
-1.411981164,-0.542416878,0.223634265,-0.736637418,0.18824899,-0.21163672
-1.411981164,-0.471151006,-1.328410988,-0.736637418,-1.325969847,-1.435556027
-1.411981164,2.379483868,0.445355015,0.173684235,0.40858145,0.32771755
-1.411981164,-0.471151006,-1.771852488,-0.736637418,-1.703167161,-1.539278002
-1.411981164,-0.471151006,0.223634265,1.084005888,0.199708813,0.36920634
-1.411981164,0.455305328,-1.106690237,-0.736637418,-1.060206082,-0.937690546
-1.411981164,-0.399885134,0.445355015,2.904649194,0.40858145,2.111735522
-1.411981164,-0.542416878,-0.219807236,-0.736637418,-0.162811488,-0.294614301
-0.036407488,-0.399885134,0.223634265,-0.736637418,0.304175719,0.182506785
-0.036407488,-0.542416878,0.223634265,-0.736637418,0.318203417,0.223995575
-0.036407488,-0.542416878,-1.106690237,-0.736637418,-0.964197125,-0.543547041
-0.036407488,-0.542416878,1.110517266,1.084005888,1.085539058,0.929305006
-0.036407488,-0.399885134,-0.441527986,0.173684235,-0.357727233,-0.605780226
-0.036407488,-0.399885134,1.110517266,1.994327541,1.089688313,1.033026981
-0.036407488,-0.186087519,0.223634265,-0.736637418,0.303780735,0.223995575
-0.036407488,-0.471151006,-0.884969487,-0.736637418,-0.705736703,-0.979179336
-0.416706954,-0.542416878,1.110517266,1.084005888,0.901955489,1.281959721
-0.416706954,1.666825149,0.445355015,0.173684235,0.380834814,-0.024937165
-0.416706954,-0.186087519,-1.771852488,-0.736637418,-1.741540301,-1.497789212
-0.416706954,-0.043555775,-1.106690237,0.173684235,-1.105296352,-0.916946151
-0.416706954,0.17024184,-0.884969487,-0.736637418,-0.84312453,-1.062156916
-0.416706954,-0.471151006,1.110517266,1.084005888,0.901955489,2.547367817
-0.416706954,-0.471151006,-0.441527986,-0.736637418,-0.494629038,-0.502058251
-0.416706954,0.027710097,0.223634265,0.173684235,0.140728125,-0.377591881
0.737361642,3.092142586,1.332238016,1.084005888,1.47281279,1.676103226
0.737361642,-0.328619262,1.332238016,1.084005888,1.47281279,1.116004561
0.737361642,-0.114821647,-0.219807236,0.173684235,-0.079187193,-0.066425955
0.737361642,-0.471151006,-1.106690237,-0.736637418,-0.975309652,-0.916946151
0.737361642,-0.043555775,0.667075765,-0.736637418,0.877801759,0.099529205
0.737361642,-0.471151006,-1.106690237,-0.736637418,-0.97511216,-1.145134496
0.737361642,-0.114821647,0.223634265,1.084005888,0.345284843,0.36920634
0.737361642,-0.542416878,-1.106690237,-0.736637418,-0.981434306,-1.020668126
-1.19198592,0.17024184,-1.771852488,-0.736637418,-1.805588822,-1.435556027
-1.19198592,-0.542416878,0.445355015,-0.736637418,0.293208661,0.514417105
-1.19198592,-0.471151006,0.223634265,0.173684235,0.043408015,-0.273869906
-1.19198592,-0.471151006,0.667075765,1.994327541,0.517516487,1.676103226
-1.19198592,-0.186087519,0.445355015,0.173684235,0.266142168,0.265484365
-1.19198592,-0.471151006,0.667075765,0.173684235,0.517516487,0.36920634
-1.19198592,-0.399885134,-1.106690237,-0.736637418,-1.190858475,-1.145134496
-1.19198592,2.236952124,-0.219807236,-0.736637418,-0.351655564,-0.543547041
-0.738264881,3.092142586,0.445355015,3.814970847,0.742171609,2.858533743
-0.738264881,-0.471151006,-0.441527986,-0.736637418,-0.240653125,-0.398336276
-0.738264881,-0.471151006,-0.884969487,-0.736637418,-0.595191385,-0.833968571
-0.738264881,-0.471151006,-1.106690237,-0.736637418,-0.840728617,-0.730246596
-0.738264881,-0.399885134,-0.219807236,0.173684235,0.032904823,0.058040415
-0.738264881,-0.471151006,0.445355015,0.173684235,0.742171609,0.32771755
-0.738264881,-0.542416878,-1.106690237,-0.736637418,-0.875302208,-1.165878891
-0.738264881,2.45074974,0.223634265,-0.736637418,0.440828009,-0.253125511
-0.148088596,-0.542416878,1.110517266,0.173684235,1.03432317,0.908560611
-0.148088596,-0.186087519,-1.106690237,-0.736637418,-1.056223009,-1.145134496
-0.148088596,-0.471151006,0.223634265,0.173684235,0.153667211,-0.190892325
-0.148088596,-0.399885134,1.110517266,1.084005888,1.03432317,1.198982141
-0.148088596,-0.114821647,0.445355015,0.173684235,0.436578081,0.306973155
-0.148088596,-0.471151006,0.667075765,0.173684235,0.70767268,0.65962787
-0.148088596,1.880622765,-0.441527986,-0.736637418,-0.471645808,-0.688757806
-0.148088596,-0.186087519,-1.106690237,-0.736637418,-1.085660368,-1.082901311
-1.188168527,-0.542416878,-0.219807236,0.173684235,-0.311623011,-0.253125511
-1.188168527,-0.471151006,0.667075765,1.084005888,0.50476526,0.472928315
-1.188168527,1.524293406,-0.884969487,-0.736637418,-0.910268373,-1.020668126
-1.188168527,0.597837072,0.667075765,1.084005888,0.519384952,1.240470931
-1.188168527,-0.114821647,-1.106690237,-0.736637418,-1.130077721,-0.896201756
-1.188168527,2.308217996,-0.884969487,0.173684235,-0.875891793,-0.750990991
-1.188168527,-0.542416878,0.667075765,-0.736637418,0.51918746,1.198982141
-1.188168527,-0.471151006,-1.106690237,-0.736637418,-1.172357827,-1.062156916
0.307327116,-0.542416878,1.332238016,1.994327541,1.256724959,1.302704116
0.307327116,-0.399885134,-1.106690237,-0.736637418,-1.005968087,-1.103645706
0.307327116,-0.399885134,-0.441527986,-0.736637418,-0.374334849,-0.502058251
0.307327116,-0.542416878,0.445355015,0.173684235,0.498173368,-0.232381115
0.307327116,2.522015611,-0.441527986,-0.736637418,-0.360504161,-0.502058251
0.307327116,0.312773584,1.332238016,1.084005888,1.259886754,2.630345397
0.307327116,-0.542416878,0.223634265,0.173684235,0.266519329,-0.12865914
0.307327116,-0.542416878,-0.884969487,-0.736637418,-0.750732563,-1.041412521
-0.025289965,-0.471151006,-1.106690237,-0.736637418,-1.230987365,-1.103645706
-0.025289965,-0.542416878,-0.884969487,-0.736637418,-1.007910251,-0.958434941
-0.025289965,-0.542416878,1.332238016,0.173684235,1.095194963,0.825583031
-0.025289965,-0.399885134,-0.884969487,-0.736637418,-1.001390131,-0.792479781
-0.025289965,0.17024184,0.445355015,-0.736637418,0.242264927,0.472928315
-0.025289965,-0.399885134,-0.663248737,0.173684235,-0.955239667,-0.377591881
-0.025289965,0.5265712,1.332238016,1.084005888,1.095194963,1.613870041
-0.025289965,-0.399885134,-1.328410988,-0.736637418,-1.593343893,-1.228112076
0.761725246,-0.542416878,-0.884969487,-0.736637418,-0.551297626,-0.875457361
0.761725246,-0.471151006,1.332238016,1.084005888,1.484874241,1.447914881
0.761725246,-0.471151006,1.332238016,1.994327541,1.484874241,1.344192906
0.761725246,0.027710097,-0.441527986,0.173684235,-0.191924189,-0.232381115
0.761725246,0.597837072,-1.328410988,-0.736637418,-1.133148959,-1.352578447
0.761725246,-0.471151006,-0.441527986,0.173684235,-0.206346871,-0.253125511
0.761725246,-0.471151006,0.445355015,-0.736637418,0.721541904,-0.00419277
0.761725246,1.239229918,0.223634265,-0.736637418,0.447150155,0.03729602
1.452428148,0.241507712,1.997400267,1.994327541,1.828843317,2.236201892
1.452428148,-0.257353391,-0.441527986,-0.736637418,-0.576920503,-0.647269016
1.452428148,-0.542416878,-1.106690237,-0.736637418,-1.205282602,-1.269600867
1.452428148,-0.542416878,1.997400267,1.994327541,1.8128407,1.530892461
1.452428148,-0.471151006,1.775679517,-0.736637418,1.594442697,1.406426091
1.452428148,-0.328619262,-2.43701474,-0.736637418,-2.638692125,-1.974910297
1.452428148,-0.471151006,-0.219807236,0.173684235,-0.319811214,-0.377591881
1.452428148,0.098975969,-1.106690237,-0.736637418,-1.218914835,-0.709502201
-0.780684246,-0.399885134,-0.441527986,-0.736637418,-0.420822976,-0.502058251
-0.780684246,-0.114821647,0.667075765,1.084005888,0.723141106,1.178237746
-0.780684246,1.381761662,-1.106690237,-0.736637418,-1.067451623,-0.833968571
-0.780684246,2.949610843,0.667075765,1.084005888,0.723141106,0.929305006
-0.780684246,0.098975969,0.445355015,-0.736637418,0.467934482,0.680372265
-0.780684246,1.666825149,-0.219807236,-0.736637418,-0.163614942,-0.419080671
-0.780684246,-0.257353391,0.223634265,0.173684235,0.257145694,-0.149403535
-0.780684246,-0.399885134,-1.328410988,-0.736637418,-1.336473039,-1.145134496
0.107024909,-0.328619262,-0.219807236,-0.736637418,-0.105541753,-0.750990991
0.107024909,1.809356893,-1.106690237,-0.736637418,-1.020093569,-1.394067237
0.107024909,0.882900559,1.110517266,2.904649194,1.160707331,1.759080807
0.107024909,-0.471151006,0.445355015,-0.736637418,0.5399241,0.57665029
0.107024909,-0.257353391,1.110517266,1.084005888,1.160707331,0.389950735
0.107024909,-0.471151006,-0.219807236,-0.736637418,-0.139522868,-0.08717035
0.107024909,-0.471151006,0.667075765,1.084005888,0.797991947,0.908560611
0.107024909,-0.399885134,-0.884969487,-0.736637418,-0.75227059,-0.626524621
-0.487488261,0.17024184,0.667075765,1.994327541,0.86633182,2.671834187
-0.487488261,-0.542416878,-0.884969487,0.173684235,-0.775348231,-1.103645706
-0.487488261,-0.471151006,0.445355015,-0.736637418,0.627708728,0.348461945
-0.487488261,-0.471151006,-1.106690237,-0.736637418,-1.013223744,-1.373322842
-0.487488261,-0.542416878,0.667075765,0.173684235,0.86633182,0.389950735
-0.487488261,-0.471151006,-0.441527986,0.173684235,-0.40241385,-0.564291436
-0.487488261,-0.542416878,-2.43701474,-0.736637418,-2.626321913,-1.705233162
-0.487488261,-0.471151006,0.223634265,0.173684235,0.364567751,0.016551625
0.213155038,-0.399885134,0.667075765,-0.736637418,0.870399188,0.306973155
0.213155038,2.379483868,-0.884969487,-0.736637418,-0.722346246,-0.730246596
0.213155038,-0.471151006,0.667075765,0.173684235,0.910702931,0.472928315
0.213155038,1.951888637,1.110517266,2.904649194,1.215628358,1.655358831
0.213155038,-0.399885134,0.223634265,-0.736637418,0.359461865,-0.149403535
0.213155038,-0.257353391,1.110517266,1.084005888,1.215628358,0.680372265
0.213155038,-0.542416878,0.223634265,-0.736637418,0.380798687,-0.253125511
0.213155038,-0.542416878,-1.106690237,-0.736637418,-0.991990003,-1.145134496
0.630087463,-0.399885134,1.332238016,1.994327541,1.419647995,2.111735522
0.630087463,-0.542416878,-1.771852488,-0.736637418,-1.533696067,-1.518533607
0.630087463,-0.471151006,1.332238016,1.084005888,1.419647995,1.116004561
0.630087463,0.669102943,-1.106690237,-0.736637418,-0.840206468,-0.937690546
0.630087463,-0.114821647,0.667075765,0.173684235,0.878945284,0.45218392
0.630087463,1.31049579,-1.106690237,-0.736637418,-0.839021035,-0.958434941
0.630087463,-0.542416878,-0.884969487,-0.736637418,-0.557887109,-0.419080671
0.630087463,-0.471151006,0.445355015,0.173684235,0.670327942,0.36920634
0.917886176,-0.471151006,1.775679517,1.994327541,1.565359379,1.593125646
0.917886176,1.31049579,1.775679517,0.173684235,1.565359379,1.302704116
0.917886176,-0.471151006,-1.106690237,-0.736637418,-1.166806381,-1.124390101
0.917886176,-0.399885134,-0.441527986,-0.736637418,-0.578235509,-0.522802646
0.917886176,-0.542416878,1.110517266,-0.736637418,0.948739853,0.472928315
0.917886176,-0.399885134,-0.884969487,0.173684235,-0.950088021,-0.833968571
0.917886176,-0.542416878,-0.219807236,-0.736637418,-0.274062959,-0.08717035
0.917886176,-0.542416878,-0.884969487,-0.736637418,-0.946729697,-0.771735386
1.236260997,-0.399885134,-1.106690237,-0.736637418,-1.007439642,-1.290345262
1.236260997,1.167964046,0.223634265,-0.736637418,0.235333927,0.099529205
1.236260997,-0.399885134,-1.106690237,-0.736637418,-1.069276736,-1.228112076
1.236260997,-0.186087519,1.332238016,1.084005888,1.352316775,0.65962787
1.236260997,-0.471151006,0.445355015,0.173684235,0.517214951,-0.024937165
1.236260997,-0.186087519,-0.441527986,0.173684235,-0.41039011,-0.626524621
1.236260997,-0.043555775,1.775679517,0.173684235,1.719692966,1.178237746
1.236260997,-0.399885134,1.775679517,1.084005888,1.719692966,1.966524757
-1.391315295,0.5265712,-0.441527986,-0.736637418,-0.483581538,-0.377591881
-1.391315295,-0.257353391,0.445355015,0.173684235,0.418822123,0.867071821
-1.391315295,-0.399885134,0.223634265,-0.736637418,0.152806435,-0.398336276
-1.391315295,-0.399885134,0.445355015,1.994327541,0.418822123,1.717592016
-1.391315295,0.882900559,-1.106690237,-0.736637418,-1.093754642,-1.477044817
-1.391315295,-0.542416878,-0.219807236,-0.736637418,-0.207110827,-0.107914745
-1.391315295,0.17024184,0.223634265,0.173684235,0.171574901,-0.024937165
-1.391315295,-0.542416878,-0.441527986,0.173684235,-0.473110619,-0.398336276
-1.318368464,2.949610843,0.667075765,0.173684235,0.449804734,0.36920634
-1.318368464,-0.471151006,-1.328410988,-0.736637418,-1.557742863,-1.124390101
-1.318368464,-0.542416878,-0.884969487,-0.736637418,-1.070295987,-0.605780226
-1.318368464,3.448471945,0.223634265,-0.736637418,-0.100134813,-0.12865914
-1.318368464,1.738091021,0.667075765,1.994327541,0.454743474,1.406426091
-1.318368464,-0.471151006,0.445355015,1.084005888,0.194958413,0.16176239
-1.318368464,-0.257353391,0.223634265,-0.736637418,-0.039321786,-0.273869906
-1.318368464,-0.542416878,-0.441527986,-0.736637418,-0.710952414,-0.605780226
-0.13589512,-0.114821647,-0.884969487,-0.736637418,-0.75159671,-1.082901311
-0.13589512,-0.542416878,-1.106690237,-0.736637418,-1.050901328,-1.041412521
-0.13589512,-0.471151006,1.110517266,1.084005888,0.948778388,0.970793796
-0.13589512,-0.471151006,0.445355015,-0.736637418,0.507521475,-0.00419277
-0.13589512,-0.542416878,-0.884969487,-0.736637418,-0.717220129,-1.145134496
-0.13589512,0.098975969,1.332238016,0.173684235,1.040423258,1.551636856
-0.13589512,-0.043555775,-0.441527986,-0.736637418,-0.38293056,-0.419080671
-0.13589512,0.740368815,1.332238016,1.084005888,1.040423258,0.825583031
0.779514451,-0.471151006,-1.106690237,-0.736637418,-0.916429636,-1.103645706
0.779514451,-0.471151006,1.332238016,0.173684235,1.496452078,0.804838636
0.779514451,3.163408458,-0.441527986,-0.736637418,-0.266727343,-0.439825066
0.779514451,6.299106819,1.332238016,3.814970847,1.496452078,2.256946287
0.779514451,-0.257353391,-0.884969487,-0.736637418,-0.647333077,-0.833968571
0.779514451,-0.542416878,0.223634265,-0.736637418,0.383913759,0.03729602
0.779514451,-0.542416878,0.445355015,0.173684235,0.636283726,0.058040415
0.779514451,-0.399885134,0.223634265,0.173684235,0.399718884,0.058040415
-0.842064105,-0.542416878,-1.106690237,-0.736637418,-0.768067527,-1.269600867
-0.842064105,-0.542416878,-0.441527986,0.173684235,-0.166364413,-0.398336276
-0.842064105,-0.542416878,-0.884969487,-0.736637418,-0.523792798,-0.377591881
-0.842064105,-0.542416878,-1.106690237,-0.736637418,-0.830690735,-1.124390101
-0.842064105,-0.471151006,-0.884969487,-0.736637418,-0.524385273,-1.020668126
-0.842064105,-0.471151006,0.445355015,1.084005888,0.691962929,0.825583031
-0.842064105,-0.186087519,-0.441527986,-0.736637418,-0.146410034,-0.149403535
-0.842064105,-0.328619262,0.445355015,2.904649194,0.691962929,2.962255718
-1.240266597,-0.328619262,-0.441527986,-0.736637418,-0.393023837,-0.315358696
-1.240266597,1.096698174,-0.884969487,-0.736637418,-0.740961535,-0.709502201
-1.240266597,-0.471151006,0.445355015,1.084005888,0.483535854,0.306973155
-1.240266597,-0.328619262,0.445355015,0.173684235,0.496180146,0.825583031
-1.240266597,-0.186087519,0.445355015,-0.736637418,0.470079918,0.74260545
-1.240266597,-0.542416878,-1.771852488,-0.736637418,-1.666099394,-1.290345262
-1.240266597,-0.471151006,0.223634265,1.084005888,0.248388618,0.57665029
-1.240266597,3.947333048,-1.106690237,-0.736637418,-0.995583872,-0.481313856
-0.796064719,-0.471151006,1.332238016,1.084005888,0.713517474,1.323448511
-0.796064719,-0.186087519,-1.106690237,-0.736637418,-1.310082835,-1.082901311
-0.796064719,-0.542416878,0.223634265,-0.736637418,-0.125807303,-0.08717035
-0.796064719,-0.471151006,0.667075765,1.084005888,0.327311162,0.36920634
-0.796064719,0.882900559,-1.993573239,-0.736637418,-2.300931035,-1.912677112
-0.796064719,-0.186087519,1.332238016,1.084005888,0.713517474,1.385681696
-0.796064719,-0.399885134,0.223634265,-0.736637418,-0.132722406,-0.439825066
-0.796064719,-0.471151006,-0.441527986,0.173684235,-0.744333346,-0.605780226
-0.216439769,-0.542416878,-0.219807236,0.173684235,0.048931524,-0.481313856
-0.216439769,-0.471151006,-0.441527986,-0.736637418,-0.18954369,-0.709502201
-0.216439769,-0.471151006,0.445355015,2.904649194,0.735856206,0.597394685
-0.216439769,-0.542416878,-1.771852488,-0.736637418,-1.60815048,-1.497789212
-0.216439769,0.384039456,0.223634265,-0.736637418,0.505455999,-0.17014793
-0.216439769,0.954166431,0.667075765,-0.736637418,1.00054051,1.281959721
-0.216439769,-0.471151006,-0.884969487,-0.736637418,-0.632289981,-0.833968571
-0.216439769,-0.186087519,0.667075765,1.084005888,1.00054051,1.489403671
0.22005047,-0.471151006,-2.43701474,-0.736637418,-2.691471571,-1.456300422
0.22005047,2.023154509,1.110517266,1.994327541,1.218844103,1.842058387
0.22005047,3.377206074,0.223634265,1.084005888,0.422561943,-0.00419277
0.22005047,0.098975969,1.110517266,0.173684235,1.218844103,1.095260166
0.22005047,-0.471151006,-1.106690237,-0.736637418,-0.931955382,-1.560022397
0.22005047,-0.471151006,-0.441527986,-0.736637418,-0.267441685,-0.564291436
0.22005047,-0.471151006,-0.441527986,-0.736637418,-0.277517621,-0.522802646
0.22005047,0.5265712,-0.441527986,-0.736637418,-0.259143657,-0.750990991
1.305958569,-0.257353391,1.775679517,0.173684235,1.75434748,2.194713102
1.305958569,-0.399885134,-0.884969487,-0.736637418,-0.77637856,-0.833968571
1.305958569,0.597837072,-1.106690237,-0.736637418,-1.013944348,-1.103645706
1.305958569,-0.257353391,0.223634265,-0.736637418,0.268147432,0.03729602
1.305958569,-0.399885134,1.775679517,2.904649194,1.75434748,2.008013547
1.305958569,-0.542416878,-1.106690237,-0.736637418,-1.018092639,-1.165878891
1.305958569,-0.542416878,0.223634265,1.084005888,0.265381584,-0.17014793
1.305958569,-0.542416878,-0.219807236,-0.736637418,-0.138167882,-0.336103091
-0.01535735,-0.399885134,1.332238016,0.173684235,1.100703539,1.945780362
-0.01535735,-0.399885134,-0.441527986,-0.736637418,-0.498820681,-0.688757806
-0.01535735,-0.471151006,-0.884969487,-0.736637418,-0.908535744,-0.875457361
-0.01535735,-0.471151006,-0.441527986,0.173684235,-0.529047043,-0.543547041
-0.01535735,-0.399885134,1.332238016,0.173684235,1.100703539,0.680372265
-0.01535735,1.025432303,0.223634265,0.173684235,0.1096617,-0.253125511
-0.01535735,-0.399885134,0.445355015,0.173684235,0.349876769,0.058040415
-0.01535735,-0.542416878,-0.219807236,0.173684235,-0.260623882,-0.543547041
1.669560347,0.811634687,0.223634265,-0.736637418,0.225459819,-0.315358696
1.669560347,-0.399885134,1.997400267,1.994327541,1.937344354,2.070246732
1.669560347,-0.328619262,-1.993573239,-0.736637418,-2.133454609,-1.871188322
1.669560347,-0.114821647,1.110517266,1.084005888,1.04185676,0.223995575
1.669560347,0.455305328,-1.106690237,0.173684235,-1.061168975,-1.269600867
1.669560347,-0.471151006,-0.219807236,-0.736637418,-0.136487274,-0.149403535
1.669560347,-0.471151006,1.997400267,-0.736637418,1.932402242,1.987269152
1.669560347,1.096698174,-0.219807236,-0.736637418,-0.178369989,-0.502058251
-0.211587283,2.807079099,1.110517266,-0.736637418,0.749212433,0.61813908
-0.211587283,0.384039456,1.332238016,0.173684235,0.987344204,0.908560611
-0.211587283,-0.399885134,1.332238016,3.814970847,1.002951837,1.489403671
-0.211587283,0.17024184,-0.441527986,-0.736637418,-0.752809117,-0.377591881
-0.211587283,3.092142586,-3.545618491,-0.736637418,-4.246936572,-1.767466347
-0.211587283,-0.542416878,1.110517266,-0.736637418,0.747236552,0.597394685
-0.211587283,-0.328619262,-1.328410988,-0.736637418,-1.573236336,-1.705233162
-0.211587283,-0.471151006,-0.219807236,-0.736637418,-0.526587066,-0.543547041
-0.471730329,-0.471151006,0.223634265,0.173684235,0.078567819,-0.024937165
-0.471730329,0.597837072,1.110517266,2.904649194,0.874143825,1.593125646
-0.471730329,-0.471151006,-0.884969487,-0.736637418,-0.901641353,-0.688757806
-0.471730329,2.165686252,-1.106690237,-0.736637418,-1.174931964,-1.269600867
-0.471730329,-0.542416878,1.110517266,0.173684235,0.874143825,1.136748956
-0.471730329,-0.257353391,-0.884969487,-0.736637418,-0.893738791,-0.647269016
-0.471730329,-0.542416878,-0.441527986,-0.736637418,-0.548750464,-0.481313856
-0.471730329,-0.257353391,0.223634265,0.173684235,0.09101462,-0.00419277
-0.392886191,-0.542416878,0.667075765,1.994327541,0.905675078,0.41069513
-0.392886191,0.17024184,-0.441527986,-0.736637418,-0.369433199,-0.21163672
-0.392886191,1.666825149,-1.106690237,-0.736637418,-0.963426425,-0.854712966
-0.392886191,-0.399885134,0.667075765,2.904649194,0.913183621,1.385681696
-0.392886191,-0.542416878,0.445355015,-0.736637418,0.620332168,0.45218392
-0.392886191,-0.471151006,-1.106690237,-0.736637418,-0.984960739,-1.186623286
-0.392886191,-0.328619262,0.445355015,-0.736637418,0.704691517,0.597394685
-0.392886191,-0.399885134,-0.219807236,0.173684235,-0.002964025,0.016551625
-0.145812169,0.5265712,1.110517266,0.173684235,1.035522571,1.572381251
-0.145812169,1.738091021,-1.106690237,0.173684235,-1.107051621,-0.875457361
-0.145812169,-0.471151006,-0.441527986,0.173684235,-0.422757914,-0.564291436
-0.145812169,-0.542416878,-0.884969487,-0.736637418,-0.79909638,-0.668013411
-0.145812169,-0.542416878,-0.219807236,0.173684235,-0.193251719,-0.21163672
-0.145812169,-0.471151006,1.110517266,0.173684235,1.035522571,1.074515771
-0.145812169,0.17024184,-1.328410988,-0.736637418,-1.382831111,-1.082901311
-0.145812169,-0.542416878,0.445355015,0.173684235,0.485746317,0.223995575
-0.276364271,-0.542416878,0.445355015,-0.736637418,0.376418223,0.65962787
-0.276364271,-0.542416878,-1.106690237,-0.736637418,-1.148495518,-1.062156916
-0.276364271,-0.257353391,-0.884969487,-0.736637418,-0.886809236,-0.937690546
-0.276364271,-0.542416878,0.667075765,-0.736637418,0.63816038,0.306973155
-0.276364271,-0.043555775,1.110517266,1.084005888,0.970872423,0.825583031
-0.276364271,-0.542416878,-0.884969487,-0.736637418,-0.883449949,-0.771735386
-0.276364271,0.098975969,0.667075765,1.084005888,0.641124202,0.57665029
-0.276364271,-0.471151006,1.110517266,1.994327541,0.970872423,0.846327426
0.239429283,-0.399885134,1.332238016,1.994327541,1.228439315,2.111735522
0.239429283,-0.542416878,-0.441527986,-0.736637418,-0.512778053,-0.522802646
0.239429283,0.669102943,0.667075765,1.084005888,0.68554011,0.887816216
0.239429283,-0.399885134,-1.328410988,-0.736637418,-1.358439909,-1.228112076
0.239429283,-0.542416878,-0.441527986,0.173684235,-0.500091372,-0.460569461
0.239429283,-0.471151006,-1.328410988,-0.736637418,-1.363379613,-1.311089657
0.239429283,-0.328619262,0.223634265,-0.736637418,0.175625891,-0.273869906
0.239429283,-0.471151006,1.332238016,0.173684235,1.228439315,1.427170486
2.240676909,-0.186087519,1.332238016,0.173684235,1.370417622,0.680372265
2.240676909,-0.542416878,0.445355015,-0.736637418,0.554362197,-0.08717035
2.240676909,-0.257353391,2.219121018,1.084005888,2.218351115,1.593125646
2.240676909,-0.542416878,-0.219807236,0.173684235,-0.071617959,-0.377591881
2.240676909,-0.471151006,-1.550131738,-0.736637418,-1.635071503,-1.103645706
2.240676909,1.524293406,-0.884969487,-0.736637418,-0.726579314,-1.041412521
2.240676909,-0.471151006,-1.328410988,-0.736637418,-1.309274564,-1.207367681
2.240676909,-0.399885134,2.219121018,1.994327541,2.218351115,2.505879027
-1.400616541,-0.471151006,-0.884969487,-0.736637418,-0.784194419,-0.626524621
-1.400616541,0.597837072,-0.441527986,0.173684235,-0.417434788,-0.543547041
-1.400616541,1.595559277,0.223634265,0.173684235,0.18398413,-0.066425955
-1.400616541,0.312773584,0.445355015,1.084005888,0.416785067,1.012282586
-1.400616541,-0.542416878,-0.219807236,-0.736637418,-0.173235683,-0.107914745
-1.400616541,-0.471151006,-0.219807236,-0.736637418,-0.189238782,-0.08717035
-1.400616541,-0.542416878,-1.106690237,-0.736637418,-1.028259614,-0.958434941
-1.400616541,1.096698174,0.445355015,1.084005888,0.416785067,0.57665029
0.65218826,-0.471151006,1.775679517,1.994327541,1.433010965,2.070246732
0.65218826,-0.043555775,-1.328410988,-0.736637418,-1.41721588,-1.539278002
0.65218826,-0.471151006,0.223634265,-0.736637418,0.049090962,0.16176239
0.65218826,-0.471151006,-1.106690237,-0.736637418,-1.171957545,-0.875457361
0.65218826,-0.471151006,1.775679517,1.994327541,1.433010965,1.053771376
0.65218826,-0.328619262,0.223634265,-0.736637418,0.044941707,-0.190892325
0.65218826,-0.542416878,-0.219807236,0.173684235,-0.337385095,-0.502058251
0.65218826,2.807079099,0.445355015,0.173684235,0.27260593,0.306973155
-0.141426643,0.027710097,1.110517266,1.994327541,1.037686311,1.178237746
-0.141426643,-0.542416878,0.445355015,-0.736637418,0.449990184,0.472928315
-0.141426643,-0.542416878,-0.884969487,-0.736637418,-0.869138055,-0.750990991
-0.141426643,-0.471151006,-1.106690237,-0.736637418,-1.099064281,-0.896201756
-0.141426643,0.098975969,1.110517266,-0.736637418,1.037686311,0.306973155
-0.141426643,0.811634687,-0.219807236,-0.736637418,-0.202926409,-0.066425955
-0.141426643,-0.257353391,-0.884969487,-0.736637418,-0.817571498,-1.145134496
-0.141426643,-0.542416878,0.667075765,1.994327541,0.710531495,0.970793796
-0.030961575,-0.471151006,0.445355015,0.173684235,0.558766746,0.348461945
-0.030961575,-0.399885134,1.110517266,1.994327541,1.092386725,1.364937301
-0.030961575,-0.257353391,0.445355015,0.173684235,0.579510611,0.182506785
-0.030961575,-0.542416878,-1.106690237,-0.736637418,-0.92921121,-1.248856472
-0.030961575,-0.471151006,-0.441527986,-0.736637418,-0.309142321,-0.356847486
-0.030961575,2.45074974,0.223634265,0.173684235,0.348719274,0.348461945
-0.030961575,-0.542416878,1.110517266,0.173684235,1.088238434,1.240470931
-0.030961575,-0.542416878,-1.106690237,-0.736637418,-0.936915799,-1.062156916
-0.155054073,-0.399885134,0.667075765,-0.736637418,0.721985056,0.680372265
-0.155054073,-0.471151006,1.110517266,2.904649194,1.030940761,1.427170486
-0.155054073,1.666825149,0.223634265,0.173684235,0.216541859,-0.04568156
-0.155054073,-0.399885134,-1.106690237,-0.736637418,-1.1083016,-1.103645706
-0.155054073,1.524293406,-0.219807236,-0.736637418,-0.158493161,-0.460569461
-0.155054073,-0.471151006,-0.441527986,-0.736637418,-0.429022258,-0.854712966
-0.155054073,-0.328619262,1.110517266,1.084005888,1.022445723,0.721861055
-0.155054073,-0.471151006,0.223634265,-0.736637418,0.240251473,-0.190892325
-1.317751689,-0.542416878,-0.884969487,-0.736637418,-0.832427217,-0.460569461
-1.317751689,-0.542416878,-1.993573239,-0.736637418,-2.234931199,-0.647269016
-1.317751689,-0.399885134,0.445355015,1.084005888,0.457215976,1.074515771
-1.317751689,-0.542416878,0.445355015,-0.736637418,0.440027445,-0.066425955
-1.317751689,0.882900559,-0.884969487,-0.736637418,-0.870805175,-0.875457361
-1.317751689,-0.542416878,-1.106690237,-0.736637418,-1.144500403,-1.041412521
-1.317751689,-0.542416878,0.445355015,0.173684235,0.417490739,0.680372265
-1.317751689,-0.542416878,-0.219807236,1.084005888,-0.216435812,-0.107914745
1.286287907,-0.542416878,1.997400267,1.994327541,1.738877609,1.945780362
1.286287907,-0.114821647,1.997400267,1.994327541,1.744607762,2.402157052
1.286287907,-0.542416878,-1.106690237,-0.736637418,-1.191044888,-1.186623286
1.286287907,-0.328619262,-1.106690237,-0.736637418,-1.172473914,-0.833968571
1.286287907,-0.399885134,1.110517266,0.173684235,0.889112741,0.721861055
1.286287907,1.738091021,-0.219807236,-0.736637418,-0.356683899,-0.336103091
1.286287907,-0.471151006,-0.884969487,-0.736637418,-0.939292444,-1.228112076
1.286287907,-0.257353391,-0.884969487,-0.736637418,-0.91538582,-0.522802646
-0.339386271,3.020876714,0.223634265,-0.736637418,0.132152646,0.182506785
-0.339386271,-0.471151006,-1.106690237,-0.736637418,-1.143001874,-1.331834052
-0.339386271,-0.186087519,1.110517266,1.084005888,0.939898964,1.157493351
-0.339386271,-0.542416878,0.667075765,-0.736637418,0.61506588,-0.17014793
-0.339386271,-0.328619262,1.110517266,0.173684235,0.937923082,0.887816216
-0.339386271,-0.399885134,1.110517266,1.994327541,0.942664813,1.530892461
-0.339386271,-0.471151006,-0.219807236,0.173684235,-0.263494739,0.03729602
-0.339386271,-0.471151006,-1.106690237,-0.736637418,-1.150509934,-1.207367681
0.129339728,-0.542416878,0.223634265,-0.736637418,0.406245266,0.1202736
0.129339728,2.664547355,-0.219807236,0.173684235,0.033271868,-0.21163672
0.129339728,-0.471151006,1.110517266,0.173684235,1.172699419,0.65962787
0.129339728,-0.471151006,1.110517266,1.084005888,1.172699419,1.489403671
0.129339728,-0.186087519,-0.884969487,-0.736637418,-0.591267079,-0.916946151
0.129339728,-0.471151006,0.445355015,0.173684235,0.66588823,0.20325118
0.129339728,-0.542416878,0.223634265,0.173684235,0.39607781,0.099529205
0.129339728,-0.399885134,-0.441527986,-0.736637418,-0.205523186,-0.709502201
-0.229573,1.239229918,0.667075765,0.173684235,0.689008259,0.223995575
-0.229573,-0.471151006,0.223634265,-0.736637418,0.169722813,-0.315358696
-0.229573,-0.471151006,0.445355015,-0.736637418,0.456662517,-0.08717035
-0.229573,-0.399885134,-0.441527986,-0.736637418,-0.435921948,-0.481313856
-0.229573,-0.471151006,0.223634265,-0.736637418,0.235632092,0.431439525
-0.229573,-0.542416878,0.445355015,0.173684235,0.467132955,0.016551625
-0.229573,-0.471151006,1.110517266,0.173684235,0.9895012,0.57665029
-0.229573,-0.257353391,1.110517266,2.904649194,0.994045438,1.116004561
-0.195269,-0.471151006,0.223634265,0.173684235,0.009569479,-0.107914745
-0.195269,-0.542416878,-0.663248737,-0.736637418,-0.925105307,-0.999923731
-0.195269,-0.471151006,0.667075765,0.173684235,0.461532376,0.472928315
-0.195269,0.312773584,1.332238016,0.173684235,1.011029734,2.153224312
-0.195269,-0.257353391,1.332238016,1.994327541,1.011029734,1.551636856
-0.195269,0.027710097,-0.884969487,-0.736637418,-0.961876355,-1.145134496
-0.195269,3.23467433,-1.328410988,-0.736637418,-1.485605848,-1.435556027
-0.195269,-0.471151006,-0.884969487,-0.736637418,-0.966420593,-0.999923731
-0.739002288,-0.542416878,0.445355015,0.173684235,0.589830281,0.514417105
-0.739002288,-0.471151006,-0.884969487,-0.736637418,-0.76410613,-0.730246596
-0.739002288,-0.542416878,0.667075765,0.173684235,0.745559798,1.053771376
-0.739002288,-0.471151006,0.667075765,0.173684235,0.745559798,1.261215326
-0.739002288,-0.471151006,-1.106690237,-0.736637418,-0.907006387,-0.937690546
-0.739002288,2.522015611,-0.219807236,-0.736637418,-0.059870568,-0.522802646
-0.739002288,-0.114821647,0.223634265,0.173684235,0.269326121,-0.273869906
-0.739002288,-0.114821647,-0.441527986,-0.736637418,-0.334344685,-0.356847486
-0.31448761,2.45074974,-0.219807236,-0.736637418,0.081519599,-0.232381115
-0.31448761,-0.471151006,0.445355015,1.084005888,0.683676462,0.41069513
-0.31448761,-0.542416878,0.445355015,0.173684235,0.70343624,0.1202736
-0.31448761,-0.399885134,0.667075765,1.084005888,0.951980646,1.198982141
-0.31448761,-0.114821647,0.667075765,1.084005888,0.951980646,0.804838636
-0.31448761,2.878344971,-0.441527986,-0.736637418,-0.185546648,-0.481313856
-0.31448761,-0.471151006,-0.884969487,-0.736637418,-0.561655831,-0.605780226
-0.31448761,-0.471151006,-0.219807236,-0.736637418,0.069270772,-0.232381115
-0.853732251,-0.328619262,0.445355015,2.904649194,0.685789624,1.779825202
-0.853732251,2.09442038,-1.106690237,-0.736637418,-0.877546871,-0.647269016
-0.853732251,0.241507712,0.223634265,0.173684235,0.427192885,0.182506785
-0.853732251,-0.328619262,-1.328410988,-0.736637418,-1.153255552,-1.269600867
-0.853732251,-0.542416878,0.445355015,0.173684235,0.685789624,0.431439525
-0.853732251,0.098975969,-0.219807236,-0.736637418,-0.0061711,0.03729602
-0.853732251,0.241507712,-0.219807236,-0.736637418,-0.002614802,-0.398336276
-0.853732251,-0.542416878,-1.106690237,-0.736637418,-0.893749388,-1.207367681
-0.614516766,-0.399885134,0.667075765,1.994327541,0.807591975,1.012282586
-0.614516766,-0.542416878,-0.441527986,-0.736637418,-0.310046449,-0.315358696
-0.614516766,-0.186087519,-0.219807236,0.173684235,-0.022274871,-0.107914745
-0.614516766,-0.542416878,0.223634265,0.173684235,0.360711362,0.28622876
-0.614516766,-0.542416878,0.667075765,1.084005888,0.807591975,0.74260545
-0.614516766,1.595559277,-0.219807236,-0.736637418,-0.062381604,-0.377591881
-0.614516766,3.020876714,-0.441527986,-0.736637418,-0.29350675,-0.605780226
-0.614516766,-0.186087519,0.223634265,-0.736637418,0.371580637,0.348461945
0.32493732,3.092142586,1.332238016,-0.736637418,1.268607222,0.846327426
0.32493732,2.023154509,0.445355015,0.173684235,0.496052981,0.41069513
0.32493732,-0.471151006,-0.219807236,-0.736637418,-0.118827171,-0.00419277
0.32493732,-0.471151006,1.332238016,2.904649194,1.268607222,2.277690682
0.32493732,-0.542416878,-1.106690237,-0.736637418,-1.010528222,-0.979179336
0.32493732,-0.542416878,-1.993573239,-0.736637418,-2.120921104,-1.850443927
0.32493732,-0.471151006,-0.441527986,0.173684235,-0.385941588,-0.709502201
0.32493732,-0.471151006,-0.884969487,0.173684235,-0.756227652,-0.730246596
-0.26112194,-0.471151006,-1.106690237,-0.736637418,-1.031822174,-0.958434941
-0.26112194,-0.542416878,-1.106690237,-0.736637418,-1.043280552,-0.647269016
-0.26112194,3.163408458,-0.884969487,-0.736637418,-0.781274912,-0.419080671
-0.26112194,-0.542416878,0.667075765,-0.736637418,0.682754994,0.70111666
-0.26112194,1.666825149,-0.441527986,0.173684235,-0.365788271,-0.502058251
-0.26112194,-0.471151006,1.110517266,1.084005888,0.978424317,0.763349846
-0.26112194,-0.471151006,0.445355015,1.994327541,0.457997754,0.5351615
-0.26112194,0.5265712,1.110517266,1.084005888,0.978424317,1.759080807
-0.067071151,-0.186087519,0.667075765,0.173684235,0.49867047,0.20325118
-0.067071151,-0.186087519,0.223634265,-0.736637418,0.057507003,0.099529205
-0.067071151,-0.471151006,-0.884969487,-0.736637418,-0.955664515,-1.041412521
-0.067071151,-0.399885134,-1.106690237,-0.736637418,-1.205795599,-1.103645706
-0.067071151,-0.542416878,-0.219807236,-0.736637418,-0.34544806,-0.17014793
-0.067071151,-0.186087519,1.332238016,1.994327541,1.069169396,0.991538191
-0.067071151,-0.471151006,1.332238016,1.084005888,1.074504565,1.198982141
-0.067071151,-0.542416878,0.223634265,-0.736637418,0.043665236,-0.024937165
1.43681614,-0.257353391,0.667075765,0.173684235,0.773928774,0.28622876
1.43681614,0.241507712,-0.219807236,-0.736637418,-0.148475991,-0.439825066
1.43681614,-0.542416878,0.445355015,-0.736637418,0.51732044,0.28622876
1.43681614,-0.471151006,-0.441527986,-0.736637418,-0.394097036,-0.750990991
1.43681614,0.384039456,1.775679517,1.084005888,1.819141171,1.240470931
1.43681614,-0.186087519,-0.441527986,-0.736637418,-0.382426233,-0.543547041
1.43681614,-0.328619262,-1.771852488,-0.736637418,-1.663211196,-1.539278002
1.43681614,-0.471151006,1.775679517,2.904649194,1.819141171,2.111735522
0.838427208,1.167964046,1.775679517,1.084005888,1.51218495,1.136748956
0.838427208,3.23467433,-0.441527986,-0.736637418,-0.480033911,-0.605780226
0.838427208,-0.186087519,-0.441527986,-0.736637418,-0.508877831,-0.502058251
0.838427208,-0.542416878,1.332238016,-0.736637418,1.151038903,0.514417105
0.838427208,-0.328619262,0.223634265,0.173684235,0.147557007,-0.273869906
0.838427208,0.384039456,-0.219807236,0.173684235,-0.213605418,-0.21163672
0.838427208,-0.399885134,1.775679517,1.084005888,1.522853361,1.510148066
0.838427208,-0.542416878,-1.106690237,-0.736637418,-1.244975084,-1.062156916
0.29702288,-0.542416878,-1.771852488,-0.736637418,-1.773788787,-1.725977557
0.29702288,-0.471151006,-0.441527986,-0.736637418,-0.440325533,-0.543547041
0.29702288,-0.399885134,1.332238016,2.904649194,1.255179706,1.696847621
0.29702288,-0.399885134,1.332238016,0.173684235,1.232261022,1.427170486
0.29702288,-0.471151006,-0.884969487,-0.736637418,-0.853502484,-0.668013411
0.29702288,-0.471151006,1.332238016,0.173684235,1.251030451,0.804838636
0.29702288,0.17024184,-0.884969487,-0.736637418,-0.835524467,-1.228112076
0.29702288,-0.471151006,-0.219807236,-0.736637418,-0.197755496,-0.273869906
-0.4466157,1.025432303,1.110517266,1.084005888,0.886551128,1.759080807
-0.4466157,-0.542416878,0.667075765,1.994327541,0.587068285,0.389950735
-0.4466157,-0.471151006,1.110517266,-0.736637418,0.886551128,0.680372265
-0.4466157,-0.471151006,-0.441527986,-0.736637418,-0.543973089,-0.502058251
-0.4466157,0.597837072,-1.328410988,-0.736637418,-1.428562989,-1.207367681
-0.4466157,-0.471151006,-0.219807236,-0.736637418,-0.295143042,-0.481313856
-0.4466157,-0.328619262,0.445355015,-0.736637418,0.34575786,-0.190892325
-0.4466157,-0.542416878,-0.441527986,0.173684235,-0.536663483,-0.336103091
-1.362027216,-0.542416878,0.445355015,1.084005888,0.017927718,0.389950735
-1.362027216,-0.471151006,-0.884969487,-0.736637418,-1.145356362,-1.186623286
-1.362027216,-0.542416878,-0.884969487,-0.736637418,-1.12006874,-0.771735386
-1.362027216,1.381761662,1.110517266,1.084005888,0.433227464,1.862802782
-1.362027216,-0.471151006,1.110517266,1.084005888,0.433227464,0.950049401
-1.362027216,-0.542416878,-1.106690237,-0.736637418,-1.368824606,-1.124390101
-1.362027216,-0.399885134,0.223634265,-0.736637418,-0.175433141,0.16176239
-1.362027216,-0.542416878,-0.219807236,0.173684235,-0.570712998,-0.398336276
0.436268208,0.5265712,1.332238016,1.994327541,1.3243134,1.385681696
0.436268208,-0.399885134,-0.219807236,0.173684235,-0.127628081,-0.315358696
0.436268208,-0.328619262,1.332238016,0.173684235,1.318188263,1.717592016
0.436268208,-0.186087519,0.223634265,-0.736637418,0.253094703,-0.21163672
0.436268208,2.379483868,-1.106690237,-0.736637418,-1.075399464,-0.999923731
0.436268208,-0.471151006,-0.884969487,-0.736637418,-0.834287494,-0.730246596
0.436268208,2.09442038,0.667075765,1.084005888,0.75985676,0.141017995
0.436268208,-0.328619262,-1.328410988,-0.736637418,-1.375891441,-1.311089657
-1.017610657,-0.043555775,-0.219807236,-0.736637418,-0.155766329,-0.273869906
-1.017610657,0.597837072,0.445355015,-0.736637418,0.605240422,0.638883475
-1.017610657,0.17024184,-0.441527986,-0.736637418,-0.431173956,-0.585035831
-1.017610657,3.092142586,0.001913514,0.173684235,0.056507502,-0.00419277
-1.017610657,0.098975969,-1.106690237,-0.736637418,-1.081851666,-1.207367681
-1.017610657,2.308217996,-0.441527986,-0.736637418,-0.42959354,-0.460569461
-1.017610657,-0.542416878,0.223634265,-0.736637418,0.337181899,0.016551625
-1.017610657,1.595559277,0.445355015,1.994327541,0.605240422,1.136748956
-0.360650431,-0.542416878,-0.441527986,-0.736637418,-0.290699477,-0.481313856
-0.360650431,-0.542416878,-0.219807236,-0.736637418,-0.029509333,-0.253125511
-0.360650431,-0.471151006,0.667075765,2.904649194,0.928989709,1.157493351
-0.360650431,-0.043555775,0.223634265,0.173684235,0.423581675,0.1202736
-0.360650431,-0.542416878,-0.219807236,-0.736637418,-0.039387777,-0.253125511
-0.360650431,-0.471151006,-0.441527986,-0.736637418,-0.318294381,-0.564291436
-0.360650431,0.312773584,0.445355015,-0.736637418,0.711919717,0.49367271
-0.360650431,-0.328619262,0.667075765,1.084005888,0.928989709,0.597394685
-0.1126386,-0.471151006,-0.884969487,-0.736637418,-0.783993074,-1.062156916
-0.1126386,-0.471151006,-0.219807236,-0.736637418,-0.078399153,-0.377591881
-0.1126386,-0.471151006,-0.884969487,-0.736637418,-0.775498517,-0.730246596
-0.1126386,1.31049579,0.223634265,0.173684235,0.295017397,0.265484365
-0.1126386,-0.257353391,1.110517266,1.084005888,1.051934622,0.763349846
-0.1126386,-0.542416878,-0.219807236,0.173684235,-0.084918791,-0.398336276
-0.1126386,-0.328619262,0.223634265,0.173684235,0.303512917,-0.12865914
-0.1126386,-0.328619262,1.110517266,1.084005888,1.051934622,2.194713102
1.349572571,-0.542416878,-0.441527986,0.173684235,-0.367437568,-0.668013411
1.349572571,-0.542416878,0.667075765,-0.736637418,0.813896299,0.348461945
1.349572571,-0.471151006,-1.106690237,-0.736637418,-1.049241433,-1.269600867
1.349572571,-0.471151006,0.667075765,-0.736637418,0.79176951,0.265484365
1.349572571,-0.471151006,1.775679517,1.994327541,1.769617932,1.613870041
1.349572571,-0.399885134,-1.771852488,-0.736637418,-1.701746665,-1.394067237
1.349572571,-0.043555775,1.775679517,1.994327541,1.77594056,1.738336411
1.349572571,1.381761662,1.110517266,-0.736637418,1.174590524,0.763349846
-1.037403896,-0.399885134,0.667075765,1.084005888,0.613141058,1.717592016
-1.037403896,-0.471151006,-1.771852488,-0.736637418,-1.914948226,-1.394067237
-1.037403896,-0.471151006,0.667075765,0.173684235,0.613141058,0.5351615
-1.037403896,1.738091021,-0.441527986,-0.736637418,-0.619796938,-0.502058251
-1.037403896,-0.471151006,0.445355015,0.173684235,0.359039907,0.265484365
-1.037403896,-0.471151006,0.223634265,-0.736637418,0.108772024,-0.336103091
-1.037403896,-0.542416878,-0.884969487,-0.736637418,-1.005519637,-0.626524621
-1.037403896,2.45074974,0.223634265,1.994327541,0.121252543,-0.336103091
2.101270091,-0.399885134,1.997400267,1.084005888,2.152286733,2.547367817
2.101270091,1.595559277,-1.771852488,-0.736637418,-1.613647977,-1.684488767
2.101270091,-0.542416878,0.667075765,0.173684235,0.907945753,0.5351615
2.101270091,-0.186087519,-1.106690237,-0.736637418,-0.92187463,-1.124390101
2.101270091,-0.542416878,-1.328410988,0.173684235,-1.184666866,-1.207367681
2.101270091,-0.542416878,0.223634265,0.173684235,0.53097724,-0.294614301
2.101270091,0.17024184,1.332238016,0.173684235,1.540750936,-0.08717035
2.101270091,1.167964046,1.997400267,0.173684235,2.145767576,1.655358831
-0.850537471,-0.471151006,-1.771852488,-0.736637418,-1.864596003,-1.725977557
-0.850537471,-0.399885134,-0.441527986,-0.736637418,-0.635040416,-0.564291436
-0.850537471,2.236952124,-1.328410988,-0.736637418,-1.450676773,-1.269600867
-0.850537471,-0.328619262,-0.219807236,-0.736637418,-0.39415532,-0.08717035
-0.850537471,-0.328619262,1.110517266,0.173684235,0.686716872,1.033026981
-0.850537471,-0.328619262,1.110517266,1.994327541,0.639053428,0.846327426
-0.850537471,-0.471151006,0.445355015,-0.736637418,0.19326769,0.348461945
-0.850537471,-0.471151006,1.110517266,0.173684235,0.686716872,0.929305006
-0.649949251,-0.471151006,1.110517266,1.994327541,0.785900631,1.385681696
-0.649949251,-0.257353391,0.445355015,0.173684235,0.233582031,0.555905895
-0.649949251,0.669102943,-1.993573239,-0.736637418,-2.210916677,-1.808955137
-0.649949251,-0.542416878,-0.884969487,-0.736637418,-0.976644889,-0.626524621
-0.649949251,-0.542416878,-0.884969487,-0.736637418,-0.980398197,-0.668013411
-0.649949251,-0.542416878,-0.219807236,0.173684235,-0.381147354,0.07878481
-0.649949251,-0.542416878,1.110517266,0.173684235,0.785900631,1.074515771
-0.649949251,-0.542416878,-1.106690237,-0.736637418,-1.19940987,-0.709502201
-0.144255638,-0.542416878,0.667075765,0.173684235,0.434744779,0.867071821
-0.144255638,-0.542416878,-1.106690237,-0.736637418,-1.33959052,-1.124390101
-0.144255638,3.092142586,-0.884969487,-0.736637418,-1.07492452,-0.916946151
-0.144255638,-0.328619262,-0.219807236,0.173684235,-0.46851484,-0.356847486
-0.144255638,-0.399885134,0.445355015,-0.736637418,0.218600109,0.03729602
-0.144255638,-0.043555775,1.332238016,1.084005888,1.023636455,0.991538191
-0.144255638,-0.399885134,1.332238016,1.994327541,1.036281711,1.240470931
-0.144255638,-0.471151006,1.110517266,0.173684235,0.811921381,1.012282586
0.371444524,-0.471151006,-1.771852488,-0.736637418,-1.680758584,-1.601511187
0.371444524,-0.328619262,1.332238016,1.084005888,1.284914265,0.70111666
0.371444524,-0.399885134,1.332238016,1.084005888,1.291631877,1.406426091
0.371444524,-0.399885134,1.110517266,1.084005888,1.07812878,0.763349846
0.371444524,-0.471151006,0.667075765,-0.736637418,0.705290255,0.514417105
0.371444524,0.098975969,-0.441527986,-0.736637418,-0.403242834,-0.999923731
0.371444524,-0.542416878,0.445355015,-0.736637418,0.493297729,0.265484365
0.371444524,-0.471151006,-0.441527986,0.173684235,-0.396723195,-0.460569461
0.336196877,-0.542416878,-1.106690237,-0.736637418,-1.383129275,-0.916946151
0.336196877,-0.542416878,-1.106690237,-0.736637418,-1.369695015,-1.082901311
0.336196877,-0.257353391,-0.441527986,-0.736637418,-0.806263888,-0.315358696
0.336196877,3.092142586,1.775679517,0.173684235,1.274182271,1.966524757
0.336196877,-0.399885134,1.775679517,1.084005888,1.267860607,1.779825202
0.336196877,-0.399885134,0.445355015,1.994327541,0.109634726,0.555905895
0.336196877,-0.114821647,-1.328410988,-0.736637418,-1.629675642,-0.771735386
0.336196877,-0.542416878,-0.884969487,0.173684235,-1.141770681,-0.522802646
0.711102962,-0.471151006,0.445355015,1.084005888,0.692845862,0.265484365
0.711102962,-0.399885134,0.223634265,-0.736637418,0.409175852,-0.00419277
0.711102962,-0.399885134,0.223634265,0.173684235,0.433091628,-0.315358696
0.711102962,-0.542416878,-0.884969487,-0.736637418,-0.664977766,-0.916946151
0.711102962,3.23467433,0.223634265,-0.736637418,0.438426316,-0.190892325
0.711102962,-0.471151006,1.332238016,1.994327541,1.460205105,1.261215326
0.711102962,1.453027534,-0.219807236,-0.736637418,0.009601271,-0.377591881
0.711102962,-0.542416878,1.332238016,0.173684235,1.453684986,1.178237746
0.392572488,-0.542416878,1.110517266,0.173684235,1.036827944,1.053771376
0.392572488,-0.542416878,-1.771852488,-0.736637418,-1.751435123,-1.622255582
0.392572488,-0.542416878,1.332238016,0.173684235,1.302095089,0.929305006
0.392572488,-0.542416878,-0.441527986,-0.736637418,-0.414866912,-0.750990991
0.392572488,-0.471151006,-0.219807236,-0.736637418,-0.16163039,-0.460569461
0.392572488,0.455305328,1.332238016,2.904649194,1.302095089,2.132479917
0.392572488,-0.471151006,-2.43701474,-0.736637418,-2.611368893,-1.912677112
0.392572488,-0.471151006,1.110517266,2.904649194,1.070226218,1.468659276
0.127341531,-0.257353391,1.332238016,1.084005888,1.173139681,1.302704116
0.127341531,2.236952124,1.332238016,2.904649194,1.165434611,1.136748956
0.127341531,-0.471151006,-1.106690237,-0.736637418,-1.084675317,-0.916946151
0.127341531,-0.471151006,-0.884969487,-0.736637418,-0.819629266,-0.999923731
0.127341531,-0.257353391,0.445355015,-0.736637418,0.387940184,0.016551625
0.127341531,2.522015611,-1.106690237,-0.736637418,-1.05266912,-0.958434941
0.127341531,-0.471151006,-0.219807236,-0.736637418,-0.251681839,-0.398336276
0.127341531,3.448471945,1.332238016,0.173684235,1.165039627,0.908560611
-0.140502453,-0.328619262,0.223634265,-0.736637418,0.292208197,0.07878481
-0.140502453,-0.043555775,-1.993573239,-0.736637418,-2.088389868,-1.560022397
-0.140502453,1.595559277,1.110517266,1.084005888,1.039729629,1.012282586
-0.140502453,2.379483868,1.110517266,1.084005888,1.039729629,2.173968707
-0.140502453,-0.471151006,-0.219807236,-0.736637418,-0.121046787,-0.564291436
-0.140502453,-0.043555775,-1.106690237,0.173684235,-1.157702008,-1.311089657
-0.140502453,0.882900559,-1.328410988,-0.736637418,-1.19964686,-1.186623286
-0.140502453,-0.471151006,0.445355015,0.173684235,0.531947358,0.24473997
-0.352698503,-0.471151006,-0.219807236,0.173684235,-0.008683581,-0.232381115
-0.352698503,-0.399885134,0.445355015,-0.736637418,0.676857696,0.24473997
-0.352698503,4.089864792,0.667075765,1.994327541,0.934587879,1.240470931
-0.352698503,-0.471151006,-0.884969487,0.173684235,-0.647703012,-0.439825066
-0.352698503,-0.542416878,0.667075765,1.084005888,0.934587879,0.804838636
-0.352698503,1.666825149,0.445355015,-0.736637418,0.701158822,0.389950735
-0.352698503,3.020876714,-0.219807236,-0.736637418,-0.012042387,-0.481313856
-0.352698503,-0.328619262,-1.328410988,-0.736637418,-1.189620056,-1.062156916
1.05014268,0.098975969,-0.884969487,-0.736637418,-0.564031513,-0.688757806
1.05014268,-0.471151006,0.667075765,1.084005888,0.972695128,0.57665029
1.05014268,0.241507712,1.332238016,1.084005888,1.627682013,1.385681696
1.05014268,-0.471151006,0.445355015,-0.736637418,0.71481225,0.265484365
1.05014268,-0.186087519,-0.884969487,-0.736637418,-0.583984929,-1.041412521
1.05014268,-0.471151006,0.445355015,-0.736637418,0.687133532,-0.024937165
1.05014268,-0.542416878,1.332238016,1.994327541,1.627682013,0.908560611
1.05014268,-0.542416878,-0.219807236,-0.736637418,0.053156403,-0.564291436
0.064648349,3.163408458,0.667075765,0.173684235,0.828400868,0.70111666
0.064648349,-0.043555775,1.110517266,0.173684235,1.139726957,0.846327426
0.064648349,0.098975969,1.110517266,2.904649194,1.139726957,1.842058387
0.064648349,-0.542416878,-1.771852488,-0.736637418,-1.829896692,-1.580766792
0.064648349,-0.471151006,-1.328410988,0.173684235,-1.37911682,-1.248856472
0.064648349,0.17024184,0.223634265,-0.736637418,0.253387087,-0.149403535
0.064648349,-0.043555775,0.223634265,-0.736637418,0.291714949,0.16176239
0.064648349,1.167964046,0.223634265,-0.736637418,0.264450964,0.016551625
0.32763401,3.020876714,-1.328410988,-0.736637418,-1.255830872,-1.269600867
0.32763401,-0.542416878,0.667075765,0.173684235,0.684238591,0.306973155
0.32763401,-0.542416878,1.332238016,1.084005888,1.269939569,1.530892461
0.32763401,-0.471151006,-0.441527986,-0.736637418,-0.447258459,-0.647269016
0.32763401,-0.471151006,0.667075765,-0.736637418,0.727111173,0.514417105
0.32763401,-0.186087519,1.332238016,1.084005888,1.269939569,1.779825202
0.32763401,-0.471151006,0.445355015,1.084005888,0.464161907,0.07878481
0.32763401,-0.471151006,-1.993573239,-0.736637418,-2.033261234,-1.850443927
1.112577089,-0.114821647,-0.219807236,-0.736637418,-0.181453269,-0.668013411
1.112577089,-0.542416878,-0.441527986,-0.736637418,-0.432863715,-0.979179336
1.112577089,-0.471151006,-0.441527986,-0.736637418,-0.437012488,-0.626524621
1.112577089,-0.186087519,1.775679517,1.084005888,1.659191109,2.464390237
1.112577089,-0.471151006,-0.441527986,-0.736637418,-0.471535983,-0.668013411
1.112577089,-0.542416878,-1.328410988,-0.736637418,-1.388808851,-1.497789212
1.112577089,-0.471151006,1.775679517,1.994327541,1.659191109,1.344192906
1.112577089,-0.186087519,0.667075765,0.173684235,0.709711181,0.431439525
1.106232279,-0.399885134,-1.328410988,-0.736637418,-1.521898581,-1.414811632
1.106232279,-0.542416878,-2.43701474,-0.736637418,-2.747381502,-1.601511187
1.106232279,-0.328619262,-1.106690237,-0.736637418,-1.251356478,-0.896201756
1.106232279,0.811634687,1.553958767,0.173684235,1.406450725,1.116004561
1.106232279,-0.542416878,1.775679517,-0.736637418,1.652147877,0.5351615
1.106232279,-0.328619262,1.775679517,1.994327541,1.655308709,1.821313992
1.106232279,-0.471151006,-0.441527986,-0.736637418,-0.593851813,-0.294614301
1.106232279,-0.542416878,0.223634265,-0.736637418,0.087784425,-0.481313856
2.195858541,-0.186087519,0.445355015,0.173684235,0.975419552,-0.107914745
2.195858541,-0.471151006,1.775679517,1.994327541,2.194973865,1.510148066
2.195858541,-0.471151006,1.775679517,1.994327541,2.189046221,1.427170486
2.195858541,-0.471151006,1.332238016,0.173684235,1.820308781,0.970793796
2.195858541,0.669102943,-1.328410988,-0.736637418,-1.124888021,-1.331834052
2.195858541,-0.471151006,-0.441527986,-0.736637418,0.004952024,-0.439825066
2.195858541,-0.399885134,0.667075765,-0.736637418,1.219688019,0.389950735
2.195858541,-0.471151006,-1.106690237,-0.736637418,-0.789794516,-1.186623286
1.574563308,-0.542416878,-0.884969487,-0.736637418,-0.800469189,-0.792479781
1.574563308,-0.471151006,0.445355015,-0.736637418,0.460266501,-0.149403535
1.574563308,-0.471151006,1.997400267,1.994327541,1.887192032,2.713322977
1.574563308,-0.471151006,1.997400267,1.994327541,1.887192032,1.779825202
1.574563308,-0.328619262,0.223634265,1.084005888,0.225789774,0.058040415
1.574563308,-0.328619262,-0.884969487,-0.736637418,-0.758877896,-1.082901311
1.574563308,-0.542416878,-1.106690237,-0.736637418,-1.076511198,-1.020668126
1.574563308,-0.257353391,-0.441527986,-0.736637418,-0.411219576,-0.647269016
1.313575843,-0.471151006,-1.328410988,-0.736637418,-1.251465821,-1.290345262
1.313575843,-0.542416878,-0.441527986,-0.736637418,-0.381144463,-0.398336276
1.313575843,-0.542416878,-1.771852488,-0.736637418,-1.733092951,-1.477044817
1.313575843,-0.186087519,1.775679517,2.904649194,1.758118128,2.796300558
1.313575843,-0.542416878,-0.441527986,0.173684235,-0.294017821,-0.273869906
1.313575843,-0.542416878,1.775679517,1.084005888,1.751400517,1.116004561
1.313575843,-0.471151006,0.223634265,-0.736637418,0.356536578,0.099529205
1.313575843,2.308217996,-0.884969487,-0.736637418,-0.702648606,-0.875457361
1.512006322,-0.471151006,-1.106690237,-0.736637418,-1.02047651,-1.186623286
1.512006322,-0.257353391,1.775679517,1.084005888,1.85834763,1.779825202
1.512006322,-0.471151006,-0.441527986,-0.736637418,-0.346105081,-0.605780226
1.512006322,-0.542416878,0.223634265,-0.736637418,0.380563142,0.1202736
1.512006322,-0.328619262,0.445355015,1.084005888,0.655005468,0.32771755
1.512006322,-0.328619262,1.775679517,1.084005888,1.854593359,1.717592016
1.512006322,-0.471151006,-1.106690237,-0.736637418,-1.014352337,-1.124390101
1.512006322,-0.471151006,-0.219807236,0.173684235,-0.092781855,-0.21163672
1.952810098,0.027710097,2.219121018,1.994327541,2.074514458,1.800569597
1.952810098,-0.542416878,-1.328410988,-0.736637418,-1.254610276,-1.456300422
1.952810098,1.31049579,-0.884969487,-0.736637418,-0.767990938,-0.999923731
1.952810098,-0.114821647,0.223634265,-0.736637418,0.214854027,-0.21163672
1.952810098,-0.399885134,-0.441527986,0.173684235,-0.390550854,-0.605780226
1.952810098,0.098975969,-1.106690237,-0.736637418,-1.01419338,-1.331834052
1.952810098,0.17024184,1.775679517,1.994327541,1.630363085,1.904291572
1.952810098,-0.542416878,2.219121018,0.173684235,2.067995302,1.925035967
0.290279209,-0.471151006,0.667075765,0.173684235,0.713146575,0.28622876
0.290279209,-0.471151006,0.445355015,-0.736637418,0.470630005,0.16176239
0.290279209,-0.471151006,1.332238016,1.994327541,1.251367632,1.219726536
0.290279209,-0.114821647,-0.884969487,-0.736637418,-0.845441928,-0.999923731
0.290279209,-0.471151006,-0.884969487,-0.736637418,-0.836638128,-0.792479781
0.290279209,-0.257353391,-0.219807236,0.173684235,-0.204363764,-0.398336276
0.290279209,-0.399885134,1.332238016,1.084005888,1.251367632,1.800569597
0.290279209,0.455305328,-1.328410988,-0.736637418,-1.353416392,-1.165878891
-1.369754421,3.305940202,0.445355015,1.084005888,0.429485235,2.215457497
-1.369754421,1.025432303,-0.441527986,1.084005888,-0.400530934,-0.585035831
-1.369754421,-0.542416878,-0.219807236,0.173684235,-0.165646699,-0.294614301
-1.369754421,-0.471151006,-0.884969487,-0.736637418,-0.740198542,-0.792479781
-1.369754421,-0.542416878,-0.219807236,-0.736637418,-0.171969327,-0.232381115
-1.369754421,-0.257353391,-0.441527986,-0.736637418,-0.383342403,-0.356847486
-1.369754421,2.949610843,0.445355015,1.084005888,0.429485235,0.472928315
-1.369754421,-0.471151006,-1.106690237,-0.736637418,-1.030363143,-0.833968571
-0.924018387,2.379483868,0.223634265,0.173684235,0.146724169,0.16176239
-0.924018387,0.384039456,-1.771852488,-0.736637418,-1.767920872,-1.373322842
-0.924018387,-0.114821647,0.667075765,2.904649194,0.650197265,1.593125646
-0.924018387,-0.542416878,0.445355015,0.173684235,0.392918904,0.597394685
-0.924018387,-0.399885134,-0.219807236,0.173684235,-0.25599583,-0.12865914
-0.924018387,-0.542416878,0.667075765,-0.736637418,0.650197265,0.680372265
-0.924018387,-0.043555775,-0.219807236,-0.736637418,-0.234840604,-0.419080671
-0.924018387,-0.542416878,-1.106690237,-0.736637418,-1.11207851,-0.896201756
-0.746880281,0.811634687,-0.441527986,-0.736637418,-0.603865611,-0.626524621
-0.746880281,0.5265712,0.445355015,-0.736637418,0.251562456,0.32771755
-0.746880281,0.098975969,-1.328410988,-0.736637418,-1.435376456,-1.373322842
-0.746880281,0.098975969,-1.328410988,-0.736637418,-1.486742631,-1.311089657
-0.746880281,-0.542416878,1.110517266,0.173684235,0.739289192,0.70111666
-0.746880281,0.17024184,0.667075765,0.173684235,0.533360147,0.597394685
-0.746880281,2.308217996,0.223634265,-0.736637418,0.015295778,-0.024937165
-0.746880281,-0.542416878,1.110517266,1.994327541,0.739289192,1.676103226
-0.130114553,-0.471151006,-0.441527986,-0.736637418,0.101239879,-0.232381115
-0.130114553,-0.471151006,-0.219807236,0.173684235,0.388080837,-0.253125511
-0.130114553,-0.257353391,-0.441527986,-0.736637418,0.104005727,-0.398336276
-0.130114553,-0.542416878,-0.441527986,-0.736637418,0.141738224,-0.12865914
-0.130114553,-0.471151006,0.445355015,2.904649194,1.04349257,1.033026981
-0.130114553,-0.542416878,0.223634265,-0.736637418,0.781587603,0.182506785
-0.130114553,-0.542416878,0.223634265,-0.736637418,0.788699234,0.1202736
-0.130114553,-0.471151006,0.445355015,1.994327541,1.040530193,0.472928315
-0.404731393,0.811634687,0.667075765,3.814970847,0.907314742,1.302704116
-0.404731393,-0.542416878,-0.219807236,-0.736637418,0.006798332,0.03729602
-0.404731393,-0.542416878,-0.884969487,-0.736637418,-0.656975975,-0.626524621
-0.404731393,-0.542416878,-1.106690237,-0.736637418,-0.930930834,-1.124390101
-0.404731393,-0.542416878,0.445355015,-0.736637418,0.665333326,0.555905895
-0.404731393,2.308217996,0.667075765,-0.736637418,0.907314742,0.804838636
-0.404731393,-0.542416878,0.223634265,1.084005888,0.40358587,-0.17014793
-0.404731393,-0.542416878,-0.441527986,-0.736637418,-0.258446174,-0.21163672
-0.170310023,-0.399885134,0.445355015,-0.736637418,0.28840961,0.182506785
-0.170310023,-0.399885134,1.332238016,2.904649194,1.023390794,2.090991127
-0.170310023,-0.399885134,0.223634265,-0.736637418,0.044248078,0.016551625
-0.170310023,3.092142586,1.332238016,1.084005888,1.023390794,1.302704116
-0.170310023,0.811634687,-2.43701474,-0.736637418,-2.585953142,-1.933421507
-0.170310023,-0.542416878,0.223634265,-0.736637418,0.025613521,-0.605780226
-0.170310023,-0.542416878,-0.441527986,-0.736637418,-0.590274321,-0.668013411
-0.170310023,-0.471151006,0.445355015,1.084005888,0.28169248,0.07878481
1.156342852,-0.542416878,0.667075765,0.173684235,0.889416204,0.431439525
1.156342852,3.020876714,1.553958767,1.994327541,1.683427689,1.572381251
1.156342852,0.312773584,1.553958767,1.084005888,1.679871873,1.759080807
1.156342852,0.17024184,0.223634265,-0.736637418,0.390999862,0.182506785
1.156342852,-0.471151006,-1.328410988,-0.736637418,-1.272199571,-1.269600867
1.156342852,-0.542416878,-1.993573239,-0.736637418,-2.133728207,-1.871188322
1.156342852,-0.542416878,-0.219807236,-0.736637418,-0.106050896,-0.08717035
1.156342852,-0.542416878,-0.441527986,-0.736637418,-0.347326159,-0.750990991
0.367640751,-0.328619262,-1.771852488,-0.736637418,-1.80440917,-1.705233162
0.367640751,4.374928279,0.667075765,1.084005888,0.675722841,0.867071821
0.367640751,-0.542416878,-1.106690237,-0.736637418,-1.121960326,-1.041412521
0.367640751,2.308217996,1.332238016,1.084005888,1.289750406,1.489403671
0.367640751,-0.471151006,-0.441527986,0.173684235,-0.489790006,-0.668013411
0.367640751,-0.471151006,1.332238016,-0.736637418,1.289750406,0.61813908
0.367640751,-0.542416878,-0.884969487,-0.736637418,-0.866180013,-0.958434941
0.367640751,0.597837072,1.110517266,0.173684235,1.020331116,1.136748956
0.680960737,0.384039456,0.223634265,1.084005888,0.450350004,-0.12865914
0.680960737,-0.471151006,-0.219807236,-0.736637418,0.057880793,-0.315358696
0.680960737,-0.471151006,1.553958767,-0.736637418,1.44476799,1.800569597
0.680960737,-0.542416878,-1.993573239,-0.736637418,-1.991191625,-1.622255582
0.680960737,-0.471151006,1.332238016,-0.736637418,1.363974572,0.721861055
0.680960737,-0.399885134,-1.328410988,-0.736637418,-1.165182613,-1.311089657
0.680960737,-0.471151006,-1.771852488,0.173684235,-1.564169054,-1.456300422
0.680960737,0.17024184,1.553958767,1.084005888,1.44476799,1.095260166
-0.354113001,-0.257353391,-0.219807236,0.173684235,0.118025238,-0.419080671
-0.354113001,-0.328619262,0.667075765,1.084005888,0.932373081,1.593125646
-0.354113001,3.092142586,-1.328410988,-0.736637418,-1.074727029,-1.186623286
-0.354113001,-0.542416878,-0.884969487,-0.736637418,-0.576168107,-0.709502201
-0.354113001,-0.471151006,-0.441527986,-0.736637418,-0.178027027,-0.668013411
-0.354113001,-0.471151006,0.445355015,-0.736637418,0.697322183,0.24473997
-0.354113001,-0.471151006,-2.215293989,-0.736637418,-2.328215251,-0.833968571
-0.354113001,-0.043555775,0.667075765,1.994327541,0.932373081,0.70111666
0.495821089,-0.328619262,1.332238016,1.084005888,1.35321753,1.489403671
0.495821089,-0.471151006,0.223634265,0.173684235,0.342002626,-0.253125511
0.495821089,-0.542416878,0.667075765,0.173684235,0.826548299,1.053771376
0.495821089,-0.471151006,0.223634265,-0.736637418,0.348917729,-0.00419277
0.495821089,2.308217996,-1.328410988,-0.736637418,-1.18159659,-1.331834052
0.495821089,-0.542416878,-1.106690237,-0.736637418,-0.952910227,-1.020668126
0.495821089,-0.471151006,-0.884969487,0.173684235,-0.645282534,-0.875457361
0.495821089,-0.114821647,1.332238016,0.173684235,1.34669741,1.116004561
1.740968158,-0.471151006,-0.884969487,-0.736637418,-0.862833249,-0.958434941
1.740968158,-0.542416878,-0.219807236,-0.736637418,-0.216080327,-0.294614301
1.740968158,-0.542416878,-0.219807236,-0.736637418,-0.233073293,-0.460569461
1.740968158,1.951888637,-1.328410988,-0.736637418,-1.379854283,-1.497789212
1.740968158,-0.114821647,0.667075765,1.994327541,0.68526892,0.49367271
1.740968158,-0.471151006,1.997400267,1.994327541,1.970775382,1.842058387
1.740968158,-0.471151006,1.997400267,1.084005888,1.970775382,1.323448511
1.740968158,0.241507712,1.332238016,-0.736637418,1.2449583,1.157493351
1.496569424,-0.471151006,-0.441527986,-0.736637418,-0.320762065,-0.315358696
1.496569424,-0.542416878,1.775679517,1.084005888,1.843629192,2.028757942
1.496569424,-0.542416878,1.775679517,2.904649194,1.848575158,1.738336411
1.496569424,0.241507712,-1.106690237,-0.736637418,-1.002900221,-1.082901311
1.496569424,3.163408458,-0.884969487,-0.736637418,-0.753223368,-0.750990991
1.496569424,-0.257353391,-0.219807236,-0.736637418,-0.037066526,-0.564291436
1.496569424,-0.328619262,0.223634265,-0.736637418,0.36345698,-0.336103091
1.496569424,-0.471151006,0.223634265,0.173684235,0.333180522,-0.149403535
0.054458907,-0.471151006,0.445355015,0.173684235,0.369298402,0.24473997
0.054458907,-0.471151006,1.332238016,1.084005888,1.129938107,1.012282586
0.054458907,-0.471151006,0.667075765,0.173684235,0.583840499,0.638883475
0.054458907,-0.471151006,-0.219807236,-0.736637418,-0.349293851,-0.356847486
0.054458907,-0.471151006,-0.441527986,0.173684235,-0.631109847,-0.875457361
0.054458907,-0.542416878,-0.884969487,-0.736637418,-1.025753877,-0.771735386
0.054458907,-0.257353391,-0.219807236,-0.736637418,-0.352850149,-0.481313856
0.054458907,-0.399885134,1.332238016,1.084005888,1.134679837,1.364937301
-0.762038948,-0.471151006,1.110517266,-0.736637418,0.733164538,1.800569597
-0.762038948,-0.542416878,0.223634265,-0.736637418,-0.026946275,-0.439825066
-0.762038948,-0.471151006,-0.219807236,-0.736637418,-0.363583106,-0.356847486
-0.762038948,-0.542416878,0.445355015,0.173684235,0.231373976,0.223995575
-0.762038948,-0.542416878,-0.441527986,-0.736637418,-0.620544035,-0.336103091
-0.762038948,1.239229918,1.110517266,2.904649194,0.733164538,1.468659276
-0.762038948,1.666825149,-1.328410988,-0.736637418,-1.530550649,-1.622255582
-0.762038948,0.312773584,-1.106690237,-0.736637418,-1.365083822,-1.082901311
-0.251092043,-0.542416878,-1.106690237,-0.736637418,-1.076990959,-1.124390101
-0.251092043,0.882900559,-1.328410988,-0.736637418,-1.326533903,-1.290345262
-0.251092043,-0.471151006,1.110517266,-0.736637418,0.984179518,0.721861055
-0.251092043,-0.471151006,-0.219807236,-0.736637418,-0.220209833,-0.502058251
-0.251092043,-0.399885134,0.223634265,0.173684235,0.199639932,-0.107914745
-0.251092043,-0.542416878,0.445355015,0.173684235,0.467391621,0.182506785
-0.251092043,0.241507712,1.110517266,1.994327541,0.984179518,2.277690682
-0.251092043,-0.542416878,-1.106690237,0.173684235,-1.077188451,-0.979179336
0.588716812,-0.542416878,-1.106690237,-0.736637418,-1.018013643,-1.145134496
0.588716812,1.951888637,-1.328410988,-0.736637418,-1.291309553,-1.082901311
0.588716812,-0.471151006,-0.219807236,-0.736637418,-0.119357509,-0.564291436
0.588716812,3.305940202,-0.219807236,-0.736637418,-0.119357509,-0.107914745
0.588716812,-0.542416878,-0.884969487,-0.736637418,-0.739967332,-0.792479781
0.588716812,-0.399885134,1.332238016,1.084005888,1.399057788,0.846327426
0.588716812,-0.471151006,1.110517266,0.173684235,1.14514883,1.219726536
0.588716812,0.740368815,1.332238016,2.904649194,1.399057788,1.095260166
0.195967043,3.092142586,0.445355015,0.173684235,0.641171889,-0.04568156
0.195967043,0.17024184,-0.441527986,-0.736637418,-0.24883603,-0.564291436
0.195967043,0.882900559,0.223634265,0.173684235,0.383800081,0.223995575
0.195967043,-0.542416878,-0.219807236,-0.736637418,-0.018773486,-0.481313856
0.195967043,-0.471151006,1.110517266,1.084005888,1.204748005,0.887816216
0.195967043,-0.257353391,1.110517266,1.994327541,1.204748005,1.821313992
0.195967043,-0.399885134,-1.328410988,-0.736637418,-1.252539502,-1.228112076
0.195967043,-0.542416878,-0.219807236,-0.736637418,-0.009883464,-0.336103091
-0.300570276,0.241507712,1.110517266,1.994327541,0.959082644,1.945780362
-0.300570276,-0.328619262,0.445355015,-0.736637418,0.385851106,0.36920634
-0.300570276,-0.542416878,0.445355015,-0.736637418,0.341198208,0.638883475
-0.300570276,-0.542416878,-0.219807236,-0.736637418,-0.262214414,-0.17014793
-0.300570276,-0.328619262,-0.884969487,-0.736637418,-0.907233743,-0.502058251
-0.300570276,0.098975969,-1.993573239,-0.736637418,-2.282278657,-1.829699532
-0.300570276,-0.542416878,1.110517266,1.994327541,0.959082644,0.182506785
-0.300570276,-0.542416878,-0.219807236,0.173684235,-0.260436506,-0.08717035
-0.357408955,-0.471151006,-0.219807236,0.173684235,-0.159295652,-0.315358696
-0.357408955,-0.471151006,0.667075765,-0.736637418,0.705628399,0.03729602
-0.357408955,-0.399885134,-0.219807236,-0.736637418,-0.170754512,-0.502058251
-0.357408955,-0.542416878,0.445355015,0.173684235,0.476046097,0.24473997
-0.357408955,-0.471151006,1.110517266,0.173684235,0.930666944,0.970793796
-0.357408955,1.738091021,-1.106690237,-0.736637418,-1.078550181,-1.311089657
-0.357408955,-0.542416878,0.445355015,0.173684235,0.447991181,-0.253125511
-0.357408955,-0.471151006,1.110517266,1.084005888,0.930666944,0.804838636
0.485561603,-0.257353391,0.445355015,0.173684235,0.587996497,0.348461945
0.485561603,1.738091021,1.332238016,0.173684235,1.348136692,1.344192906
0.485561603,-0.542416878,-0.441527986,-0.736637418,-0.280022395,-0.709502201
0.485561603,-0.542416878,-1.328410988,-0.736637418,-1.172905987,-1.394067237
0.485561603,4.161130664,-0.219807236,-0.736637418,-0.013734554,-0.336103091
0.485561603,-0.542416878,0.223634265,1.084005888,0.36086502,-0.08717035
0.485561603,-0.471151006,1.332238016,1.084005888,1.348136692,1.904291572
0.485561603,-0.542416878,-0.219807236,-0.736637418,-0.034479383,-0.833968571
2.638917342,-0.542416878,1.997400267,1.084005888,2.41434295,2.215457497
2.638917342,1.809356893,-1.328410988,-0.736637418,-0.954920308,-1.041412521
2.638917342,3.092142586,0.223634265,-0.736637418,0.729840413,-0.149403535
2.638917342,-0.542416878,1.997400267,1.994327541,2.41434295,1.987269152
2.638917342,1.025432303,-0.884969487,-0.736637418,-0.473288362,-1.145134496
2.638917342,0.098975969,-0.884969487,-0.736637418,-0.477437135,-0.937690546
2.638917342,-0.471151006,-0.441527986,0.173684235,-0.070314513,-0.730246596
2.638917342,-0.399885134,-0.219807236,-0.736637418,0.225992083,-0.273869906
0.139900792,-0.399885134,1.110517266,1.084005888,1.1769874,1.655358831
0.139900792,-0.542416878,-0.884969487,-0.736637418,-0.675085974,-0.792479781
0.139900792,-0.114821647,1.110517266,1.994327541,1.1769874,0.804838636
0.139900792,1.666825149,-0.219807236,0.173684235,0.001806606,-0.253125511
0.139900792,-0.257353391,-0.441527986,-0.736637418,-0.221020513,-0.750990991
0.139900792,-0.399885134,-0.441527986,-0.736637418,-0.322835247,-0.647269016
0.139900792,-0.471151006,0.445355015,-0.736637418,0.631034779,0.182506785
0.139900792,-0.471151006,0.667075765,-0.736637418,0.879273795,0.49367271
-0.952716929,-0.471151006,-1.993573239,-0.736637418,-2.445028767,-1.746721952
-0.952716929,-0.399885134,1.110517266,1.084005888,0.637931579,0.970793796
-0.952716929,0.384039456,0.445355015,0.173684235,0.168623603,0.514417105
-0.952716929,-0.471151006,0.223634265,0.173684235,-0.078525837,-0.190892325
-0.952716929,-0.471151006,0.667075765,-0.736637418,0.403285298,0.348461945
-0.952716929,-0.542416878,-0.219807236,-0.736637418,-0.462644035,-0.481313856
-0.952716929,-0.542416878,-0.884969487,-0.736637418,-1.099877851,-0.792479781
-0.952716929,-0.471151006,1.110517266,0.173684235,0.637931579,1.323448511
-0.261071353,-0.542416878,0.445355015,-0.736637418,0.45599249,0.472928315
-0.261071353,-0.471151006,1.110517266,1.084005888,0.979826028,1.655358831
-0.261071353,-0.542416878,0.667075765,1.084005888,0.672779249,0.5351615
-0.261071353,-0.542416878,0.223634265,-0.736637418,0.215495634,-0.585035831
-0.261071353,-0.471151006,0.667075765,0.173684235,0.694906521,0.49367271
-0.261071353,-0.471151006,-1.771852488,-0.736637418,-1.67682079,-1.746721952
-0.261071353,-0.542416878,1.110517266,0.173684235,0.979826028,0.57665029
-0.261071353,-0.542416878,-0.884969487,0.173684235,-0.773760589,-0.916946151
0.20510388,-0.471151006,0.445355015,1.084005888,0.530215692,-0.12865914
0.20510388,0.669102943,-1.106690237,-0.736637418,-1.1616162,-0.979179336
0.20510388,-0.471151006,-0.219807236,-0.736637418,-0.15949218,-0.024937165
0.20510388,-0.542416878,1.110517266,0.173684235,1.209272012,0.908560611
0.20510388,-0.471151006,-1.106690237,-0.736637418,-1.15111397,-1.041412521
0.20510388,-0.542416878,0.445355015,-0.736637418,0.549799654,0.03729602
0.20510388,0.098975969,1.110517266,1.084005888,1.209272012,1.157493351
0.20510388,-0.114821647,0.667075765,1.994327541,0.814439643,0.887816216
-0.84490672,0.669102943,0.223634265,-0.736637418,0.222300431,0.182506785
-0.84490672,-0.043555775,0.667075765,1.994327541,0.676923687,0.638883475
-0.84490672,-0.542416878,-0.441527986,0.173684235,-0.456394141,-0.190892325
-0.84490672,-0.471151006,0.445355015,-0.736637418,0.427208781,0.182506785
-0.84490672,-0.328619262,-0.441527986,-0.736637418,-0.489619007,-0.750990991
-0.84490672,-0.542416878,-0.884969487,-0.736637418,-0.880698551,-0.647269016
-0.84490672,-0.257353391,-0.219807236,-0.736637418,-0.180087204,-0.08717035
-0.84490672,-0.399885134,0.667075765,1.994327541,0.689370488,1.157493351
-0.691827721,-0.542416878,0.667075765,1.084005888,0.765163028,1.468659276
-0.691827721,2.165686252,0.223634265,-0.736637418,0.413514892,-0.12865914
-0.691827721,-0.471151006,-0.219807236,0.173684235,0.023122716,-0.439825066
-0.691827721,-0.399885134,-0.441527986,-0.736637418,-0.288062238,-0.958434941
-0.691827721,0.312773584,-0.219807236,-0.736637418,-0.028486711,-0.17014793
-0.691827721,-0.542416878,-0.884969487,-0.736637418,-0.693521594,-0.916946151
-0.691827721,0.312773584,0.667075765,1.994327541,0.765163028,0.763349846
-0.691827721,-0.542416878,0.223634265,-0.736637418,0.432875833,0.16176239
-0.492116996,-0.399885134,1.110517266,1.084005888,0.864050549,0.61813908
-0.492116996,-0.542416878,-0.441527986,-0.736637418,-0.640470959,-0.668013411
-0.492116996,-0.542416878,-0.884969487,-0.736637418,-0.97963135,-0.854712966
-0.492116996,1.096698174,1.110517266,2.904649194,0.864050549,1.987269152
-0.492116996,0.098975969,1.110517266,-0.736637418,0.857530429,0.597394685
-0.492116996,-0.542416878,-0.441527986,-0.736637418,-0.604112717,-0.626524621
-0.492116996,-0.399885134,-1.106690237,-0.736637418,-1.221051119,-1.145134496
-0.492116996,-0.471151006,-0.219807236,-0.736637418,-0.377124783,-0.315358696
2.070215349,-0.471151006,-0.441527986,0.173684235,-0.146521303,-0.315358696
2.070215349,-0.257353391,-1.106690237,-0.736637418,-0.795655688,-1.041412521
2.070215349,1.453027534,-1.328410988,-0.736637418,-1.055783711,-1.539278002
2.070215349,2.379483868,-0.884969487,-0.736637418,-0.51693068,-1.020668126
2.070215349,-0.399885134,1.110517266,-0.736637418,1.258196032,0.846327426
2.070215349,-0.471151006,1.997400267,0.173684235,2.114585065,1.385681696
2.070215349,-0.186087519,-0.219807236,-0.736637418,0.083548948,-0.066425955
2.070215349,0.098975969,1.997400267,1.994327541,2.132761055,2.028757942
-0.718448294,-0.542416878,-0.884969487,0.173684235,-0.97107273,-0.543547041
-0.718448294,0.455305328,1.110517266,1.084005888,0.751983099,2.256946287
-0.718448294,2.807079099,0.445355015,-0.736637418,0.254246899,0.32771755
-0.718448294,-0.186087519,1.110517266,1.994327541,0.751983099,0.929305006
-0.718448294,-0.471151006,-0.441527986,-0.736637418,-0.733027181,-0.522802646
-0.718448294,-0.542416878,-1.106690237,-0.736637418,-1.220181673,-1.103645706
-0.718448294,-0.471151006,0.445355015,0.173684235,0.244430593,0.1202736
-0.718448294,-0.542416878,-1.106690237,-0.736637418,-1.18519335,-1.082901311
1.117997708,-0.542416878,-0.884969487,-0.736637418,-0.456580073,-0.730246596
1.117997708,-0.542416878,-1.328410988,-0.736637418,-0.975987386,-1.186623286
1.117997708,6.156575076,1.332238016,1.994327541,1.661279706,1.696847621
1.117997708,-0.399885134,1.332238016,1.994327541,1.661279706,1.842058387
1.117997708,3.163408458,-1.106690237,-0.736637418,-0.748760053,-0.896201756
1.117997708,0.241507712,-1.328410988,-0.736637418,-1.017088321,-1.248856472
1.117997708,-0.399885134,0.445355015,0.173684235,0.816315333,0.514417105
1.117997708,-0.542416878,0.445355015,-0.736637418,0.784217615,0.514417105
-1.582080831,-0.257353391,0.223634265,-0.736637418,0.227076361,0.07878481
-1.582080831,-0.399885134,-1.771852488,-0.736637418,-1.75497697,-1.642999977
-1.582080831,-0.471151006,0.445355015,1.994327541,0.327051051,2.132479917
-1.582080831,-0.328619262,-0.441527986,-0.736637418,-0.400304541,-0.543547041
-1.582080831,1.167964046,-1.328410988,-0.736637418,-1.323839344,-1.165878891
-1.582080831,-0.471151006,0.445355015,1.084005888,0.327051051,0.24473997
-1.582080831,-0.471151006,0.223634265,0.173684235,0.246240774,0.099529205
-1.582080831,0.669102943,-0.219807236,-0.736637418,-0.131101528,-0.336103091
0.797924323,-0.542416878,-0.884969487,-0.736637418,-0.684795828,-0.958434941
0.797924323,0.455305328,-0.441527986,0.173684235,-0.294104043,-0.04568156
0.797924323,-0.471151006,0.223634265,-0.736637418,0.456215993,-0.08717035
0.797924323,-0.471151006,-0.441527986,0.173684235,-0.330653515,-0.605780226
0.797924323,0.312773584,1.332238016,0.173684235,1.502797827,0.763349846
0.797924323,-0.328619262,1.332238016,1.084005888,1.502797827,1.696847621
0.797924323,-0.542416878,0.667075765,1.084005888,0.948346797,0.57665029
0.797924323,1.025432303,-1.328410988,-0.736637418,-1.325294521,-1.456300422
0.957231391,3.020876714,-0.219807236,-0.736637418,-0.392313348,-0.564291436
0.957231391,-0.542416878,0.667075765,1.994327541,0.581380521,0.908560611
0.957231391,-0.114821647,1.775679517,1.994327541,1.581879328,1.987269152
0.957231391,-0.471151006,-1.328410988,-0.736637418,-1.52980307,-1.394067237
0.957231391,-0.471151006,-0.884969487,-0.736637418,-1.011248826,-1.020668126
0.957231391,-0.471151006,1.775679517,-0.736637418,1.574174257,0.61813908
0.957231391,2.949610843,1.332238016,0.173684235,1.174106909,0.970793796
0.957231391,-0.542416878,0.445355015,0.173684235,0.328859305,-0.398336276
0.26817063,-0.399885134,0.667075765,-0.736637418,0.849468909,0.389950735
0.26817063,-0.328619262,-0.441527986,-0.736637418,-0.361688148,-0.460569461
0.26817063,-0.542416878,-0.219807236,-0.736637418,-0.135020536,-0.149403535
0.26817063,-0.471151006,1.110517266,1.084005888,1.240496912,1.385681696
0.26817063,-0.542416878,1.110517266,1.994327541,1.240496912,0.70111666
0.26817063,-0.542416878,-0.884969487,-0.736637418,-0.771840584,-0.875457361
0.26817063,-0.542416878,0.223634265,-0.736637418,0.280235858,-0.12865914
0.26817063,-0.471151006,-0.441527986,0.173684235,-0.378129582,-0.605780226
-0.5358419,-0.471151006,0.445355015,0.173684235,0.267324229,0.57665029
-0.5358419,0.098975969,1.110517266,0.173684235,0.84061935,0.555905895
-0.5358419,3.163408458,0.667075765,0.173684235,0.517746734,0.265484365
-0.5358419,3.163408458,0.445355015,0.173684235,0.296761587,0.016551625
-0.5358419,-0.542416878,-0.441527986,-0.736637418,-0.618399563,-0.875457361
-0.5358419,-0.399885134,1.110517266,0.173684235,0.84536108,0.825583031
-0.5358419,0.241507712,-0.441527986,-0.736637418,-0.617214131,-0.439825066
-0.5358419,-0.471151006,-1.106690237,-0.736637418,-1.282788985,-1.456300422
0.880011883,-0.542416878,-0.441527986,-0.736637418,-0.498663169,-0.419080671
0.880011883,-0.471151006,0.445355015,-0.736637418,0.407049202,0.265484365
0.880011883,-0.542416878,1.775679517,2.904649194,1.543446458,1.613870041
0.880011883,-0.542416878,-1.106690237,-0.736637418,-1.108830974,-1.290345262
0.880011883,-0.471151006,0.223634265,1.084005888,0.181133023,0.03729602
0.880011883,-0.471151006,-0.884969487,-0.736637418,-0.869400093,-0.771735386
0.880011883,-0.542416878,-1.771852488,-0.736637418,-1.787333354,-1.560022397
0.880011883,0.597837072,1.775679517,1.084005888,1.543446458,2.360668262
1.386333945,0.455305328,1.775679517,1.084005888,1.784264117,1.116004561
1.386333945,-0.186087519,0.445355015,-0.736637418,0.53626424,0.16176239
1.386333945,-0.399885134,-0.441527986,-0.736637418,-0.415582218,-0.792479781
1.386333945,2.236952124,1.775679517,0.173684235,1.796121333,1.116004561
1.386333945,-0.471151006,-0.441527986,-0.736637418,-0.428621976,-0.585035831
1.386333945,-0.471151006,1.332238016,-0.736637418,1.39500198,0.36920634
1.386333945,-0.542416878,-1.771852488,-0.736637418,-2.063739519,-1.414811632
1.386333945,-0.542416878,1.110517266,1.084005888,1.157967493,0.784094241
0.233020266,-0.186087519,1.110517266,2.904649194,1.223094512,1.510148066
0.233020266,-0.257353391,1.110517266,1.084005888,1.223094512,0.555905895
0.233020266,-0.328619262,0.223634265,-0.736637418,0.425125002,0.099529205
0.233020266,-0.542416878,0.445355015,-0.736637418,0.678650054,0.28622876
0.233020266,2.735813227,-0.219807236,-0.736637418,-0.060698588,-0.315358696
0.233020266,2.949610843,-0.219807236,-0.736637418,-0.017802886,-0.626524621
0.233020266,-0.542416878,-0.884969487,-0.736637418,-0.715812639,-0.896201756
0.233020266,-0.471151006,0.667075765,0.173684235,0.933358613,0.41069513
-0.785167055,-0.471151006,-0.441527986,0.173684235,-0.72248738,-0.398336276
-0.785167055,-0.043555775,0.445355015,-0.736637418,0.145243462,0.182506785
-0.785167055,-0.257353391,-0.219807236,-0.736637418,-0.46854615,-0.253125511
-0.785167055,1.239229918,1.110517266,1.994327541,0.719993279,1.427170486
-0.785167055,2.949610843,0.445355015,0.173684235,0.136550451,0.099529205
-0.785167055,-0.328619262,-1.106690237,-0.736637418,-1.337456645,-1.103645706
-0.785167055,1.738091021,-0.441527986,-0.736637418,-0.713992343,-0.460569461
-0.785167055,-0.471151006,1.110517266,0.173684235,0.719993279,0.49367271
-1.037585816,0.17024184,-0.441527986,0.173684235,-0.535155802,-0.066425955
-1.037585816,-0.399885134,-1.106690237,-0.736637418,-1.165014504,-0.626524621
-1.037585816,1.666825149,0.223634265,0.173684235,0.112868293,-0.066425955
-1.037585816,0.098975969,0.223634265,0.173684235,0.075113157,0.41069513
-1.037585816,-0.542416878,0.667075765,1.084005888,0.582903617,1.012282586
-1.037585816,-0.471151006,0.667075765,1.084005888,0.595745883,1.012282586
-1.037585816,2.09442038,-1.771852488,-0.736637418,-1.850749419,-1.311089657
-1.037585816,-0.399885134,-0.884969487,-0.736637418,-0.934414396,-0.585035831
-1.490800009,3.020876714,0.445355015,1.084005888,0.366780141,0.32771755
-1.490800009,-0.328619262,0.223634265,-0.736637418,0.117483821,0.07878481
-1.490800009,0.241507712,0.223634265,0.173684235,0.129337665,0.182506785
-1.490800009,-0.328619262,0.445355015,1.994327541,0.371126406,1.240470931
-1.490800009,-0.328619262,0.445355015,-0.736637418,0.363026351,-0.149403535
-1.490800009,-0.542416878,-0.219807236,-0.736637418,-0.259082965,0.1202736
-1.490800009,-0.471151006,-1.106690237,-0.736637418,-1.104308893,-0.792479781
-1.490800009,-0.471151006,-1.328410988,-0.736637418,-1.354237187,-1.186623286
-0.968792977,-0.471151006,0.445355015,0.173684235,0.62802905,0.099529205
-0.968792977,3.092142586,-0.219807236,0.173684235,-0.052264243,0.03729602
-0.968792977,-0.542416878,-1.328410988,-0.736637418,-1.213326299,-1.248856472
-0.968792977,0.384039456,-0.219807236,-0.736637418,-0.043571231,-0.294614301
-0.968792977,-0.328619262,0.223634265,-0.736637418,0.351118559,0.099529205
-0.968792977,-0.542416878,-0.441527986,-0.736637418,-0.325584719,-0.522802646
-0.968792977,0.954166431,0.223634265,1.084005888,0.381938841,0.514417105
-0.968792977,-0.471151006,0.445355015,1.994327541,0.62802905,1.489403671
-1.136248486,1.096698174,-1.328410988,-0.736637418,-1.403715629,-1.456300422
-1.136248486,-0.471151006,0.667075765,0.173684235,0.545115245,1.323448511
-1.136248486,-0.542416878,-1.106690237,-0.736637418,-1.128537285,-0.813224176
-1.136248486,0.384039456,0.667075765,-0.736637418,0.545115245,1.219726536
-1.136248486,-0.043555775,-1.106690237,-0.736637418,-1.090999872,-0.854712966
-1.136248486,-0.542416878,0.445355015,1.084005888,0.352521232,0.32771755
-1.136248486,-0.542416878,0.223634265,1.084005888,0.117733335,0.16176239
-1.136248486,-0.471151006,-0.219807236,-0.736637418,-0.2914485,-0.398336276
-0.853408298,3.23467433,0.667075765,1.084005888,0.686633059,1.198982141
-0.853408298,-0.542416878,0.445355015,0.173684235,0.664631508,0.03729602
-0.853408298,-0.399885134,0.445355015,-0.736637418,0.609111262,0.28622876
-0.853408298,-0.471151006,-0.884969487,0.173684235,-0.716579004,-0.750990991
-0.853408298,-0.542416878,0.223634265,-0.736637418,0.383113195,0.265484365
-0.853408298,0.17024184,-1.328410988,-0.736637418,-1.273707252,-1.373322842
-0.853408298,0.027710097,0.667075765,1.084005888,0.686633059,0.36920634
-0.853408298,0.811634687,-0.884969487,-0.736637418,-0.685956213,-0.792479781
-0.77914328,0.027710097,0.445355015,0.173684235,0.741169699,0.784094241
-0.77914328,-0.257353391,-0.219807236,-0.736637418,-0.023415506,-0.107914745
-0.77914328,-0.471151006,-1.328410988,-0.736637418,-1.174660293,-1.269600867
-0.77914328,-0.399885134,0.223634265,0.173684235,0.501815406,-0.377591881
-0.77914328,-0.542416878,0.223634265,1.084005888,0.526541863,0.41069513
-0.77914328,-0.471151006,-1.106690237,-0.736637418,-0.957530572,-0.916946151
-0.77914328,3.092142586,0.445355015,1.994327541,0.741169699,1.759080807
-0.77914328,2.379483868,-0.219807236,-0.736637418,-0.026181355,-0.522802646
0.602087414,-0.471151006,-0.884969487,-0.736637418,-1.117773018,-0.688757806
0.602087414,-0.542416878,0.667075765,0.173684235,0.362629923,0.74260545
0.602087414,0.027710097,-1.106690237,-0.736637418,-1.377177546,-0.854712966
0.602087414,0.027710097,1.332238016,1.084005888,0.950065457,1.136748956
0.602087414,-0.399885134,1.775679517,0.173684235,1.40641797,1.696847621
0.602087414,-0.542416878,-2.43701474,-0.736637418,-2.786518117,-1.891932717
0.602087414,-0.542416878,-0.441527986,1.084005888,-0.788539239,-0.626524621
0.602087414,-0.542416878,1.775679517,0.173684235,1.39002037,1.323448511
1.223330115,-0.471151006,-1.771852488,-0.736637418,-1.887295519,-1.622255582
1.223330115,2.664547355,0.445355015,0.173684235,0.289937041,-0.066425955
1.223330115,-0.542416878,-0.884969487,-0.736637418,-0.984124048,-0.979179336
1.223330115,-0.399885134,1.997400267,2.904649194,1.713431994,1.987269152
1.223330115,-0.257353391,1.997400267,0.173684235,1.70829528,1.302704116
1.223330115,3.305940202,1.332238016,0.173684235,1.112028008,0.638883475
1.223330115,-0.471151006,0.667075765,-0.736637418,0.558453167,0.348461945
1.223330115,-0.328619262,-1.328410988,-0.736637418,-1.468421171,-1.497789212
-0.385874018,-0.328619262,-0.219807236,0.173684235,-0.173678836,-0.12865914
-0.385874018,-0.471151006,-0.441527986,-0.736637418,-0.423862424,-0.439825066
-0.385874018,-0.399885134,-1.771852488,-0.736637418,-1.68942414,-1.352578447
-0.385874018,3.377206074,-0.884969487,-0.736637418,-0.773122354,-0.813224176
-0.385874018,-0.471151006,1.110517266,-0.736637418,0.916645989,0.991538191
-0.385874018,-0.186087519,-0.884969487,0.173684235,-0.775887721,-0.647269016
-0.385874018,-0.471151006,0.667075765,1.084005888,0.693322251,0.65962787
-0.385874018,-0.186087519,1.110517266,0.173684235,0.916645989,0.991538191
-0.595188541,-0.471151006,-2.43701474,-0.736637418,-2.654516518,-1.456300422
-0.595188541,-0.114821647,0.223634265,1.084005888,0.190269187,0.24473997
-0.595188541,-0.471151006,0.223634265,-0.736637418,0.158062608,0.058040415
-0.595188541,-0.471151006,-0.441527986,-0.736637418,-0.457882074,-0.336103091
-0.595188541,0.17024184,-1.328410988,-0.736637418,-1.312971032,-1.373322842
-0.595188541,-0.471151006,1.110517266,0.173684235,0.813412685,1.427170486
-0.595188541,3.662269561,1.110517266,0.173684235,0.813412685,1.302704116
-0.595188541,-0.328619262,-0.219807236,0.173684235,-0.202057927,-0.481313856
0.103081048,-0.542416878,-1.106690237,-0.736637418,-1.08995172,-1.165878891
0.103081048,-0.542416878,1.110517266,-0.736637418,0.904595135,0.41069513
0.103081048,-0.542416878,0.667075765,0.173684235,0.599942825,0.929305006
0.103081048,-0.471151006,1.332238016,2.904649194,1.158754571,1.904291572
0.103081048,-0.542416878,-0.884969487,-0.736637418,-0.837036002,-1.124390101
0.103081048,-0.114821647,-0.441527986,-0.736637418,-0.495710426,-0.419080671
0.103081048,-0.471151006,1.332238016,1.994327541,1.158754571,0.49367271
0.103081048,0.098975969,0.223634265,-0.736637418,0.134715704,0.1202736
0.593524547,-0.471151006,0.445355015,-0.736637418,0.165795616,-0.066425955
0.593524547,-0.542416878,-1.106690237,-0.736637418,-1.339360273,-1.041412521
0.593524547,-0.257353391,-1.106690237,-0.736637418,-1.336989408,-1.269600867
0.593524547,-0.542416878,1.110517266,-0.736637418,0.761137085,0.70111666
0.593524547,-0.471151006,1.775679517,3.814970847,1.402837107,1.945780362
0.593524547,2.593281483,-0.884969487,0.173684235,-1.063951683,-0.585035831
0.593524547,-0.542416878,0.445355015,-0.736637418,0.151571389,0.306973155
0.593524547,-0.542416878,1.775679517,0.173684235,1.402837107,0.5351615
0.474802082,-0.114821647,-1.993573239,-0.736637418,-1.919746795,-1.684488767
0.474802082,-0.471151006,-0.219807236,-0.736637418,0.115811884,-0.730246596
0.474802082,-0.471151006,1.110517266,1.084005888,1.343205177,1.323448511
0.474802082,-0.114821647,0.445355015,-0.736637418,0.726514362,0.472928315
0.474802082,-0.542416878,-0.884969487,-0.736637418,-0.588882726,-0.792479781
0.474802082,-0.471151006,0.667075765,0.173684235,1.036817347,0.41069513
0.474802082,-0.542416878,1.110517266,0.173684235,1.343205177,0.846327426
0.474802082,-0.471151006,0.667075765,1.084005888,1.016073963,0.1202736
-0.813523161,-0.114821647,0.001913514,1.084005888,-0.289322814,-0.066425955
-0.813523161,4.446194151,-4.210780742,-0.736637418,-4.700660036,-2.078632272
-0.813523161,-0.471151006,1.110517266,1.084005888,0.704909722,1.510148066
-0.813523161,-0.542416878,-0.884969487,-0.736637418,-0.889719591,-1.165878891
-0.813523161,2.45074974,-1.106690237,-0.736637418,-1.146807204,-0.958434941
-0.813523161,-0.186087519,-0.441527986,-0.736637418,-0.531006065,-0.668013411
-0.813523161,-0.542416878,-0.219807236,-0.736637418,-0.323157978,-0.419080671
-0.813523161,-0.186087519,1.110517266,-0.736637418,0.704909722,1.406426091
1.519882369,-0.542416878,2.219121018,1.994327541,1.860259929,1.095260166
1.519882369,-0.471151006,2.219121018,1.994327541,1.860259929,2.008013547
1.519882369,1.239229918,-1.106690237,-0.736637418,-1.267727104,-1.103645706
1.519882369,-0.471151006,1.775679517,-0.736637418,1.423171056,0.70111666
1.519882369,-0.471151006,0.223634265,0.173684235,-0.012218684,-0.00419277
1.519882369,2.593281483,-0.884969487,-0.736637418,-1.010833611,-1.041412521
1.519882369,1.381761662,0.223634265,0.173684235,0.005364831,0.28622876
1.519882369,-0.328619262,-1.328410988,-0.736637418,-1.47974853,-1.207367681
-0.926125541,-0.542416878,1.110517266,-0.736637418,0.649095646,1.406426091
-0.926125541,0.882900559,-0.219807236,0.173684235,-0.336046968,-0.253125511
-0.926125541,-0.542416878,-0.441527986,-0.736637418,-0.580988834,-0.564291436
-0.926125541,-0.542416878,-0.441527986,-0.736637418,-0.606276938,-0.419080671
-0.926125541,-0.471151006,-0.219807236,0.173684235,-0.354815433,-0.21163672
-0.926125541,-0.471151006,1.110517266,1.084005888,0.649095646,0.65962787
-0.926125541,2.949610843,0.445355015,0.173684235,0.108056718,0.223995575
-0.926125541,-0.328619262,-0.884969487,-0.736637418,-0.973875668,-0.833968571
0.231500702,0.312773584,-0.219807236,0.173684235,-0.268974414,-0.190892325
0.231500702,-0.471151006,1.332238016,-0.736637418,1.225304494,0.70111666
0.231500702,3.377206074,0.445355015,0.173684235,0.397052745,0.32771755
0.231500702,-0.542416878,-1.328410988,-0.736637418,-1.460234895,-1.041412521
0.231500702,-0.542416878,1.110517266,1.084005888,0.934773811,1.012282586
0.231500702,-0.542416878,-0.884969487,-0.736637418,-0.897373603,-0.730246596
0.231500702,0.384039456,-0.884969487,-0.736637418,-0.945773547,-0.668013411
0.231500702,-0.471151006,1.332238016,1.084005888,1.225304494,0.908560611
0.621324193,0.384039456,1.775679517,1.084005888,1.415352307,1.883547177
0.621324193,-0.471151006,-1.106690237,-0.736637418,-1.218414844,-1.082901311
0.621324193,-0.399885134,1.775679517,1.084005888,1.415352307,1.198982141
0.621324193,-0.471151006,0.667075765,1.084005888,0.499215258,0.846327426
0.621324193,-0.471151006,-1.771852488,-0.736637418,-1.806078216,-1.663744372
0.621324193,-0.257353391,0.223634265,0.173684235,0.031697232,-0.253125511
0.621324193,-0.471151006,-1.106690237,-0.736637418,-1.20240741,-1.062156916
0.621324193,-0.542416878,-0.219807236,-0.736637418,-0.345972617,-0.066425955
0.238637398,-0.471151006,1.110517266,1.084005888,1.225870958,0.991538191
0.238637398,2.308217996,-0.219807236,-0.736637418,0.038025641,-0.024937165
0.238637398,0.740368815,-0.441527986,-0.736637418,-0.195259392,-0.585035831
0.238637398,-0.542416878,0.445355015,0.173684235,0.678850436,0.431439525
0.238637398,1.880622765,0.223634265,0.173684235,0.432472179,0.016551625
0.238637398,1.453027534,1.110517266,1.994327541,1.222116687,1.074515771
0.238637398,-0.471151006,-0.441527986,-0.736637418,-0.250911139,-0.564291436
0.238637398,-0.471151006,-0.219807236,0.173684235,0.078136227,-0.336103091
-1.518909015,-0.542416878,-0.884969487,0.173684235,-0.967955249,-0.771735386
-1.518909015,-0.257353391,0.445355015,1.084005888,0.355645456,1.178237746
-1.518909015,0.455305328,0.001913514,-0.736637418,-0.094659954,0.141017995
-1.518909015,-0.542416878,0.223634265,-0.736637418,0.125225018,0.41069513
-1.518909015,-0.471151006,-1.106690237,-0.736637418,-1.187333005,-1.020668126
-1.518909015,-0.471151006,-1.106690237,-0.736637418,-1.200226812,-0.792479781
-1.518909015,-0.471151006,0.445355015,0.173684235,0.355645456,0.555905895
-1.518909015,-0.471151006,-0.219807236,1.084005888,-0.338341245,-0.377591881
-0.82420291,-0.328619262,-0.219807236,-0.736637418,-0.207874783,0.1202736
-0.82420291,-0.471151006,0.667075765,-0.736637418,0.702979119,1.219726536
-0.82420291,-0.471151006,0.445355015,0.173684235,0.425939053,0.058040415
-0.82420291,-0.542416878,-1.328410988,-0.736637418,-1.283668546,-1.311089657
-0.82420291,-0.471151006,0.223634265,0.173684235,0.173151464,0.058040415
-0.82420291,1.31049579,0.667075765,2.904649194,0.702979119,1.447914881
-0.82420291,-0.471151006,-1.771852488,-0.736637418,-1.948005946,-1.331834052
-0.82420291,-0.542416878,-0.441527986,-0.736637418,-0.414451216,-0.771735386
-0.205902053,-0.542416878,-1.106690237,-0.736637418,-1.048448094,-1.145134496
-0.205902053,0.027710097,0.223634265,-0.736637418,0.43992629,0.265484365
-0.205902053,-0.471151006,-0.441527986,-0.736637418,-0.344884004,-0.481313856
-0.205902053,-0.399885134,-0.884969487,-0.736637418,-0.73694908,-0.792479781
-0.205902053,-0.114821647,0.667075765,0.173684235,0.99922743,0.555905895
-0.205902053,-0.471151006,0.223634265,-0.736637418,0.407609886,0.1202736
-0.205902053,-0.399885134,0.667075765,0.173684235,1.005764891,1.323448511
-0.205902053,0.455305328,0.667075765,2.904649194,0.959865868,0.431439525
-0.006660233,-0.471151006,-0.219807236,-0.736637418,-0.071510061,-0.232381115
-0.006660233,-0.542416878,0.667075765,0.173684235,0.802771248,0.991538191
-0.006660233,0.17024184,1.110517266,1.084005888,1.104395191,1.530892461
-0.006660233,-0.542416878,-1.106690237,-0.736637418,-1.054963879,-1.124390101
-0.006660233,2.878344971,-0.884969487,0.173684235,-0.742705725,-0.543547041
-0.006660233,-0.542416878,-0.219807236,-0.736637418,-0.073090477,-0.750990991
-0.006660233,-0.471151006,1.110517266,2.904649194,1.104395191,0.867071821
-0.006660233,2.664547355,-0.884969487,-0.736637418,-0.698176139,-0.771735386
-1.016533732,-0.328619262,-0.884969487,-0.736637418,-0.58524695,-0.979179336
-1.016533732,-0.471151006,-1.106690237,-0.736637418,-0.900058047,-0.999923731
-1.016533732,-0.542416878,-0.441527986,-0.736637418,-0.116038683,-0.750990991
-1.016533732,-0.542416878,0.445355015,0.173684235,0.604390244,0.950049401
-1.016533732,-0.471151006,0.223634265,-0.736637418,0.536931859,0.431439525
-1.016533732,-0.542416878,-0.219807236,-0.736637418,0.091087836,-0.273869906
-1.016533732,-0.471151006,0.445355015,0.173684235,0.584436346,0.265484365
-1.016533732,-0.114821647,0.445355015,1.084005888,0.604390244,0.65962787
-0.19875563,-0.542416878,0.445355015,-0.736637418,0.428328704,0.784094241
-0.19875563,-0.257353391,-0.441527986,-0.736637418,-0.477156311,-0.17014793
-0.19875563,-0.542416878,1.110517266,1.084005888,1.004364144,1.655358831
-0.19875563,-0.399885134,1.110517266,2.904649194,1.009303366,1.447914881
-0.19875563,-0.471151006,-1.328410988,-0.736637418,-1.386344056,-1.207367681
-0.19875563,-0.471151006,-0.219807236,0.173684235,-0.221935237,0.24473997
-0.19875563,-0.542416878,-0.219807236,-0.736637418,-0.241895879,-0.066425955
-0.19875563,-0.542416878,-1.106690237,-0.736637418,-1.135919143,-1.228112076
1.832079707,-0.328619262,-0.441527986,0.173684235,-0.294644014,-0.419080671
1.832079707,-0.542416878,-0.441527986,-0.736637418,-0.266788517,-0.668013411
1.832079707,-0.542416878,-1.106690237,-0.736637418,-0.947739313,-1.290345262
1.832079707,0.098975969,2.219121018,1.084005888,2.014798715,1.344192906
1.832079707,-0.542416878,2.219121018,2.904649194,2.014798715,2.277690682
1.832079707,-0.542416878,1.997400267,-0.736637418,1.925397545,0.41069513
1.832079707,-0.542416878,0.445355015,-0.736637418,0.563430443,-0.21163672
1.832079707,-0.471151006,0.223634265,0.173684235,0.338041229,-0.21163672
0.844240852,-0.542416878,-0.219807236,-0.736637418,0.139147709,-0.066425955
0.844240852,-0.542416878,-1.328410988,-0.736637418,-0.99848363,-1.435556027
0.844240852,-0.471151006,1.110517266,0.173684235,1.306941827,1.178237746
0.844240852,-0.328619262,-1.106690237,-0.736637418,-0.772183063,-0.916946151
0.844240852,2.593281483,-0.219807236,0.173684235,0.126503898,-0.356847486
0.844240852,-0.257353391,0.667075765,-0.736637418,0.979377095,0.49367271
0.844240852,-0.114821647,1.332238016,1.994327541,1.525733851,1.572381251
0.844240852,-0.328619262,1.332238016,1.084005888,1.525733851,0.638883475
-1.51651974,-0.542416878,-1.106690237,-0.736637418,-1.426294723,-0.709502201
-1.51651974,3.163408458,0.888796516,1.084005888,0.356834261,0.57665029
-1.51651974,-0.542416878,0.667075765,-0.736637418,0.314560898,0.929305006
-1.51651974,0.312773584,-0.884969487,-0.736637418,-1.16554147,-0.916946151
-1.51651974,-0.257353391,0.888796516,1.994327541,0.356834261,1.738336411
-1.51651974,-0.186087519,-1.106690237,-0.736637418,-1.413131653,-1.165878891
-1.51651974,-0.542416878,0.445355015,0.173684235,0.095945653,0.16176239
-1.51651974,-0.542416878,-0.441527986,-0.736637418,-0.804124233,-0.564291436
0.256376015,-0.186087519,-1.771852488,-0.736637418,-1.703412822,-1.518533607
0.256376015,-0.542416878,-0.663248737,0.173684235,-0.665743648,-0.605780226
0.256376015,-0.471151006,1.332238016,1.084005888,1.234656935,1.551636856
0.256376015,-0.542416878,-0.884969487,0.173684235,-0.771519298,-0.709502201
0.256376015,-0.542416878,1.332238016,-0.736637418,1.230112697,1.116004561
0.256376015,-0.542416878,-1.771852488,-0.736637418,-1.704598254,-1.622255582
0.256376015,1.666825149,0.223634265,-0.736637418,0.198185236,0.348461945
0.256376015,-0.542416878,1.332238016,0.173684235,1.218259334,1.427170486
-0.095094548,-0.257353391,1.110517266,1.994327541,1.06359242,0.5351615
-0.095094548,-0.471151006,-0.219807236,-0.736637418,-0.173351288,-0.024937165
-0.095094548,-0.471151006,-1.106690237,-0.736637418,-1.107737062,-1.228112076
-0.095094548,-0.471151006,-0.219807236,-0.736637418,-0.167029142,-0.564291436
-0.095094548,-0.328619262,0.667075765,1.084005888,0.733325903,0.65962787
-0.095094548,2.949610843,-0.441527986,-0.736637418,-0.417000306,-0.522802646
-0.095094548,-0.257353391,0.223634265,-0.736637418,0.231583028,0.20325118
-0.095094548,-0.471151006,1.110517266,1.994327541,1.06359242,1.364937301
-0.010547669,-0.542416878,-1.106690237,-0.736637418,-1.046670186,-1.020668126
-0.010547669,-0.471151006,0.667075765,0.173684235,0.805986993,0.57665029
-0.010547669,-0.542416878,-0.441527986,-0.736637418,-0.365659179,-0.709502201
-0.010547669,-0.399885134,-0.441527986,0.173684235,-0.334492081,-0.813224176
-0.010547669,-0.471151006,1.110517266,1.084005888,1.102460734,0.991538191
-0.010547669,-0.186087519,1.110517266,1.994327541,1.102460734,1.468659276
-0.010547669,-0.542416878,0.667075765,-0.736637418,0.80381362,0.28622876
-0.010547669,-0.542416878,0.445355015,-0.736637418,0.557299044,-0.107914745
-1.352915672,-0.542416878,-1.771852488,-0.736637418,-1.830444852,-0.958434941
-1.352915672,-0.399885134,0.667075765,0.173684235,0.439762516,1.323448511
-1.352915672,-0.542416878,0.223634265,-0.736637418,0.125212013,-0.377591881
-1.352915672,-0.542416878,-1.106690237,-0.736637418,-1.063167496,-1.062156916
-1.352915672,-0.542416878,0.445355015,0.173684235,0.405303567,0.32771755
-1.352915672,-0.471151006,0.667075765,1.994327541,0.439762516,1.198982141
-1.352915672,3.377206074,-0.884969487,-0.736637418,-0.849578659,-0.958434941
-1.352915672,3.020876714,-0.219807236,0.173684235,-0.213005235,-0.08717035
-0.843712082,-0.257353391,0.445355015,0.173684235,0.432859937,0.24473997
-0.843712082,-0.257353391,0.667075765,1.084005888,0.690552067,1.510148066
-0.843712082,0.954166431,0.667075765,0.173684235,0.67474646,0.929305006
-0.843712082,-0.399885134,0.223634265,-0.736637418,0.21657076,0.1202736
-0.843712082,-0.328619262,0.667075765,1.084005888,0.681069088,0.49367271
-0.843712082,3.020876714,-0.219807236,-0.736637418,-0.192120236,-0.294614301
-0.843712082,-0.328619262,-1.771852488,-0.736637418,-1.758986535,-1.497789212
-0.843712082,-0.542416878,-1.771852488,-0.736637418,-1.780916315,-1.539278002
-0.824926697,-0.471151006,-1.106690237,-0.736637418,-1.093125077,-1.145134496
-0.824926697,-0.471151006,0.667075765,1.084005888,0.65974479,0.389950735
-0.824926697,-0.186087519,-1.328410988,-0.736637418,-1.356045923,-1.145134496
-0.824926697,-0.542416878,-0.441527986,-0.736637418,-0.438471519,-0.460569461
-0.824926697,-0.542416878,0.445355015,-0.736637418,0.44329473,0.141017995
-0.824926697,-0.542416878,0.445355015,-0.736637418,0.440923865,0.182506785
-0.824926697,-0.399885134,0.667075765,0.173684235,0.699261456,1.281959721
-0.824926697,-0.471151006,0.667075765,1.994327541,0.693729277,0.867071821
0.694029762,-0.542416878,-1.106690237,-0.736637418,-0.958869663,-0.999923731
0.694029762,1.096698174,-1.106690237,-0.736637418,-0.959857603,-1.020668126
0.694029762,-0.328619262,-0.884969487,0.173684235,-0.693198863,-0.771735386
0.694029762,-0.471151006,1.332238016,1.084005888,1.451356509,1.385681696
0.694029762,0.384039456,0.667075765,0.173684235,0.800442772,1.136748956
0.694029762,-0.471151006,1.110517266,1.084005888,1.185336968,1.095260166
0.694029762,-0.257353391,-1.106690237,-0.736637418,-0.946796169,-0.937690546
0.694029762,-0.471151006,1.332238016,0.173684235,1.432784572,1.095260166
-0.325717982,-0.399885134,1.110517266,1.084005888,0.946410413,1.987269152
-0.325717982,-0.471151006,1.110517266,1.994327541,0.946410413,1.302704116
-0.325717982,-0.471151006,0.445355015,-0.736637418,0.381283265,0.223995575
-0.325717982,-0.542416878,-0.884969487,0.173684235,-0.793444743,-0.813224176
-0.325717982,-0.542416878,-1.328410988,-0.736637418,-1.277871439,-1.373322842
-0.325717982,-0.471151006,-1.106690237,-0.736637418,-1.06171858,-0.896201756
-0.325717982,-0.542416878,-0.219807236,0.173684235,-0.184674794,-0.336103091
-0.325717982,-0.043555775,0.445355015,-0.736637418,0.431072395,0.555905895
-0.140815704,-0.399885134,0.445355015,1.084005888,0.452771928,0.472928315
-0.140815704,-0.542416878,-1.106690237,-0.736637418,-1.17374027,-1.311089657
-0.140815704,-0.257353391,1.110517266,0.173684235,1.039772017,1.302704116
-0.140815704,-0.186087519,-0.219807236,0.173684235,-0.27789719,-0.481313856
-0.140815704,-0.471151006,0.667075765,1.084005888,0.686354644,0.867071821
-0.140815704,-0.328619262,1.110517266,0.173684235,1.03424032,1.344192906
-0.140815704,-0.471151006,-1.328410988,-0.736637418,-1.431035008,-1.373322842
-0.140815704,-0.399885134,-0.441527986,-0.736637418,-0.56358547,-0.481313856
-0.363533905,-0.471151006,1.332238016,1.994327541,0.927734432,1.987269152
-0.363533905,-0.542416878,-0.884969487,-0.736637418,-1.085252379,-0.854712966
-0.363533905,-0.542416878,1.332238016,0.173684235,0.927734432,0.555905895
-0.363533905,-0.471151006,0.445355015,-0.736637418,0.113679936,0.16176239
-0.363533905,0.882900559,-1.106690237,-0.736637418,-1.324087894,-0.958434941
-0.363533905,-0.542416878,-0.441527986,0.173684235,-0.760353786,-0.979179336
-0.363533905,-0.399885134,1.110517266,0.173684235,0.704387091,0.74260545
-0.363533905,-0.542416878,0.667075765,1.084005888,0.370011781,0.223995575
0.689079993,2.807079099,-1.328410988,-0.736637418,-1.425139637,-1.269600867
0.689079993,-0.471151006,1.775679517,-0.736637418,1.448906647,1.468659276
0.689079993,-0.542416878,-0.663248737,0.173684235,-0.859945534,-0.439825066
0.689079993,-0.542416878,0.445355015,0.173684235,0.140122163,0.825583031
0.689079993,3.020876714,-1.771852488,-0.736637418,-1.80937922,-1.622255582
0.689079993,-0.328619262,0.223634265,0.173684235,0.054265729,0.16176239
0.689079993,-0.399885134,1.775679517,1.084005888,1.448906647,1.883547177
0.689079993,-0.471151006,-0.884969487,-0.736637418,-0.918382878,-0.999923731
0.985320941,-0.542416878,-0.884969487,-0.736637418,-0.819712117,-0.336103091
0.985320941,-0.471151006,1.332238016,0.173684235,1.228559737,1.033026981
0.985320941,0.5265712,0.223634265,-0.736637418,0.130182063,0.03729602
0.985320941,1.524293406,1.775679517,2.904649194,1.591635423,1.510148066
0.985320941,-0.328619262,-1.106690237,-0.736637418,-1.107560283,-1.207367681
0.985320941,-0.542416878,-0.884969487,-0.736637418,-0.827614679,-0.979179336
0.985320941,-0.542416878,-0.884969487,-0.736637418,-0.857447021,-0.730246596
0.985320941,-0.471151006,1.775679517,1.084005888,1.596377153,1.095260166
2.614003115,0.740368815,-0.884969487,0.173684235,-0.392224236,-0.668013411
2.614003115,0.241507712,-0.441527986,-0.736637418,0.024279729,-0.336103091
2.614003115,-0.542416878,1.775679517,1.084005888,2.397070606,1.344192906
2.614003115,-0.471151006,1.775679517,0.173684235,2.402009828,1.883547177
2.614003115,-0.471151006,0.445355015,1.084005888,1.082410017,0.514417105
2.614003115,-0.542416878,-1.106690237,-0.736637418,-0.681848865,-1.331834052
2.614003115,-0.471151006,0.223634265,0.173684235,0.802875293,0.472928315
2.614003115,-0.471151006,-1.993573239,-0.736637418,-1.800231977,-1.891932717
-0.064637126,-0.471151006,1.110517266,0.173684235,0.84707974,0.887816216
-0.064637126,-0.471151006,-1.106690237,-0.736637418,-1.199138198,-1.165878891
-0.064637126,-0.542416878,-0.441527986,-0.736637418,-0.639007593,-0.522802646
-0.064637126,-0.257353391,1.332238016,1.084005888,1.073143316,1.593125646
-0.064637126,-0.471151006,1.332238016,2.904649194,1.075711673,1.676103226
-0.064637126,0.455305328,-1.771852488,-0.736637418,-1.88231439,-1.580766792
-0.064637126,-0.471151006,0.445355015,-0.736637418,0.289689935,0.348461945
-0.064637126,-0.542416878,-0.884969487,-0.736637418,-0.979604858,-0.999923731
-0.483608607,0.241507712,-0.441527986,-0.736637418,-0.657720182,-0.792479781
-0.483608607,-0.471151006,-0.219807236,-0.736637418,-0.36701272,0.03729602
-0.483608607,-0.542416878,-1.993573239,-0.736637418,-2.290754427,-1.746721952
-0.483608607,-0.542416878,-0.441527986,-0.736637418,-0.637334211,-0.439825066
-0.483608607,-0.471151006,-0.441527986,-0.736637418,-0.62488741,-0.481313856
-0.483608607,-0.542416878,1.332238016,1.084005888,0.868241228,1.779825202
-0.483608607,-0.471151006,1.332238016,1.084005888,0.868241228,1.406426091
-0.483608607,-0.471151006,-0.219807236,1.084005888,-0.41266801,-0.439825066
1.125179154,-0.399885134,-0.441527986,-0.736637418,-0.549426753,-0.771735386
1.125179154,-0.328619262,1.997400267,-0.736637418,1.66246273,2.008013547
1.125179154,-0.471151006,-0.884969487,-0.736637418,-0.920114063,-0.896201756
1.125179154,1.595559277,-1.328410988,-0.736637418,-1.443916772,-1.456300422
1.125179154,1.096698174,-0.441527986,-0.736637418,-0.536778607,-0.688757806
1.125179154,1.381761662,-0.219807236,0.173684235,-0.316982265,-0.21163672
1.125179154,0.312773584,1.997400267,1.994327541,1.666611984,2.215457497
1.125179154,-0.471151006,-0.884969487,-0.736637418,-0.923472387,-0.564291436
1.308762271,-0.328619262,1.775679517,1.994327541,1.73733621,1.364937301
1.308762271,-0.471151006,1.775679517,1.084005888,1.748597096,1.385681696
1.308762271,0.384039456,-1.106690237,0.173684235,-0.874001652,-0.792479781
1.308762271,-0.542416878,-1.106690237,-0.736637418,-0.922406894,-1.165878891
1.308762271,3.305940202,1.775679517,0.173684235,1.755709692,2.049502337
1.308762271,-0.399885134,-0.441527986,-0.736637418,-0.286686058,-0.08717035
1.308762271,-0.328619262,-1.993573239,-0.736637418,-1.961762937,-1.725977557
1.308762271,2.45074974,-1.328410988,-0.736637418,-1.15720298,-1.248856472
1.434518311,0.241507712,-1.328410988,-0.736637418,-1.300083969,-1.269600867
1.434518311,-0.471151006,-0.219807236,0.173684235,-0.212415168,-0.253125511
1.434518311,-0.399885134,1.997400267,3.814970847,1.819778925,1.925035967
1.434518311,0.312773584,-1.328410988,-0.736637418,-1.334553515,-1.477044817
1.434518311,2.735813227,1.997400267,0.173684235,1.813456297,1.676103226
1.434518311,-0.471151006,0.445355015,-0.736637418,0.419631357,0.389950735
1.434518311,-0.542416878,1.775679517,-0.736637418,1.586808916,1.157493351
1.434518311,-0.257353391,-0.884969487,-0.736637418,-0.812855297,-0.813224176
-0.566793522,-0.043555775,0.667075765,0.173684235,0.827046364,0.03729602
-0.566793522,1.666825149,0.445355015,-0.736637418,0.728760952,0.680372265
-0.566793522,-0.471151006,-0.219807236,-0.736637418,0.124796798,-0.315358696
-0.566793522,-0.471151006,-1.328410988,-0.736637418,-1.019013144,-1.352578447
-0.566793522,0.597837072,0.667075765,1.994327541,0.827046364,1.344192906
-0.566793522,-0.542416878,0.223634265,-0.736637418,0.503408346,0.1202736
-0.566793522,-0.542416878,-0.219807236,1.084005888,0.141787356,-0.253125511
-0.566793522,2.949610843,-0.884969487,-0.736637418,-0.495821214,-0.833968571
-2.45899155,-0.328619262,0.223634265,-0.736637418,-0.15855289,0.099529205
-2.45899155,-0.542416878,-0.884969487,0.173684235,-1.123107705,-0.543547041
-2.45899155,-0.328619262,-1.771852488,-0.736637418,-1.939069683,-1.539278002
-2.45899155,-0.542416878,-0.219807236,-0.736637418,-0.53456718,0.058040415
-2.45899155,0.312773584,0.445355015,1.084005888,-0.109856708,0.65962787
-2.45899155,-0.257353391,0.445355015,1.084005888,-0.109856708,0.929305006
-2.45899155,-0.471151006,-0.219807236,-0.736637418,-0.507500687,-0.149403535
-2.45899155,-0.328619262,0.223634265,0.173684235,-0.130694984,0.70111666
-0.017987888,-0.471151006,1.110517266,0.173684235,1.098809544,0.970793796
-0.017987888,-0.114821647,0.001913514,0.173684235,-0.020691564,0.07878481
-0.017987888,-0.328619262,-1.106690237,-0.736637418,-1.005084191,-1.145134496
-0.017987888,-0.043555775,-0.219807236,-0.736637418,-0.086895636,0.03729602
-0.017987888,0.17024184,0.445355015,-0.736637418,0.589653501,0.5351615
-0.017987888,0.455305328,1.110517266,1.084005888,1.098809544,1.759080807
-0.017987888,-0.257353391,-0.884969487,0.173684235,-0.771779891,-1.020668126
-0.017987888,-0.542416878,-1.328410988,-0.736637418,-1.282435908,-1.228112076
-0.661101797,-0.471151006,-0.441527986,-0.736637418,-0.635322684,-0.626524621
-0.661101797,1.809356893,-0.441527986,-0.736637418,-0.650534852,-0.771735386
-0.661101797,2.593281483,-0.219807236,-0.736637418,-0.397909591,-0.04568156
-0.661101797,1.524293406,-1.328410988,-0.736637418,-1.530331,-1.228112076
-0.661101797,-0.542416878,0.223634265,-0.736637418,-0.028939015,-0.315358696
-0.661101797,-0.471151006,1.110517266,1.084005888,0.780379531,0.887816216
-0.661101797,-0.471151006,1.110517266,1.084005888,0.780379531,1.572381251
-0.661101797,-0.399885134,0.445355015,1.994327541,0.208856538,0.348461945
0.024859522,0.241507712,0.223634265,-0.736637418,0.311679444,0.099529205
0.024859522,-0.471151006,-1.328410988,-0.736637418,-1.277384453,-1.186623286
0.024859522,-0.471151006,0.445355015,0.173684235,0.568843645,0.57665029
0.024859522,-0.399885134,-0.219807236,-0.736637418,-0.075102966,-0.398336276
0.024859522,0.384039456,-1.328410988,-0.736637418,-1.293191987,-1.103645706
0.024859522,-0.328619262,0.223634265,-0.736637418,0.282835525,0.306973155
0.024859522,-0.399885134,1.110517266,1.994327541,1.121995083,1.364937301
0.024859522,1.951888637,1.110517266,1.994327541,1.121995083,1.053771376
0.848546606,-0.257353391,-0.441527986,-0.736637418,-0.528759476,-0.668013411
0.848546606,-0.114821647,1.775679517,1.084005888,1.520949733,1.157493351
0.848546606,0.098975969,1.775679517,2.904649194,1.53082914,1.364937301
0.848546606,-0.542416878,-1.106690237,-0.736637418,-1.263862526,-0.833968571
0.848546606,-0.471151006,0.223634265,0.173684235,0.095981298,0.07878481
0.848546606,-0.542416878,0.445355015,-0.736637418,0.336089432,-0.17014793
0.848546606,-0.471151006,1.110517266,-0.736637418,0.805874278,0.182506785
0.848546606,-0.471151006,-0.441527986,-0.736637418,-0.530734875,-0.605780226
-1.38388675,0.098975969,-1.106690237,-0.736637418,-1.175494093,-0.668013411
-1.38388675,3.020876714,0.223634265,1.084005888,0.167698763,0.680372265
-1.38388675,-0.542416878,-1.106690237,-0.736637418,-1.203425697,-1.082901311
-1.38388675,-0.399885134,-0.441527986,0.173684235,-0.569473616,-0.190892325
-1.38388675,-0.542416878,0.445355015,0.173684235,0.418732529,0.514417105
-1.38388675,-0.471151006,-0.884969487,-0.736637418,-0.913129114,-0.875457361
-1.38388675,-0.471151006,0.445355015,1.084005888,0.422486318,0.929305006
-1.38388675,-0.399885134,0.445355015,-0.736637418,0.414188772,0.721861055
0.598024868,-0.542416878,0.223634265,-0.736637418,0.247599614,-0.232381115
0.598024868,-0.114821647,1.332238016,1.084005888,1.40384865,1.136748956
0.598024868,-0.328619262,1.110517266,0.173684235,1.151878965,0.555905895
0.598024868,-0.471151006,0.667075765,-0.736637418,0.753824108,0.472928315
0.598024868,-0.542416878,1.332238016,1.994327541,1.40384865,1.095260166
0.598024868,-0.043555775,1.110517266,-0.736637418,1.114933546,0.555905895
0.598024868,-0.542416878,-1.328410988,-0.736637418,-1.421126218,-1.518533607
0.598024868,0.954166431,-0.441527986,-0.736637418,-0.436363655,-0.979179336
-1.170652688,0.954166431,0.223634265,0.173684235,0.025198307,0.03729602
-1.170652688,1.951888637,-0.219807236,-0.736637418,-0.35570222,-0.522802646
-1.170652688,-0.542416878,-0.441527986,-0.736637418,-0.597154261,-0.149403535
-1.170652688,4.232396536,-1.328410988,-0.736637418,-1.55056524,-1.269600867
-1.170652688,-0.471151006,-0.219807236,-0.736637418,-0.343650403,0.03729602
-1.170652688,-0.471151006,0.667075765,1.084005888,0.529857798,1.157493351
-1.170652688,-0.471151006,0.667075765,1.994327541,0.524128127,1.074515771
-1.170652688,-0.542416878,0.445355015,-0.736637418,0.268585768,0.20325118
-1.92949955,-0.399885134,-0.884969487,-0.736637418,-0.92901998,-0.564291436
-1.92949955,-0.471151006,0.445355015,0.173684235,0.152302109,0.784094241
-1.92949955,3.591003689,0.223634265,1.994327541,0.100470142,0.49367271
-1.92949955,-0.399885134,0.223634265,-0.736637418,0.113905366,-0.08717035
-1.92949955,-0.399885134,-0.441527986,-0.736637418,-0.521462394,-0.688757806
-1.92949955,0.098975969,0.445355015,1.084005888,0.152302109,1.385681696
-1.92949955,-0.471151006,-1.328410988,-0.736637418,-1.455306751,-1.145134496
-1.92949955,-0.542416878,-0.884969487,-0.736637418,-0.891385748,-0.543547041
0.071748077,1.880622765,-0.884969487,-0.736637418,-0.870974247,-0.647269016
0.071748077,-0.043555775,1.332238016,2.904649194,1.143066014,2.402157052
0.071748077,-0.542416878,1.110517266,0.173684235,0.905323447,1.033026981
0.071748077,-0.471151006,-0.219807236,0.173684235,-0.30414626,-0.12865914
0.071748077,-0.542416878,-1.106690237,-0.736637418,-1.128724661,-0.896201756
0.071748077,-0.542416878,-1.771852488,-0.736637418,-1.748601838,-1.622255582
0.071748077,-0.257353391,1.332238016,0.173684235,1.143066014,0.514417105
0.071748077,-0.471151006,-1.771852488,-0.736637418,-1.740501302,-1.725977557
-0.651560261,-0.542416878,-1.328410988,-0.736637418,-1.261570658,-1.518533607
-0.651560261,0.5265712,-0.441527986,0.173684235,-0.383960889,-0.626524621
-0.651560261,-0.542416878,0.445355015,-0.736637418,0.514000651,0.03729602
-0.651560261,-0.471151006,0.667075765,1.994327541,0.785107774,1.966524757
-0.651560261,-0.399885134,0.445355015,0.173684235,0.558449796,0.61813908
-0.651560261,-0.542416878,-1.106690237,-0.736637418,-1.045666831,-0.896201756
-0.651560261,-0.399885134,-0.441527986,-0.736637418,-0.426040132,-0.502058251
-0.651560261,-0.471151006,0.667075765,1.084005888,0.785107774,0.970793796
-0.634685518,-0.257353391,-0.441527986,0.173684235,-0.345155675,-0.813224176
-0.634685518,-0.542416878,0.445355015,-0.736637418,0.566725184,0.5351615
-0.634685518,1.167964046,-0.884969487,-0.736637418,-0.698613511,-0.688757806
-0.634685518,-0.471151006,-1.106690237,-0.736637418,-0.990879713,-1.020668126
-0.634685518,-0.542416878,0.667075765,0.173684235,0.78634571,0.908560611
-0.634685518,-0.542416878,-1.106690237,-0.736637418,-1.019328168,-0.792479781
-0.634685518,0.5265712,0.223634265,0.173684235,0.3240564,0.141017995
-0.634685518,-0.542416878,0.667075765,1.994327541,0.794050781,1.655358831
-0.823171708,-0.542416878,0.445355015,0.173684235,0.694005284,0.182506785
-0.823171708,-0.471151006,-1.771852488,-0.736637418,-1.895277078,-1.103645706
-0.823171708,-0.542416878,-0.219807236,-0.736637418,0.000467997,-0.066425955
-0.823171708,-0.328619262,0.223634265,0.173684235,0.455762243,0.265484365
-0.823171708,-0.399885134,-0.884969487,-0.736637418,-0.688708574,-0.377591881
-0.823171708,0.312773584,0.445355015,1.084005888,0.701907846,0.74260545
-0.823171708,-0.471151006,-0.219807236,-0.736637418,-0.016721016,0.058040415
-0.823171708,-0.471151006,0.223634265,0.173684235,0.363301876,0.058040415
-0.654453463,-0.471151006,1.332238016,1.084005888,0.78361936,1.385681696
-0.654453463,-0.328619262,-1.106690237,-0.736637418,-1.284061603,-0.937690546
-0.654453463,-0.114821647,-0.219807236,-0.736637418,-0.443734916,-0.356847486
-0.654453463,-0.542416878,-0.884969487,-0.736637418,-1.08822728,-0.419080671
-0.654453463,-0.328619262,0.223634265,0.173684235,-0.05032786,-0.024937165
-0.654453463,-0.542416878,-0.884969487,-0.736637418,-1.026088168,-0.543547041
-0.654453463,-0.043555775,1.332238016,1.994327541,0.78361936,1.655358831
-0.654453463,-0.328619262,0.223634265,-0.736637418,-0.078975251,-0.253125511
0.549538924,-0.542416878,0.667075765,-0.736637418,0.822824856,0.825583031
0.549538924,-0.399885134,-0.441527986,-0.736637418,-0.343282875,-0.750990991
0.549538924,0.17024184,-0.219807236,-0.736637418,-0.052306631,-0.294614301
0.549538924,2.165686252,1.332238016,2.904649194,1.382383699,1.406426091
0.549538924,-0.542416878,-0.441527986,-0.736637418,-0.36955892,-0.419080671
0.549538924,-0.399885134,1.332238016,0.173684235,1.382383699,0.908560611
0.549538924,-0.542416878,-0.219807236,-0.736637418,-0.026031069,-0.377591881
0.549538924,-0.471151006,-2.43701474,-0.736637418,-2.617493547,-1.912677112
-1.5144622,-0.399885134,0.667075765,1.084005888,0.357846286,0.929305006
-1.5144622,0.17024184,-0.441527986,-0.736637418,-0.80277599,-0.585035831
-1.5144622,-0.257353391,0.667075765,1.084005888,0.35448748,1.281959721
-1.5144622,-0.542416878,-0.219807236,-0.736637418,-0.500232506,0.24473997
-1.5144622,-0.257353391,0.223634265,0.173684235,-0.114728012,0.28622876
-1.5144622,-0.542416878,-1.328410988,-0.736637418,-1.630713678,-1.165878891
-1.5144622,-0.542416878,-0.219807236,0.173684235,-0.544320385,-0.398336276
-1.5144622,-0.542416878,-0.441527986,-0.736637418,-0.752970482,-0.253125511
-0.099336096,-0.328619262,-1.328410988,-0.736637418,-1.106810777,-1.373322842
-0.099336096,0.811634687,-0.219807236,-0.736637418,0.116126426,-0.08717035
-0.099336096,-0.471151006,-0.219807236,-0.736637418,0.079377535,-0.585035831
-0.099336096,0.740368815,0.667075765,1.994327541,1.058529886,1.551636856
-0.099336096,0.027710097,0.445355015,0.173684235,0.772638815,-0.21163672
-0.099336096,-0.542416878,-0.441527986,-0.736637418,-0.205357485,-0.605780226
-0.099336096,-0.399885134,0.667075765,1.084005888,1.058529886,0.721861055
-0.099336096,0.098975969,0.223634265,0.173684235,0.586895841,0.348461945
-1.119436004,-0.471151006,-0.441527986,-0.736637418,-0.789668314,-0.813224176
-1.119436004,-0.542416878,1.110517266,-0.736637418,0.553432058,0.991538191
-1.119436004,-0.328619262,-1.106690237,-0.736637418,-1.384638402,-1.186623286
-1.119436004,-0.328619262,0.223634265,-0.736637418,-0.157589515,-0.17014793
-1.119436004,-0.328619262,0.667075765,-0.736637418,0.296369975,0.638883475
-1.119436004,-0.542416878,0.445355015,1.084005888,0.069341098,0.348461945
-1.119436004,-0.186087519,1.110517266,2.904649194,0.553432058,1.966524757
-1.119436004,-0.542416878,-2.65873549,-0.736637418,-3.052651818,-1.829699532
-0.32678226,-0.542416878,0.223634265,0.173684235,-0.042367495,-0.17014793
-0.32678226,-0.471151006,-1.993573239,-0.736637418,-2.565146176,-1.871188322
-0.32678226,-0.542416878,0.445355015,-0.736637418,0.227224721,-0.398336276
-0.32678226,-0.471151006,0.223634265,-0.736637418,-0.048294658,-0.398336276
-0.32678226,-0.399885134,1.332238016,1.084005888,0.945626226,2.153224312
-0.32678226,-0.542416878,-0.884969487,-0.736637418,-1.042901946,-0.896201756
-0.32678226,-0.471151006,-1.106690237,-0.736637418,-1.337164742,-0.937690546
-0.32678226,-0.542416878,1.332238016,0.173684235,0.945626226,1.323448511
-0.280708939,1.880622765,1.332238016,1.994327541,0.968722171,1.925035967
-0.280708939,-0.471151006,-0.219807236,-0.736637418,-0.428620531,-0.502058251
-0.280708939,-0.542416878,-0.884969487,-0.736637418,-1.029308729,-0.730246596
-0.280708939,-0.471151006,-1.993573239,-0.736637418,-2.28065826,-1.746721952
-0.280708939,-0.542416878,-0.219807236,-0.736637418,-0.450550311,-0.336103091
-0.280708939,-0.471151006,1.332238016,1.084005888,0.968722171,1.302704116
-0.280708939,0.384039456,0.445355015,1.084005888,0.186965775,0.49367271
-0.280708939,-0.542416878,1.110517266,0.173684235,0.727766749,0.431439525
0.514867193,-0.542416878,-1.106690237,-0.736637418,-1.166862738,-0.771735386
0.514867193,-0.542416878,-0.884969487,-0.736637418,-0.952900593,-0.668013411
0.514867193,-0.399885134,0.667075765,0.173684235,0.482028654,0.431439525
0.514867193,-0.257353391,-2.65873549,-0.736637418,-3.196677296,-1.808955137
0.514867193,-0.114821647,-0.884969487,-0.736637418,-0.92580279,-1.165878891
0.514867193,0.027710097,-0.441527986,0.173684235,-0.596778545,-0.21163672
0.514867193,-0.542416878,1.775679517,0.173684235,1.362457257,1.447914881
0.514867193,-0.471151006,1.775679517,2.904649194,1.362457257,1.966524757
0.950534416,-0.328619262,-0.219807236,0.173684235,0.151933618,-0.294614301
0.950534416,-0.471151006,1.332238016,1.084005888,1.57836301,1.593125646
0.950534416,-0.471151006,-0.219807236,-0.736637418,0.122298768,-0.377591881
0.950534416,-0.114821647,1.332238016,1.994327541,1.57836301,1.385681696
0.950534416,-0.257353391,-0.884969487,-0.736637418,-0.491174376,-0.916946151
0.950534416,-0.328619262,-1.328410988,-0.736637418,-1.082809742,-1.228112076
0.950534416,0.5265712,0.223634265,-0.736637418,0.534016205,-0.21163672
0.950534416,-0.542416878,-0.884969487,-0.736637418,-0.487618078,-0.730246596
-0.813276061,0.384039456,0.667075765,2.904649194,0.705030143,1.344192906
-0.813276061,-0.471151006,-1.106690237,0.173684235,-1.141987922,-0.979179336
-0.813276061,-0.542416878,-0.219807236,0.173684235,-0.189119805,0.016551625
-0.813276061,-0.542416878,-1.106690237,-0.736637418,-1.117647297,-1.062156916
-0.813276061,1.096698174,-0.441527986,-0.736637418,-0.461315541,-0.419080671
-0.813276061,0.882900559,-1.328410988,-0.736637418,-1.437459754,-1.394067237
-0.813276061,-0.186087519,0.223634265,-0.736637418,0.185877161,0.431439525
-0.813276061,-0.471151006,0.667075765,0.173684235,0.705030143,0.908560611
-3.65432476,3.23467433,-0.441527986,-0.736637418,-0.701815287,0.680372265
-3.65432476,0.241507712,-0.441527986,0.173684235,-0.701815287,0.28622876
-3.65432476,-0.471151006,-1.771852488,-0.736637418,-1.80091212,-1.228112076
-3.65432476,-0.471151006,-1.328410988,-0.736637418,-1.377712701,-0.833968571
-3.65432476,-0.471151006,-0.663248737,-0.736637418,-0.812264267,0.472928315
-3.65432476,-0.542416878,-0.884969487,1.084005888,-0.880016963,-0.647269016
-3.65432476,-0.399885134,-0.663248737,0.173684235,-0.801002899,-0.294614301
-3.65432476,-0.471151006,-0.884969487,-0.736637418,-0.866779232,-0.647269016
0.427180012,-0.542416878,-0.884969487,-0.736637418,-0.765245802,-0.626524621
0.427180012,-0.399885134,-0.441527986,0.173684235,-0.389789306,-0.605780226
0.427180012,-0.542416878,-0.884969487,-0.736637418,-0.773744212,-0.771735386
0.427180012,0.882900559,-0.441527986,-0.736637418,-0.425154791,-0.315358696
0.427180012,-0.471151006,-0.884969487,-0.736637418,-0.796662414,-0.668013411
0.427180012,-0.471151006,1.332238016,1.994327541,1.320611151,0.721861055
0.427180012,-0.471151006,0.445355015,0.173684235,0.550767846,0.24473997
0.427180012,-0.399885134,1.332238016,1.084005888,1.320611151,1.987269152
1.676416867,-0.542416878,2.219121018,1.084005888,1.937775946,2.028757942
1.676416867,-0.399885134,2.219121018,2.904649194,1.937775946,3.045233298
1.676416867,-0.399885134,0.667075765,0.173684235,0.582552948,0.32771755
1.676416867,0.241507712,-0.441527986,-0.736637418,-0.516980775,-0.709502201
1.676416867,-0.186087519,0.223634265,-0.736637418,0.122481327,-0.481313856
1.676416867,0.17024184,-1.328410988,-0.736637418,-1.39395568,-1.435556027
1.676416867,-0.257353391,-1.328410988,-0.736637418,-1.389214431,-1.290345262
1.676416867,0.312773584,-1.106690237,-0.736637418,-1.134043453,-0.813224176
-0.050643911,-0.542416878,-1.771852488,-0.736637418,-1.573933819,-1.580766792
-0.050643911,-0.542416878,-0.441527986,-0.736637418,-0.153818385,-0.543547041
-0.050643911,1.809356893,0.667075765,1.994327541,1.0826393,2.215457497
-0.050643911,-0.542416878,-0.441527986,-0.736637418,-0.127538005,-0.875457361
-0.050643911,-0.542416878,0.445355015,0.173684235,0.838342895,0.16176239
-0.050643911,-0.542416878,0.223634265,0.173684235,0.59737784,0.1202736
-0.050643911,-0.399885134,0.667075765,0.173684235,1.0826393,0.141017995
-0.050643911,-0.542416878,0.223634265,0.173684235,0.569125432,0.058040415
0.15790402,-0.328619262,1.332238016,1.994327541,1.190437074,1.800569597
0.15790402,-0.542416878,-1.328410988,-0.736637418,-1.245149455,-1.207367681
0.15790402,-0.471151006,0.223634265,0.173684235,0.179783817,0.07878481
0.15790402,1.453027534,-0.441527986,-0.736637418,-0.443210359,-0.21163672
0.15790402,1.595559277,-0.219807236,0.173684235,-0.198911545,-0.00419277
0.15790402,-0.542416878,-1.328410988,-0.736637418,-1.263949712,-1.020668126
0.15790402,-0.186087519,1.332238016,1.084005888,1.190437074,1.198982141
0.15790402,-0.542416878,0.223634265,0.173684235,0.184921975,0.058040415
0.974549746,-0.471151006,0.445355015,-0.736637418,0.733921268,0.016551625
0.974549746,-0.186087519,-0.884969487,-0.736637418,-0.624446184,-0.937690546
0.974549746,-0.471151006,0.223634265,-0.736637418,0.483947215,-0.522802646
0.974549746,-0.328619262,1.332238016,1.994327541,1.59025298,1.385681696
0.974549746,-0.114821647,-1.106690237,-0.736637418,-0.894842818,-1.207367681
0.974549746,0.312773584,1.332238016,0.173684235,1.59025298,1.530892461
0.974549746,-0.257353391,1.110517266,1.994327541,1.336220711,0.638883475
0.974549746,1.666825149,-0.441527986,-0.736637418,-0.189919406,-0.730246596
-0.601033315,-0.542416878,-0.884969487,-0.736637418,-0.770428276,-0.273869906
-0.601033315,-0.542416878,0.445355015,0.173684235,0.552806347,0.182506785
-0.601033315,-0.186087519,-0.884969487,-0.736637418,-0.776207561,-0.585035831
-0.601033315,0.384039456,0.667075765,1.084005888,0.810118907,0.784094241
-0.601033315,-0.471151006,-0.884969487,-0.736637418,-0.756262815,-0.896201756
-0.601033315,-0.186087519,0.667075765,1.994327541,0.810118907,1.074515771
-0.601033315,-0.399885134,0.445355015,-0.736637418,0.559326466,0.65962787
-0.601033315,-0.542416878,-0.219807236,-0.736637418,-0.163119286,-0.460569461
-0.617935297,2.664547355,-1.328410988,-0.736637418,-1.221728853,-1.269600867
-0.617935297,-0.114821647,0.667075765,1.994327541,0.803404186,1.510148066
-0.617935297,-0.257353391,-0.441527986,-0.736637418,-0.284571932,-0.647269016
-0.617935297,-0.471151006,0.667075765,1.084005888,0.780683957,0.908560611
-0.617935297,-0.328619262,-0.884969487,-0.736637418,-0.644802773,-0.647269016
-0.617935297,-0.542416878,0.667075765,-0.736637418,0.78502974,0.680372265
-0.617935297,-0.186087519,-0.219807236,-0.736637418,-0.031031465,-0.04568156
-0.617935297,-0.542416878,-1.771852488,-0.736637418,-1.80880264,-1.373322842
0.397590356,-0.328619262,0.223634265,0.173684235,0.29120725,0.16176239
0.397590356,-0.542416878,-1.106690237,-0.736637418,-1.016270416,-1.228112076
0.397590356,1.167964046,-0.219807236,-0.736637418,-0.088737127,0.016551625
0.397590356,-0.399885134,1.332238016,0.173684235,1.29884948,1.364937301
0.397590356,-0.542416878,-0.219807236,-0.736637418,-0.100393479,-0.585035831
0.397590356,-0.471151006,1.332238016,1.084005888,1.304578669,1.676103226
0.397590356,0.384039456,-0.884969487,-0.736637418,-0.75413183,-0.543547041
0.397590356,-0.542416878,0.223634265,1.994327541,0.278958423,0.16176239
-2.047904872,0.312773584,0.445355015,0.173684235,0.093641261,0.784094241
-2.047904872,-0.471151006,-0.884969487,-0.736637418,-0.9025739,-0.647269016
-2.047904872,-0.186087519,-0.219807236,0.173684235,-0.298825542,-0.00419277
-2.047904872,4.161130664,0.445355015,1.084005888,0.093641261,1.613870041
-2.047904872,-0.471151006,0.223634265,1.084005888,0.070151778,0.49367271
-2.047904872,-0.399885134,-1.328410988,-0.736637418,-1.407873072,-1.290345262
-2.047904872,-0.542416878,-0.884969487,-0.736637418,-0.841527255,-0.668013411
-2.047904872,-0.542416878,-1.328410988,-0.736637418,-1.408466029,-1.082901311
0.714017567,-0.471151006,0.445355015,-0.736637418,0.547888801,-0.107914745
0.714017567,-0.542416878,-0.219807236,0.173684235,-0.177029453,-0.481313856
0.714017567,0.811634687,1.110517266,1.084005888,1.14841756,0.721861055
0.714017567,-0.471151006,0.667075765,0.173684235,0.818950163,0.32771755
0.714017567,-0.542416878,-0.441527986,-0.736637418,-0.397146117,-0.875457361
0.714017567,1.880622765,1.332238016,0.173684235,1.459475831,1.012282586
0.714017567,-0.399885134,1.332238016,1.994327541,1.461846696,1.198982141
0.714017567,-0.542416878,-1.106690237,-0.736637418,-1.071137495,-1.248856472
-0.265351814,0.027710097,0.445355015,-0.736637418,0.449822557,0.07878481
-0.265351814,-0.471151006,-0.884969487,-0.736637418,-0.856642122,-0.958434941
-0.265351814,2.45074974,-0.219807236,-0.736637418,-0.201370559,-0.481313856
-0.265351814,-0.399885134,1.110517266,2.904649194,0.976324161,1.053771376
-0.265351814,-0.542416878,-0.441527986,-0.736637418,-0.469747478,-0.481313856
-0.265351814,-0.542416878,1.110517266,1.084005888,0.971977414,0.61813908
-0.265351814,-0.542416878,0.223634265,-0.736637418,0.189373248,0.20325118
-0.265351814,-0.542416878,0.445355015,0.173684235,0.456342195,0.32771755
-0.763745296,-0.542416878,0.667075765,1.084005888,0.731135189,1.012282586
-0.763745296,-0.542416878,0.223634265,-0.736637418,0.182022699,-0.481313856
-0.763745296,-0.542416878,0.667075765,-0.736637418,0.706833581,0.887816216
-0.763745296,-0.257353391,0.667075765,1.994327541,0.731135189,1.344192906
-0.763745296,-0.542416878,-1.106690237,-0.736637418,-1.214631672,-0.833968571
-0.763745296,-0.471151006,0.445355015,0.173684235,0.489916766,0.41069513
-0.763745296,-0.399885134,-0.219807236,-0.736637418,-0.192069658,-0.377591881
-0.763745296,-0.471151006,-0.884969487,-0.736637418,-0.889164206,-0.833968571
-0.698341804,-0.542416878,-1.106690237,-0.736637418,-1.229163697,-1.062156916
-0.698341804,0.882900559,0.888796516,1.994327541,0.764202543,0.887816216
-0.698341804,-0.471151006,0.667075765,1.084005888,0.729488781,0.5351615
-0.698341804,-0.399885134,0.888796516,0.173684235,0.764202543,0.929305006
-0.698341804,-0.542416878,-0.884969487,-0.736637418,-0.888177229,-0.937690546
-0.698341804,0.027710097,-0.219807236,-0.736637418,-0.155933956,-0.21163672
-0.698341804,-0.471151006,0.223634265,-0.736637418,0.24715309,-0.12865914
-0.698341804,2.949610843,0.223634265,-0.736637418,0.21613387,-0.00419277
-1.212929046,-0.542416878,0.223634265,-0.736637418,0.275055311,-0.107914745
-1.212929046,1.524293406,-1.328410988,-0.736637418,-1.266435218,-1.373322842
-1.212929046,-0.257353391,0.445355015,1.994327541,0.508528201,1.883547177
-1.212929046,3.591003689,0.445355015,1.994327541,0.508528201,0.49367271
-1.212929046,-0.399885134,-0.441527986,-0.736637418,-0.395697201,-0.688757806
-1.212929046,-0.542416878,0.223634265,0.173684235,0.222306212,-0.00419277
-1.212929046,-0.471151006,-0.884969487,-0.736637418,-0.793103226,-0.294614301
-1.212929046,-0.471151006,-0.441527986,-0.736637418,-0.388782098,-0.294614301
-0.374618353,3.020876714,-1.106690237,-0.736637418,-1.155808495,-0.626524621
-0.374618353,1.524293406,0.223634265,-0.736637418,0.154401784,-0.336103091
-0.374618353,1.524293406,1.110517266,1.084005888,0.922148785,1.344192906
-0.374618353,-0.399885134,-1.106690237,-0.736637418,-1.111343455,-1.269600867
-0.374618353,-0.542416878,-0.441527986,-0.736637418,-0.49763573,-0.688757806
-0.374618353,-0.542416878,0.223634265,1.994327541,0.177317096,-0.12865914
-0.374618353,-0.542416878,-0.884969487,-0.736637418,-0.872499269,-1.020668126
-0.374618353,-0.114821647,1.110517266,1.084005888,0.922148785,2.381412657
0.418152132,-0.471151006,-1.328410988,-0.736637418,-1.318016707,-1.373322842
0.418152132,-0.471151006,1.110517266,-0.736637418,1.060757208,0.472928315
0.418152132,-0.471151006,-1.106690237,0.173684235,-1.03741071,-1.394067237
0.418152132,0.954166431,1.332238016,1.994327541,1.314755759,1.302704116
0.418152132,-0.471151006,1.332238016,1.084005888,1.314755759,1.510148066
0.418152132,-0.471151006,0.223634265,-0.736637418,0.24567431,-0.107914745
0.418152132,-0.186087519,0.223634265,-0.736637418,0.272938295,-0.149403535
0.418152132,-0.542416878,-0.441527986,-0.736637418,-0.400578621,-0.647269016
-0.635582469,-0.471151006,0.667075765,0.173684235,0.792423641,1.012282586
-0.635582469,-0.471151006,-0.219807236,0.173684235,-0.106546071,-0.12865914
-0.635582469,-0.542416878,0.445355015,-0.736637418,0.561553789,0.721861055
-0.635582469,-0.542416878,-0.441527986,0.173684235,-0.392172695,-0.564291436
-0.635582469,-0.399885134,-0.884969487,-0.736637418,-0.753484443,-0.626524621
-0.635582469,1.381761662,0.667075765,1.994327541,0.796967879,1.447914881
-0.635582469,-0.542416878,0.445355015,0.173684235,0.534684305,0.348461945
-0.635582469,-0.471151006,-1.328410988,-0.736637418,-1.266713634,-1.228112076
-0.283321965,-0.471151006,-0.884969487,-0.736637418,-0.62508442,-0.626524621
-0.283321965,3.163408458,0.667075765,1.084005888,0.967431249,1.634614436
-0.283321965,-0.471151006,-0.884969487,-0.736637418,-0.68554726,-0.771735386
-0.283321965,-0.399885134,0.667075765,1.084005888,0.967431249,0.49367271
-0.283321965,-0.471151006,-0.219807236,-0.736637418,-0.011635842,-0.107914745
-0.283321965,-0.328619262,-0.219807236,0.173684235,0.063522315,-0.315358696
-0.283321965,-0.328619262,-0.441527986,-0.736637418,-0.232544882,-0.543547041
-0.283321965,-0.328619262,-0.219807236,0.173684235,-0.016192605,-0.190892325
0.470471034,-0.542416878,-1.771852488,-0.736637418,-1.961885285,-1.746721952
0.470471034,1.666825149,1.332238016,0.173684235,0.968177864,0.5351615
0.470471034,-0.328619262,1.775679517,1.084005888,1.34343157,1.759080807
0.470471034,-0.471151006,-0.219807236,0.173684235,-0.471745517,-0.605780226
0.470471034,-0.542416878,1.775679517,0.173684235,1.34343157,0.28622876
0.470471034,-0.542416878,-4.210780742,-0.736637418,-4.727447632,-1.891932717
0.470471034,-0.471151006,0.667075765,0.173684235,0.375108997,0.265484365
0.470471034,-0.471151006,0.667075765,-0.736637418,0.395260386,0.5351615
-0.280064924,-0.542416878,-0.219807236,-0.736637418,-0.327676687,-0.024937165
-0.280064924,-0.471151006,0.445355015,-0.736637418,0.336329794,-0.17014793
-0.280064924,-0.471151006,1.110517266,3.814970847,0.969046828,1.842058387
-0.280064924,2.593281483,0.445355015,0.173684235,0.376441344,0.5351615
-0.280064924,3.020876714,-1.106690237,-0.736637418,-1.214029562,-1.145134496
-0.280064924,-0.542416878,-1.328410988,-0.736637418,-1.455884776,-1.103645706
-0.280064924,-0.542416878,-0.441527986,-0.736637418,-0.611743126,-0.709502201
-0.280064924,-0.542416878,1.110517266,1.084005888,0.969046828,0.825583031
-1.658520128,-0.471151006,-1.106690237,-0.736637418,-1.221890218,-0.937690546
-1.658520128,-0.399885134,0.445355015,0.173684235,0.288493424,1.510148066
-1.658520128,-0.542416878,-0.884969487,0.173684235,-0.947446447,-0.585035831
-1.658520128,-0.542416878,0.223634265,0.173684235,0.068568953,0.141017995
-1.658520128,-0.328619262,-0.441527986,0.173684235,-0.633165207,-0.626524621
-1.658520128,-0.399885134,-0.884969487,-0.736637418,-0.977476763,-0.668013411
-1.658520128,-0.471151006,0.445355015,1.084005888,0.288493424,1.364937301
-1.658520128,-0.186087519,-1.993573239,-0.736637418,-2.321009209,-1.767466347
1.711565285,-0.542416878,-2.43701474,-0.736637418,-2.564689536,-1.746721952
1.711565285,-0.471151006,-0.884969487,-0.736637418,-0.783571597,-0.792479781
1.711565285,-0.471151006,0.223634265,-0.736637418,0.343393739,-0.377591881
1.711565285,-0.257353391,1.775679517,2.904649194,1.955183163,1.593125646
1.711565285,-0.542416878,0.223634265,0.173684235,0.335294166,0.32771755
1.711565285,-0.399885134,0.667075765,-0.736637418,0.875396212,-0.107914745
1.711565285,1.381761662,-0.219807236,-0.736637418,-0.131118387,-0.377591881
1.711565285,-0.399885134,1.775679517,0.173684235,1.949848958,1.281959721
-0.68832358,-0.471151006,0.445355015,-0.736637418,0.52364644,0.5351615
-0.68832358,1.239229918,-2.43701474,-0.736637418,-2.583015331,-2.078632272
-0.68832358,-0.471151006,-0.884969487,-0.736637418,-0.705383145,-0.771735386
-0.68832358,-0.328619262,0.445355015,0.173684235,0.521868532,0.5351615
-0.68832358,0.027710097,-1.550131738,-0.736637418,-1.601195396,-1.352578447
-0.68832358,-0.471151006,-0.884969487,-0.736637418,-0.703210253,-0.730246596
-0.68832358,0.17024184,0.667075765,1.994327541,0.769464496,2.609601002
-0.68832358,-0.471151006,0.667075765,1.084005888,0.769464496,0.74260545
1.659892344,-0.471151006,-1.106690237,-0.736637418,-0.829677264,-1.103645706
1.659892344,-0.471151006,-0.884969487,-0.736637418,-0.580466685,-0.916946151
1.659892344,-0.542416878,1.110517266,1.084005888,1.281071364,0.555905895
1.659892344,-0.328619262,-0.884969487,-0.736637418,-0.589950145,-1.041412521
1.659892344,-0.043555775,1.775679517,-0.736637418,1.929199021,0.929305006
1.659892344,0.098975969,0.223634265,0.173684235,0.464196589,0.223995575
1.659892344,-0.186087519,1.775679517,2.904649194,1.933940751,1.987269152
1.659892344,1.666825149,-0.219807236,-0.736637418,0.062499693,-0.502058251
1.266214493,2.236952124,-0.884969487,-0.736637418,-0.647180863,-0.896201756
1.266214493,-0.114821647,0.445355015,1.084005888,0.58732358,0.1202736
1.266214493,-0.186087519,-0.441527986,-0.736637418,-0.279317205,-0.336103091
1.266214493,-0.471151006,0.223634265,-0.736637418,0.347951464,-0.668013411
1.266214493,1.880622765,1.775679517,1.084005888,1.731705285,1.240470931
1.266214493,0.669102943,0.445355015,-0.736637418,0.603920599,0.555905895
1.266214493,-0.399885134,0.223634265,0.173684235,0.342617259,-0.17014793
1.266214493,2.593281483,1.775679517,1.994327541,1.73703949,1.800569597
-0.41952233,-0.399885134,0.667075765,1.994327541,0.901573029,1.759080807
-0.41952233,-0.542416878,0.667075765,1.084005888,0.901573029,0.49367271
-0.41952233,-0.471151006,-0.441527986,-0.736637418,-0.248301357,-0.958434941
-0.41952233,0.455305328,-0.884969487,0.173684235,-0.70352046,-0.792479781
-0.41952233,-0.471151006,0.445355015,-0.736637418,0.663232206,0.61813908
-0.41952233,-0.471151006,-1.106690237,-0.736637418,-0.957912068,-1.186623286
-0.41952233,-0.471151006,-0.219807236,-0.736637418,-0.037753412,-0.377591881
-0.41952233,-0.542416878,0.445355015,0.173684235,0.614822628,0.472928315
-0.645295223,1.809356893,0.223634265,-0.736637418,0.274015829,0.1202736
-0.645295223,0.5265712,0.667075765,-0.736637418,0.788205023,0.763349846
-0.645295223,-0.471151006,0.667075765,1.994327541,0.788205023,0.846327426
-0.645295223,2.949610843,0.445355015,1.084005888,0.529099141,0.306973155
-0.645295223,-0.471151006,-0.441527986,-0.736637418,-0.406275055,-0.813224176
-0.645295223,-0.542416878,-0.441527986,-0.736637418,-0.438142045,-0.439825066
-0.645295223,0.027710097,-1.106690237,-0.736637418,-1.067685241,-0.854712966
-0.645295223,-0.542416878,-0.219807236,-0.736637418,-0.187607307,-0.398336276
-1.148398184,3.377206074,-0.441527986,0.173684235,-0.571658069,-0.377591881
-1.148398184,-0.328619262,0.445355015,1.084005888,0.290908604,0.514417105
-1.148398184,-0.471151006,-1.328410988,-0.736637418,-1.462227153,-1.331834052
-1.148398184,0.5265712,-1.328410988,-0.736637418,-1.485736867,-1.124390101
-1.148398184,-0.471151006,0.445355015,-0.736637418,0.319555514,0.45218392
-1.148398184,-0.471151006,0.667075765,1.084005888,0.539099452,0.74260545
-1.148398184,-0.186087519,0.667075765,1.084005888,0.539099452,1.510148066
-1.148398184,2.308217996,-0.884969487,-0.736637418,-0.963365732,-0.688757806
-0.381735591,1.096698174,-0.884969487,-0.736637418,-0.910557386,-0.750990991
-0.381735591,3.020876714,0.445355015,-0.736637418,0.364325462,0.28622876
-0.381735591,-0.328619262,1.110517266,2.904649194,0.918705684,1.302704116
-0.381735591,-0.542416878,-0.441527986,-0.736637418,-0.549524535,-0.585035831
-0.381735591,-0.471151006,-0.219807236,-0.736637418,-0.306890915,-0.294614301
-0.381735591,3.092142586,1.110517266,1.084005888,0.913173987,0.680372265
-0.381735591,-0.542416878,0.223634265,-0.736637418,0.10841124,-0.08717035
-0.381735591,0.811634687,-0.441527986,-0.736637418,-0.540238085,-0.439825066
1.266272863,-0.328619262,1.775679517,1.084005888,1.727979915,1.613870041
1.266272863,-0.542416878,-0.441527986,0.173684235,-0.293984103,-0.647269016
1.266272863,0.597837072,-0.884969487,0.173684235,-0.67572421,-0.688757806
1.266272863,3.23467433,-0.884969487,-0.736637418,-0.689985527,-0.771735386
1.266272863,-0.542416878,-1.106690237,-0.736637418,-0.966971162,-0.979179336
1.266272863,-0.471151006,0.223634265,-0.736637418,0.417711352,-0.481313856
1.266272863,-0.471151006,0.445355015,0.173684235,0.524147395,0.431439525
1.266272863,1.167964046,1.775679517,0.173684235,1.734697527,1.987269152
1.6209635,1.096698174,-1.106690237,-0.736637418,-1.008000326,-1.290345262
1.6209635,2.308217996,0.667075765,1.084005888,0.883477962,0.24473997
1.6209635,0.241507712,1.775679517,1.994327541,1.910318804,1.945780362
1.6209635,1.31049579,-0.441527986,-0.736637418,-0.305287859,-0.709502201
1.6209635,1.809356893,1.775679517,1.084005888,1.910318804,0.74260545
1.6209635,-0.542416878,1.332238016,-0.736637418,1.518637633,-0.00419277
1.6209635,-0.399885134,-0.441527986,0.173684235,-0.338170246,-0.750990991
1.6209635,-0.257353391,0.667075765,-0.736637418,0.885453844,0.265484365
2.457200116,-0.542416878,1.997400267,0.173684235,2.311532568,1.551636856
2.457200116,0.384039456,-1.106690237,-0.736637418,-0.899106714,-1.124390101
2.457200116,0.241507712,1.997400267,1.084005888,2.324374352,1.987269152
2.457200116,-0.471151006,1.110517266,1.084005888,1.415648063,0.597394685
2.457200116,-0.542416878,-2.43701474,-0.736637418,-2.460459139,-1.808955137
2.457200116,2.949610843,0.223634265,-0.736637418,0.553738893,-0.626524621
2.457200116,-0.186087519,1.775679517,1.084005888,2.072045329,1.116004561
2.457200116,0.241507712,-1.106690237,-0.736637418,-0.911553033,-1.186623286
0.079423721,-0.542416878,-1.106690237,-0.736637418,-0.924120256,-1.041412521
0.079423721,-0.471151006,-1.106690237,-0.736637418,-0.938147473,-1.082901311
0.079423721,-0.471151006,-1.106690237,-0.736637418,-0.9320233,-1.165878891
0.079423721,-0.542416878,0.667075765,-0.736637418,0.862919547,0.28622876
0.079423721,-0.399885134,1.110517266,2.904649194,1.149018706,2.298435077
0.079423721,1.025432303,-1.771852488,-0.736637418,-1.575914036,-1.414811632
0.079423721,0.241507712,-0.441527986,-0.736637418,-0.333999315,-0.481313856
0.079423721,-0.471151006,1.110517266,1.994327541,1.149018706,0.867071821
0.09770907,1.809356893,0.667075765,0.173684235,0.838576995,0.182506785
0.09770907,-0.471151006,1.110517266,1.084005888,1.156489677,0.65962787
0.09770907,-0.542416878,-0.441527986,-0.736637418,-0.304867828,-0.377591881
0.09770907,-0.399885134,-0.219807236,1.084005888,-0.040545753,-0.481313856
0.09770907,-0.186087519,1.110517266,1.994327541,1.156489677,2.236201892
0.09770907,0.312773584,-1.328410988,-0.736637418,-1.267458804,-1.311089657
0.09770907,-0.114821647,0.223634265,0.173684235,0.354741329,-0.439825066
0.09770907,1.595559277,0.445355015,-0.736637418,0.617513816,-0.522802646
-1.311271655,1.381761662,0.445355015,-0.736637418,0.106450291,0.61813908
-1.311271655,-0.043555775,-1.106690237,-0.736637418,-1.312551483,-0.937690546
-1.311271655,-0.186087519,1.110517266,2.904649194,0.4603402,1.904291572
-1.311271655,-0.542416878,0.667075765,0.173684235,0.333046131,0.991538191
-1.311271655,-0.043555775,1.110517266,0.173684235,0.4603402,0.5351615
-1.311271655,-0.471151006,-0.884969487,0.173684235,-1.064651093,-0.709502201
-1.311271655,-0.471151006,-1.106690237,-0.736637418,-1.303858471,-0.937690546
-1.311271655,-0.542416878,-1.106690237,-0.736637418,-1.319862533,-1.373322842
0.116109214,-0.542416878,-1.771852488,-0.736637418,-1.899842029,-1.725977557
0.116109214,-0.114821647,-0.884969487,-0.736637418,-0.935724104,-0.502058251
0.116109214,-0.542416878,-0.441527986,-0.736637418,-0.536768009,-0.875457361
0.116109214,-0.542416878,0.667075765,0.173684235,0.386581344,0.846327426
0.116109214,-0.471151006,1.332238016,1.084005888,1.165206291,0.74260545
0.116109214,-0.257353391,-0.441527986,-0.736637418,-0.523728733,-0.999923731
0.116109214,1.880622765,1.332238016,1.994327541,1.165206291,2.319179472
0.116109214,-0.471151006,0.445355015,0.173684235,0.32388492,0.389950735
-0.811682563,-0.471151006,0.223634265,-0.736637418,0.202595566,-0.12865914
-0.811682563,1.880622765,0.223634265,-0.736637418,0.141937161,-0.107914745
-0.811682563,-0.471151006,0.667075765,0.173684235,0.700682915,0.846327426
-0.811682563,-0.328619262,0.445355015,0.173684235,0.438392598,-0.066425955
-0.811682563,-0.542416878,-1.993573239,-0.736637418,-2.257402396,-1.684488767
-0.811682563,0.882900559,-1.106690237,-0.736637418,-1.157181304,-0.813224176
-0.811682563,-0.399885134,0.667075765,1.994327541,0.705819629,1.447914881
-0.811682563,-0.471151006,0.667075765,0.173684235,0.687446147,0.929305006
0.819748835,0.17024184,0.223634265,0.173684235,0.08141411,0.389950735
0.819748835,-0.542416878,-1.993573239,-0.736637418,-2.2881774,-1.684488767
0.819748835,0.455305328,-0.884969487,-0.736637418,-0.924655411,-0.543547041
0.819748835,-0.542416878,1.775679517,1.084005888,1.515577955,1.344192906
0.819748835,-0.471151006,-1.993573239,-0.736637418,-2.307932843,-1.684488767
0.819748835,-0.043555775,1.775679517,1.994327541,1.515577955,2.671834187
0.819748835,-0.542416878,-0.441527986,-0.736637418,-0.547316481,-0.626524621
0.819748835,-0.399885134,-0.219807236,-0.736637418,-0.287142216,0.1202736
0.913173778,-0.542416878,-0.884969487,-0.736637418,-0.710595483,-0.668013411
0.913173778,1.025432303,-1.993573239,-0.736637418,-2.031108091,-1.725977557
0.913173778,-0.399885134,1.332238016,1.994327541,1.56282763,1.634614436
0.913173778,-0.542416878,0.667075765,0.173684235,0.9833067,0.16176239
0.913173778,-0.542416878,0.223634265,-0.736637418,0.478211282,0.28622876
0.913173778,-0.542416878,0.223634265,-0.736637418,0.519310291,-0.149403535
0.913173778,-0.328619262,0.445355015,0.173684235,0.74141825,-0.17014793
0.913173778,-0.257353391,1.332238016,1.994327541,1.56282763,1.281959721
-0.727904221,3.092142586,-1.328410988,-0.736637418,-1.146181492,-1.186623286
-0.727904221,-0.471151006,-0.441527986,-0.736637418,-0.267712393,-0.502058251
-0.727904221,-0.257353391,-0.219807236,0.173684235,0.011753931,-0.21163672
-0.727904221,-0.542416878,-0.219807236,-0.736637418,0.05284716,0.03729602
-0.727904221,0.455305328,0.445355015,0.173684235,0.718054487,0.306973155
-0.727904221,-0.471151006,0.445355015,1.084005888,0.747295317,1.157493351
-0.727904221,0.954166431,-1.328410988,-0.736637418,-1.218505883,-1.186623286
-0.727904221,-0.471151006,0.445355015,1.084005888,0.741763138,0.784094241
-1.696290329,-0.471151006,0.223634265,0.173684235,-0.050043664,0.182506785
-1.696290329,-0.399885134,0.445355015,1.084005888,0.267816513,1.219726536
-1.696290329,-0.471151006,0.445355015,0.173684235,0.262087324,0.16176239
-1.696290329,-0.114821647,-0.884969487,-0.736637418,-1.000725402,-0.626524621
-1.696290329,-0.471151006,0.445355015,0.173684235,0.21842622,0.555905895
-1.696290329,-0.471151006,-1.106690237,-0.736637418,-1.209031575,-0.709502201
-1.696290329,-0.542416878,-1.328410988,-0.736637418,-1.469049291,-1.290345262
-1.696290329,-0.399885134,0.223634265,0.173684235,-0.018039394,0.431439525
0.469525441,-0.542416878,-0.219807236,0.173684235,-0.160915566,-0.605780226
0.469525441,-0.471151006,-0.219807236,-0.736637418,-0.086399016,-0.398336276
0.469525441,-0.328619262,1.110517266,0.173684235,1.116114644,0.721861055
0.469525441,-0.542416878,-0.441527986,-0.736637418,-0.38072106,-0.937690546
0.469525441,3.947333048,1.332238016,1.084005888,1.342980711,1.157493351
0.469525441,1.096698174,1.332238016,1.994327541,1.342980711,1.987269152
0.469525441,-0.328619262,-2.65873549,-0.736637418,-2.890329446,-1.954165902
0.469525441,-0.542416878,-0.884969487,-0.736637418,-0.791570497,-0.979179336
-1.292807305,-0.471151006,-0.441527986,-0.736637418,-0.623805058,-0.253125511
-1.292807305,-0.471151006,-0.219807236,0.173684235,-0.39126616,-0.460569461
-1.292807305,-0.471151006,0.445355015,-0.736637418,0.232078684,0.265484365
-1.292807305,6.797967922,-1.771852488,-0.736637418,-1.943100442,-1.497789212
-1.292807305,0.17024184,0.667075765,1.084005888,0.467611752,0.41069513
-1.292807305,-0.399885134,0.667075765,1.994327541,0.467611752,0.638883475
-1.292807305,1.666825149,0.223634265,-0.736637418,-0.002596016,0.182506785
-1.292807305,0.740368815,-0.219807236,-0.736637418,-0.400562244,0.03729602
-0.853675827,-0.471151006,-0.884969487,-0.736637418,-0.905874903,-0.771735386
-0.853675827,-0.471151006,-0.441527986,0.173684235,-0.539965932,-0.377591881
-0.853675827,-0.542416878,0.667075765,-0.736637418,0.662648401,1.012282586
-0.853675827,-0.471151006,-0.219807236,1.084005888,-0.293279394,-0.08717035
-0.853675827,-0.471151006,0.667075765,1.084005888,0.677967985,0.431439525
-0.853675827,-0.542416878,-1.106690237,-0.736637418,-1.191972136,-1.248856472
-0.853675827,3.092142586,0.223634265,-0.736637418,0.103095338,0.016551625
-0.853675827,0.098975969,0.667075765,0.173684235,0.68502615,1.240470931
0.853504158,-0.542416878,-0.884969487,-0.736637418,-0.933563255,-0.833968571
0.853504158,-0.399885134,1.775679517,2.904649194,1.530323368,1.821313992
0.853504158,3.020876714,-1.106690237,-0.736637418,-1.195273621,-0.979179336
0.853504158,-0.542416878,0.223634265,-0.736637418,0.112998348,-0.024937165
0.853504158,0.027710097,0.223634265,-0.736637418,0.118332072,0.20325118
0.853504158,2.379483868,0.445355015,1.084005888,0.357978268,0.348461945
0.853504158,0.241507712,0.667075765,1.084005888,0.583970554,0.472928315
0.853504158,0.027710097,1.775679517,1.084005888,1.522223314,1.053771376
-1.16488574,-0.471151006,0.888796516,1.084005888,0.534663593,1.613870041
-1.16488574,-0.542416878,-0.884969487,-0.736637418,-0.903646136,-0.875457361
-1.16488574,-0.542416878,-0.219807236,-0.736637418,-0.31691242,-0.315358696
-1.16488574,-0.471151006,0.667075765,0.173684235,0.481202078,0.597394685
-1.16488574,-0.257353391,0.888796516,-0.736637418,0.534663593,0.41069513
-1.16488574,0.882900559,-0.219807236,0.173684235,-0.271465219,-0.315358696
-1.16488574,-0.471151006,0.223634265,1.084005888,0.058911604,-0.107914745
-1.16488574,-0.471151006,-1.328410988,-0.736637418,-1.457733492,-1.331834052
0.459456631,-0.542416878,-0.219807236,0.173684235,0.122108501,-0.377591881
0.459456631,-0.399885134,0.223634265,-0.736637418,0.549298218,0.058040415
0.459456631,0.098975969,-0.441527986,-0.736637418,-0.17866141,-0.730246596
0.459456631,-0.471151006,-0.219807236,-0.736637418,0.146873492,-0.253125511
0.459456631,1.666825149,1.110517266,1.994327541,1.335211094,2.090991127
0.459456631,0.098975969,1.110517266,1.084005888,1.333038684,1.012282586
0.459456631,-0.542416878,-1.328410988,-0.736637418,-1.16411423,-1.207367681
0.459456631,-0.542416878,0.667075765,0.173684235,1.043717036,0.28622876
-2.729193679,3.591003689,-1.328410988,-0.736637418,-1.485222425,-1.248856472
-2.729193679,1.595559277,-0.884969487,-0.736637418,-1.018449088,-0.916946151
-2.729193679,3.662269561,0.001913514,1.994327541,-0.240492723,0.61813908
-2.729193679,-0.186087519,0.001913514,0.173684235,-0.363978572,0.5351615
-2.729193679,0.027710097,-0.219807236,-0.736637418,-0.405559268,-0.273869906
-2.729193679,0.17024184,0.001913514,0.173684235,-0.240492723,0.555905895
-2.729193679,-0.542416878,-0.219807236,-0.736637418,-0.384221482,-0.460569461
-2.729193679,-0.471151006,-0.441527986,-0.736637418,-0.629485597,-0.626524621
1.738487437,-0.471151006,0.445355015,-0.736637418,0.392600509,0.16176239
1.738487437,2.664547355,0.445355015,0.173684235,0.39358845,-0.066425955
1.738487437,-0.328619262,0.667075765,1.084005888,0.629554554,0.49367271
1.738487437,-0.399885134,1.997400267,-0.736637418,1.962780336,1.116004561
1.738487437,-0.399885134,-0.884969487,-0.736637418,-0.885241826,-1.020668126
1.738487437,-0.328619262,1.997400267,2.904649194,1.970090423,2.132479917
1.738487437,-0.186087519,-0.441527986,-0.736637418,-0.508357127,-0.315358696
1.738487437,-0.043555775,-1.771852488,-0.736637418,-1.787400308,-1.705233162
0.967290474,2.379483868,-0.219807236,1.084005888,-0.203697109,-0.398336276
0.967290474,-0.471151006,1.775679517,1.084005888,1.584289691,1.468659276
0.967290474,0.241507712,-1.106690237,-0.736637418,-1.09795351,-1.020668126
0.967290474,-0.471151006,-0.884969487,-0.736637418,-0.787769502,-0.896201756
0.967290474,-0.542416878,-0.884969487,-0.736637418,-0.787769502,-0.709502201
0.967290474,0.241507712,-0.219807236,0.173684235,-0.20942678,-0.12865914
0.967290474,-0.328619262,0.223634265,-0.736637418,0.203442372,-0.08717035
0.967290474,-0.399885134,1.775679517,1.084005888,1.586660556,1.842058387
1.179683036,-0.471151006,-1.328410988,-0.736637418,-1.38071554,-1.145134496
1.179683036,-0.471151006,1.775679517,1.084005888,1.686481587,1.323448511
1.179683036,-0.399885134,1.775679517,1.084005888,1.691815793,1.489403671
1.179683036,-0.471151006,1.110517266,1.084005888,1.050980882,1.302704116
1.179683036,-0.542416878,-0.219807236,0.173684235,-0.207335294,-0.460569461
1.179683036,-0.542416878,-1.106690237,-0.736637418,-1.133054067,-1.082901311
1.179683036,-0.542416878,-1.106690237,-0.736637418,-1.084335246,-1.124390101
1.179683036,-0.471151006,-0.219807236,-0.736637418,-0.201114783,-0.21163672
-1.511224616,0.954166431,0.223634265,-0.736637418,0.082954546,-0.149403535
-1.511224616,-0.542416878,-0.441527986,-0.736637418,-0.614387108,-0.419080671
-1.511224616,-0.471151006,-1.993573239,-0.736637418,-2.300183457,-1.580766792
-1.511224616,-0.471151006,-0.884969487,-0.736637418,-0.978471447,-1.020668126
-1.511224616,1.025432303,-0.884969487,-0.736637418,-0.970963868,-0.750990991
-1.511224616,-0.399885134,-0.441527986,-0.736637418,-0.583369333,-0.543547041
-1.511224616,1.167964046,0.445355015,1.084005888,0.359438744,0.20325118
-1.511224616,-0.257353391,0.445355015,1.994327541,0.359438744,2.090991127
0.472191001,0.241507712,1.332238016,1.994327541,1.342304422,0.950049401
0.472191001,-0.471151006,0.445355015,0.173684235,0.524518294,0.65962787
0.472191001,-0.471151006,1.332238016,0.173684235,1.342304422,0.721861055
0.472191001,-0.542416878,-0.884969487,-0.736637418,-0.793196192,-0.730246596
0.472191001,-0.328619262,-0.219807236,-0.736637418,-0.160718074,-0.377591881
0.472191001,0.027710097,0.445355015,-0.736637418,0.505946839,-0.04568156
0.472191001,-0.399885134,-0.219807236,-0.736637418,-0.145098399,-0.294614301
0.472191001,2.308217996,1.110517266,1.084005888,1.093980147,0.41069513
-1.038885519,-0.471151006,-1.106690237,-0.736637418,-1.082130563,-0.730246596
-1.038885519,0.954166431,0.667075765,1.084005888,0.593313362,1.925035967
-1.038885519,1.809356893,-1.328410988,-0.736637418,-1.366007699,-1.560022397
-1.038885519,-0.542416878,-0.884969487,0.173684235,-0.83369261,-0.792479781
-1.038885519,-0.399885134,-0.219807236,1.084005888,-0.288077652,-0.460569461
-1.038885519,-0.542416878,-1.328410988,-0.736637418,-1.324321513,-1.456300422
-1.038885519,-0.542416878,0.445355015,-0.736637418,0.355593916,0.784094241
-1.038885519,-0.542416878,0.667075765,1.084005888,0.593313362,0.846327426
-0.210046317,-0.257353391,-0.219807236,-0.736637418,-0.26580443,-0.668013411
-0.210046317,-0.471151006,-1.771852488,-0.736637418,-1.846086204,-1.456300422
-0.210046317,-0.471151006,-0.884969487,-0.736637418,-0.906874886,-0.668013411
-0.210046317,0.027710097,1.110517266,1.084005888,1.005252376,0.65962787
-0.210046317,-0.257353391,1.110517266,1.084005888,1.011969987,2.008013547
-0.210046317,3.519737817,0.223634265,1.084005888,0.176739553,-0.00419277
-0.210046317,-0.542416878,0.667075765,-0.736637418,0.694821262,0.20325118
-0.210046317,0.811634687,-0.441527986,-0.736637418,-0.539350817,-0.356847486
1.743534489,-0.043555775,1.997400267,1.994327541,1.970999849,2.319179472
1.743534489,-0.257353391,-0.441527986,0.173684235,-0.570395084,-0.647269016
1.743534489,-0.471151006,-1.106690237,0.173684235,-1.214452002,-1.103645706
1.743534489,-0.471151006,-1.771852488,-0.736637418,-1.873768775,-1.497789212
1.743534489,2.522015611,-1.328410988,-0.736637418,-1.457211825,-1.269600867
1.743534489,1.167964046,0.223634265,-0.736637418,0.093034335,0.058040415
1.743534489,-0.471151006,1.997400267,-0.736637418,1.970999849,1.198982141
1.743534489,-0.328619262,1.775679517,0.173684235,1.693106715,0.908560611
-1.616480168,-0.471151006,-0.884969487,-0.736637418,-1.001866038,-0.896201756
-1.616480168,-0.471151006,0.223634265,0.173684235,0.126088202,0.099529205
-1.616480168,0.455305328,-0.441527986,-0.736637418,-0.601561219,-0.439825066
-1.616480168,-0.257353391,-1.106690237,-0.736637418,-1.216324803,-1.041412521
-1.616480168,1.239229918,0.667075765,1.994327541,0.307229135,0.929305006
-1.616480168,-0.542416878,-1.106690237,-0.736637418,-1.214546413,-1.041412521
-1.616480168,-0.471151006,0.445355015,0.173684235,0.172024315,0.5351615
-1.616480168,0.17024184,0.667075765,-0.736637418,0.307229135,1.074515771
2.380103184,-0.542416878,-0.884969487,-0.736637418,-0.499545139,-0.668013411
2.380103184,-0.399885134,1.997400267,1.994327541,2.288953955,1.883547177
2.380103184,1.595559277,-0.441527986,-0.736637418,-0.081914989,-0.626524621
2.380103184,1.096698174,-0.441527986,-0.736637418,-0.120639761,-1.041412521
2.380103184,1.31049579,0.223634265,0.173684235,0.66230255,-0.605780226
2.380103184,1.025432303,-1.771852488,-0.736637418,-1.64314651,-1.601511187
2.380103184,0.312773584,1.997400267,0.173684235,2.288953955,1.281959721
2.380103184,0.17024184,1.775679517,1.994327541,2.26950053,1.738336411
-1.329524901,-0.542416878,0.667075765,1.084005888,0.442875662,0.887816216
-1.329524901,1.025432303,-1.106690237,-0.736637418,-1.344670876,-0.771735386
-1.329524901,-0.542416878,0.667075765,1.084005888,0.436356024,0.721861055
-1.329524901,-0.542416878,-1.328410988,-0.736637418,-1.58405118,-1.228112076
-1.329524901,-0.328619262,0.223634265,-0.736637418,-0.043912748,0.141017995
-1.329524901,0.098975969,-0.441527986,-0.736637418,-0.715322281,-0.854712966
-1.329524901,-0.399885134,0.667075765,1.084005888,0.449395782,1.178237746
-1.329524901,-0.542416878,0.223634265,-0.736637418,-0.058137938,0.141017995
1.035937388,-0.186087519,-1.328410988,-0.736637418,-1.02043653,-1.684488767
1.035937388,-0.471151006,1.332238016,1.084005888,1.620648415,1.157493351
1.035937388,2.236952124,-0.219807236,-0.736637418,0.192960374,-0.398336276
1.035937388,-0.542416878,-0.219807236,0.173684235,0.198295061,-0.377591881
1.035937388,-0.471151006,1.110517266,0.173684235,1.393554991,0.45218392
1.035937388,0.954166431,0.445355015,-0.736637418,0.836922881,0.61813908
1.035937388,-0.471151006,1.332238016,0.173684235,1.620648415,0.61813908
1.035937388,-0.542416878,0.445355015,0.173684235,0.840677152,-0.253125511
1.203264483,-0.542416878,1.775679517,0.173684235,1.703500564,0.825583031
1.203264483,-0.542416878,-1.328410988,-0.736637418,-1.34763229,-1.394067237
1.203264483,0.312773584,1.332238016,1.084005888,1.328688084,0.555905895
1.203264483,-0.471151006,1.775679517,1.994327541,1.703500564,2.215457497
1.203264483,0.954166431,-1.328410988,-0.736637418,-1.348422257,-1.228112076
1.203264483,-0.542416878,-1.106690237,-0.736637418,-1.06400804,-0.979179336
1.203264483,-0.328619262,0.445355015,1.084005888,0.476285014,0.20325118
1.203264483,0.740368815,-0.219807236,-0.736637418,-0.198118688,-0.149403535
-1.257583005,-0.542416878,0.667075765,0.173684235,0.320515998,0.950049401
-1.257583005,-0.399885134,0.888796516,1.084005888,0.485031974,1.447914881
-1.257583005,-0.399885134,-0.884969487,-0.736637418,-0.950869318,-1.041412521
-1.257583005,-0.471151006,-1.328410988,-0.736637418,-1.463814313,-1.373322842
-1.257583005,-0.471151006,0.445355015,0.173684235,0.206761198,0.49367271
-1.257583005,0.241507712,0.888796516,-0.736637418,0.485031974,0.804838636
-1.257583005,4.374928279,-1.328410988,-0.736637418,-1.48656248,-1.352578447
-1.257583005,-0.186087519,-0.441527986,0.173684235,-0.607323163,-0.564291436
-0.029296087,-0.542416878,0.223634265,0.173684235,0.250460837,-0.00419277
-0.029296087,-0.542416878,-0.441527986,-0.736637418,-0.444434326,-0.21163672
-0.029296087,-0.471151006,1.110517266,1.084005888,1.093200777,0.970793796
-0.029296087,-0.542416878,1.110517266,0.173684235,1.086860808,1.095260166
-0.029296087,-0.471151006,-1.106690237,-0.736637418,-1.089452692,-1.124390101
-0.029296087,-0.542416878,0.445355015,0.173684235,0.559241689,0.49367271
-0.029296087,2.308217996,-0.441527986,-0.736637418,-0.407939767,-0.294614301
-0.029296087,0.312773584,-0.441527986,0.173684235,-0.424495842,-0.502058251
-0.103161271,-0.542416878,-0.884969487,-0.736637418,-0.83415503,-0.750990991
-0.103161271,-0.471151006,-1.328410988,-0.736637418,-1.347257056,-1.456300422
-0.103161271,-0.471151006,0.223634265,-0.736637418,0.153078589,-0.024937165
-0.103161271,-0.471151006,1.332238016,1.084005888,1.056526066,1.157493351
-0.103161271,1.666825149,1.110517266,1.084005888,0.987061935,0.24473997
-0.103161271,-0.471151006,-0.219807236,0.173684235,-0.213019686,-0.543547041
-0.103161271,2.878344971,0.223634265,-0.736637418,0.147744383,0.182506785
-0.103161271,-0.471151006,1.332238016,0.173684235,1.056526066,0.597394685
-0.504501146,-0.471151006,0.667075765,1.084005888,0.857909035,1.966524757
-0.504501146,1.025432303,-0.219807236,-0.736637418,0.04565894,-0.377591881
-0.504501146,-0.257353391,0.223634265,-0.736637418,0.417816841,-0.356847486
-0.504501146,-0.542416878,-0.884969487,-0.736637418,-0.632776967,-0.626524621
-0.504501146,2.878344971,0.667075765,0.173684235,0.857909035,0.61813908
-0.504501146,3.092142586,-0.884969487,-0.736637418,-0.613020561,-0.709502201
-0.504501146,-0.471151006,-1.328410988,-0.736637418,-1.13774522,-1.394067237
-0.504501146,-0.542416878,0.445355015,1.994327541,0.658241925,0.555905895
0.307696792,-0.399885134,1.110517266,1.994327541,1.260068832,1.655358831
0.307696792,0.882900559,-1.106690237,-0.736637418,-0.907059372,-0.875457361
0.307696792,1.381761662,0.445355015,1.084005888,0.650913052,0.058040415
0.307696792,-0.471151006,1.110517266,0.173684235,1.260068832,0.74260545
0.307696792,-0.471151006,-0.441527986,-0.736637418,-0.29078329,-0.502058251
0.307696792,-0.399885134,-0.219807236,-0.736637418,0.004793549,-0.253125511
0.307696792,-0.186087519,0.445355015,-0.736637418,0.442348696,0.57665029
0.307696792,-0.328619262,-1.106690237,-0.736637418,-0.865556228,-0.896201756
0.201652273,-0.399885134,-0.884969487,-0.736637418,-0.553891031,-0.564291436
0.201652273,-0.471151006,1.110517266,0.173684235,1.207503256,1.116004561
0.201652273,-0.471151006,-1.328410988,-0.736637418,-1.134129193,-1.435556027
0.201652273,-0.542416878,-0.884969487,-0.736637418,-0.578389167,-0.668013411
0.201652273,0.811634687,1.110517266,0.173684235,1.207503256,2.028757942
0.201652273,-0.542416878,-0.663248737,-0.736637418,-0.521293322,-0.668013411
0.201652273,-0.542416878,-1.771852488,-0.736637418,-1.594037041,-1.414811632
0.201652273,-0.542416878,0.667075765,1.994327541,0.991979963,0.57665029
0.397434702,-0.542416878,-0.884969487,-0.736637418,-0.687931131,-0.792479781
0.397434702,-0.399885134,-1.106690237,-0.736637418,-0.94165223,-0.979179336
0.397434702,-0.471151006,0.445355015,0.173684235,0.583756203,0.431439525
0.397434702,-0.542416878,-0.441527986,-0.736637418,-0.331467566,-0.336103091
0.397434702,-0.471151006,0.445355015,0.173684235,0.541871562,-0.024937165
0.397434702,-0.471151006,1.332238016,0.173684235,1.304502563,0.825583031
0.397434702,-0.542416878,-0.219807236,0.173684235,-0.107504629,-0.668013411
0.397434702,-0.257353391,1.332238016,2.904649194,1.304502563,1.800569597
-2.033375627,-0.399885134,0.445355015,1.084005888,0.104468629,0.74260545
-2.033375627,2.522015611,-0.884969487,-0.736637418,-1.095956435,-0.460569461
-2.033375627,-0.186087519,-0.219807236,-0.736637418,-0.460808806,-0.08717035
-2.033375627,-0.257353391,0.445355015,2.904649194,0.104468629,1.613870041
-2.033375627,-0.542416878,-0.219807236,-0.736637418,-0.460611314,0.24473997
-2.033375627,-0.542416878,-1.106690237,-0.736637418,-1.342734011,-0.937690546
-2.033375627,1.025432303,-0.219807236,-0.736637418,-0.477553221,-0.107914745
-2.033375627,-0.542416878,-0.441527986,-0.736637418,-0.753789351,-0.668013411
-1.208060022,-0.542416878,0.445355015,0.173684235,0.506200688,0.41069513
-1.208060022,-0.399885134,-0.219807236,-0.736637418,-0.149642156,-0.190892325
-1.208060022,0.455305328,0.445355015,1.994327541,0.510941936,1.634614436
-1.208060022,2.807079099,0.445355015,1.084005888,0.510941936,0.45218392
-1.208060022,1.381761662,-0.219807236,-0.736637418,-0.167818146,-0.356847486
-1.208060022,-0.542416878,-0.219807236,-0.736637418,-0.126527425,-0.564291436
-1.208060022,-0.399885134,-0.441527986,-0.736637418,-0.382349645,-0.460569461
-1.208060022,-0.328619262,-0.884969487,-0.736637418,-0.833272097,-0.854712966
1.029308511,-0.399885134,-1.771852488,-0.736637418,-1.775564768,-1.580766792
1.029308511,0.241507712,1.775679517,0.173684235,1.617371978,1.198982141
1.029308511,-0.542416878,0.445355015,-0.736637418,0.467625721,0.20325118
1.029308511,-0.471151006,0.667075765,-0.736637418,0.707460738,0.431439525
1.029308511,-0.328619262,1.775679517,3.814970847,1.617371978,2.215457497
1.029308511,0.027710097,-1.328410988,-0.736637418,-1.38771542,-1.394067237
1.029308511,0.882900559,-0.884969487,1.084005888,-0.85348418,-0.896201756
1.029308511,-0.542416878,0.667075765,-0.736637418,0.707065754,0.20325118
0.838977831,-0.542416878,0.667075765,-0.736637418,0.898549959,0.058040415
0.838977831,-0.471151006,0.445355015,-0.736637418,0.643304319,-0.024937165
0.838977831,0.5265712,1.110517266,1.084005888,1.261634316,1.074515771
0.838977831,-0.186087519,-0.884969487,-0.736637418,-0.704662059,-1.103645706
0.838977831,-0.471151006,1.332238016,0.173684235,1.508700423,1.033026981
0.838977831,-0.471151006,0.667075765,0.173684235,0.896574078,0.74260545
0.838977831,-0.471151006,-2.43701474,-0.736637418,-2.424365343,-2.078632272
0.838977831,-0.399885134,1.332238016,1.084005888,1.525494934,1.655358831
-0.827529995,0.669102943,0.667075765,1.084005888,0.697974869,0.223995575
-0.827529995,-0.114821647,0.667075765,1.994327541,0.697974869,1.427170486
-0.827529995,-0.328619262,-0.219807236,0.173684235,-0.166404393,0.016551625
-0.827529995,-0.542416878,0.445355015,-0.736637418,0.461919171,0.5351615
-0.827529995,0.597837072,-0.441527986,-0.736637418,-0.413108754,-0.481313856
-0.827529995,-0.542416878,-0.884969487,-0.736637418,-0.757599497,-0.605780226
-0.827529995,1.666825149,-1.106690237,-0.736637418,-1.031875641,-0.833968571
-0.827529995,3.020876714,-0.884969487,0.173684235,-0.80569646,-0.709502201
-0.908842208,4.232396536,0.667075765,1.084005888,0.660196612,1.883547177
-0.908842208,-0.542416878,-0.441527986,-0.736637418,-0.295588121,-0.668013411
-0.908842208,-0.399885134,-0.441527986,-0.736637418,-0.329660275,-0.460569461
-0.908842208,-0.471151006,0.667075765,0.173684235,0.660196612,0.929305006
-0.908842208,0.455305328,0.223634265,1.084005888,0.328894468,0.141017995
-0.908842208,-0.471151006,0.445355015,-0.736637418,0.598006923,0.1202736
-0.908842208,-0.471151006,-0.884969487,-0.736637418,-0.724006141,-1.124390101
-0.908842208,-0.542416878,-1.993573239,-0.736637418,-2.119591647,-1.601511187
-0.796560863,1.595559277,0.223634265,0.173684235,0.441800536,0.03729602
-0.796560863,-0.328619262,-0.884969487,-0.736637418,-0.642817258,-1.082901311
-0.796560863,1.524293406,-0.884969487,-0.736637418,-0.586398183,-0.585035831
-0.796560863,0.312773584,0.445355015,-0.736637418,0.708170263,0.70111666
-0.796560863,1.880622765,-0.884969487,-0.736637418,-0.607551964,-0.688757806
-0.796560863,0.027710097,0.445355015,1.994327541,0.713306977,1.364937301
-0.796560863,-0.542416878,0.445355015,0.173684235,0.707182322,0.5351615
-0.796560863,-0.114821647,-0.441527986,0.173684235,-0.213596266,-0.522802646
-0.809096775,0.027710097,0.667075765,0.173684235,0.709860504,0.389950735
-0.809096775,2.45074974,-0.884969487,-0.736637418,-0.818529093,-0.958434941
-0.809096775,1.809356893,-0.219807236,1.084005888,-0.144559873,-0.107914745
-0.809096775,-0.399885134,0.223634265,-0.736637418,0.249051901,0.07878481
-0.809096775,-0.471151006,0.445355015,-0.736637418,0.470343882,0.24473997
-0.809096775,2.379483868,0.667075765,1.994327541,0.709860504,1.655358831
-0.809096775,3.020876714,-0.884969487,-0.736637418,-0.820899958,-0.896201756
-0.809096775,1.666825149,-1.328410988,-0.736637418,-1.367842446,-1.290345262
-0.434930042,-0.471151006,1.110517266,1.084005888,0.893150244,0.265484365
-0.434930042,0.17024184,0.223634265,-0.736637418,0.204282916,0.16176239
-0.434930042,-0.186087519,0.667075765,-0.736637418,0.7762428,-0.149403535
-0.434930042,-0.471151006,-0.219807236,-0.736637418,-0.222028203,-0.647269016
-0.434930042,-0.542416878,1.110517266,1.994327541,0.893150244,1.966524757
-0.434930042,-0.542416878,-2.43701474,-0.736637418,-2.574584357,-1.891932717
-0.434930042,-0.542416878,0.223634265,-0.736637418,0.214950846,-0.336103091
-0.434930042,1.025432303,-0.219807236,-0.736637418,-0.179515441,0.058040415
0.119558876,-0.043555775,1.110517266,1.994327541,1.166915317,1.904291572
0.119558876,-0.542416878,-0.884969487,-0.736637418,-0.735861911,-0.937690546
0.119558876,3.876067177,1.110517266,-0.736637418,1.166915317,0.431439525
0.119558876,1.595559277,-0.884969487,0.173684235,-0.718081868,-1.041412521
0.119558876,-0.399885134,0.445355015,0.173684235,0.552023123,0.16176239
0.119558876,-0.471151006,-1.106690237,-0.736637418,-1.008215159,-0.854712966
0.119558876,-0.542416878,-0.219807236,-0.736637418,-0.129313023,-0.294614301
0.119558876,-0.114821647,0.223634265,0.173684235,0.307334143,0.016551625
-0.555674052,-0.471151006,-0.219807236,-0.736637418,-0.187606825,0.058040415
-0.555674052,-0.471151006,0.667075765,3.814970847,0.834752398,0.867071821
-0.555674052,-0.471151006,0.667075765,0.173684235,0.818947273,0.65962787
-0.555674052,-0.542416878,0.445355015,-0.736637418,0.560962277,0.306973155
-0.555674052,-0.542416878,-0.441527986,-0.736637418,-0.441735914,-0.647269016
-0.555674052,-0.542416878,-2.43701474,-0.736637418,-2.610237891,-1.746721952
-0.555674052,-0.471151006,-0.884969487,-0.736637418,-0.831151228,-0.709502201
-0.555674052,-0.542416878,0.223634265,-0.736637418,0.250722875,-0.273869906
-1.742132116,2.379483868,0.445355015,1.994327541,0.245651189,1.116004561
-1.742132116,-0.542416878,-0.441527986,-0.736637418,-0.473560033,-0.709502201
-1.742132116,3.163408458,0.223634265,-0.736637418,0.203280043,-0.294614301
-1.742132116,-0.399885134,0.223634265,-0.736637418,0.230939975,0.03729602
-1.742132116,-0.114821647,-0.219807236,-0.736637418,-0.246651578,-0.273869906
-1.742132116,-0.257353391,0.223634265,0.173684235,0.184708588,0.03729602
-1.742132116,0.312773584,0.445355015,0.173684235,0.245651189,0.45218392
-1.742132116,-0.542416878,-0.884969487,-0.736637418,-0.932252584,-0.875457361
-1.16263558,0.027710097,0.667075765,2.904649194,0.532049957,1.281959721
-1.16263558,-0.542416878,-0.219807236,-0.736637418,-0.367839296,-0.273869906
-1.16263558,-0.471151006,0.223634265,-0.736637418,0.040397469,0.306973155
-1.16263558,3.947333048,-2.65873549,-0.736637418,-3.120651138,-2.078632272
-1.16263558,-0.542416878,0.667075765,-0.736637418,0.529481601,0.431439525
-1.16263558,-0.542416878,0.445355015,1.084005888,0.281977158,0.472928315
-1.16263558,-0.471151006,-0.441527986,-0.736637418,-0.603982661,-0.273869906
-1.16263558,-0.542416878,-0.219807236,-0.736637418,-0.353362664,-0.294614301
1.157895492,-0.471151006,1.997400267,2.904649194,1.681037557,2.941511323
1.157895492,1.595559277,0.445355015,1.084005888,0.249656419,0.182506785
1.157895492,-0.542416878,-1.106690237,-0.736637418,-1.299906227,-1.207367681
1.157895492,1.738091021,-0.441527986,0.173684235,-0.65611231,-0.502058251
1.157895492,-0.186087519,1.997400267,-0.736637418,1.681037557,1.427170486
1.157895492,3.163408458,-0.219807236,-0.736637418,-0.395478034,-0.585035831
1.157895492,-0.471151006,-1.771852488,-0.736637418,-1.958252399,-1.414811632
1.157895492,-0.471151006,0.667075765,0.173684235,0.500207534,0.182506785
0.59744506,-0.399885134,-0.219807236,-0.736637418,-0.365615827,-0.398336276
0.59744506,-0.257353391,1.775679517,1.084005888,1.407415063,1.966524757
0.59744506,-0.399885134,1.775679517,1.994327541,1.394374823,1.676103226
0.59744506,1.809356893,1.110517266,0.173684235,0.800849316,0.5351615
0.59744506,-0.471151006,0.445355015,0.173684235,0.262003992,-0.190892325
0.59744506,-0.471151006,-1.328410988,-0.736637418,-1.528933143,-1.394067237
0.59744506,-0.542416878,-0.219807236,-0.736637418,-0.365023352,-0.066425955
0.59744506,-0.186087519,-1.106690237,-0.736637418,-1.181550348,-1.124390101
-0.236404226,-0.471151006,0.667075765,0.173684235,0.678746392,0.908560611
-0.236404226,-0.328619262,-0.884969487,-0.736637418,-0.86616508,-0.771735386
-0.236404226,1.239229918,1.110517266,1.994327541,0.994219809,0.950049401
-0.236404226,-0.542416878,-0.219807236,-0.736637418,-0.262613733,-0.21163672
-0.236404226,-0.542416878,-0.219807236,0.173684235,-0.198595077,-0.605780226
-0.236404226,-0.542416878,-0.884969487,-0.736637418,-0.877821432,-0.771735386
-0.236404226,-0.114821647,0.667075765,0.173684235,0.700479161,0.41069513
-0.236404226,-0.399885134,1.110517266,1.084005888,0.994219809,1.323448511
0.433939249,-0.542416878,-1.106690237,-0.736637418,-1.056666162,-0.999923731
0.433939249,1.025432303,-0.441527986,-0.736637418,-0.339121578,-0.626524621
0.433939249,0.17024184,1.332238016,2.904649194,1.322426149,2.817044953
0.433939249,-0.542416878,-0.884969487,-0.736637418,-0.773395952,-0.833968571
0.433939249,-0.257353391,1.332238016,2.904649194,1.322426149,1.012282586
0.433939249,1.025432303,0.445355015,-0.736637418,0.520824234,-0.17014793
0.433939249,-0.542416878,0.223634265,-0.736637418,0.27116424,-0.190892325
0.433939249,-0.542416878,-0.884969487,0.173684235,-0.783076423,-0.854712966
0.987803608,-0.471151006,-0.219807236,-0.736637418,-0.404346379,-0.543547041
0.987803608,-0.471151006,1.110517266,1.084005888,0.779614611,0.49367271
0.987803608,-0.328619262,-0.441527986,0.173684235,-0.654452897,-0.522802646
0.987803608,-0.399885134,1.997400267,0.173684235,1.598398313,0.825583031
0.987803608,0.882900559,-1.328410988,-0.736637418,-1.520828754,-1.269600867
0.987803608,-0.471151006,1.997400267,1.994327541,1.598398313,2.900022533
0.987803608,-0.542416878,-1.328410988,-0.736637418,-1.508184943,-1.186623286
0.987803608,-0.471151006,0.223634265,1.084005888,-0.030551704,-0.00419277
-0.308975544,-0.542416878,-0.219807236,-0.736637418,-0.022882279,-0.336103091
-0.308975544,-0.542416878,0.667075765,1.084005888,0.954732044,0.763349846
-0.308975544,-0.399885134,0.667075765,1.994327541,0.954732044,1.385681696
-0.308975544,0.882900559,-0.219807236,-0.736637418,-0.011225445,-0.149403535
-0.308975544,-0.542416878,-1.106690237,-0.736637418,-0.95907438,-0.896201756
-0.308975544,-0.257353391,0.223634265,0.173684235,0.407775105,0.41069513
-0.308975544,1.666825149,-0.884969487,0.173684235,-0.635546187,-0.792479781
-0.308975544,-0.542416878,0.223634265,-0.736637418,0.382880058,-0.00419277
0.314582497,3.947333048,1.332238016,2.904649194,1.263479179,2.049502337
0.314582497,-0.471151006,-1.328410988,-0.736637418,-1.355911532,-1.394067237
0.314582497,-0.471151006,0.445355015,0.173684235,0.386556778,0.61813908
0.314582497,-0.328619262,-1.106690237,-0.736637418,-1.095054716,-1.207367681
0.314582497,-0.399885134,-0.884969487,0.173684235,-0.8058848,-0.605780226
0.314582497,-0.542416878,1.332238016,0.173684235,1.263479179,0.389950735
0.314582497,-0.542416878,1.110517266,-0.736637418,0.979613122,1.447914881
0.314582497,0.241507712,-1.106690237,0.173684235,-1.077471683,-0.730246596
-0.311409569,0.740368815,0.667075765,1.084005888,0.953367905,2.173968707
-0.311409569,-0.471151006,0.445355015,1.084005888,0.73652816,0.28622876
-0.311409569,-0.542416878,-0.219807236,-0.736637418,0.069576161,-0.605780226
-0.311409569,-0.542416878,-1.106690237,-0.736637418,-0.874099434,-0.833968571
-0.311409569,1.096698174,0.223634265,-0.736637418,0.481256027,-0.481313856
-0.311409569,-0.471151006,-2.43701474,-0.736637418,-2.562727142,-1.808955137
-0.311409569,-0.471151006,-1.106690237,-0.736637418,-0.827076634,-0.833968571
-0.311409569,-0.471151006,0.667075765,0.173684235,0.953367905,0.70111666
0.384980508,-0.542416878,-0.884969487,-0.736637418,-0.753755151,-0.833968571
0.384980508,-0.471151006,0.667075765,1.084005888,1.003289981,0.597394685
0.384980508,0.312773584,1.110517266,0.173684235,1.298336001,0.825583031
0.384980508,-0.471151006,0.445355015,0.173684235,0.723293801,0.223995575
0.384980508,-0.471151006,-0.441527986,-0.736637418,-0.28553049,-0.688757806
0.384980508,-0.114821647,1.110517266,1.994327541,1.298336001,1.053771376
0.384980508,-0.542416878,-0.219807236,-0.736637418,-0.021676615,-0.21163672
0.384980508,-0.471151006,-0.441527986,-0.736637418,-0.34257913,-0.377591881
-1.290231246,-0.399885134,-0.219807236,-0.736637418,-0.252414967,-0.460569461
-1.290231246,-0.399885134,0.223634265,-0.736637418,0.138700703,-0.336103091
-1.290231246,1.096698174,0.667075765,0.173684235,0.471300513,0.680372265
-1.290231246,-0.471151006,-1.993573239,-0.736637418,-2.130466221,-1.829699532
-1.290231246,-0.114821647,-0.884969487,-0.736637418,-0.859043815,-0.626524621
-1.290231246,-0.542416878,-0.884969487,-0.736637418,-0.825651322,-0.937690546
-1.290231246,-0.257353391,0.445355015,1.084005888,0.371285362,0.306973155
-1.290231246,3.448471945,0.667075765,1.084005888,0.471300513,1.364937301
1.471373077,-0.471151006,-0.441527986,-0.736637418,-0.395673599,-0.668013411
1.471373077,-0.471151006,0.445355015,0.173684235,0.449699726,0.45218392
1.471373077,1.096698174,-0.441527986,-0.736637418,-0.392709776,-0.668013411
1.471373077,-0.471151006,-1.328410988,-0.736637418,-1.287970014,-1.912677112
1.471373077,-0.399885134,1.997400267,0.173684235,1.830915536,1.385681696
1.471373077,0.669102943,-0.441527986,-0.736637418,-0.411479205,-0.502058251
1.471373077,-0.542416878,1.332238016,0.173684235,1.245351357,1.240470931
1.471373077,-0.328619262,1.997400267,2.904649194,1.836249742,2.194713102
0.250542915,-0.471151006,1.110517266,0.173684235,1.231770664,1.074515771
0.250542915,-0.399885134,1.110517266,1.084005888,1.231770664,1.593125646
0.250542915,-0.328619262,0.223634265,-0.736637418,0.369647144,-0.08717035
0.250542915,-0.399885134,0.445355015,1.084005888,0.657070943,0.306973155
0.250542915,-0.542416878,-1.328410988,-0.736637418,-1.300576735,-1.435556027
0.250542915,-0.471151006,0.445355015,1.084005888,0.66438103,0.45218392
0.250542915,-0.542416878,-0.219807236,-0.736637418,-0.008994751,-0.024937165
0.250542915,0.241507712,-1.328410988,-0.736637418,-1.245793952,-1.165878891
-0.936487174,-0.542416878,0.445355015,-0.736637418,0.357238878,0.265484365
-0.936487174,-0.542416878,0.667075765,0.173684235,0.640468144,0.970793796
-0.936487174,-0.542416878,-0.441527986,-0.736637418,-0.522027413,-0.502058251
-0.936487174,-0.043555775,0.667075765,1.084005888,0.644024442,1.219726536
-0.936487174,-0.542416878,-1.106690237,-0.736637418,-1.174475806,-1.394067237
-0.936487174,-0.257353391,0.667075765,0.173684235,0.629403786,0.763349846
-0.936487174,0.241507712,0.223634265,0.173684235,0.118920694,0.1202736
-0.936487174,0.312773584,-1.771852488,-0.736637418,-1.798613989,-1.477044817
-1.354768917,-0.257353391,-0.219807236,0.173684235,-0.222443899,-0.066425955
-1.354768917,-0.471151006,0.223634265,-0.736637418,0.154843973,0.1202736
-1.354768917,-0.542416878,-1.106690237,-0.736637418,-1.1452817,-0.958434941
-1.354768917,-0.471151006,0.445355015,0.173684235,0.429803149,0.784094241
-1.354768917,-0.257353391,-1.106690237,-0.736637418,-1.119568266,-0.854712966
-1.354768917,-0.328619262,-0.219807236,-0.736637418,-0.269876614,-0.336103091
-1.354768917,-0.399885134,0.445355015,0.173684235,0.434939863,0.721861055
-1.354768917,1.096698174,0.445355015,1.994327541,0.436915744,1.198982141
-0.78657377,-0.542416878,0.445355015,-0.736637418,0.151796819,0.431439525
-0.78657377,-0.399885134,-0.441527986,0.173684235,-0.767650386,-0.668013411
-0.78657377,-0.471151006,1.110517266,1.084005888,0.716475998,0.49367271
-0.78657377,0.882900559,-2.43701474,-0.736637418,-2.752836611,-1.974910297
-0.78657377,0.17024184,1.110517266,0.173684235,0.720624771,1.136748956
-0.78657377,-0.471151006,0.667075765,-0.736637418,0.392674207,0.20325118
-0.78657377,-0.471151006,1.110517266,1.084005888,0.712525198,0.70111666
-0.78657377,-0.542416878,-0.884969487,-0.736637418,-1.109276535,-0.813224176
1.985337707,1.453027534,-0.884969487,-0.736637418,-0.591094634,-0.813224176
1.985337707,-0.471151006,1.110517266,0.173684235,1.426976386,0.1202736
1.985337707,-0.542416878,-0.884969487,-0.736637418,-0.599787646,-0.792479781
1.985337707,-0.542416878,-4.432501493,-0.736637418,-4.948995148,-2.016399087
1.985337707,0.811634687,1.775679517,1.084005888,2.073346848,0.929305006
1.985337707,-0.328619262,1.775679517,1.084005888,2.090732871,1.842058387
1.985337707,-0.542416878,0.445355015,0.173684235,0.800448552,0.058040415
1.985337707,-0.186087519,-1.106690237,-0.736637418,-0.833610723,-1.373322842
0.157946824,0.241507712,1.332238016,1.084005888,1.185920773,1.198982141
0.157946824,-0.542416878,-0.219807236,0.173684235,-0.305472827,-0.377591881
0.157946824,-0.399885134,-1.106690237,-0.736637418,-1.173570716,-1.082901311
0.157946824,-0.399885134,-1.771852488,-0.736637418,-1.812568472,-1.518533607
0.157946824,3.092142586,1.332238016,-0.736637418,1.185920773,0.763349846
0.157946824,-0.542416878,-0.884969487,0.173684235,-0.898901997,-0.854712966
0.157946824,-0.328619262,0.223634265,0.173684235,0.077668509,-0.08717035
0.157946824,3.662269561,1.332238016,0.173684235,1.168337258,1.323448511
0.534825813,-0.328619262,1.775679517,1.084005888,1.373776909,1.074515771
0.534825813,2.236952124,-1.106690237,-0.736637418,-1.107353157,-0.937690546
0.534825813,-0.399885134,0.223634265,-0.736637418,0.179055505,0.058040415
0.534825813,-0.186087519,1.775679517,1.994327541,1.373776909,1.012282586
0.534825813,-0.471151006,-0.441527986,-0.736637418,-0.497272056,-0.709502201
0.534825813,0.882900559,-0.884969487,-0.736637418,-0.851014087,-0.958434941
0.534825813,-0.186087519,0.445355015,0.173684235,0.416489793,0.32771755
0.534825813,-0.114821647,0.667075765,-0.736637418,0.647667925,0.24473997
-0.027192824,-0.328619262,0.445355015,0.173684235,0.516944242,0.70111666
-0.027192824,-0.328619262,1.110517266,3.814970847,1.095832717,2.090991127
-0.027192824,-0.542416878,-0.441527986,-0.736637418,-0.390769058,-0.149403535
-0.027192824,-0.114821647,-1.106690237,-0.736637418,-1.008759947,-1.124390101
-0.027192824,-0.399885134,-0.441527986,-0.736637418,-0.385632344,-0.564291436
-0.027192824,-0.471151006,0.667075765,1.084005888,0.789571089,0.74260545
-0.027192824,-0.542416878,-1.328410988,-0.736637418,-1.259148252,-1.394067237
-0.027192824,-0.399885134,1.110517266,-0.736637418,1.095832717,0.514417105
-0.202582751,-0.471151006,0.667075765,-0.736637418,0.415137696,0.57665029
-0.202582751,3.020876714,1.332238016,0.173684235,1.003456645,1.240470931
-0.202582751,-0.542416878,-1.106690237,-0.736637418,-1.310826079,-1.248856472
-0.202582751,-0.186087519,-0.441527986,0.173684235,-0.693263891,-0.336103091
-0.202582751,-0.471151006,-0.219807236,0.173684235,-0.417226699,-0.460569461
-0.202582751,-0.471151006,-0.219807236,-0.736637418,-0.429081024,-0.481313856
-0.202582751,-0.399885134,1.332238016,1.994327541,1.008593359,1.385681696
-0.202582751,-0.542416878,-0.441527986,-0.736637418,-0.668696873,-0.21163672
1.857960929,-0.043555775,2.219121018,1.084005888,2.027663621,1.779825202
1.857960929,-0.471151006,-0.884969487,-0.736637418,-1.083158484,-0.999923731
1.857960929,-0.542416878,-1.106690237,-0.736637418,-1.293306147,-0.937690546
1.857960929,-0.471151006,-1.771852488,-0.736637418,-1.994585112,-1.456300422
1.857960929,-0.542416878,-0.441527986,-0.736637418,-0.717345368,-0.481313856
1.857960929,-0.471151006,2.219121018,1.994327541,2.023119382,1.862802782
1.857960929,-0.542416878,-0.884969487,-0.736637418,-1.021117636,-0.688757806
1.857960929,-0.328619262,1.997400267,1.994327541,1.779492523,1.116004561
0.64915497,-0.257353391,1.332238016,1.084005888,1.430519678,0.638883475
0.64915497,0.241507712,-2.215293989,-0.736637418,-2.536334529,-1.725977557
0.64915497,-0.471151006,0.223634265,-0.736637418,0.297774576,-0.315358696
0.64915497,-0.471151006,0.445355015,-0.736637418,0.558530237,-0.107914745
0.64915497,-0.471151006,1.110517266,0.173684235,1.159563805,0.74260545
0.64915497,-0.328619262,-0.219807236,0.173684235,-0.106685279,-0.398336276
0.64915497,0.241507712,1.332238016,1.084005888,1.430519678,1.738336411
0.64915497,-0.328619262,-0.884969487,-0.736637418,-0.781692535,-1.124390101
0.862730496,-0.471151006,-1.106690237,-0.736637418,-1.263607232,-1.186623286
0.862730496,2.236952124,1.775679517,1.084005888,1.534886874,1.676103226
0.862730496,-0.257353391,1.775679517,0.173684235,1.505646526,1.116004561
0.862730496,0.455305328,-0.219807236,-0.736637418,-0.340439475,-0.419080671
0.862730496,-0.399885134,-1.106690237,-0.736637418,-1.245826707,-0.958434941
0.862730496,-0.399885134,-0.441527986,0.173684235,-0.627364728,-0.502058251
0.862730496,-0.043555775,0.223634265,0.173684235,0.078076498,-0.522802646
0.862730496,-0.471151006,1.775679517,0.173684235,1.52895923,1.281959721
-0.409593607,-0.542416878,1.110517266,0.173684235,0.904910159,1.136748956
-0.409593607,-0.471151006,-0.441527986,-0.736637418,-0.613493577,-0.626524621
-0.409593607,-0.542416878,1.110517266,1.084005888,0.904910159,1.447914881
-0.409593607,-0.542416878,-0.884969487,-0.736637418,-0.996493297,-0.502058251
-0.409593607,-0.542416878,-1.993573239,-0.736637418,-2.275207005,-1.663744372
-0.409593607,-0.471151006,0.667075765,0.173684235,0.695495142,0.41069513
-0.409593607,-0.542416878,-0.219807236,1.084005888,-0.288986115,-0.294614301
-0.409593607,-0.471151006,-1.106690237,-0.736637418,-1.222793382,-1.497789212
-0.042370948,-0.542416878,0.445355015,0.173684235,0.558107797,0.058040415
-0.042370948,-0.471151006,-0.441527986,-0.736637418,-0.279859585,-0.481313856
-0.042370948,-0.471151006,0.445355015,-0.736637418,0.560281171,0.45218392
-0.042370948,-0.399885134,1.110517266,2.904649194,1.086736533,2.090991127
-0.042370948,-0.542416878,-0.884969487,-0.736637418,-0.647333077,-0.460569461
-0.042370948,-0.328619262,-1.328410988,-0.736637418,-1.170687817,-1.394067237
-0.042370948,-0.542416878,1.110517266,1.084005888,1.086736533,0.887816216
-0.042370948,-0.542416878,-0.219807236,0.173684235,-0.056359067,-0.149403535
-0.772068846,1.595559277,0.445355015,1.994327541,0.725434419,0.57665029
-0.772068846,0.098975969,0.223634265,-0.736637418,0.447218555,-0.481313856
-0.772068846,0.954166431,0.223634265,0.173684235,0.490667716,0.141017995
-0.772068846,-0.471151006,0.445355015,1.994327541,0.725434419,2.028757942
-0.772068846,-0.542416878,-0.219807236,-0.736637418,-0.017237385,-0.190892325
-0.772068846,-0.542416878,-0.219807236,-0.736637418,-0.016644909,-0.253125511
-0.772068846,-0.471151006,-1.106690237,-0.736637418,-0.913771685,-1.228112076
-0.772068846,-0.471151006,-0.884969487,-0.736637418,-0.673013755,-0.647269016
0.954540538,-0.328619262,-0.884969487,-0.736637418,-0.936171592,-0.916946151
0.954540538,-0.542416878,0.445355015,-0.736637418,0.370942401,0.141017995
0.954540538,-0.471151006,1.775679517,0.173684235,1.575998889,1.344192906
0.954540538,3.020876714,-1.328410988,-0.736637418,-1.514996002,-1.228112076
0.954540538,-0.542416878,1.110517266,1.084005888,0.976617027,0.784094241
0.954540538,-0.471151006,-1.993573239,-0.736637418,-2.26891954,-1.871188322
0.954540538,-0.043555775,1.775679517,1.084005888,1.582124025,1.468659276
0.954540538,-0.471151006,1.110517266,1.084005888,0.964762701,0.74260545
0.372824,-0.542416878,-0.219807236,0.173684235,-0.128727291,-0.294614301
0.372824,-0.471151006,0.667075765,0.173684235,0.774561711,0.306973155
0.372824,-0.399885134,1.332238016,1.084005888,1.29225807,1.157493351
0.372824,0.241507712,0.445355015,-0.736637418,0.536681863,0.20325118
0.372824,-0.542416878,-0.441527986,-0.736637418,-0.406275055,-0.543547041
0.372824,-0.471151006,0.445355015,-0.736637418,0.50465977,-0.253125511
0.372824,2.522015611,1.332238016,1.994327541,1.29225807,0.950049401
0.372824,2.807079099,-0.441527986,-0.736637418,-0.395800764,-0.232381115
0.676250285,0.17024184,-1.328410988,-0.736637418,-1.133690376,-1.414811632
0.676250285,-0.542416878,1.110517266,-0.736637418,1.220063735,0.49367271
0.676250285,1.025432303,1.332238016,3.814970847,1.44353487,2.671834187
0.676250285,0.384039456,0.223634265,-0.736637418,0.418704591,-0.00419277
0.676250285,-0.043555775,1.332238016,0.173684235,1.44353487,1.033026981
0.676250285,-0.542416878,-1.106690237,-0.736637418,-0.840797498,-1.124390101
0.676250285,-0.471151006,-1.106690237,-0.736637418,-0.841982931,-1.103645706
0.676250285,-0.186087519,-0.219807236,0.173684235,0.030537811,-0.481313856
-0.114874168,-0.186087519,1.332238016,1.994327541,1.050838302,2.132479917
-0.114874168,-0.542416878,-0.884969487,-0.736637418,-0.971763469,-0.647269016
-0.114874168,-0.471151006,0.445355015,0.173684235,0.257759363,0.016551625
-0.114874168,2.308217996,-1.106690237,-0.736637418,-1.231283121,-1.186623286
-0.114874168,-0.542416878,-1.771852488,-0.736637418,-1.881835111,-1.642999977
-0.114874168,-0.471151006,-0.219807236,-0.736637418,-0.400162925,-0.792479781
-0.114874168,-0.542416878,1.110517266,1.084005888,0.84155864,0.825583031
-0.114874168,-0.328619262,1.332238016,0.173684235,1.050838302,0.908560611
-2.588771224,2.735813227,0.001913514,1.994327541,-0.172943299,0.867071821
-2.588771224,-0.542416878,-0.884969487,-0.736637418,-0.737062758,-0.750990991
-2.588771224,-0.399885134,-1.106690237,-0.736637418,-1.002403601,-0.916946151
-2.588771224,-0.471151006,-0.884969487,-0.736637418,-0.745162812,-0.875457361
-2.588771224,-0.542416878,-1.106690237,-0.736637418,-1.089416084,-0.937690546
-2.588771224,-0.114821647,0.001913514,-0.736637418,-0.172943299,-0.08717035
-2.588771224,-0.328619262,-0.219807236,-0.736637418,-0.248216098,1.281959721
-2.588771224,-0.328619262,-1.993573239,-0.736637418,-2.115838821,-1.642999977
0.121070656,0.027710097,-0.441527986,0.173684235,-0.222531566,-0.688757806
0.121070656,-0.471151006,-1.328410988,-0.736637418,-1.13099678,-1.414811632
0.121070656,2.878344971,-0.219807236,-0.736637418,0.015031332,-0.253125511
0.121070656,2.09442038,0.445355015,-0.736637418,0.621589372,-0.12865914
0.121070656,-0.542416878,-0.219807236,-0.736637418,0.014043873,-0.253125511
0.121070656,-0.542416878,1.110517266,1.084005888,1.167662896,1.116004561
0.121070656,0.241507712,0.223634265,0.173684235,0.401628293,0.182506785
0.121070656,-0.399885134,1.110517266,2.904649194,1.167662896,1.821313992
0.000838356,0.241507712,1.332238016,1.994327541,1.108124414,1.925035967
0.000838356,-0.471151006,-0.441527986,-0.736637418,-0.610962792,-0.647269016
0.000838356,1.595559277,-0.219807236,0.173684235,-0.306594677,-0.481313856
0.000838356,-0.542416878,-0.219807236,-0.736637418,-0.318843986,-0.273869906
0.000838356,-0.542416878,1.332238016,1.084005888,1.108124414,0.929305006
0.000838356,-0.542416878,0.445355015,0.173684235,0.297592016,0.03729602
0.000838356,-0.542416878,-0.441527986,-0.736637418,-0.547327559,-0.522802646
0.000838356,0.954166431,0.223634265,0.173684235,0.077587585,-0.17014793
2.732945441,-0.471151006,-1.328410988,-0.736637418,-1.278652254,-1.394067237
2.732945441,-0.328619262,-0.441527986,-0.736637418,-0.364282035,-0.585035831
2.732945441,-0.542416878,-1.106690237,0.173684235,-0.999407506,-1.082901311
2.732945441,-0.043555775,2.219121018,3.814970847,2.462680275,2.194713102
2.732945441,-0.542416878,0.445355015,-0.736637418,0.645547055,0.20325118
2.732945441,-0.542416878,0.667075765,0.173684235,0.935178428,0.638883475
2.732945441,-0.542416878,2.219121018,1.084005888,2.459122532,1.779825202
2.732945441,-0.471151006,1.997400267,-0.736637418,2.236073356,0.825583031
0.883204717,0.811634687,-1.328410988,-0.736637418,-1.331791038,-1.269600867
0.883204717,-0.542416878,0.223634265,-0.736637418,0.350270789,-0.273869906
0.883204717,-0.186087519,1.332238016,2.904649194,1.545025429,1.634614436
0.883204717,-0.542416878,0.667075765,0.173684235,0.947993238,0.804838636
0.883204717,-0.399885134,-0.219807236,-0.736637418,-0.118491435,-0.17014793
0.883204717,-0.471151006,1.332238016,1.084005888,1.545025429,0.763349846
0.883204717,0.954166431,-1.328410988,-0.736637418,-1.381987194,-1.062156916
0.883204717,0.17024184,0.445355015,0.173684235,0.646238277,0.597394685
0.335887516,-0.328619262,-0.441527986,0.173684235,-0.575320337,-0.626524621
0.335887516,-0.542416878,0.445355015,-0.736637418,0.276606344,-0.190892325
0.335887516,-0.542416878,-0.884969487,-0.736637418,-0.924254165,-0.813224176
0.335887516,-0.542416878,-1.328410988,-0.736637418,-1.49041357,-1.165878891
0.335887516,-0.471151006,-0.884969487,-0.736637418,-0.982524846,-1.228112076
0.335887516,-0.542416878,-0.219807236,-0.736637418,-0.34701836,-0.315358696
0.335887516,-0.328619262,1.775679517,0.173684235,1.276002086,1.925035967
0.335887516,-0.186087519,1.775679517,1.084005888,1.276002086,1.634614436
1.51739192,-0.399885134,0.445355015,0.173684235,0.63862569,0.41069513
1.51739192,2.664547355,1.775679517,-0.736637418,1.859012359,1.074515771
1.51739192,-0.328619262,0.223634265,0.173684235,0.386709473,0.1202736
1.51739192,-0.328619262,1.775679517,3.814970847,1.859012359,2.111735522
1.51739192,-0.542416878,-0.884969487,-0.736637418,-0.735783878,-0.792479781
1.51739192,-0.471151006,-1.771852488,-0.736637418,-1.594711885,-1.705233162
1.51739192,-0.471151006,-1.106690237,-0.736637418,-0.956682802,-0.999923731
1.51739192,-0.542416878,-0.441527986,-0.736637418,-0.342571423,-0.688757806
0.332811422,-0.471151006,1.332238016,0.173684235,1.274875901,1.012282586
0.332811422,-0.471151006,-0.219807236,-0.736637418,-0.168803196,-0.12865914
0.332811422,-0.471151006,0.223634265,-0.736637418,0.224641432,-0.08717035
0.332811422,-0.542416878,1.110517266,1.084005888,1.017987225,0.389950735
0.332811422,-0.114821647,-1.106690237,-0.736637418,-1.018640318,-0.999923731
0.332811422,0.098975969,-0.884969487,0.173684235,-0.79603044,-0.916946151
0.332811422,-0.542416878,0.223634265,-0.736637418,0.205477019,0.1202736
0.332811422,-0.471151006,1.332238016,1.084005888,1.274875901,0.825583031
-0.631632771,2.522015611,0.445355015,-0.736637418,0.255042165,0.514417105
-0.631632771,-0.257353391,-1.328410988,-0.736637418,-1.520460263,-1.207367681
-0.631632771,-0.542416878,-1.328410988,-0.736637418,-1.525399003,-1.228112076
-0.631632771,-0.542416878,0.667075765,-0.736637418,0.485401429,0.49367271
-0.631632771,-0.471151006,1.110517266,1.994327541,0.79496984,1.198982141
-0.631632771,-0.542416878,0.223634265,-0.736637418,0.013498603,0.016551625
-0.631632771,-0.542416878,1.110517266,1.994327541,0.786276347,1.198982141
-0.631632771,-0.542416878,0.223634265,0.173684235,0.027526302,0.099529205
-0.065137161,-0.043555775,-1.106690237,-0.736637418,-1.039429944,-0.958434941
-0.065137161,-0.542416878,-0.219807236,-0.736637418,-0.137203544,-0.336103091
-0.065137161,4.01859892,-1.771852488,-0.736637418,-1.740559586,-1.684488767
-0.065137161,0.241507712,-1.993573239,-0.736637418,-2.195585051,-1.725977557
-0.065137161,1.167964046,1.110517266,2.904649194,1.075457342,2.194713102
-0.065137161,-0.542416878,-0.219807236,-0.736637418,-0.130881397,-0.21163672
-0.065137161,-0.542416878,1.110517266,-0.736637418,1.063208996,0.16176239
-0.065137161,-0.542416878,1.110517266,0.173684235,1.0476004,1.178237746
-1.123046184,1.096698174,0.445355015,3.814970847,0.551649815,1.572381251
-1.123046184,-0.542416878,-0.219807236,-0.736637418,-0.132557669,-0.21163672
-1.123046184,-0.542416878,-1.771852488,-0.736637418,-1.709520617,-1.663744372
-1.123046184,-0.471151006,0.223634265,0.173684235,0.253528222,0.099529205
-1.123046184,-0.399885134,-0.441527986,-0.736637418,-0.396625413,-0.356847486
-1.123046184,-0.542416878,0.223634265,0.173684235,0.281780629,0.28622876
-1.123046184,2.236952124,-0.884969487,-0.736637418,-0.811266211,-0.688757806
-1.123046184,-0.186087519,0.445355015,0.173684235,0.551649815,0.265484365
2.439864251,-0.328619262,-1.328410988,-0.736637418,-1.375035964,-1.165878891
2.439864251,-0.542416878,-1.106690237,-0.736637418,-1.116508588,-1.062156916
2.439864251,-0.542416878,1.997400267,0.173684235,1.783453919,1.759080807
2.439864251,-0.186087519,2.662562518,1.084005888,2.313813839,1.655358831
2.439864251,-0.257353391,2.662562518,3.814970847,2.315788757,2.651089792
2.439864251,-0.542416878,-0.219807236,-0.736637418,-0.284121073,-0.066425955
2.439864251,-0.542416878,-1.771852488,-0.736637418,-1.730161401,-1.601511187
2.439864251,-0.399885134,-2.65873549,-0.736637418,-2.794733776,-2.078632272
0.909871986,-0.542416878,-0.884969487,-0.736637418,-0.973979231,-1.082901311
0.909871986,1.381761662,1.775679517,1.994327541,1.558217882,1.821313992
0.909871986,-0.542416878,-0.884969487,-0.736637418,-0.987807993,-0.896201756
0.909871986,-0.186087519,1.332238016,0.173684235,1.150971466,1.095260166
0.909871986,-0.471151006,-1.106690237,-0.736637418,-1.245256871,-1.352578447
0.909871986,3.591003689,-1.328410988,-0.736637418,-1.472125828,-1.394067237
0.909871986,-0.328619262,0.667075765,0.173684235,0.507165989,0.41069513
0.909871986,3.591003689,1.775679517,1.084005888,1.558217882,1.157493351
0.483055588,-0.399885134,-1.106690237,-0.736637418,-1.057932518,-0.979179336
0.483055588,-0.399885134,-0.441527986,-0.736637418,-0.404353605,-0.232381115
0.483055588,0.882900559,-0.441527986,-0.736637418,-0.357892452,-0.605780226
0.483055588,-0.399885134,-1.771852488,-0.736637418,-1.734733096,-1.642999977
0.483055588,-0.542416878,0.223634265,0.173684235,0.295790506,-0.190892325
0.483055588,-0.399885134,1.332238016,3.814970847,1.348666548,1.738336411
0.483055588,-0.542416878,1.332238016,0.173684235,1.348666548,1.925035967
0.483055588,4.374928279,-0.219807236,-0.736637418,-0.117059861,-0.232381115
0.844194156,-0.471151006,1.332238016,2.904649194,1.529235718,1.530892461
0.844194156,-0.542416878,-1.106690237,-0.736637418,-0.946894434,-1.124390101
0.844194156,-0.542416878,-0.219807236,-0.736637418,-0.03297411,-0.356847486
0.844194156,-0.542416878,0.445355015,-0.736637418,0.671921364,-0.149403535
0.844194156,1.381761662,-0.441527986,-0.736637418,-0.264718706,-0.605780226
0.844194156,-0.471151006,0.445355015,0.173684235,0.701157859,0.555905895
0.844194156,-0.471151006,0.223634265,-0.736637418,0.456554619,-0.08717035
0.844194156,-0.471151006,1.332238016,1.084005888,1.513036573,1.302704116
0.403876796,-0.471151006,-0.441527986,-0.736637418,-0.391058552,-0.585035831
0.403876796,1.31049579,-1.106690237,-0.736637418,-1.01845535,-1.124390101
0.403876796,-0.471151006,-0.441527986,-0.736637418,-0.411408397,-0.460569461
0.403876796,-0.542416878,1.332238016,0.173684235,1.30591198,1.240470931
0.403876796,-0.542416878,-0.219807236,-0.736637418,-0.18229285,-0.066425955
0.403876796,-0.399885134,0.223634265,0.173684235,0.259689003,0.099529205
0.403876796,-0.399885134,1.332238016,1.994327541,1.31065371,1.613870041
0.403876796,-0.471151006,0.445355015,1.084005888,0.557273997,-0.107914745
-0.46358578,-0.542416878,-1.771852488,-0.736637418,-1.6577426,-1.539278002
-0.46358578,-0.328619262,-0.884969487,-0.736637418,-0.701429455,-0.750990991
-0.46358578,3.092142586,0.667075765,1.994327541,0.878001177,2.194713102
-0.46358578,0.027710097,0.445355015,-0.736637418,0.579751936,0.1202736
-0.46358578,-0.471151006,-0.219807236,-0.736637418,-0.062213495,-0.17014793
-0.46358578,0.098975969,-1.106690237,0.173684235,-0.940905615,-1.103645706
-0.46358578,-0.471151006,0.667075765,1.994327541,0.873654431,0.597394685
-0.46358578,-0.471151006,0.667075765,-0.736637418,0.85725683,-0.273869906
-0.68750251,-0.471151006,0.223634265,-0.736637418,-0.024237265,-0.00419277
-0.68750251,2.949610843,-0.441527986,-0.736637418,-0.626215422,-0.522802646
-0.68750251,0.312773584,0.445355015,1.084005888,0.226252194,0.49367271
-0.68750251,-0.471151006,-1.106690237,-0.736637418,-1.264770025,-1.103645706
-0.68750251,-0.542416878,-0.219807236,0.173684235,-0.39392411,-0.232381115
-0.68750251,-0.257353391,1.110517266,1.084005888,0.769281454,1.136748956
-0.68750251,-0.399885134,1.110517266,1.084005888,0.769281454,1.219726536
-0.68750251,-0.542416878,-0.884969487,-0.736637418,-1.017793512,-0.833968571
0.524356196,-0.399885134,1.332238016,0.173684235,1.370113195,1.344192906
0.524356196,-0.399885134,-0.884969487,-0.736637418,-0.770227895,-0.730246596
0.524356196,2.949610843,-1.771852488,-0.736637418,-1.719419292,-1.622255582
0.524356196,-0.542416878,-1.106690237,-0.736637418,-1.036058614,-0.937690546
0.524356196,2.45074974,-0.219807236,-0.736637418,-0.136478122,-0.481313856
0.524356196,-0.043555775,1.332238016,1.994327541,1.370113195,1.530892461
0.524356196,-0.542416878,0.223634265,0.173684235,0.290712558,-0.149403535
0.524356196,-0.542416878,0.223634265,0.173684235,0.241518793,0.265484365
0.32861657,-0.471151006,1.110517266,-0.736637418,1.263315405,0.57665029
0.32861657,-0.471151006,0.667075765,-0.736637418,0.885314154,0.991538191
0.32861657,-0.471151006,-0.884969487,-0.736637418,-0.755742593,-0.958434941
0.32861657,-0.542416878,-1.328410988,-0.736637418,-1.308515906,-1.518533607
0.32861657,-0.114821647,0.223634265,0.173684235,0.315049329,-0.398336276
0.32861657,-0.399885134,1.110517266,2.904649194,1.270428,1.572381251
0.32861657,-0.043555775,1.110517266,0.173684235,1.255412842,0.950049401
0.32861657,-0.471151006,-1.106690237,-0.736637418,-0.985848489,-1.207367681
2.023344306,-0.328619262,0.667075765,1.084005888,0.879282466,0.36920634
2.023344306,-0.257353391,1.997400267,0.173684235,2.109557212,2.153224312
2.023344306,1.381761662,-1.328410988,-0.736637418,-1.212627371,-1.124390101
2.023344306,-0.542416878,-0.441527986,0.173684235,-0.319306888,-0.543547041
2.023344306,-0.542416878,1.997400267,1.084005888,2.109557212,2.070246732
2.023344306,-0.542416878,-0.884969487,-0.736637418,-0.674511321,-1.041412521
2.023344306,-0.542416878,-0.441527986,-0.736637418,-0.269917558,-0.605780226
2.023344306,-0.542416878,-1.328410988,-0.736637418,-1.238737233,-1.269600867
0.42995842,-0.471151006,0.223634265,0.173684235,0.246955598,0.514417105
0.42995842,0.811634687,-1.771852488,-0.736637418,-1.748071018,-1.311089657
0.42995842,-0.471151006,-0.884969487,-0.736637418,-0.759934236,-0.750990991
0.42995842,0.597837072,-1.993573239,-0.736637418,-2.15887325,-1.456300422
0.42995842,-0.471151006,1.332238016,0.173684235,1.31514689,1.116004561
0.42995842,-0.471151006,1.332238016,1.994327541,1.320481095,1.821313992
0.42995842,-0.542416878,-0.884969487,-0.736637418,-0.768171571,-0.564291436
0.42995842,-0.043555775,-0.219807236,0.173684235,-0.155306799,-0.00419277
-2.748127907,-0.471151006,-1.106690237,-0.736637418,-1.176812472,-0.585035831
-2.748127907,-0.328619262,-0.441527986,-0.736637418,-0.501369288,-0.605780226
-2.748127907,-0.542416878,-1.106690237,-0.736637418,-1.153303239,-0.833968571
-2.748127907,-0.542416878,-0.884969487,0.173684235,-0.899675587,-0.253125511
-2.748127907,-0.542416878,-0.219807236,-0.736637418,-0.25298962,-0.066425955
-2.748127907,-0.542416878,-0.219807236,0.173684235,-0.268794263,-0.107914745
-2.748127907,3.377206074,-0.219807236,2.904649194,-0.25298962,1.261215326
-2.748127907,-0.328619262,-0.884969487,-0.736637418,-0.890588074,-0.253125511
1.561527359,0.17024184,-1.106690237,-0.736637418,-0.844574409,-1.020668126
1.561527359,2.308217996,0.223634265,0.173684235,0.466031336,-0.149403535
1.561527359,-0.399885134,1.775679517,1.084005888,1.880921426,2.070246732
1.561527359,-0.542416878,-0.441527986,-0.736637418,-0.232254906,-0.605780226
1.561527359,-0.471151006,-0.441527986,-0.736637418,-0.198069074,-0.066425955
1.561527359,-0.471151006,-0.219807236,1.084005888,0.051621748,-0.12865914
1.561527359,-0.186087519,-1.771852488,-0.736637418,-1.457908826,-1.435556027
1.561527359,-0.471151006,1.775679517,1.084005888,1.872227933,1.219726536
-0.711681275,-0.471151006,0.445355015,0.173684235,0.509683287,0.16176239
-0.711681275,-0.542416878,-0.884969487,-0.736637418,-1.026586714,-1.062156916
-0.711681275,-0.542416878,-0.441527986,-0.736637418,-0.440904522,-0.771735386
-0.711681275,-0.399885134,0.667075765,1.084005888,0.755335642,0.24473997
-0.711681275,-0.542416878,-0.884969487,-0.736637418,-0.843030119,-0.585035831
-0.711681275,3.876067177,0.667075765,1.084005888,0.755335642,1.862802782
-0.711681275,-0.542416878,0.223634265,-0.736637418,0.205072884,-0.190892325
-0.711681275,-0.542416878,0.223634265,-0.736637418,0.207048765,-0.460569461
-0.371143397,3.23467433,0.223634265,-0.736637418,0.681908188,-0.253125511
-0.371143397,-0.542416878,-1.993573239,-0.736637418,-1.778239578,-1.746721952
-0.371143397,-0.114821647,-0.441527986,-0.736637418,-0.081800347,-0.502058251
-0.371143397,-0.399885134,0.445355015,-0.736637418,0.919175811,0.45218392
-0.371143397,-0.542416878,0.445355015,2.904649194,0.923917541,2.505879027
-0.371143397,-0.471151006,0.445355015,1.084005888,0.903370686,0.431439525
-0.371143397,-0.471151006,-1.106690237,-0.736637418,-0.718206625,-0.958434941
-0.371143397,-0.399885134,-0.884969487,-0.736637418,-0.45197466,-0.688757806
0.212349533,-0.542416878,0.223634265,-0.736637418,0.119496792,-0.626524621
0.212349533,-0.186087519,1.332238016,2.904649194,1.213254603,1.530892461
0.212349533,-0.471151006,1.110517266,0.173684235,0.954201224,1.074515771
0.212349533,3.092142586,-0.441527986,-0.736637418,-0.55328266,-0.854712966
0.212349533,-0.328619262,1.110517266,-0.736637418,0.974746153,0.28622876
0.212349533,-0.542416878,0.445355015,0.173684235,0.379007292,0.265484365
0.212349533,-0.542416878,1.332238016,1.084005888,1.213254603,0.784094241
0.212349533,-0.471151006,-0.884969487,-0.736637418,-0.95951127,-1.165878891
1.948720313,-0.471151006,1.332238016,1.084005888,1.5896133,0.846327426
1.948720313,-0.471151006,0.667075765,-0.736637418,0.843393869,0.24473997
1.948720313,-0.471151006,-1.328410988,-0.736637418,-1.393415708,-1.497789212
1.948720313,0.241507712,1.775679517,0.173684235,2.055218063,1.116004561
1.948720313,1.31049579,-0.219807236,-0.736637418,-0.093115665,-0.253125511
1.948720313,-0.257353391,-0.441527986,0.173684235,-0.362710771,-0.522802646
1.948720313,-0.542416878,-0.441527986,-0.736637418,-0.423684199,-0.750990991
1.948720313,1.666825149,1.775679517,2.904649194,2.072604086,1.447914881
-0.655346523,-0.471151006,-0.884969487,-0.736637418,-0.714083381,-0.605780226
-0.655346523,-0.043555775,-1.993573239,-0.736637418,-1.976814221,-1.394067237
-0.655346523,0.455305328,0.223634265,-0.736637418,0.312280108,-0.08717035
-0.655346523,-0.542416878,-0.441527986,-0.736637418,-0.331257551,-0.460569461
-0.655346523,-0.542416878,0.445355015,-0.736637418,0.540904334,0.265484365
-0.655346523,-0.328619262,0.667075765,1.084005888,0.786390025,1.261215326
-0.655346523,-0.257353391,-0.441527986,-0.736637418,-0.310907706,-0.585035831
-0.655346523,-0.542416878,0.667075765,0.173684235,0.786390025,1.095260166
0.527093745,-0.542416878,1.775679517,1.084005888,1.362972662,1.447914881
0.527093745,0.312773584,0.223634265,-0.736637418,0.034205378,0.45218392
0.527093745,-0.257353391,0.223634265,-0.736637418,0.040132541,0.306973155
0.527093745,-0.471151006,-0.441527986,-0.736637418,-0.660732173,-0.709502201
0.527093745,-0.186087519,1.775679517,2.904649194,1.372061139,2.215457497
0.527093745,-0.542416878,-0.884969487,-0.736637418,-1.043310417,-1.103645706
0.527093745,-0.471151006,-2.43701474,-0.736637418,-2.709895148,-2.016399087
0.527093745,-0.471151006,-0.219807236,-0.736637418,-0.375681647,-0.190892325
-0.928018671,0.241507712,0.667075765,1.994327541,0.648146722,0.784094241
-0.928018671,-0.542416878,-0.219807236,0.173684235,-0.314685579,0.141017995
-0.928018671,-0.399885134,0.223634265,0.173684235,0.096949971,0.57665029
-0.928018671,-0.328619262,0.445355015,0.173684235,0.373832525,0.431439525
-0.928018671,-0.471151006,0.667075765,-0.736637418,0.648146722,0.555905895
-0.928018671,-0.542416878,-0.219807236,0.173684235,-0.289001047,-0.08717035
-0.928018671,-0.328619262,-0.441527986,-0.736637418,-0.568156683,-0.502058251
-0.928018671,3.23467433,-1.771852488,-0.736637418,-1.898735593,-1.394067237
0.674567286,-0.399885134,0.667075765,1.994327541,0.848826338,0.431439525
0.674567286,-0.542416878,-0.884969487,-0.736637418,-0.733699135,-0.896201756
0.674567286,0.384039456,1.332238016,0.173684235,1.440732413,0.65962787
0.674567286,-0.399885134,0.223634265,-0.736637418,0.348504441,-0.12865914
0.674567286,-0.399885134,1.332238016,1.084005888,1.441719872,1.613870041
0.674567286,-0.542416878,0.445355015,1.084005888,0.595473248,0.32771755
0.674567286,-0.043555775,-0.219807236,-0.736637418,-0.03713926,-0.08717035
0.674567286,-0.471151006,-0.441527986,-0.736637418,-0.308428461,-0.419080671
-0.071236818,-0.542416878,0.223634265,-0.736637418,0.05215064,-0.17014793
-0.071236818,3.092142586,-1.106690237,-0.736637418,-1.110111781,-0.854712966
-0.071236818,-0.542416878,0.223634265,-0.736637418,0.054324013,0.03729602
-0.071236818,-0.542416878,-0.884969487,-0.736637418,-0.887571748,-0.958434941
-0.071236818,-0.471151006,0.667075765,0.173684235,0.532519603,0.638883475
-0.071236818,3.23467433,1.332238016,1.994327541,1.072443906,1.364937301
-0.071236818,-0.542416878,0.223634265,0.173684235,0.069536181,-0.00419277
-0.071236818,-0.471151006,1.332238016,1.084005888,1.072443906,0.721861055
-0.870545706,-0.542416878,-1.328410988,-0.736637418,-1.599494558,-1.311089657
-0.870545706,0.5265712,1.110517266,1.994327541,0.678453526,1.447914881
-0.870545706,-0.471151006,0.223634265,-0.736637418,0.02200761,0.03729602
-0.870545706,-0.328619262,-0.884969487,-0.736637418,-0.977767702,-0.356847486
-0.870545706,-0.542416878,-0.884969487,-0.736637418,-1.040300353,-0.771735386
-0.870545706,-0.542416878,0.667075765,1.994327541,0.455391826,0.846327426
-0.870545706,-0.471151006,1.110517266,0.173684235,0.678453526,0.32771755
-0.870545706,-0.399885134,0.223634265,-0.736637418,0.02003221,-0.107914745
-0.950416181,-0.399885134,0.445355015,2.904649194,0.637119454,1.717592016
-0.950416181,-0.399885134,0.445355015,-0.736637418,0.637119454,0.57665029
-0.950416181,1.951888637,0.223634265,0.173684235,0.40132194,-0.00419277
-0.950416181,-0.186087519,-0.441527986,0.173684235,-0.208723998,0.20325118
-0.950416181,2.949610843,-1.106690237,-0.736637418,-0.938479356,-0.979179336
-0.950416181,-0.542416878,-1.106690237,-0.736637418,-0.930972259,-0.543547041
-0.950416181,3.163408458,-0.884969487,-0.736637418,-0.608623718,-0.896201756
-0.950416181,-0.542416878,-0.884969487,-0.736637418,-0.581750863,-0.543547041
1.202949285,-0.186087519,0.667075765,-0.736637418,1.112223573,0.20325118
1.202949285,-0.542416878,-0.219807236,-0.736637418,0.15081803,-0.688757806
1.202949285,1.025432303,1.332238016,1.084005888,1.703344498,2.173968707
1.202949285,-0.542416878,-0.441527986,-0.736637418,-0.16574978,-0.750990991
1.202949285,-0.542416878,-0.219807236,0.173684235,0.157930625,-0.688757806
1.202949285,2.664547355,0.667075765,1.994327541,1.101752654,0.555905895
1.202949285,-0.399885134,-1.106690237,-0.736637418,-0.838208429,-1.103645706
1.202949285,-0.114821647,1.332238016,1.084005888,1.703344498,1.655358831
-1.587925605,-0.542416878,-0.219807236,0.173684235,-0.313780007,-0.419080671
-1.587925605,-0.542416878,0.223634265,0.173684235,0.105298095,0.16176239
-1.587925605,-0.542416878,-0.884969487,-0.736637418,-1.011479554,-0.916946151
-1.587925605,2.308217996,0.223634265,-0.736637418,0.105298095,-0.17014793
-1.587925605,4.446194151,-0.219807236,0.173684235,-0.3283997,-0.481313856
-1.587925605,1.453027534,0.445355015,1.084005888,0.323446584,1.074515771
-1.587925605,-0.471151006,-0.441527986,-0.736637418,-0.568194737,-0.543547041
-1.587925605,-0.114821647,0.445355015,0.173684235,0.323446584,1.240470931
-1.153811021,-0.471151006,0.667075765,0.173684235,0.538987219,2.153224312
-1.153811021,-0.542416878,0.667075765,0.173684235,0.53444298,0.638883475
-1.153811021,-0.542416878,0.445355015,0.173684235,0.281487763,0.1202736
-1.153811021,-0.471151006,-1.771852488,-0.736637418,-1.838310806,-1.269600867
-1.153811021,-0.542416878,-1.328410988,-0.736637418,-1.46937443,-1.186623286
-1.153811021,-0.542416878,0.667075765,1.994327541,0.512632177,0.472928315
-1.153811021,0.027710097,0.223634265,-0.736637418,0.022697868,-0.605780226
-1.153811021,0.098975969,-0.884969487,-0.736637418,-0.965134007,-0.336103091
-2.229597777,-0.542416878,0.223634265,0.173684235,0.006090733,0.389950735
-2.229597777,-0.471151006,-0.884969487,-0.736637418,-1.019087324,-0.460569461
-2.229597777,-0.471151006,-0.441527986,1.084005888,-0.647195796,-0.709502201
-2.229597777,-0.471151006,-0.441527986,-0.736637418,-0.643442488,-0.336103091
-2.229597777,-0.471151006,-0.219807236,-0.736637418,-0.372885934,-0.190892325
-2.229597777,-0.542416878,-1.328410988,-0.736637418,-1.485541302,-1.041412521
-2.229597777,1.167964046,-2.43701474,-0.736637418,-2.644666975,-1.788210742
-2.229597777,-0.399885134,0.223634265,1.994327541,0.006090733,1.655358831
1.314490305,-0.542416878,1.332238016,0.173684235,1.157950153,0.348461945
1.314490305,1.453027534,-0.219807236,-0.736637418,-0.408339567,-0.149403535
1.314490305,-0.399885134,-1.771852488,-0.736637418,-2.004652859,-1.642999977
1.314490305,-0.471151006,1.997400267,1.994327541,1.751061409,1.012282586
1.314490305,-0.471151006,-0.441527986,-0.736637418,-0.653020359,-0.439825066
1.314490305,-0.399885134,1.997400267,1.994327541,1.75876648,1.696847621
1.314490305,-0.328619262,-0.219807236,0.173684235,-0.413677145,-0.439825066
1.314490305,-0.186087519,0.445355015,-0.736637418,0.267344941,0.16176239
-0.259398082,-0.114821647,-0.884969487,-0.736637418,-0.751514341,-0.730246596
-0.259398082,-0.471151006,1.110517266,1.084005888,0.980068798,1.012282586
-0.259398082,-0.542416878,-0.884969487,-0.736637418,-0.754082698,-0.626524621
-0.259398082,-0.542416878,0.223634265,0.173684235,0.224416966,-0.00419277
-0.259398082,-0.257353391,0.445355015,1.084005888,0.469098239,0.763349846
-0.259398082,-0.399885134,1.110517266,1.084005888,0.980068798,1.593125646
-0.259398082,-0.399885134,-1.106690237,-0.736637418,-0.997991827,-1.186623286
-0.259398082,-0.471151006,-1.106690237,-0.736637418,-1.062825016,-1.207367681
-0.809855584,-0.328619262,-0.441527986,-0.736637418,-0.45871732,-0.481313856
-0.809855584,0.241507712,0.667075765,1.084005888,0.708104754,1.157493351
-0.809855584,-0.471151006,0.223634265,0.173684235,0.182534733,-0.00419277
-0.809855584,-0.471151006,0.667075765,1.084005888,0.708104754,0.16176239
-0.809855584,-0.471151006,-0.441527986,-0.736637418,-0.51220918,-0.937690546
-0.809855584,-0.471151006,0.445355015,0.173684235,0.462862315,0.45218392
-0.809855584,-0.542416878,0.445355015,0.173684235,0.417882832,0.431439525
-0.809855584,-0.542416878,-1.106690237,-0.736637418,-1.166190302,-1.041412521
-1.684881929,-0.542416878,-0.441527986,-0.736637418,-0.609658383,0.20325118
-1.684881929,-0.542416878,-0.441527986,-0.736637418,-0.601557847,-0.481313856
-1.684881929,-0.542416878,0.445355015,1.084005888,0.274450311,0.348461945
-1.684881929,-0.542416878,-1.106690237,-0.736637418,-1.235942483,-0.750990991
-1.684881929,-0.471151006,-1.106690237,-0.736637418,-1.368222979,-0.896201756
-1.684881929,-0.471151006,0.445355015,0.173684235,0.274450311,1.323448511
-1.684881929,-0.471151006,-0.219807236,-0.736637418,-0.364295522,-0.12865914
-1.684881929,-0.471151006,0.223634265,1.084005888,0.030492532,0.265484365
-0.300190871,-0.471151006,-0.884969487,-0.736637418,-0.83666992,-0.771735386
-0.300190871,-0.471151006,-0.219807236,0.173684235,-0.210238423,-0.336103091
-0.300190871,-0.471151006,0.223634265,0.173684235,0.170251706,-0.066425955
-0.300190871,1.595559277,-0.441527986,-0.736637418,-0.466358326,-0.377591881
-0.300190871,-0.471151006,1.110517266,1.084005888,0.959016171,0.970793796
-0.300190871,-0.471151006,1.110517266,1.994327541,0.959016171,1.012282586
-0.300190871,-0.471151006,-0.219807236,-0.736637418,-0.200359979,-0.17014793
-0.300190871,-0.471151006,-0.441527986,-0.736637418,-0.476566726,-0.626524621
-0.889906034,-0.471151006,0.667075765,0.173684235,0.667091003,0.70111666
-0.889906034,-0.542416878,-0.884969487,-0.736637418,-0.993387859,-0.979179336
-0.889906034,-0.471151006,0.223634265,-0.736637418,0.138990197,-0.273869906
-0.889906034,-0.186087519,0.223634265,-0.736637418,0.198519527,0.07878481
-0.889906034,-0.399885134,0.667075765,1.994327541,0.667091003,1.323448511
-0.889906034,-0.399885134,0.445355015,1.084005888,0.449275841,0.49367271
-0.889906034,-0.328619262,0.445355015,-0.736637418,0.410356468,0.1202736
-0.889906034,-0.471151006,-1.771852488,-0.736637418,-2.195129856,-1.642999977
-0.203135319,-0.471151006,-0.219807236,-0.736637418,-0.088919686,-0.481313856
-0.203135319,-0.399885134,-0.219807236,0.173684235,-0.113221294,0.1202736
-0.203135319,2.308217996,-1.328410988,-0.736637418,-1.305495245,-1.414811632
-0.203135319,-0.542416878,1.110517266,1.084005888,1.007123249,0.991538191
-0.203135319,-0.399885134,-0.441527986,-0.736637418,-0.362354322,-0.460569461
-0.203135319,0.241507712,1.110517266,1.084005888,1.007123249,2.008013547
-0.203135319,3.020876714,0.445355015,1.084005888,0.496527924,0.65962787
-0.203135319,-0.542416878,-1.993573239,-0.736637418,-2.143583049,-1.995654692
0.020125722,3.020876714,-0.884969487,-0.736637418,-0.710306953,-0.750990991
0.020125722,-0.328619262,0.223634265,-0.736637418,0.305254217,0.03729602
0.020125722,1.595559277,-0.219807236,1.084005888,-0.10228362,0.016551625
0.020125722,-0.186087519,0.223634265,-0.736637418,0.262182698,0.16176239
0.020125722,-0.186087519,1.110517266,1.994327541,1.117670494,1.447914881
0.020125722,0.241507712,1.110517266,0.173684235,1.107396103,1.095260166
0.020125722,-0.542416878,-0.441527986,-0.736637418,-0.350295279,-0.750990991
0.020125722,-0.471151006,-1.328410988,-0.736637418,-1.266745425,-1.290345262
1.004193881,-0.043555775,-1.328410988,-0.736637418,-1.24557623,-1.290345262
1.004193881,-0.471151006,0.223634265,1.084005888,0.235718796,0.182506785
1.004193881,0.954166431,1.775679517,0.173684235,1.604903019,2.173968707
1.004193881,-0.542416878,-0.884969487,-0.736637418,-0.762373019,-0.958434941
1.004193881,-0.471151006,-0.441527986,-0.736637418,-0.405416207,-0.419080671
1.004193881,1.239229918,-1.771852488,-0.736637418,-1.636234778,-1.477044817
1.004193881,-0.186087519,1.775679517,1.994327541,1.604903019,1.759080807
1.004193881,0.098975969,-0.219807236,0.173684235,-0.179882969,-0.460569461
-1.815971034,3.519737817,0.445355015,2.904649194,0.21043599,2.194713102
-1.815971034,2.664547355,0.223634265,0.173684235,-0.015530766,0.20325118
-1.815971034,-0.542416878,0.223634265,0.173684235,-0.044181529,0.16176239
-1.815971034,-0.471151006,-0.884969487,-0.736637418,-1.000459029,-0.709502201
-1.815971034,-0.186087519,0.445355015,0.173684235,0.21043599,0.763349846
-1.815971034,-0.542416878,-0.219807236,-0.736637418,-0.400341631,-0.585035831
-1.815971034,-0.043555775,-0.441527986,-0.736637418,-0.678442372,-1.041412521
-1.815971034,-0.328619262,-1.771852488,-0.736637418,-1.908504694,-1.622255582
1.831840391,0.312773584,-1.771852488,-0.736637418,-1.589493284,-1.497789212
1.831840391,-0.328619262,0.223634265,0.173684235,0.411592477,-0.21163672
1.831840391,-0.399885134,1.997400267,1.084005888,2.014732242,2.173968707
1.831840391,1.951888637,1.775679517,1.084005888,1.767131462,1.364937301
1.831840391,-0.328619262,-1.106690237,-0.736637418,-0.862151662,-1.124390101
1.831840391,-0.542416878,-0.441527986,-0.736637418,-0.264262067,-0.937690546
1.831840391,-0.471151006,1.997400267,0.173684235,1.99635876,1.406426091
1.831840391,0.882900559,-0.441527986,0.173684235,-0.242529779,-0.502058251
0.020199657,-0.471151006,0.223634265,0.173684235,0.308254647,0.20325118
0.020199657,-0.186087519,0.667075765,0.173684235,0.832375752,0.472928315
0.020199657,-0.471151006,-0.441527986,-0.736637418,-0.365678928,-0.419080671
0.020199657,0.027710097,1.110517266,1.994327541,1.117718663,1.717592016
0.020199657,-0.471151006,-0.219807236,-0.736637418,-0.124432567,-0.522802646
0.020199657,-0.186087519,-1.771852488,-0.736637418,-1.721391802,-1.539278002
0.020199657,1.239229918,-1.993573239,-0.736637418,-2.175059871,-1.539278002
0.020199657,-0.542416878,1.110517266,1.084005888,1.117718663,1.053771376
-0.139080172,-0.471151006,1.332238016,1.084005888,1.040429039,2.008013547
-0.139080172,-0.542416878,-0.884969487,-0.736637418,-0.960483797,-0.730246596
-0.139080172,0.954166431,-1.993573239,-0.736637418,-2.227781514,-1.622255582
-0.139080172,-0.471151006,1.110517266,-0.736637418,0.812196906,0.5351615
-0.139080172,-0.471151006,-0.441527986,0.173684235,-0.580861187,-0.668013411
-0.139080172,-0.399885134,0.223634265,-0.736637418,0.0476459,0.182506785
-0.139080172,-0.542416878,1.332238016,1.994327541,1.0358848,1.033026981
-0.139080172,-0.542416878,-0.441527986,0.173684235,-0.606744656,-0.502058251
0.230710763,-0.399885134,1.332238016,1.084005888,1.221752531,1.157493351
0.230710763,0.027710097,0.667075765,-0.736637418,0.688470696,0.61813908
0.230710763,-0.471151006,0.223634265,0.173684235,0.186577535,-0.00419277
0.230710763,-0.328619262,1.332238016,1.994327541,1.221950023,1.530892461
0.230710763,-0.542416878,-0.219807236,-0.736637418,-0.177531853,-0.398336276
0.230710763,-0.542416878,-1.106690237,-0.736637418,-1.108508243,-0.875457361
0.230710763,-0.542416878,-0.219807236,-0.736637418,-0.211326555,-0.336103091
0.230710763,-0.471151006,-1.328410988,-0.736637418,-1.376435748,-1.518533607
-0.163332873,-0.399885134,-0.884969487,-0.736637418,-0.727354831,-0.771735386
-0.163332873,-0.542416878,-0.219807236,-0.736637418,-0.082546963,-0.502058251
-0.163332873,-0.328619262,-1.106690237,-0.736637418,-0.992707235,-1.186623286
-0.163332873,0.312773584,0.445355015,0.173684235,0.530970496,0.61813908
-0.163332873,-0.542416878,1.110517266,-0.736637418,1.020203951,0.597394685
-0.163332873,0.241507712,1.110517266,2.904649194,1.028107476,1.676103226
-0.163332873,-0.542416878,-0.441527986,-0.736637418,-0.366259843,-0.21163672
-0.163332873,-0.542416878,0.667075765,1.084005888,0.736834995,1.240470931
-1.441439489,-0.542416878,0.223634265,-0.736637418,-0.109783973,0.223995575
-1.441439489,-0.471151006,-0.441527986,0.173684235,-0.704458787,-0.398336276
-1.441439489,-0.471151006,0.445355015,0.173684235,0.144239626,0.20325118
-1.441439489,-0.471151006,0.667075765,1.084005888,0.393867828,1.447914881
-1.441439489,-0.542416878,0.667075765,-0.736637418,0.393867828,0.265484365
-1.441439489,-0.542416878,-1.106690237,-0.736637418,-1.366363666,-1.165878891
-1.441439489,-0.542416878,0.223634265,1.084005888,-0.090226022,0.016551625
-1.441439489,-0.471151006,-1.106690237,-0.736637418,-1.333171073,-0.937690546
-0.73793801,4.446194151,0.667075765,0.173684235,0.742333938,1.157493351
-0.73793801,-0.542416878,-1.771852488,-0.736637418,-1.793281229,-1.560022397
-0.73793801,-0.399885134,0.445355015,1.084005888,0.490785248,0.431439525
-0.73793801,-0.542416878,0.667075765,1.084005888,0.742333938,0.825583031
-0.73793801,-0.186087519,-0.441527986,-0.736637418,-0.443097162,-0.419080671
-0.73793801,0.241507712,-0.884969487,-0.736637418,-0.800100698,-0.564291436
-0.73793801,-0.542416878,0.223634265,-0.736637418,0.226468954,0.058040415
-0.73793801,2.023154509,-0.441527986,0.173684235,-0.459100261,-0.522802646
-1.850711836,0.669102943,0.445355015,1.084005888,0.191313966,0.638883475
-1.850711836,-0.328619262,-0.219807236,0.173684235,-0.227998235,0.1202736
-1.850711836,-0.471151006,0.223634265,-0.736637418,0.137411708,0.265484365
-1.850711836,0.811634687,0.445355015,1.084005888,0.191313966,1.053771376
-1.850711836,-0.542416878,-2.43701474,-0.736637418,-2.646381782,-1.912677112
-1.850711836,-0.471151006,-0.219807236,0.173684235,-0.259921582,-0.107914745
-1.850711836,-0.542416878,-0.884969487,-0.736637418,-0.89402973,-0.502058251
-1.850711836,-0.471151006,-1.328410988,-0.736637418,-1.425183952,-1.041412521
-1.036245253,-0.471151006,-1.106690237,-0.736637418,-0.93922549,-0.958434941
-1.036245253,4.588725895,0.445355015,1.084005888,0.594630295,0.5351615
-1.036245253,-0.471151006,0.223634265,-0.736637418,0.311779153,0.016551625
-1.036245253,-0.043555775,-0.441527986,-0.736637418,-0.312676461,-0.21163672
-1.036245253,0.384039456,-0.884969487,-0.736637418,-0.705593642,-0.688757806
-1.036245253,3.163408458,-0.884969487,0.173684235,-0.692467662,-0.896201756
-1.036245253,-0.542416878,0.445355015,0.173684235,0.547015501,1.053771376
-1.036245253,-0.328619262,0.445355015,1.084005888,0.578627678,0.763349846
0.024950969,-0.542416878,0.445355015,-0.736637418,0.338007029,0.65962787
0.024950969,1.666825149,1.332238016,3.814970847,1.122439199,2.236201892
0.024950969,3.305940202,-1.106690237,-0.736637418,-1.18866487,-0.916946151
0.024950969,-0.471151006,-1.106690237,-0.736637418,-1.232526356,-1.020668126
0.024950969,-0.542416878,-1.993573239,-0.736637418,-2.204775163,-1.622255582
0.024950969,0.027710097,1.332238016,0.173684235,1.122439199,1.198982141
0.024950969,-0.471151006,-1.106690237,-0.736637418,-1.224821286,-0.979179336
0.024950969,-0.471151006,-0.884969487,0.173684235,-0.908295382,-0.875457361
0.027229341,-0.542416878,-0.441527986,-0.736637418,-0.558304732,-0.792479781
0.027229341,-0.399885134,-0.884969487,-0.736637418,-0.913814556,-0.875457361
0.027229341,1.381761662,0.223634265,-0.736637418,0.081767668,-0.00419277
0.027229341,-0.471151006,1.332238016,0.173684235,1.109937485,0.804838636
0.027229341,-0.471151006,-1.993573239,-0.736637418,-2.181449936,-1.622255582
0.027229341,0.811634687,1.332238016,-0.736637418,1.11625915,1.240470931
0.027229341,-0.328619262,1.332238016,1.994327541,1.121198372,1.219726536
0.027229341,-0.471151006,0.223634265,-0.736637418,0.085521457,-0.585035831
1.149912433,-0.471151006,-0.219807236,-0.736637418,-0.039155604,-0.190892325
1.149912433,-0.399885134,-1.106690237,-0.736637418,-0.929663514,-0.979179336
1.149912433,1.595559277,1.775679517,0.173684235,1.66799539,0.991538191
1.149912433,-0.399885134,1.775679517,1.084005888,1.677082904,2.028757942
1.149912433,-0.471151006,1.332238016,1.994327541,1.31585497,0.65962787
1.149912433,-0.542416878,-1.106690237,-0.736637418,-0.969940764,-0.916946151
1.149912433,3.947333048,-0.219807236,0.173684235,-0.07492426,0.16176239
1.149912433,2.308217996,-1.328410988,-0.736637418,-1.223329018,-1.290345262
0.601709955,0.740368815,-0.884969487,-0.736637418,-0.936673992,-0.730246596
0.601709955,0.882900559,1.775679517,1.084005888,1.405668465,1.468659276
0.601709955,3.020876714,0.667075765,1.994327541,0.569413481,0.514417105
0.601709955,-0.542416878,-0.219807236,-0.736637418,-0.314766021,-0.17014793
0.601709955,-0.542416878,-0.884969487,-0.736637418,-0.951762366,-0.999923731
0.601709955,-0.399885134,1.775679517,1.084005888,1.405668465,1.945780362
0.601709955,-0.542416878,0.445355015,0.173684235,0.319211107,-0.107914745
0.601709955,-0.542416878,-1.328410988,-0.736637418,-1.444002513,-1.518533607
0.309405085,-0.471151006,0.223634265,-0.736637418,0.180106547,0.016551625
0.309405085,0.312773584,1.332238016,1.084005888,1.261903098,1.696847621
0.309405085,-0.328619262,-1.328410988,-0.736637418,-1.295637032,-1.331834052
0.309405085,-0.542416878,0.445355015,0.173684235,0.476439636,0.74260545
0.309405085,0.954166431,0.445355015,0.173684235,0.495166676,-0.315358696
0.309405085,-0.114821647,1.332238016,1.084005888,1.261903098,1.033026981
0.309405085,3.448471945,-0.884969487,0.173684235,-0.756969932,-0.999923731
0.309405085,-0.399885134,-0.441527986,-0.736637418,-0.420668836,-0.564291436
0.122323664,-0.257353391,0.223634265,-0.736637418,0.156996152,-0.149403535
0.122323664,-0.542416878,0.667075765,1.084005888,0.633140235,0.804838636
0.122323664,-0.399885134,1.332238016,1.994327541,1.168282346,1.883547177
0.122323664,-0.542416878,1.332238016,0.173684235,1.168282346,0.638883475
0.122323664,-0.471151006,-0.441527986,0.173684235,-0.501709841,-0.336103091
0.122323664,-0.399885134,-0.884969487,-0.736637418,-0.848998707,-1.020668126
0.122323664,0.597837072,-0.884969487,-0.736637418,-0.858284676,-0.813224176
0.122323664,-0.471151006,-0.441527986,-0.736637418,-0.520337654,-0.253125511
-1.662208134,-0.542416878,-1.771852488,-0.736637418,-2.027458346,-1.352578447
-1.662208134,-0.399885134,-0.219807236,1.084005888,-0.144588774,-0.21163672
-1.662208134,-0.471151006,-0.884969487,-0.736637418,-0.773941704,-0.543547041
-1.662208134,-0.471151006,-0.441527986,-0.736637418,-0.433533742,-0.626524621
-1.662208134,-0.471151006,0.445355015,1.084005888,0.287259823,0.49367271
-1.662208134,-0.542416878,-0.441527986,-0.736637418,-0.396352778,-0.398336276
-1.662208134,-0.542416878,0.445355015,0.173684235,0.287259823,1.136748956
-1.662208134,-0.542416878,-1.106690237,-0.736637418,-1.051845917,-0.750990991
-0.026862061,-0.114821647,1.110517266,1.994327541,1.094415592,1.261215326
-0.026862061,0.241507712,0.223634265,-0.736637418,0.30723347,0.28622876
-0.026862061,-0.399885134,0.223634265,0.173684235,0.300318848,-0.024937165
-0.026862061,-0.542416878,-0.441527986,-0.736637418,-0.326653101,-0.522802646
-0.026862061,-0.328619262,-0.884969487,-0.736637418,-0.722105884,-0.979179336
-0.026862061,3.305940202,1.110517266,1.084005888,1.094415592,0.74260545
-0.026862061,-0.257353391,-0.219807236,-0.736637418,-0.084302231,-0.356847486
-0.026862061,-0.542416878,0.445355015,0.173684235,0.546422063,-0.149403535
-1.103601219,1.31049579,0.667075765,1.084005888,0.5612773,1.198982141
-1.103601219,-0.542416878,0.667075765,1.084005888,0.5612773,0.929305006
-1.103601219,2.09442038,-0.441527986,-0.736637418,-0.53063613,-0.273869906
-1.103601219,0.241507712,-1.771852488,-0.736637418,-1.862067626,-1.601511187
-1.103601219,1.595559277,0.223634265,0.173684235,0.102411342,0.32771755
-1.103601219,-0.114821647,-1.106690237,-0.736637418,-1.201322169,-1.020668126
-1.103601219,-0.542416878,0.223634265,0.173684235,0.084629854,0.472928315
-1.103601219,-0.471151006,-0.219807236,-0.736637418,-0.30200805,-0.08717035
-0.421004926,0.17024184,1.110517266,0.173684235,0.901040283,0.825583031
-0.421004926,-0.542416878,-1.106690237,-0.736637418,-1.100846525,-1.186623286
-0.421004926,-0.471151006,-0.884969487,-0.736637418,-0.833782686,-0.916946151
-0.421004926,-0.542416878,0.667075765,0.173684235,0.624720822,0.597394685
-0.421004926,-0.471151006,0.223634265,0.173684235,0.127821313,0.099529205
-0.421004926,-0.471151006,-1.106690237,-0.736637418,-1.135639765,-1.041412521
-0.421004926,-0.328619262,-1.328410988,-0.736637418,-1.393759633,-1.373322842
-0.421004926,-0.471151006,1.110517266,2.904649194,0.901040283,2.464390237
-0.35459358,-0.471151006,-0.441527986,-0.736637418,-0.476254592,-0.522802646
-0.35459358,1.880622765,0.223634265,-0.736637418,0.155455234,0.182506785
-0.35459358,-0.542416878,-1.106690237,-0.736637418,-1.114922392,-1.103645706
-0.35459358,-0.471151006,-0.441527986,-0.736637418,-0.482774712,-0.294614301
-0.35459358,2.023154509,1.110517266,1.994327541,0.932132237,1.489403671
-0.35459358,-0.471151006,-0.884969487,-0.736637418,-0.853270792,-0.979179336
-0.35459358,-0.471151006,0.667075765,-0.736637418,0.590550403,0.5351615
-0.35459358,-0.114821647,1.110517266,1.994327541,0.932132237,1.344192906
-0.046320646,-0.542416878,1.110517266,0.173684235,1.088506252,1.074515771
-0.046320646,-0.542416878,1.110517266,1.084005888,1.088506252,0.970793796
-0.046320646,-0.399885134,-0.441527986,0.173684235,-0.34826015,-0.543547041
-0.046320646,-0.471151006,-1.106690237,-0.736637418,-1.025029901,-1.248856472
-0.046320646,-0.399885134,0.223634265,0.173684235,0.394594213,0.182506785
-0.046320646,-0.542416878,-0.219807236,-0.736637418,-0.10447048,-0.024937165
-0.046320646,-0.471151006,0.223634265,-0.736637418,0.335317769,-0.08717035
-0.046320646,-0.257353391,0.445355015,1.084005888,0.599669226,0.223995575
-0.442759394,-0.399885134,0.223634265,-0.736637418,0.047125196,-0.253125511
-0.442759394,-0.542416878,0.445355015,0.173684235,0.271920008,0.16176239
-0.442759394,-0.542416878,1.110517266,1.084005888,0.880783403,0.70111666
-0.442759394,-0.399885134,-0.884969487,-0.736637418,-0.98362213,-1.082901311
-0.442759394,-0.542416878,-0.441527986,-0.736637418,-0.607195516,-0.854712966
-0.442759394,-0.471151006,0.445355015,-0.736637418,0.2865397,0.555905895
-0.442759394,-0.542416878,-0.219807236,-0.736637418,-0.376691264,-0.439825066
-0.442759394,-0.471151006,1.110517266,2.904649194,0.888488474,1.530892461
-1.180555145,-0.186087519,0.223634265,0.173684235,0.263244337,0.472928315
-1.180555145,-0.542416878,-0.219807236,0.173684235,-0.173790587,-0.00419277
-1.180555145,-0.471151006,-0.441527986,0.173684235,-0.404153223,-0.419080671
-1.180555145,-0.186087519,0.445355015,1.084005888,0.52317535,1.468659276
-1.180555145,-0.471151006,-0.884969487,-0.736637418,-0.890229698,-0.481313856
-1.180555145,-0.471151006,-0.884969487,-0.736637418,-0.847158661,-0.833968571
-1.180555145,1.880622765,0.445355015,0.173684235,0.52317535,0.45218392
-1.180555145,-0.542416878,0.223634265,0.173684235,0.237953343,-0.232381115
-1.270412713,2.308217996,-0.441527986,-0.736637418,-0.393422674,-0.585035831
-1.270412713,-0.542416878,0.445355015,1.084005888,0.478540756,0.223995575
-1.270412713,2.236952124,0.445355015,1.084005888,0.478540756,2.173968707
-1.270412713,-0.471151006,-0.441527986,0.173684235,-0.36991296,-0.626524621
-1.270412713,-0.471151006,-0.441527986,-0.736637418,-0.393422674,-0.605780226
-1.270412713,-0.542416878,-0.219807236,0.173684235,-0.128283176,-0.232381115
-1.270412713,-0.542416878,-0.441527986,-0.736637418,-0.363788787,-0.294614301
-1.270412713,-0.399885134,-1.106690237,-0.736637418,-1.002207554,-1.228112076
1.144816739,-0.471151006,0.445355015,-0.736637418,0.461662913,-0.17014793
1.144816739,1.595559277,0.667075765,-0.736637418,0.707988667,0.389950735
1.144816739,0.882900559,-1.771852488,-0.736637418,-1.645755329,-1.518533607
1.144816739,-0.257353391,1.775679517,2.904649194,1.677323747,1.966524757
1.144816739,0.954166431,-1.106690237,-0.736637418,-1.024359873,-1.103645706
1.144816739,0.17024184,-0.441527986,-0.736637418,-0.394632191,-0.813224176
1.144816739,2.308217996,1.775679517,-0.736637418,1.677323747,1.468659276
1.144816739,-0.471151006,1.110517266,1.994327541,1.036292308,0.950049401
-0.356712408,-0.542416878,-0.441527986,-0.736637418,-0.544994266,-0.896201756
-0.356712408,-0.542416878,0.445355015,0.173684235,0.318865256,0.61813908
-0.356712408,0.740368815,-1.328410988,-0.736637418,-1.528295389,-1.331834052
-0.356712408,-0.471151006,1.110517266,0.173684235,0.931070598,0.223995575
-0.356712408,0.669102943,0.667075765,-0.736637418,0.581306342,0.16176239
-0.356712408,0.098975969,0.667075765,0.173684235,0.641763401,0.49367271
-0.356712408,-0.542416878,-0.884969487,0.173684235,-0.902912526,-0.937690546
-0.356712408,0.312773584,1.110517266,1.994327541,0.931070598,1.344192906
0.473617172,-0.471151006,-1.106690237,-0.736637418,-0.867243578,-1.062156916
0.473617172,-0.399885134,-0.884969487,-0.736637418,-0.610985432,-0.688757806
0.473617172,-0.186087519,0.223634265,0.173684235,0.370480463,-0.149403535
0.473617172,-0.114821647,1.332238016,1.084005888,1.342223498,1.904291572
0.473617172,-0.257353391,-0.441527986,-0.736637418,-0.261669626,-0.398336276
0.473617172,-0.471151006,1.332238016,0.173684235,1.33550685,1.344192906
0.473617172,-0.328619262,0.667075765,1.084005888,0.83411657,0.763349846
0.473617172,-0.043555775,-1.328410988,-0.736637418,-1.093265248,-1.269600867
-1.089684858,3.23467433,0.667075765,1.994327541,0.568169764,1.530892461
-1.089684858,-0.542416878,-0.884969487,-0.736637418,-0.867133754,-0.647269016
-1.089684858,-0.471151006,-0.884969487,-0.736637418,-0.820902848,-0.585035831
-1.089684858,-0.542416878,-0.441527986,-0.736637418,-0.497674265,-0.294614301
-1.089684858,4.01859892,-0.884969487,-0.736637418,-0.882346403,-0.937690546
-1.089684858,-0.542416878,-0.441527986,0.173684235,-0.485819939,-0.750990991
-1.089684858,2.379483868,0.223634265,-0.736637418,0.088293568,-0.12865914
-1.089684858,-0.471151006,0.667075765,0.173684235,0.568169764,0.57665029
-0.687936393,-0.542416878,0.223634265,-0.736637418,-0.02694772,0.141017995
-0.687936393,-0.542416878,-0.441527986,-0.736637418,-0.692682976,-0.564291436
-0.687936393,0.17024184,-0.441527986,0.173684235,-0.675683267,-0.460569461
-0.687936393,-0.471151006,-0.219807236,-0.736637418,-0.466883847,-0.398336276
-0.687936393,-0.542416878,0.667075765,-0.736637418,0.449349058,0.5351615
-0.687936393,-0.542416878,1.110517266,0.173684235,0.767091704,0.970793796
-0.687936393,-0.471151006,-1.328410988,-0.736637418,-1.579520429,-1.684488767
-0.687936393,-0.186087519,1.110517266,1.084005888,0.767091704,1.240470931
